RecordNumber,EventRecordId,TimeCreated,EventId,Level,Provider,Channel,ProcessId,ThreadId,Computer,ChunkNumber,UserId,MapDescription,UserName,RemoteHost,PayloadData1,PayloadData2,PayloadData3,PayloadData4,PayloadData5,PayloadData6,ExecutableInfo,HiddenRecord,SourceFile,Keywords,ExtraDataOffset,Payload
4,4,2026-08-22 21:00:28.8339234,1003,Info,Microsoft-Windows-DriverFrameworks-UserMode,Microsoft-Windows-DriverFrameworks-UserMode/Operational,860,976,disstestbedvm,0,S-1-5-18,,,,,,,,,,,False,D:\UOW\SEM3\msc-diss-7csef001w\scenarios\scenario_4\run_3\artefacts\event_logs\Microsoft-Windows-DriverFrameworks-UserMode%4Operational.evtx,Classic,0,"{""UserData"":{""UMDFDriverManagerHostCreateStart"":{""LifetimeId"":""50e9294b-f2ab-4fb5-b618-efaf4ae2c1ea"",""HostGuid"":""{193a1820-d9ac-4997-8c55-be817523f6aa}"",""DeviceInstanceId"":""SWD.WPDBUSENUM._??_USBSTOR#DISK&amp;VEN_GENERAL&amp;PROD_UDISK&amp;REV_5.00#7&amp;372D5A41&amp;0&amp;_&amp;0#{53F56307-B6BF-11D0-94F2-00A0C91EFB8B}""}}}"
5,5,2026-08-22 21:00:28.8529501,2000,Info,Microsoft-Windows-DriverFrameworks-UserMode,Microsoft-Windows-DriverFrameworks-UserMode/Operational,5288,12120,disstestbedvm,0,S-1-5-19,,,,,,,,,,,False,D:\UOW\SEM3\msc-diss-7csef001w\scenarios\scenario_4\run_3\artefacts\event_logs\Microsoft-Windows-DriverFrameworks-UserMode%4Operational.evtx,Classic,0,"{""UserData"":{""UMDFHostStartupBegin"":{""LifetimeId"":""50e9294b-f2ab-4fb5-b618-efaf4ae2c1ea""}}}"
6,6,2026-08-22 21:00:28.8566248,2001,Info,Microsoft-Windows-DriverFrameworks-UserMode,Microsoft-Windows-DriverFrameworks-UserMode/Operational,5288,12120,disstestbedvm,0,S-1-5-19,,,,,,,,,,,False,D:\UOW\SEM3\msc-diss-7csef001w\scenarios\scenario_4\run_3\artefacts\event_logs\Microsoft-Windows-DriverFrameworks-UserMode%4Operational.evtx,Classic,0,"{""UserData"":{""UMDFHostStartupEnd"":{""LifetimeId"":""50e9294b-f2ab-4fb5-b618-efaf4ae2c1ea"",""FinalStatus"":""0""}}}"
7,7,2026-08-22 21:00:28.8656473,1004,Info,Microsoft-Windows-DriverFrameworks-UserMode,Microsoft-Windows-DriverFrameworks-UserMode/Operational,860,976,disstestbedvm,0,S-1-5-18,,,,,,,,,,,False,D:\UOW\SEM3\msc-diss-7csef001w\scenarios\scenario_4\run_3\artefacts\event_logs\Microsoft-Windows-DriverFrameworks-UserMode%4Operational.evtx,Classic,0,"{""UserData"":{""UMDFDriverManagerHostCreateEnd"":{""LifetimeId"":""50e9294b-f2ab-4fb5-b618-efaf4ae2c1ea"",""FinalStatus"":""0""}}}"
8,8,2026-08-22 21:00:28.8721248,2003,Info,Microsoft-Windows-DriverFrameworks-UserMode,Microsoft-Windows-DriverFrameworks-UserMode/Operational,5288,4616,disstestbedvm,0,S-1-5-19,,,,,,,,,,,False,D:\UOW\SEM3\msc-diss-7csef001w\scenarios\scenario_4\run_3\artefacts\event_logs\Microsoft-Windows-DriverFrameworks-UserMode%4Operational.evtx,Classic,0,"{""UserData"":{""UMDFHostDeviceArrivalBegin"":{""LifetimeId"":""50e9294b-f2ab-4fb5-b618-efaf4ae2c1ea"",""InstanceId"":""SWD\\WPDBUSENUM\\_??_USBSTOR#DISK&amp;VEN_GENERAL&amp;PROD_UDISK&amp;REV_5.00#7&amp;372D5A41&amp;0&amp;_&amp;0#{53F56307-B6BF-11D0-94F2-00A0C91EFB8B}""}}}"
9,9,2026-08-22 21:00:28.8724211,2010,Info,Microsoft-Windows-DriverFrameworks-UserMode,Microsoft-Windows-DriverFrameworks-UserMode/Operational,5288,4616,disstestbedvm,0,S-1-5-19,,,,,,,,,,,False,D:\UOW\SEM3\msc-diss-7csef001w\scenarios\scenario_4\run_3\artefacts\event_logs\Microsoft-Windows-DriverFrameworks-UserMode%4Operational.evtx,Classic,0,"{""UserData"":{""UMDFHostDeviceArrivalEnd"":{""LifetimeId"":""50e9294b-f2ab-4fb5-b618-efaf4ae2c1ea"",""InstanceId"":""SWD\\WPDBUSENUM\\_??_USBSTOR#DISK&amp;VEN_GENERAL&amp;PROD_UDISK&amp;REV_5.00#7&amp;372D5A41&amp;0&amp;_&amp;0#{53F56307-B6BF-11D0-94F2-00A0C91EFB8B}"",""FinalStatus"":""0""}}}"
10,10,2026-08-22 21:00:28.8724409,2004,Verbose,Microsoft-Windows-DriverFrameworks-UserMode,Microsoft-Windows-DriverFrameworks-UserMode/Operational,5288,4616,disstestbedvm,0,S-1-5-19,,,,,,,,,,,False,D:\UOW\SEM3\msc-diss-7csef001w\scenarios\scenario_4\run_3\artefacts\event_logs\Microsoft-Windows-DriverFrameworks-UserMode%4Operational.evtx,Classic,0,"{""UserData"":{""UMDFHostAddDeviceBegin"":{""LifetimeId"":""50e9294b-f2ab-4fb5-b618-efaf4ae2c1ea"",""InstanceId"":""SWD\\WPDBUSENUM\\_??_USBSTOR#DISK&amp;VEN_GENERAL&amp;PROD_UDISK&amp;REV_5.00#7&amp;372D5A41&amp;0&amp;_&amp;0#{53F56307-B6BF-11D0-94F2-00A0C91EFB8B}"",""Level"":""0"",""Service"":""WpdFs"",""DriverClsid"":""112de495-ac4c-46f8-b663-6a4266c53313""}}}"
11,11,2026-08-22 21:00:28.9105523,2005,Verbose,Microsoft-Windows-DriverFrameworks-UserMode,Microsoft-Windows-DriverFrameworks-UserMode/Operational,5288,4616,disstestbedvm,0,S-1-5-19,,,,,,,,,,,False,D:\UOW\SEM3\msc-diss-7csef001w\scenarios\scenario_4\run_3\artefacts\event_logs\Microsoft-Windows-DriverFrameworks-UserMode%4Operational.evtx,Classic,0,"{""UserData"":{""UMDFHostModuleLoad"":{""LifetimeId"":""50e9294b-f2ab-4fb5-b618-efaf4ae2c1ea"",""InstanceId"":""NULL"",""ModulePath"":""C:\\Windows\\System32\\WUDFx.dll"",""CompanyName"":""Microsoft Corporation"",""FileDescription"":""WDF:UMDF Framework Library"",""FileVersion"":""10.0.26100.8521 (WinBuild.160101.0800)""}}}"
12,12,2026-08-22 21:00:28.9106335,2005,Verbose,Microsoft-Windows-DriverFrameworks-UserMode,Microsoft-Windows-DriverFrameworks-UserMode/Operational,5288,4616,disstestbedvm,0,S-1-5-19,,,,,,,,,,,False,D:\UOW\SEM3\msc-diss-7csef001w\scenarios\scenario_4\run_3\artefacts\event_logs\Microsoft-Windows-DriverFrameworks-UserMode%4Operational.evtx,Classic,0,"{""UserData"":{""UMDFHostModuleLoad"":{""LifetimeId"":""50e9294b-f2ab-4fb5-b618-efaf4ae2c1ea"",""InstanceId"":""SWD\\WPDBUSENUM\\_??_USBSTOR#DISK&amp;VEN_GENERAL&amp;PROD_UDISK&amp;REV_5.00#7&amp;372D5A41&amp;0&amp;_&amp;0#{53F56307-B6BF-11D0-94F2-00A0C91EFB8B}"",""ModulePath"":""c:\\windows\\system32\\drivers\\umdf\\wpdfs.dll"",""CompanyName"":""Microsoft Corporation"",""FileDescription"":""Windows Portable Device File System Driver"",""FileVersion"":""10.0.26100.5074 (WinBuild.160101.0800)""}}}"
13,13,2026-08-22 21:00:28.9109332,2005,Verbose,Microsoft-Windows-DriverFrameworks-UserMode,Microsoft-Windows-DriverFrameworks-UserMode/Operational,5288,4616,disstestbedvm,0,S-1-5-19,,,,,,,,,,,False,D:\UOW\SEM3\msc-diss-7csef001w\scenarios\scenario_4\run_3\artefacts\event_logs\Microsoft-Windows-DriverFrameworks-UserMode%4Operational.evtx,Classic,0,"{""UserData"":{""UMDFHostModuleLoad"":{""LifetimeId"":""50e9294b-f2ab-4fb5-b618-efaf4ae2c1ea"",""InstanceId"":""SWD\\WPDBUSENUM\\_??_USBSTOR#DISK&amp;VEN_GENERAL&amp;PROD_UDISK&amp;REV_5.00#7&amp;372D5A41&amp;0&amp;_&amp;0#{53F56307-B6BF-11D0-94F2-00A0C91EFB8B}"",""ModulePath"":""C:\\WINDOWS\\System32\\USER32.dll"",""CompanyName"":""Microsoft Corporation"",""FileDescription"":""Multi-User Windows USER API Client DLL"",""FileVersion"":""10.0.26100.8117 (WinBuild.160101.0800)""}}}"
14,14,2026-08-22 21:00:28.9109933,2005,Verbose,Microsoft-Windows-DriverFrameworks-UserMode,Microsoft-Windows-DriverFrameworks-UserMode/Operational,5288,4616,disstestbedvm,0,S-1-5-19,,,,,,,,,,,False,D:\UOW\SEM3\msc-diss-7csef001w\scenarios\scenario_4\run_3\artefacts\event_logs\Microsoft-Windows-DriverFrameworks-UserMode%4Operational.evtx,Classic,0,"{""UserData"":{""UMDFHostModuleLoad"":{""LifetimeId"":""50e9294b-f2ab-4fb5-b618-efaf4ae2c1ea"",""InstanceId"":""SWD\\WPDBUSENUM\\_??_USBSTOR#DISK&amp;VEN_GENERAL&amp;PROD_UDISK&amp;REV_5.00#7&amp;372D5A41&amp;0&amp;_&amp;0#{53F56307-B6BF-11D0-94F2-00A0C91EFB8B}"",""ModulePath"":""C:\\WINDOWS\\System32\\win32u.dll"",""CompanyName"":""Microsoft Corporation"",""FileDescription"":""Win32u"",""FileVersion"":""10.0.26100.8655 (WinBuild.160101.0800)""}}}"
15,15,2026-08-22 21:00:28.9110433,2005,Verbose,Microsoft-Windows-DriverFrameworks-UserMode,Microsoft-Windows-DriverFrameworks-UserMode/Operational,5288,4616,disstestbedvm,0,S-1-5-19,,,,,,,,,,,False,D:\UOW\SEM3\msc-diss-7csef001w\scenarios\scenario_4\run_3\artefacts\event_logs\Microsoft-Windows-DriverFrameworks-UserMode%4Operational.evtx,Classic,0,"{""UserData"":{""UMDFHostModuleLoad"":{""LifetimeId"":""50e9294b-f2ab-4fb5-b618-efaf4ae2c1ea"",""InstanceId"":""SWD\\WPDBUSENUM\\_??_USBSTOR#DISK&amp;VEN_GENERAL&amp;PROD_UDISK&amp;REV_5.00#7&amp;372D5A41&amp;0&amp;_&amp;0#{53F56307-B6BF-11D0-94F2-00A0C91EFB8B}"",""ModulePath"":""C:\\WINDOWS\\System32\\GDI32.dll"",""CompanyName"":""Microsoft Corporation"",""FileDescription"":""GDI Client DLL"",""FileVersion"":""10.0.26100.8328 (WinBuild.160101.0800)""}}}"
16,16,2026-08-22 21:00:28.9110948,2005,Verbose,Microsoft-Windows-DriverFrameworks-UserMode,Microsoft-Windows-DriverFrameworks-UserMode/Operational,5288,4616,disstestbedvm,0,S-1-5-19,,,,,,,,,,,False,D:\UOW\SEM3\msc-diss-7csef001w\scenarios\scenario_4\run_3\artefacts\event_logs\Microsoft-Windows-DriverFrameworks-UserMode%4Operational.evtx,Classic,0,"{""UserData"":{""UMDFHostModuleLoad"":{""LifetimeId"":""50e9294b-f2ab-4fb5-b618-efaf4ae2c1ea"",""InstanceId"":""SWD\\WPDBUSENUM\\_??_USBSTOR#DISK&amp;VEN_GENERAL&amp;PROD_UDISK&amp;REV_5.00#7&amp;372D5A41&amp;0&amp;_&amp;0#{53F56307-B6BF-11D0-94F2-00A0C91EFB8B}"",""ModulePath"":""C:\\WINDOWS\\System32\\gdi32full.dll"",""CompanyName"":""Microsoft Corporation"",""FileDescription"":""GDI Client DLL"",""FileVersion"":""10.0.26100.8521 (WinBuild.160101.0800)""}}}"
17,17,2026-08-22 21:00:28.9111444,2005,Verbose,Microsoft-Windows-DriverFrameworks-UserMode,Microsoft-Windows-DriverFrameworks-UserMode/Operational,5288,4616,disstestbedvm,0,S-1-5-19,,,,,,,,,,,False,D:\UOW\SEM3\msc-diss-7csef001w\scenarios\scenario_4\run_3\artefacts\event_logs\Microsoft-Windows-DriverFrameworks-UserMode%4Operational.evtx,Classic,0,"{""UserData"":{""UMDFHostModuleLoad"":{""LifetimeId"":""50e9294b-f2ab-4fb5-b618-efaf4ae2c1ea"",""InstanceId"":""SWD\\WPDBUSENUM\\_??_USBSTOR#DISK&amp;VEN_GENERAL&amp;PROD_UDISK&amp;REV_5.00#7&amp;372D5A41&amp;0&amp;_&amp;0#{53F56307-B6BF-11D0-94F2-00A0C91EFB8B}"",""ModulePath"":""C:\\WINDOWS\\System32\\msvcp_win.dll"",""CompanyName"":""Microsoft Corporation"",""FileDescription"":""Microsoft® C Runtime Library"",""FileVersion"":""10.0.26100.8521 (WinBuild.160101.0800)""}}}"
18,18,2026-08-22 21:00:28.9111949,2005,Verbose,Microsoft-Windows-DriverFrameworks-UserMode,Microsoft-Windows-DriverFrameworks-UserMode/Operational,5288,4616,disstestbedvm,0,S-1-5-19,,,,,,,,,,,False,D:\UOW\SEM3\msc-diss-7csef001w\scenarios\scenario_4\run_3\artefacts\event_logs\Microsoft-Windows-DriverFrameworks-UserMode%4Operational.evtx,Classic,0,"{""UserData"":{""UMDFHostModuleLoad"":{""LifetimeId"":""50e9294b-f2ab-4fb5-b618-efaf4ae2c1ea"",""InstanceId"":""SWD\\WPDBUSENUM\\_??_USBSTOR#DISK&amp;VEN_GENERAL&amp;PROD_UDISK&amp;REV_5.00#7&amp;372D5A41&amp;0&amp;_&amp;0#{53F56307-B6BF-11D0-94F2-00A0C91EFB8B}"",""ModulePath"":""C:\\WINDOWS\\SYSTEM32\\wmvcore.dll"",""CompanyName"":""Microsoft Corporation"",""FileDescription"":""Windows Media Playback/Authoring DLL"",""FileVersion"":""12.0.26100.8521 (WinBuild.160101.0800)""}}}"
19,19,2026-08-22 21:00:28.9113378,2005,Verbose,Microsoft-Windows-DriverFrameworks-UserMode,Microsoft-Windows-DriverFrameworks-UserMode/Operational,5288,4616,disstestbedvm,0,S-1-5-19,,,,,,,,,,,False,D:\UOW\SEM3\msc-diss-7csef001w\scenarios\scenario_4\run_3\artefacts\event_logs\Microsoft-Windows-DriverFrameworks-UserMode%4Operational.evtx,Classic,0,"{""UserData"":{""UMDFHostModuleLoad"":{""LifetimeId"":""50e9294b-f2ab-4fb5-b618-efaf4ae2c1ea"",""InstanceId"":""SWD\\WPDBUSENUM\\_??_USBSTOR#DISK&amp;VEN_GENERAL&amp;PROD_UDISK&amp;REV_5.00#7&amp;372D5A41&amp;0&amp;_&amp;0#{53F56307-B6BF-11D0-94F2-00A0C91EFB8B}"",""ModulePath"":""C:\\WINDOWS\\System32\\OLEAUT32.dll"",""CompanyName"":""Microsoft Corporation"",""FileDescription"":""OLEAUT32.DLL"",""FileVersion"":""10.0.26100.8655 (WinBuild.160101.0800)""}}}"
20,20,2026-08-22 21:00:28.9115713,2005,Verbose,Microsoft-Windows-DriverFrameworks-UserMode,Microsoft-Windows-DriverFrameworks-UserMode/Operational,5288,4616,disstestbedvm,0,S-1-5-19,,,,,,,,,,,False,D:\UOW\SEM3\msc-diss-7csef001w\scenarios\scenario_4\run_3\artefacts\event_logs\Microsoft-Windows-DriverFrameworks-UserMode%4Operational.evtx,Classic,0,"{""UserData"":{""UMDFHostModuleLoad"":{""LifetimeId"":""50e9294b-f2ab-4fb5-b618-efaf4ae2c1ea"",""InstanceId"":""SWD\\WPDBUSENUM\\_??_USBSTOR#DISK&amp;VEN_GENERAL&amp;PROD_UDISK&amp;REV_5.00#7&amp;372D5A41&amp;0&amp;_&amp;0#{53F56307-B6BF-11D0-94F2-00A0C91EFB8B}"",""ModulePath"":""C:\\WINDOWS\\System32\\shcore.dll"",""CompanyName"":""Microsoft Corporation"",""FileDescription"":""SHCORE"",""FileVersion"":""10.0.26100.8117 (WinBuild.160101.0800)""}}}"
21,21,2026-08-22 21:00:28.9126632,2005,Verbose,Microsoft-Windows-DriverFrameworks-UserMode,Microsoft-Windows-DriverFrameworks-UserMode/Operational,5288,4616,disstestbedvm,0,S-1-5-19,,,,,,,,,,,False,D:\UOW\SEM3\msc-diss-7csef001w\scenarios\scenario_4\run_3\artefacts\event_logs\Microsoft-Windows-DriverFrameworks-UserMode%4Operational.evtx,Classic,0,"{""UserData"":{""UMDFHostModuleLoad"":{""LifetimeId"":""50e9294b-f2ab-4fb5-b618-efaf4ae2c1ea"",""InstanceId"":""SWD\\WPDBUSENUM\\_??_USBSTOR#DISK&amp;VEN_GENERAL&amp;PROD_UDISK&amp;REV_5.00#7&amp;372D5A41&amp;0&amp;_&amp;0#{53F56307-B6BF-11D0-94F2-00A0C91EFB8B}"",""ModulePath"":""C:\\WINDOWS\\System32\\advapi32.dll"",""CompanyName"":""Microsoft Corporation"",""FileDescription"":""Advanced Windows 32 Base API"",""FileVersion"":""10.0.26100.3624 (WinBuild.160101.0800)""}}}"
22,22,2026-08-22 21:00:28.9127253,2005,Verbose,Microsoft-Windows-DriverFrameworks-UserMode,Microsoft-Windows-DriverFrameworks-UserMode/Operational,5288,4616,disstestbedvm,0,S-1-5-19,,,,,,,,,,,False,D:\UOW\SEM3\msc-diss-7csef001w\scenarios\scenario_4\run_3\artefacts\event_logs\Microsoft-Windows-DriverFrameworks-UserMode%4Operational.evtx,Classic,0,"{""UserData"":{""UMDFHostModuleLoad"":{""LifetimeId"":""50e9294b-f2ab-4fb5-b618-efaf4ae2c1ea"",""InstanceId"":""SWD\\WPDBUSENUM\\_??_USBSTOR#DISK&amp;VEN_GENERAL&amp;PROD_UDISK&amp;REV_5.00#7&amp;372D5A41&amp;0&amp;_&amp;0#{53F56307-B6BF-11D0-94F2-00A0C91EFB8B}"",""ModulePath"":""C:\\WINDOWS\\SYSTEM32\\cryptsp.dll"",""CompanyName"":""Microsoft Corporation"",""FileDescription"":""Cryptographic Service Provider API"",""FileVersion"":""10.0.26100.8521 (WinBuild.160101.0800)""}}}"
23,23,2026-08-22 21:00:28.9127769,2005,Verbose,Microsoft-Windows-DriverFrameworks-UserMode,Microsoft-Windows-DriverFrameworks-UserMode/Operational,5288,4616,disstestbedvm,0,S-1-5-19,,,,,,,,,,,False,D:\UOW\SEM3\msc-diss-7csef001w\scenarios\scenario_4\run_3\artefacts\event_logs\Microsoft-Windows-DriverFrameworks-UserMode%4Operational.evtx,Classic,0,"{""UserData"":{""UMDFHostModuleLoad"":{""LifetimeId"":""50e9294b-f2ab-4fb5-b618-efaf4ae2c1ea"",""InstanceId"":""SWD\\WPDBUSENUM\\_??_USBSTOR#DISK&amp;VEN_GENERAL&amp;PROD_UDISK&amp;REV_5.00#7&amp;372D5A41&amp;0&amp;_&amp;0#{53F56307-B6BF-11D0-94F2-00A0C91EFB8B}"",""ModulePath"":""C:\\WINDOWS\\SYSTEM32\\WMASF.DLL"",""CompanyName"":""Microsoft Corporation"",""FileDescription"":""Windows Media ASF DLL"",""FileVersion"":""12.0.26100.8521 (WinBuild.160101.0800)""}}}"
24,24,2026-08-22 21:00:28.9128256,2005,Verbose,Microsoft-Windows-DriverFrameworks-UserMode,Microsoft-Windows-DriverFrameworks-UserMode/Operational,5288,4616,disstestbedvm,0,S-1-5-19,,,,,,,,,,,False,D:\UOW\SEM3\msc-diss-7csef001w\scenarios\scenario_4\run_3\artefacts\event_logs\Microsoft-Windows-DriverFrameworks-UserMode%4Operational.evtx,Classic,0,"{""UserData"":{""UMDFHostModuleLoad"":{""LifetimeId"":""50e9294b-f2ab-4fb5-b618-efaf4ae2c1ea"",""InstanceId"":""SWD\\WPDBUSENUM\\_??_USBSTOR#DISK&amp;VEN_GENERAL&amp;PROD_UDISK&amp;REV_5.00#7&amp;372D5A41&amp;0&amp;_&amp;0#{53F56307-B6BF-11D0-94F2-00A0C91EFB8B}"",""ModulePath"":""C:\\Windows\\System32\\WUDFx.dll"",""CompanyName"":""Microsoft Corporation"",""FileDescription"":""WDF:UMDF Framework Library"",""FileVersion"":""10.0.26100.8521 (WinBuild.160101.0800)""}}}"
25,25,2026-08-22 21:00:28.9141135,2006,Verbose,Microsoft-Windows-DriverFrameworks-UserMode,Microsoft-Windows-DriverFrameworks-UserMode/Operational,5288,4616,disstestbedvm,0,S-1-5-19,,,,,,,,,,,False,D:\UOW\SEM3\msc-diss-7csef001w\scenarios\scenario_4\run_3\artefacts\event_logs\Microsoft-Windows-DriverFrameworks-UserMode%4Operational.evtx,Classic,0,"{""UserData"":{""UMDFHostAddDeviceEnd"":{""LifetimeId"":""50e9294b-f2ab-4fb5-b618-efaf4ae2c1ea"",""InstanceId"":""SWD\\WPDBUSENUM\\_??_USBSTOR#DISK&amp;VEN_GENERAL&amp;PROD_UDISK&amp;REV_5.00#7&amp;372D5A41&amp;0&amp;_&amp;0#{53F56307-B6BF-11D0-94F2-00A0C91EFB8B}"",""Level"":""0"",""FinalStatus"":""0""}}}"
26,26,2026-08-22 21:00:28.9147885,2100,Info,Microsoft-Windows-DriverFrameworks-UserMode,Microsoft-Windows-DriverFrameworks-UserMode/Operational,5288,4616,disstestbedvm,0,S-1-5-19,USB Connection,,,InstanceId: SWD\WPDBUSENUM\_??_USBSTOR#DISK&amp;VEN_GENERAL&amp;PROD_UDISK&amp;REV_5.00#7&amp;372D5A41&amp;0&amp;_&amp;0#{53F56307-B6BF-11D0-94F2-00A0C91EFB8B},LifetimeId: 50e9294b-f2ab-4fb5-b618-efaf4ae2c1ea,,,,,,False,D:\UOW\SEM3\msc-diss-7csef001w\scenarios\scenario_4\run_3\artefacts\event_logs\Microsoft-Windows-DriverFrameworks-UserMode%4Operational.evtx,Classic,0,"{""UserData"":{""UMDFHostDeviceRequest"":{""LifetimeId"":""50e9294b-f2ab-4fb5-b618-efaf4ae2c1ea"",""InstanceId"":""SWD\\WPDBUSENUM\\_??_USBSTOR#DISK&amp;VEN_GENERAL&amp;PROD_UDISK&amp;REV_5.00#7&amp;372D5A41&amp;0&amp;_&amp;0#{53F56307-B6BF-11D0-94F2-00A0C91EFB8B}"",""RequestMajorCode"":""27"",""RequestMinorCode"":""0"",""Argument1"":""0x0"",""Argument2"":""0x0"",""Argument3"":""0x0"",""Argument4"":""0x0"",""Status"":""3221225659""}}}"
27,27,2026-08-22 21:00:28.9148250,2105,Info,Microsoft-Windows-DriverFrameworks-UserMode,Microsoft-Windows-DriverFrameworks-UserMode/Operational,5288,4616,disstestbedvm,0,S-1-5-19,,,,,,,,,,,False,D:\UOW\SEM3\msc-diss-7csef001w\scenarios\scenario_4\run_3\artefacts\event_logs\Microsoft-Windows-DriverFrameworks-UserMode%4Operational.evtx,Classic,0,"{""UserData"":{""UMDFHostDeviceRequest"":{""LifetimeId"":""50e9294b-f2ab-4fb5-b618-efaf4ae2c1ea"",""InstanceId"":""SWD\\WPDBUSENUM\\_??_USBSTOR#DISK&amp;VEN_GENERAL&amp;PROD_UDISK&amp;REV_5.00#7&amp;372D5A41&amp;0&amp;_&amp;0#{53F56307-B6BF-11D0-94F2-00A0C91EFB8B}"",""RequestMajorCode"":""27"",""RequestMinorCode"":""0"",""Argument1"":""0x0"",""Argument2"":""0x0"",""Argument3"":""0x0"",""Argument4"":""0x0"",""Status"":""3221225659""}}}"
28,28,2026-08-22 21:00:28.9149388,2106,Info,Microsoft-Windows-DriverFrameworks-UserMode,Microsoft-Windows-DriverFrameworks-UserMode/Operational,5288,4616,disstestbedvm,0,S-1-5-19,,,,,,,,,,,False,D:\UOW\SEM3\msc-diss-7csef001w\scenarios\scenario_4\run_3\artefacts\event_logs\Microsoft-Windows-DriverFrameworks-UserMode%4Operational.evtx,Classic,0,"{""UserData"":{""UMDFHostDeviceRequest"":{""LifetimeId"":""50e9294b-f2ab-4fb5-b618-efaf4ae2c1ea"",""InstanceId"":""SWD\\WPDBUSENUM\\_??_USBSTOR#DISK&amp;VEN_GENERAL&amp;PROD_UDISK&amp;REV_5.00#7&amp;372D5A41&amp;0&amp;_&amp;0#{53F56307-B6BF-11D0-94F2-00A0C91EFB8B}"",""RequestMajorCode"":""27"",""RequestMinorCode"":""0"",""Argument1"":""0x0"",""Argument2"":""0x0"",""Argument3"":""0x0"",""Argument4"":""0x0"",""Status"":""0""}}}"
29,29,2026-08-22 21:00:28.9346500,2101,Info,Microsoft-Windows-DriverFrameworks-UserMode,Microsoft-Windows-DriverFrameworks-UserMode/Operational,5288,4616,disstestbedvm,0,S-1-5-19,,,,,,,,,,,False,D:\UOW\SEM3\msc-diss-7csef001w\scenarios\scenario_4\run_3\artefacts\event_logs\Microsoft-Windows-DriverFrameworks-UserMode%4Operational.evtx,Classic,0,"{""UserData"":{""UMDFHostDeviceRequest"":{""LifetimeId"":""50e9294b-f2ab-4fb5-b618-efaf4ae2c1ea"",""InstanceId"":""SWD\\WPDBUSENUM\\_??_USBSTOR#DISK&amp;VEN_GENERAL&amp;PROD_UDISK&amp;REV_5.00#7&amp;372D5A41&amp;0&amp;_&amp;0#{53F56307-B6BF-11D0-94F2-00A0C91EFB8B}"",""RequestMajorCode"":""27"",""RequestMinorCode"":""0"",""Argument1"":""0x0"",""Argument2"":""0x0"",""Argument3"":""0x0"",""Argument4"":""0x0"",""Status"":""0""}}}"
30,30,2026-08-22 21:00:28.9354795,2100,Info,Microsoft-Windows-DriverFrameworks-UserMode,Microsoft-Windows-DriverFrameworks-UserMode/Operational,5288,5944,disstestbedvm,0,S-1-5-19,USB Connection,,,InstanceId: SWD\WPDBUSENUM\_??_USBSTOR#DISK&amp;VEN_GENERAL&amp;PROD_UDISK&amp;REV_5.00#7&amp;372D5A41&amp;0&amp;_&amp;0#{53F56307-B6BF-11D0-94F2-00A0C91EFB8B},LifetimeId: 50e9294b-f2ab-4fb5-b618-efaf4ae2c1ea,,,,,,False,D:\UOW\SEM3\msc-diss-7csef001w\scenarios\scenario_4\run_3\artefacts\event_logs\Microsoft-Windows-DriverFrameworks-UserMode%4Operational.evtx,Classic,0,"{""UserData"":{""UMDFHostDeviceRequest"":{""LifetimeId"":""50e9294b-f2ab-4fb5-b618-efaf4ae2c1ea"",""InstanceId"":""SWD\\WPDBUSENUM\\_??_USBSTOR#DISK&amp;VEN_GENERAL&amp;PROD_UDISK&amp;REV_5.00#7&amp;372D5A41&amp;0&amp;_&amp;0#{53F56307-B6BF-11D0-94F2-00A0C91EFB8B}"",""RequestMajorCode"":""27"",""RequestMinorCode"":""9"",""Argument1"":""0x10040"",""Argument2"":""0xFFFFFFFFFFFFFFFF"",""Argument3"":""0x0"",""Argument4"":""0x0"",""Status"":""3221225659""}}}"
31,31,2026-08-22 21:00:28.9354997,2105,Info,Microsoft-Windows-DriverFrameworks-UserMode,Microsoft-Windows-DriverFrameworks-UserMode/Operational,5288,5944,disstestbedvm,0,S-1-5-19,,,,,,,,,,,False,D:\UOW\SEM3\msc-diss-7csef001w\scenarios\scenario_4\run_3\artefacts\event_logs\Microsoft-Windows-DriverFrameworks-UserMode%4Operational.evtx,Classic,0,"{""UserData"":{""UMDFHostDeviceRequest"":{""LifetimeId"":""50e9294b-f2ab-4fb5-b618-efaf4ae2c1ea"",""InstanceId"":""SWD\\WPDBUSENUM\\_??_USBSTOR#DISK&amp;VEN_GENERAL&amp;PROD_UDISK&amp;REV_5.00#7&amp;372D5A41&amp;0&amp;_&amp;0#{53F56307-B6BF-11D0-94F2-00A0C91EFB8B}"",""RequestMajorCode"":""27"",""RequestMinorCode"":""9"",""Argument1"":""0x10040"",""Argument2"":""0xFFFFFFFFFFFFFFFF"",""Argument3"":""0x0"",""Argument4"":""0x0"",""Status"":""3221225659""}}}"
32,32,2026-08-22 21:00:28.9355308,2106,Info,Microsoft-Windows-DriverFrameworks-UserMode,Microsoft-Windows-DriverFrameworks-UserMode/Operational,5288,5944,disstestbedvm,0,S-1-5-19,,,,,,,,,,,False,D:\UOW\SEM3\msc-diss-7csef001w\scenarios\scenario_4\run_3\artefacts\event_logs\Microsoft-Windows-DriverFrameworks-UserMode%4Operational.evtx,Classic,0,"{""UserData"":{""UMDFHostDeviceRequest"":{""LifetimeId"":""50e9294b-f2ab-4fb5-b618-efaf4ae2c1ea"",""InstanceId"":""SWD\\WPDBUSENUM\\_??_USBSTOR#DISK&amp;VEN_GENERAL&amp;PROD_UDISK&amp;REV_5.00#7&amp;372D5A41&amp;0&amp;_&amp;0#{53F56307-B6BF-11D0-94F2-00A0C91EFB8B}"",""RequestMajorCode"":""27"",""RequestMinorCode"":""9"",""Argument1"":""0x10040"",""Argument2"":""0xFFFFFFFFFFFFFFFF"",""Argument3"":""0x0"",""Argument4"":""0x0"",""Status"":""0""}}}"
33,33,2026-08-22 21:00:28.9355333,2101,Info,Microsoft-Windows-DriverFrameworks-UserMode,Microsoft-Windows-DriverFrameworks-UserMode/Operational,5288,5944,disstestbedvm,0,S-1-5-19,,,,,,,,,,,False,D:\UOW\SEM3\msc-diss-7csef001w\scenarios\scenario_4\run_3\artefacts\event_logs\Microsoft-Windows-DriverFrameworks-UserMode%4Operational.evtx,Classic,0,"{""UserData"":{""UMDFHostDeviceRequest"":{""LifetimeId"":""50e9294b-f2ab-4fb5-b618-efaf4ae2c1ea"",""InstanceId"":""SWD\\WPDBUSENUM\\_??_USBSTOR#DISK&amp;VEN_GENERAL&amp;PROD_UDISK&amp;REV_5.00#7&amp;372D5A41&amp;0&amp;_&amp;0#{53F56307-B6BF-11D0-94F2-00A0C91EFB8B}"",""RequestMajorCode"":""27"",""RequestMinorCode"":""9"",""Argument1"":""0x2C000010040"",""Argument2"":""0xFFFFFFFFFFFFFFFF"",""Argument3"":""0x100000000"",""Argument4"":""0x400000004"",""Status"":""0""}}}"
34,34,2026-08-22 21:00:28.9356028,2100,Info,Microsoft-Windows-DriverFrameworks-UserMode,Microsoft-Windows-DriverFrameworks-UserMode/Operational,5288,4616,disstestbedvm,0,S-1-5-19,USB Connection,,,InstanceId: SWD\WPDBUSENUM\_??_USBSTOR#DISK&amp;VEN_GENERAL&amp;PROD_UDISK&amp;REV_5.00#7&amp;372D5A41&amp;0&amp;_&amp;0#{53F56307-B6BF-11D0-94F2-00A0C91EFB8B},LifetimeId: 50e9294b-f2ab-4fb5-b618-efaf4ae2c1ea,,,,,,False,D:\UOW\SEM3\msc-diss-7csef001w\scenarios\scenario_4\run_3\artefacts\event_logs\Microsoft-Windows-DriverFrameworks-UserMode%4Operational.evtx,Classic,0,"{""UserData"":{""UMDFHostDeviceRequest"":{""LifetimeId"":""50e9294b-f2ab-4fb5-b618-efaf4ae2c1ea"",""InstanceId"":""SWD\\WPDBUSENUM\\_??_USBSTOR#DISK&amp;VEN_GENERAL&amp;PROD_UDISK&amp;REV_5.00#7&amp;372D5A41&amp;0&amp;_&amp;0#{53F56307-B6BF-11D0-94F2-00A0C91EFB8B}"",""RequestMajorCode"":""27"",""RequestMinorCode"":""20"",""Argument1"":""0x0"",""Argument2"":""0x0"",""Argument3"":""0x0"",""Argument4"":""0x0"",""Status"":""3221225659""}}}"
35,35,2026-08-22 21:00:28.9356150,2105,Info,Microsoft-Windows-DriverFrameworks-UserMode,Microsoft-Windows-DriverFrameworks-UserMode/Operational,5288,4616,disstestbedvm,0,S-1-5-19,,,,,,,,,,,False,D:\UOW\SEM3\msc-diss-7csef001w\scenarios\scenario_4\run_3\artefacts\event_logs\Microsoft-Windows-DriverFrameworks-UserMode%4Operational.evtx,Classic,0,"{""UserData"":{""UMDFHostDeviceRequest"":{""LifetimeId"":""50e9294b-f2ab-4fb5-b618-efaf4ae2c1ea"",""InstanceId"":""SWD\\WPDBUSENUM\\_??_USBSTOR#DISK&amp;VEN_GENERAL&amp;PROD_UDISK&amp;REV_5.00#7&amp;372D5A41&amp;0&amp;_&amp;0#{53F56307-B6BF-11D0-94F2-00A0C91EFB8B}"",""RequestMajorCode"":""27"",""RequestMinorCode"":""20"",""Argument1"":""0x0"",""Argument2"":""0x0"",""Argument3"":""0x0"",""Argument4"":""0x0"",""Status"":""3221225659""}}}"
36,36,2026-08-22 21:00:28.9356523,2106,Info,Microsoft-Windows-DriverFrameworks-UserMode,Microsoft-Windows-DriverFrameworks-UserMode/Operational,5288,5560,disstestbedvm,0,S-1-5-19,,,,,,,,,,,False,D:\UOW\SEM3\msc-diss-7csef001w\scenarios\scenario_4\run_3\artefacts\event_logs\Microsoft-Windows-DriverFrameworks-UserMode%4Operational.evtx,Classic,0,"{""UserData"":{""UMDFHostDeviceRequest"":{""LifetimeId"":""50e9294b-f2ab-4fb5-b618-efaf4ae2c1ea"",""InstanceId"":""SWD\\WPDBUSENUM\\_??_USBSTOR#DISK&amp;VEN_GENERAL&amp;PROD_UDISK&amp;REV_5.00#7&amp;372D5A41&amp;0&amp;_&amp;0#{53F56307-B6BF-11D0-94F2-00A0C91EFB8B}"",""RequestMajorCode"":""27"",""RequestMinorCode"":""20"",""Argument1"":""0x0"",""Argument2"":""0x0"",""Argument3"":""0x0"",""Argument4"":""0x0"",""Status"":""0""}}}"
37,37,2026-08-22 21:00:28.9356590,2101,Info,Microsoft-Windows-DriverFrameworks-UserMode,Microsoft-Windows-DriverFrameworks-UserMode/Operational,5288,5560,disstestbedvm,0,S-1-5-19,,,,,,,,,,,False,D:\UOW\SEM3\msc-diss-7csef001w\scenarios\scenario_4\run_3\artefacts\event_logs\Microsoft-Windows-DriverFrameworks-UserMode%4Operational.evtx,Classic,0,"{""UserData"":{""UMDFHostDeviceRequest"":{""LifetimeId"":""50e9294b-f2ab-4fb5-b618-efaf4ae2c1ea"",""InstanceId"":""SWD\\WPDBUSENUM\\_??_USBSTOR#DISK&amp;VEN_GENERAL&amp;PROD_UDISK&amp;REV_5.00#7&amp;372D5A41&amp;0&amp;_&amp;0#{53F56307-B6BF-11D0-94F2-00A0C91EFB8B}"",""RequestMajorCode"":""27"",""RequestMinorCode"":""20"",""Argument1"":""0x0"",""Argument2"":""0x141B"",""Argument3"":""0x0"",""Argument4"":""0x0"",""Status"":""0""}}}"
38,38,2026-08-22 21:03:47.5953524,2100,Info,Microsoft-Windows-DriverFrameworks-UserMode,Microsoft-Windows-DriverFrameworks-UserMode/Operational,5288,5560,disstestbedvm,0,S-1-5-19,USB Connection,,,InstanceId: SWD\WPDBUSENUM\_??_USBSTOR#DISK&amp;VEN_GENERAL&amp;PROD_UDISK&amp;REV_5.00#7&amp;372D5A41&amp;0&amp;_&amp;0#{53F56307-B6BF-11D0-94F2-00A0C91EFB8B},LifetimeId: 50e9294b-f2ab-4fb5-b618-efaf4ae2c1ea,,,,,,False,D:\UOW\SEM3\msc-diss-7csef001w\scenarios\scenario_4\run_3\artefacts\event_logs\Microsoft-Windows-DriverFrameworks-UserMode%4Operational.evtx,Classic,0,"{""UserData"":{""UMDFHostDeviceRequest"":{""LifetimeId"":""50e9294b-f2ab-4fb5-b618-efaf4ae2c1ea"",""InstanceId"":""SWD\\WPDBUSENUM\\_??_USBSTOR#DISK&amp;VEN_GENERAL&amp;PROD_UDISK&amp;REV_5.00#7&amp;372D5A41&amp;0&amp;_&amp;0#{53F56307-B6BF-11D0-94F2-00A0C91EFB8B}"",""RequestMajorCode"":""27"",""RequestMinorCode"":""23"",""Argument1"":""0x0"",""Argument2"":""0x0"",""Argument3"":""0x0"",""Argument4"":""0x0"",""Status"":""0""}}}"
39,39,2026-08-22 21:03:47.5963195,2102,Info,Microsoft-Windows-DriverFrameworks-UserMode,Microsoft-Windows-DriverFrameworks-UserMode/Operational,5288,5560,disstestbedvm,0,S-1-5-19,,,,,,,,,,,False,D:\UOW\SEM3\msc-diss-7csef001w\scenarios\scenario_4\run_3\artefacts\event_logs\Microsoft-Windows-DriverFrameworks-UserMode%4Operational.evtx,Classic,0,"{""UserData"":{""UMDFHostDeviceRequest"":{""LifetimeId"":""50e9294b-f2ab-4fb5-b618-efaf4ae2c1ea"",""InstanceId"":""SWD\\WPDBUSENUM\\_??_USBSTOR#DISK&amp;VEN_GENERAL&amp;PROD_UDISK&amp;REV_5.00#7&amp;372D5A41&amp;0&amp;_&amp;0#{53F56307-B6BF-11D0-94F2-00A0C91EFB8B}"",""RequestMajorCode"":""27"",""RequestMinorCode"":""23"",""Argument1"":""0x0"",""Argument2"":""0x0"",""Argument3"":""0x0"",""Argument4"":""0x0"",""Status"":""0""}}}"
40,40,2026-08-22 21:03:47.6037024,2100,Info,Microsoft-Windows-DriverFrameworks-UserMode,Microsoft-Windows-DriverFrameworks-UserMode/Operational,5288,5560,disstestbedvm,0,S-1-5-19,USB Connection,,,InstanceId: SWD\WPDBUSENUM\_??_USBSTOR#DISK&amp;VEN_GENERAL&amp;PROD_UDISK&amp;REV_5.00#7&amp;372D5A41&amp;0&amp;_&amp;0#{53F56307-B6BF-11D0-94F2-00A0C91EFB8B},LifetimeId: 50e9294b-f2ab-4fb5-b618-efaf4ae2c1ea,,,,,,False,D:\UOW\SEM3\msc-diss-7csef001w\scenarios\scenario_4\run_3\artefacts\event_logs\Microsoft-Windows-DriverFrameworks-UserMode%4Operational.evtx,Classic,0,"{""UserData"":{""UMDFHostDeviceRequest"":{""LifetimeId"":""50e9294b-f2ab-4fb5-b618-efaf4ae2c1ea"",""InstanceId"":""SWD\\WPDBUSENUM\\_??_USBSTOR#DISK&amp;VEN_GENERAL&amp;PROD_UDISK&amp;REV_5.00#7&amp;372D5A41&amp;0&amp;_&amp;0#{53F56307-B6BF-11D0-94F2-00A0C91EFB8B}"",""RequestMajorCode"":""27"",""RequestMinorCode"":""2"",""Argument1"":""0x0"",""Argument2"":""0x0"",""Argument3"":""0x0"",""Argument4"":""0x0"",""Status"":""0""}}}"
41,41,2026-08-22 21:03:47.6037588,2102,Info,Microsoft-Windows-DriverFrameworks-UserMode,Microsoft-Windows-DriverFrameworks-UserMode/Operational,5288,5560,disstestbedvm,0,S-1-5-19,,,,,,,,,,,False,D:\UOW\SEM3\msc-diss-7csef001w\scenarios\scenario_4\run_3\artefacts\event_logs\Microsoft-Windows-DriverFrameworks-UserMode%4Operational.evtx,Classic,0,"{""UserData"":{""UMDFHostDeviceRequest"":{""LifetimeId"":""50e9294b-f2ab-4fb5-b618-efaf4ae2c1ea"",""InstanceId"":""SWD\\WPDBUSENUM\\_??_USBSTOR#DISK&amp;VEN_GENERAL&amp;PROD_UDISK&amp;REV_5.00#7&amp;372D5A41&amp;0&amp;_&amp;0#{53F56307-B6BF-11D0-94F2-00A0C91EFB8B}"",""RequestMajorCode"":""27"",""RequestMinorCode"":""2"",""Argument1"":""0x0"",""Argument2"":""0x0"",""Argument3"":""0x0"",""Argument4"":""0x0"",""Status"":""0""}}}"
42,42,2026-08-22 21:03:47.6349731,1006,Info,Microsoft-Windows-DriverFrameworks-UserMode,Microsoft-Windows-DriverFrameworks-UserMode/Operational,860,976,disstestbedvm,0,S-1-5-18,,,,,,,,,,,False,D:\UOW\SEM3\msc-diss-7csef001w\scenarios\scenario_4\run_3\artefacts\event_logs\Microsoft-Windows-DriverFrameworks-UserMode%4Operational.evtx,Classic,0,"{""UserData"":{""UMDFDriverManagerHostShutdown"":{""LifetimeId"":""50e9294b-f2ab-4fb5-b618-efaf4ae2c1ea""}}}"
43,43,2026-08-22 21:03:47.6351159,2900,Info,Microsoft-Windows-DriverFrameworks-UserMode,Microsoft-Windows-DriverFrameworks-UserMode/Operational,5288,5560,disstestbedvm,0,S-1-5-19,,,,,,,,,,,False,D:\UOW\SEM3\msc-diss-7csef001w\scenarios\scenario_4\run_3\artefacts\event_logs\Microsoft-Windows-DriverFrameworks-UserMode%4Operational.evtx,Classic,0,"{""UserData"":{""UMDFHostShutdown"":{""LifetimeId"":""50e9294b-f2ab-4fb5-b618-efaf4ae2c1ea""}}}"
44,44,2026-08-22 21:03:47.6356727,2901,Info,Microsoft-Windows-DriverFrameworks-UserMode,Microsoft-Windows-DriverFrameworks-UserMode/Operational,5288,12120,disstestbedvm,0,S-1-5-19,,,,,,,,,,,False,D:\UOW\SEM3\msc-diss-7csef001w\scenarios\scenario_4\run_3\artefacts\event_logs\Microsoft-Windows-DriverFrameworks-UserMode%4Operational.evtx,Classic,0,"{""UserData"":{""UMDFHostShutdown"":{""LifetimeId"":""50e9294b-f2ab-4fb5-b618-efaf4ae2c1ea""}}}"
45,45,2026-08-22 21:03:47.6412772,1008,Info,Microsoft-Windows-DriverFrameworks-UserMode,Microsoft-Windows-DriverFrameworks-UserMode/Operational,860,976,disstestbedvm,0,S-1-5-18,,,,,,,,,,,False,D:\UOW\SEM3\msc-diss-7csef001w\scenarios\scenario_4\run_3\artefacts\event_logs\Microsoft-Windows-DriverFrameworks-UserMode%4Operational.evtx,Classic,0,"{""UserData"":{""UMDFDriverManagerHostShutdown"":{""LifetimeId"":""50e9294b-f2ab-4fb5-b618-efaf4ae2c1ea"",""TerminateStatus"":""0"",""ExitCode"":""0""}}}"
20,20,2026-08-22 21:00:28.2104334,1006,Info,Microsoft-Windows-Partition,Microsoft-Windows-Partition/Diagnostic,4,272,disstestbedvm,0,S-1-5-18,USB Insertion/Removal,,,Model: UDisk,Capacity: 4026531840,Manufacturer: General,"SCSI SerialNumber: ",RegistryId: 01ff3f65-9e6c-11f1-841b-000c29740023,ParentId: USB\VID_ABCD&amp;PID_1234\6&amp;39d724fe&amp;0&amp;6,,False,D:\UOW\SEM3\msc-diss-7csef001w\scenarios\scenario_4\run_3\artefacts\event_logs\Microsoft-Windows-Partition%4Diagnostic.evtx,Classic,0,"{""EventData"":{""Data"":[{""@Name"":""DiskNumber"",""#text"":""1""},{""@Name"":""Flags"",""#text"":""8208""},{""@Name"":""Characteristics"",""#text"":""262401""},{""@Name"":""IsSystemCritical"",""#text"":""False""},{""@Name"":""PagingCount"",""#text"":""0""},{""@Name"":""HibernationCount"",""#text"":""0""},{""@Name"":""DumpCount"",""#text"":""0""},{""@Name"":""OfflineReason"",""#text"":""0""},{""@Name"":""Attributes"",""#text"":""0""},{""@Name"":""PersistentAttributes"",""#text"":""0""},{""@Name"":""Owner"",""#text"":""00000000-0000-0000-0000-000000000000""},{""@Name"":""BytesPerSector"",""#text"":""512""},{""@Name"":""Capacity"",""#text"":""4026531840""},{""@Name"":""BusType"",""#text"":""7""},{""@Name"":""Manufacturer"",""#text"":""General""},{""@Name"":""Model"",""#text"":""UDisk""},{""@Name"":""Revision"",""#text"":""5.00""},{""@Name"":""SerialNumber""},{""@Name"":""Location"",""#text"":""Integrated : Bus 0 : Device 0 : Function 6 : Adapter 0 : Port 0""},{""@Name"":""ParentId"",""#text"":""USB\\VID_ABCD&amp;PID_1234\\6&amp;39d724fe&amp;0&amp;6""},{""@Name"":""Socket"",""#text"":""-1""},{""@Name"":""Slot"",""#text"":""-1""},{""@Name"":""Bus"",""#text"":""0""},{""@Name"":""Device"",""#text"":""0""},{""@Name"":""Function"",""#text"":""6""},{""@Name"":""Adapter"",""#text"":""0""},{""@Name"":""Port"",""#text"":""0""},{""@Name"":""Target"",""#text"":""0""},{""@Name"":""Lun"",""#text"":""0""},{""@Name"":""IoctlSupport"",""#text"":""59649""},{""@Name"":""IdFlags"",""#text"":""0""},{""@Name"":""DiskId"",""#text"":""e981b5d9-d866-46a5-56c1-64ad46242587""},{""@Name"":""AdapterId"",""#text"":""00000000-0000-0000-0000-000000000000""},{""@Name"":""RegistryId"",""#text"":""01ff3f65-9e6c-11f1-841b-000c29740023""},{""@Name"":""PoolId"",""#text"":""00000000-0000-0000-0000-000000000000""},{""@Name"":""FirmwareSupportsUpgrade"",""#text"":""False""},{""@Name"":""FirmwareSlotCount"",""#text"":""0""},{""@Name"":""StorageIdCount"",""#text"":""0""},{""@Name"":""StorageIdCodeSet"",""#text"":""0""},{""@Name"":""StorageIdType"",""#text"":""0""},{""@Name"":""StorageIdAssociation"",""#text"":""0""},{""@Name"":""StorageIdBytes"",""#text"":""0""},{""@Name"":""StorageId""},{""@Name"":""WriteCacheType"",""#text"":""0""},{""@Name"":""WriteCacheEnabled"",""#text"":""0""},{""@Name"":""WriteCacheChangeable"",""#text"":""0""},{""@Name"":""WriteThroughSupported"",""#text"":""0""},{""@Name"":""FlushCacheSupported"",""#text"":""False""},{""@Name"":""IsPowerProtected"",""#text"":""False""},{""@Name"":""NVCacheEnabled"",""#text"":""False""},{""@Name"":""BytesPerLogicalSector"",""#text"":""0""},{""@Name"":""BytesPerPhysicalSector"",""#text"":""0""},{""@Name"":""BytesOffsetForSectorAlignment"",""#text"":""0""},{""@Name"":""IncursSeekPenalty"",""#text"":""False""},{""@Name"":""IsTrimSupported"",""#text"":""False""},{""@Name"":""IsThinProvisioned"",""#text"":""False""},{""@Name"":""OptimalUnmapGranularity"",""#text"":""0""},{""@Name"":""UnmapAlignment"",""#text"":""0""},{""@Name"":""NumberOfLogicalCopies"",""#text"":""0""},{""@Name"":""NumberOfPhysicalCopies"",""#text"":""0""},{""@Name"":""FaultTolerance"",""#text"":""0""},{""@Name"":""NumberOfColumns"",""#text"":""0""},{""@Name"":""InterleaveBytes"",""#text"":""0""},{""@Name"":""HybridSupported"",""#text"":""False""},{""@Name"":""HybridCacheBytes"",""#text"":""0""},{""@Name"":""AdapterMaximumTransferBytes"",""#text"":""65536""},{""@Name"":""AdapterMaximumTransferPages"",""#text"":""17""},{""@Name"":""AdapterAlignmentMask"",""#text"":""0""},{""@Name"":""AdapterSerialNumber"",""#text"":""NULL""},{""@Name"":""PortDriver"",""#text"":""5""},{""@Name"":""UserRemovalPolicy"",""#text"":""True""},{""@Name"":""PartitionStyle"",""#text"":""0""},{""@Name"":""PartitionCount"",""#text"":""4""},{""@Name"":""PartitionTableBytes"",""#text"":""624""},{""@Name"":""PartitionTable"",""#text"":""00-00-00-00-04-00-00-00-B0-B1-1E-D1-E7-64-7F-CB-00-00-00-00-00-00-00-00-00-00-00-00-00-00-00-00-00-00-00-00-00-00-00-00-00-00-00-00-00-00-00-00-00-00-00-00-00-00-00-00-00-00-01-00-00-00-00-00-00-00-FF-EF-00-00-00-00-01-00-00-00-00-00-00-00-07-00-01-00-80-00-00-00-B0-B1-1E-D1-00-00-00-00-00-00-01-00-00-00-00-00-00-00-00-00-00-00-00-00-00-00-00-00-00-00-00-00-00-00-00-00-00-00-00-00-00-00-00-00-00-00-00-00-00-00-00-00-00-00-00-00-00-00-00-00-00-00-00-00-00-00-00-00-00-00-00-00-00-00-00-00-00-00-00-00-00-00-00-00-00-00-00-00-00-00-00-00-00-00-00-00-00-00-00-00-00-00-00-00-00-00-00-00-00-00-00-00-00-00-00-00-00-00-00-00-00-00-00-00-00-00-00-00-00-00-00-00-00-00-00-00-00-00-00-00-00-00-00-00-00-00-00-00-00-00-00-00-00-00-00-00-00-00-00-00-00-00-00-00-00-00-00-00-00-00-00-00-00-00-00-00-00-00-00-00-00-00-00-00-00-00-00-00-00-00-00-00-00-00-00-00-00-00-00-00-00-00-00-00-00-00-00-00-00-00-00-00-00-00-00-00-00-00-00-00-00-00-00-00-00-00-00-00-00-00-00-00-00-00-00-00-00-00-00-00-00-00-00-00-00-00-00-00-00-00-00-00-00-00-00-00-00-00-00-00-00-00-00-00-00-00-00-00-00-00-00-00-00-00-00-00-00-00-00-00-00-00-00-00-00-00-00-00-00-00-00-00-00-00-00-00-00-00-00-00-00-00-00-00-00-00-00-00-00-00-00-00-00-00-00-00-00-00-00-00-00-00-00-00-00-00-00-00-00-00-00-00-00-00-00-00-00-00-00-00-00-00-00-00-00-00-00-00-00-00-00-00-00-00-00-00-00-00-00-00-00-00-00-00-00-00-00-00-00-00-00-00-00-00-00-00-00-00-00-00-00-00-00-00-00-00-00-00-00-00-00-00-00-00-00-00-00-00-00-00-00-00-00-00-00-00-00-00-00-00-00-00-00-00-00-00-00-00-00-00-00-00-00-00-00-00-00-00-00-00-00-00-00-00-00-00-00-00-00-00-00-00-00-00-00-00-00-00-00-00-00-00-00-00-00-00-00-00-00-00-00-00-00-00-00-00-00-00-00-00-00-00-00-00-00-00-00-00-00-00-00-00-00-00-00-00-00-00-00-00-00-00-00-00-00-00-00-00-00-00-00-00-00-00-00-00-00-00-00-00-00-00-00-00-00-00-00-00-00-00-00-00-00-00-00-00-00-00-00-00-00-00-00-00-00-00""},{""@Name"":""MbrBytes"",""#text"":""512""},{""@Name"":""Mbr"",""#text"":""33-C0-8E-D0-BC-00-7C-8E-C0-8E-D8-BE-00-7C-BF-00-06-B9-00-02-FC-F3-A4-50-68-1C-06-CB-FB-B9-04-00-BD-BE-07-80-7E-00-00-7C-0B-0F-85-0E-01-83-C5-10-E2-F1-CD-18-88-56-00-55-C6-46-11-05-C6-46-10-00-B4-41-BB-AA-55-CD-13-5D-72-0F-81-FB-55-AA-75-09-F7-C1-01-00-74-03-FE-46-10-66-60-80-7E-10-00-74-26-66-68-00-00-00-00-66-FF-76-08-68-00-00-68-00-7C-68-01-00-68-10-00-B4-42-8A-56-00-8B-F4-CD-13-9F-83-C4-10-9E-EB-14-B8-01-02-BB-00-7C-8A-56-00-8A-76-01-8A-4E-02-8A-6E-03-CD-13-66-61-73-1C-FE-4E-11-75-0C-80-7E-00-80-0F-84-8A-00-B2-80-EB-84-55-32-E4-8A-56-00-CD-13-5D-EB-9E-81-3E-FE-7D-55-AA-75-6E-FF-76-00-E8-8D-00-75-17-FA-B0-D1-E6-64-E8-83-00-B0-DF-E6-60-E8-7C-00-B0-FF-E6-64-E8-75-00-FB-B8-00-BB-CD-1A-66-23-C0-75-3B-66-81-FB-54-43-50-41-75-32-81-F9-02-01-72-2C-66-68-07-BB-00-00-66-68-00-02-00-00-66-68-08-00-00-00-66-53-66-53-66-55-66-68-00-00-00-00-66-68-00-7C-00-00-66-61-68-00-00-07-CD-1A-5A-32-F6-EA-00-7C-00-00-CD-18-A0-B7-07-EB-08-A0-B6-07-EB-03-A0-B5-07-32-E4-05-00-07-8B-F0-AC-3C-00-74-09-BB-07-00-B4-0E-CD-10-EB-F2-F4-EB-FD-2B-C9-E4-64-EB-00-24-02-E0-F8-24-02-C3-49-6E-76-61-6C-69-64-20-70-61-72-74-69-74-69-6F-6E-20-74-61-62-6C-65-00-45-72-72-6F-72-20-6C-6F-61-64-69-6E-67-20-6F-70-65-72-61-74-69-6E-67-20-73-79-73-74-65-6D-00-4D-69-73-73-69-6E-67-20-6F-70-65-72-61-74-69-6E-67-20-73-79-73-74-65-6D-00-00-00-63-7B-9A-B0-B1-1E-D1-00-00-00-02-03-00-07-FE-7F-E8-80-00-00-00-80-FF-77-00-00-00-00-00-00-00-00-00-00-00-00-00-00-00-00-00-00-00-00-00-00-00-00-00-00-00-00-00-00-00-00-00-00-00-00-00-00-00-00-00-00-00-00-00-00-00-00-00-55-AA""},{""@Name"":""Ebr0Bytes"",""#text"":""0""},{""@Name"":""Ebr0""},{""@Name"":""Ebr1Bytes"",""#text"":""0""},{""@Name"":""Ebr1""},{""@Name"":""Ebr2Bytes"",""#text"":""0""},{""@Name"":""Ebr2""},{""@Name"":""Ebr3Size"",""#text"":""0""},{""@Name"":""Ebr3""}]}}"
21,21,2026-08-22 21:03:17.7301332,1006,Info,Microsoft-Windows-Partition,Microsoft-Windows-Partition/Diagnostic,4,148,disstestbedvm,0,S-1-5-18,USB Insertion/Removal,,,Model: UDisk,Capacity: 0,Manufacturer: General,"SCSI SerialNumber: ",RegistryId: 01ff3f65-9e6c-11f1-841b-000c29740023,ParentId: USB\VID_ABCD&amp;PID_1234\6&amp;39d724fe&amp;0&amp;6,,False,D:\UOW\SEM3\msc-diss-7csef001w\scenarios\scenario_4\run_3\artefacts\event_logs\Microsoft-Windows-Partition%4Diagnostic.evtx,Classic,0,"{""EventData"":{""Data"":[{""@Name"":""DiskNumber"",""#text"":""1""},{""@Name"":""Flags"",""#text"":""8208""},{""@Name"":""Characteristics"",""#text"":""262401""},{""@Name"":""IsSystemCritical"",""#text"":""False""},{""@Name"":""PagingCount"",""#text"":""0""},{""@Name"":""HibernationCount"",""#text"":""0""},{""@Name"":""DumpCount"",""#text"":""0""},{""@Name"":""OfflineReason"",""#text"":""0""},{""@Name"":""Attributes"",""#text"":""0""},{""@Name"":""PersistentAttributes"",""#text"":""0""},{""@Name"":""Owner"",""#text"":""00000000-0000-0000-0000-000000000000""},{""@Name"":""BytesPerSector"",""#text"":""0""},{""@Name"":""Capacity"",""#text"":""0""},{""@Name"":""BusType"",""#text"":""7""},{""@Name"":""Manufacturer"",""#text"":""General""},{""@Name"":""Model"",""#text"":""UDisk""},{""@Name"":""Revision"",""#text"":""5.00""},{""@Name"":""SerialNumber""},{""@Name"":""Location"",""#text"":""Integrated : Bus 0 : Device 0 : Function 6 : Adapter 0 : Port 0""},{""@Name"":""ParentId"",""#text"":""USB\\VID_ABCD&amp;PID_1234\\6&amp;39d724fe&amp;0&amp;6""},{""@Name"":""Socket"",""#text"":""-1""},{""@Name"":""Slot"",""#text"":""-1""},{""@Name"":""Bus"",""#text"":""0""},{""@Name"":""Device"",""#text"":""0""},{""@Name"":""Function"",""#text"":""6""},{""@Name"":""Adapter"",""#text"":""0""},{""@Name"":""Port"",""#text"":""0""},{""@Name"":""Target"",""#text"":""0""},{""@Name"":""Lun"",""#text"":""0""},{""@Name"":""IoctlSupport"",""#text"":""59649""},{""@Name"":""IdFlags"",""#text"":""0""},{""@Name"":""DiskId"",""#text"":""e981b5d9-d866-46a5-56c1-64ad46242587""},{""@Name"":""AdapterId"",""#text"":""00000000-0000-0000-0000-000000000000""},{""@Name"":""RegistryId"",""#text"":""01ff3f65-9e6c-11f1-841b-000c29740023""},{""@Name"":""PoolId"",""#text"":""00000000-0000-0000-0000-000000000000""},{""@Name"":""FirmwareSupportsUpgrade"",""#text"":""False""},{""@Name"":""FirmwareSlotCount"",""#text"":""0""},{""@Name"":""StorageIdCount"",""#text"":""0""},{""@Name"":""StorageIdCodeSet"",""#text"":""0""},{""@Name"":""StorageIdType"",""#text"":""0""},{""@Name"":""StorageIdAssociation"",""#text"":""0""},{""@Name"":""StorageIdBytes"",""#text"":""0""},{""@Name"":""StorageId""},{""@Name"":""WriteCacheType"",""#text"":""0""},{""@Name"":""WriteCacheEnabled"",""#text"":""0""},{""@Name"":""WriteCacheChangeable"",""#text"":""0""},{""@Name"":""WriteThroughSupported"",""#text"":""0""},{""@Name"":""FlushCacheSupported"",""#text"":""False""},{""@Name"":""IsPowerProtected"",""#text"":""False""},{""@Name"":""NVCacheEnabled"",""#text"":""False""},{""@Name"":""BytesPerLogicalSector"",""#text"":""0""},{""@Name"":""BytesPerPhysicalSector"",""#text"":""0""},{""@Name"":""BytesOffsetForSectorAlignment"",""#text"":""0""},{""@Name"":""IncursSeekPenalty"",""#text"":""False""},{""@Name"":""IsTrimSupported"",""#text"":""False""},{""@Name"":""IsThinProvisioned"",""#text"":""False""},{""@Name"":""OptimalUnmapGranularity"",""#text"":""0""},{""@Name"":""UnmapAlignment"",""#text"":""0""},{""@Name"":""NumberOfLogicalCopies"",""#text"":""0""},{""@Name"":""NumberOfPhysicalCopies"",""#text"":""0""},{""@Name"":""FaultTolerance"",""#text"":""0""},{""@Name"":""NumberOfColumns"",""#text"":""0""},{""@Name"":""InterleaveBytes"",""#text"":""0""},{""@Name"":""HybridSupported"",""#text"":""False""},{""@Name"":""HybridCacheBytes"",""#text"":""0""},{""@Name"":""AdapterMaximumTransferBytes"",""#text"":""65536""},{""@Name"":""AdapterMaximumTransferPages"",""#text"":""17""},{""@Name"":""AdapterAlignmentMask"",""#text"":""0""},{""@Name"":""AdapterSerialNumber"",""#text"":""NULL""},{""@Name"":""PortDriver"",""#text"":""5""},{""@Name"":""UserRemovalPolicy"",""#text"":""True""},{""@Name"":""PartitionStyle"",""#text"":""0""},{""@Name"":""PartitionCount"",""#text"":""1""},{""@Name"":""PartitionTableBytes"",""#text"":""192""},{""@Name"":""PartitionTable"",""#text"":""00-00-00-00-01-00-00-00-00-00-00-00-00-00-00-00-00-00-00-00-00-00-00-00-00-00-00-00-00-00-00-00-00-00-00-00-00-00-00-00-00-00-00-00-00-00-00-00-00-00-00-00-00-00-00-00-00-00-00-00-00-00-00-00-00-00-00-00-00-00-00-00-00-00-00-00-00-00-00-00-00-00-00-00-00-00-00-00-00-00-00-00-00-00-00-00-00-00-00-00-00-00-00-00-00-00-00-00-00-00-00-00-00-00-00-00-00-00-00-00-00-00-00-00-00-00-00-00-00-00-00-00-00-00-00-00-00-00-00-00-00-00-00-00-00-00-00-00-00-00-00-00-00-00-00-00-00-00-00-00-00-00-00-00-00-00-00-00-00-00-00-00-00-00-00-00-00-00-00-00-00-00-00-00-00-00-00-00-00-00-00-00""},{""@Name"":""MbrBytes"",""#text"":""0""},{""@Name"":""Mbr""},{""@Name"":""Ebr0Bytes"",""#text"":""0""},{""@Name"":""Ebr0""},{""@Name"":""Ebr1Bytes"",""#text"":""0""},{""@Name"":""Ebr1""},{""@Name"":""Ebr2Bytes"",""#text"":""0""},{""@Name"":""Ebr2""},{""@Name"":""Ebr3Size"",""#text"":""0""},{""@Name"":""Ebr3""}]}}"
22,22,2026-08-22 21:03:47.5917954,1006,Info,Microsoft-Windows-Partition,Microsoft-Windows-Partition/Diagnostic,4,148,disstestbedvm,0,S-1-5-18,USB Insertion/Removal,,,Model: UDisk,Capacity: 0,Manufacturer: General,"SCSI SerialNumber: ",RegistryId: 01ff3f65-9e6c-11f1-841b-000c29740023,ParentId: USB\VID_ABCD&amp;PID_1234\6&amp;39d724fe&amp;0&amp;6,,False,D:\UOW\SEM3\msc-diss-7csef001w\scenarios\scenario_4\run_3\artefacts\event_logs\Microsoft-Windows-Partition%4Diagnostic.evtx,Classic,0,"{""EventData"":{""Data"":[{""@Name"":""DiskNumber"",""#text"":""1""},{""@Name"":""Flags"",""#text"":""8208""},{""@Name"":""Characteristics"",""#text"":""262401""},{""@Name"":""IsSystemCritical"",""#text"":""False""},{""@Name"":""PagingCount"",""#text"":""0""},{""@Name"":""HibernationCount"",""#text"":""0""},{""@Name"":""DumpCount"",""#text"":""0""},{""@Name"":""OfflineReason"",""#text"":""0""},{""@Name"":""Attributes"",""#text"":""0""},{""@Name"":""PersistentAttributes"",""#text"":""0""},{""@Name"":""Owner"",""#text"":""00000000-0000-0000-0000-000000000000""},{""@Name"":""BytesPerSector"",""#text"":""0""},{""@Name"":""Capacity"",""#text"":""0""},{""@Name"":""BusType"",""#text"":""7""},{""@Name"":""Manufacturer"",""#text"":""General""},{""@Name"":""Model"",""#text"":""UDisk""},{""@Name"":""Revision"",""#text"":""5.00""},{""@Name"":""SerialNumber""},{""@Name"":""Location"",""#text"":""Integrated : Bus 0 : Device 0 : Function 6 : Adapter 0 : Port 0""},{""@Name"":""ParentId"",""#text"":""USB\\VID_ABCD&amp;PID_1234\\6&amp;39d724fe&amp;0&amp;6""},{""@Name"":""Socket"",""#text"":""-1""},{""@Name"":""Slot"",""#text"":""-1""},{""@Name"":""Bus"",""#text"":""0""},{""@Name"":""Device"",""#text"":""0""},{""@Name"":""Function"",""#text"":""6""},{""@Name"":""Adapter"",""#text"":""0""},{""@Name"":""Port"",""#text"":""0""},{""@Name"":""Target"",""#text"":""0""},{""@Name"":""Lun"",""#text"":""0""},{""@Name"":""IoctlSupport"",""#text"":""76033""},{""@Name"":""IdFlags"",""#text"":""0""},{""@Name"":""DiskId"",""#text"":""e981b5d9-d866-46a5-56c1-64ad46242587""},{""@Name"":""AdapterId"",""#text"":""00000000-0000-0000-0000-000000000000""},{""@Name"":""RegistryId"",""#text"":""01ff3f65-9e6c-11f1-841b-000c29740023""},{""@Name"":""PoolId"",""#text"":""00000000-0000-0000-0000-000000000000""},{""@Name"":""FirmwareSupportsUpgrade"",""#text"":""False""},{""@Name"":""FirmwareSlotCount"",""#text"":""0""},{""@Name"":""StorageIdCount"",""#text"":""0""},{""@Name"":""StorageIdCodeSet"",""#text"":""0""},{""@Name"":""StorageIdType"",""#text"":""0""},{""@Name"":""StorageIdAssociation"",""#text"":""0""},{""@Name"":""StorageIdBytes"",""#text"":""0""},{""@Name"":""StorageId""},{""@Name"":""WriteCacheType"",""#text"":""0""},{""@Name"":""WriteCacheEnabled"",""#text"":""0""},{""@Name"":""WriteCacheChangeable"",""#text"":""0""},{""@Name"":""WriteThroughSupported"",""#text"":""0""},{""@Name"":""FlushCacheSupported"",""#text"":""False""},{""@Name"":""IsPowerProtected"",""#text"":""False""},{""@Name"":""NVCacheEnabled"",""#text"":""False""},{""@Name"":""BytesPerLogicalSector"",""#text"":""0""},{""@Name"":""BytesPerPhysicalSector"",""#text"":""0""},{""@Name"":""BytesOffsetForSectorAlignment"",""#text"":""0""},{""@Name"":""IncursSeekPenalty"",""#text"":""False""},{""@Name"":""IsTrimSupported"",""#text"":""False""},{""@Name"":""IsThinProvisioned"",""#text"":""False""},{""@Name"":""OptimalUnmapGranularity"",""#text"":""0""},{""@Name"":""UnmapAlignment"",""#text"":""0""},{""@Name"":""NumberOfLogicalCopies"",""#text"":""0""},{""@Name"":""NumberOfPhysicalCopies"",""#text"":""0""},{""@Name"":""FaultTolerance"",""#text"":""0""},{""@Name"":""NumberOfColumns"",""#text"":""0""},{""@Name"":""InterleaveBytes"",""#text"":""0""},{""@Name"":""HybridSupported"",""#text"":""False""},{""@Name"":""HybridCacheBytes"",""#text"":""0""},{""@Name"":""AdapterMaximumTransferBytes"",""#text"":""65536""},{""@Name"":""AdapterMaximumTransferPages"",""#text"":""17""},{""@Name"":""AdapterAlignmentMask"",""#text"":""0""},{""@Name"":""AdapterSerialNumber"",""#text"":""NULL""},{""@Name"":""PortDriver"",""#text"":""5""},{""@Name"":""UserRemovalPolicy"",""#text"":""False""},{""@Name"":""PartitionStyle"",""#text"":""0""},{""@Name"":""PartitionCount"",""#text"":""0""},{""@Name"":""PartitionTableBytes"",""#text"":""0""},{""@Name"":""PartitionTable""},{""@Name"":""MbrBytes"",""#text"":""0""},{""@Name"":""Mbr""},{""@Name"":""Ebr0Bytes"",""#text"":""0""},{""@Name"":""Ebr0""},{""@Name"":""Ebr1Bytes"",""#text"":""0""},{""@Name"":""Ebr1""},{""@Name"":""Ebr2Bytes"",""#text"":""0""},{""@Name"":""Ebr2""},{""@Name"":""Ebr3Size"",""#text"":""0""},{""@Name"":""Ebr3""}]}}"
32310,32310,2026-08-22 21:00:21.8121194,4624,LogAlways,Microsoft-Windows-Security-Auditing,Security,880,1008,disstestbedvm,383,,Successful logon,WORKGROUP\DISSTESTBEDVM$,- (-),Target: NT AUTHORITY\SYSTEM,LogonType 5,LogonId: 0x3E7,,,,C:\Windows\System32\services.exe,False,D:\UOW\SEM3\msc-diss-7csef001w\scenarios\scenario_4\run_3\artefacts\event_logs\Security.evtx,Audit success,0,"{""EventData"":{""Data"":[{""@Name"":""SubjectUserSid"",""#text"":""S-1-5-18""},{""@Name"":""SubjectUserName"",""#text"":""DISSTESTBEDVM$""},{""@Name"":""SubjectDomainName"",""#text"":""WORKGROUP""},{""@Name"":""SubjectLogonId"",""#text"":""0x3E7""},{""@Name"":""TargetUserSid"",""#text"":""S-1-5-18""},{""@Name"":""TargetUserName"",""#text"":""SYSTEM""},{""@Name"":""TargetDomainName"",""#text"":""NT AUTHORITY""},{""@Name"":""TargetLogonId"",""#text"":""0x3E7""},{""@Name"":""LogonType"",""#text"":""5""},{""@Name"":""LogonProcessName"",""#text"":""Advapi  ""},{""@Name"":""AuthenticationPackageName"",""#text"":""Negotiate""},{""@Name"":""WorkstationName"",""#text"":""-""},{""@Name"":""LogonGuid"",""#text"":""00000000-0000-0000-0000-000000000000""},{""@Name"":""TransmittedServices"",""#text"":""-""},{""@Name"":""LmPackageName"",""#text"":""-""},{""@Name"":""KeyLength"",""#text"":""0""},{""@Name"":""ProcessId"",""#text"":""0x35C""},{""@Name"":""ProcessName"",""#text"":""C:\\Windows\\System32\\services.exe""},{""@Name"":""IpAddress"",""#text"":""-""},{""@Name"":""IpPort"",""#text"":""-""},{""@Name"":""ImpersonationLevel"",""#text"":""%%1833""},{""@Name"":""RestrictedAdminMode"",""#text"":""-""},{""@Name"":""RemoteCredentialGuard"",""#text"":""-""},{""@Name"":""TargetOutboundUserName"",""#text"":""-""},{""@Name"":""TargetOutboundDomainName"",""#text"":""-""},{""@Name"":""VirtualAccount"",""#text"":""%%1843""},{""@Name"":""TargetLinkedLogonId"",""#text"":""0x0""},{""@Name"":""ElevatedToken"",""#text"":""%%1842""}]}}"
32311,32311,2026-08-22 21:00:21.8121278,4672,LogAlways,Microsoft-Windows-Security-Auditing,Security,880,1008,disstestbedvm,383,,Administrative logon,NT AUTHORITY\SYSTEM (S-1-5-18),,"PrivilegeList: SeAssignPrimaryTokenPrivilege, SeTcbPrivilege, SeSecurityPrivilege, SeTakeOwnershipPrivilege, SeLoadDriverPrivilege, SeBackupPrivilege, SeRestorePrivilege, SeDebugPrivilege, SeAuditPrivilege, SeSystemEnvironmentPrivilege, SeImpersonatePrivilege, SeDelegateSessionUserImpersonatePrivilege",LogonId: 0x3E7,,,,,,False,D:\UOW\SEM3\msc-diss-7csef001w\scenarios\scenario_4\run_3\artefacts\event_logs\Security.evtx,Audit success,0,"{""EventData"":{""Data"":[{""@Name"":""SubjectUserSid"",""#text"":""S-1-5-18""},{""@Name"":""SubjectUserName"",""#text"":""SYSTEM""},{""@Name"":""SubjectDomainName"",""#text"":""NT AUTHORITY""},{""@Name"":""SubjectLogonId"",""#text"":""0x3E7""},{""@Name"":""PrivilegeList"",""#text"":""SeAssignPrimaryTokenPrivilege, SeTcbPrivilege, SeSecurityPrivilege, SeTakeOwnershipPrivilege, SeLoadDriverPrivilege, SeBackupPrivilege, SeRestorePrivilege, SeDebugPrivilege, SeAuditPrivilege, SeSystemEnvironmentPrivilege, SeImpersonatePrivilege, SeDelegateSessionUserImpersonatePrivilege""}]}}"
32312,32312,2026-08-22 21:00:21.8162185,4688,LogAlways,Microsoft-Windows-Security-Auditing,Security,4,2548,disstestbedvm,383,,A new process has been created,WORKGROUP\DISSTESTBEDVM$,,Parent process: C:\Windows\System32\services.exe,PID: 0x35C,Parent PID: 0xB38,Mandatory label: SECURITY_MANDATORY_SYSTEM_RID,Target User: -\-,,C:\Windows\System32\svchost.exe C:\WINDOWS\system32\svchost.exe -k netsvcs -p -s DsmSvc,False,D:\UOW\SEM3\msc-diss-7csef001w\scenarios\scenario_4\run_3\artefacts\event_logs\Security.evtx,Audit success,0,"{""EventData"":{""Data"":[{""@Name"":""SubjectUserSid"",""#text"":""S-1-5-18""},{""@Name"":""SubjectUserName"",""#text"":""DISSTESTBEDVM$""},{""@Name"":""SubjectDomainName"",""#text"":""WORKGROUP""},{""@Name"":""SubjectLogonId"",""#text"":""0x3E7""},{""@Name"":""NewProcessId"",""#text"":""0xB38""},{""@Name"":""NewProcessName"",""#text"":""C:\\Windows\\System32\\svchost.exe""},{""@Name"":""TokenElevationType"",""#text"":""%%1936""},{""@Name"":""ProcessId"",""#text"":""0x35C""},{""@Name"":""CommandLine"",""#text"":""C:\\WINDOWS\\system32\\svchost.exe -k netsvcs -p -s DsmSvc""},{""@Name"":""TargetUserSid"",""#text"":""S-1-0-0""},{""@Name"":""TargetUserName"",""#text"":""-""},{""@Name"":""TargetDomainName"",""#text"":""-""},{""@Name"":""TargetLogonId"",""#text"":""0x0""},{""@Name"":""ParentProcessName"",""#text"":""C:\\Windows\\System32\\services.exe""},{""@Name"":""MandatoryLabel"",""#text"":""S-1-16-16384""}]}}"
32313,32313,2026-08-22 21:00:21.9158875,4688,LogAlways,Microsoft-Windows-Security-Auditing,Security,4,9276,disstestbedvm,383,,A new process has been created,WORKGROUP\DISSTESTBEDVM$,,Parent process: C:\Windows\System32\svchost.exe,PID: 0x3F4,Parent PID: 0x2B08,Mandatory label: SECURITY_MANDATORY_SYSTEM_RID,Target User: -\-,,C:\Windows\System32\dllhost.exe C:\WINDOWS\system32\DllHost.exe /Processid:{6C752774-29FB-4E50-8BB1-97098425A77C},False,D:\UOW\SEM3\msc-diss-7csef001w\scenarios\scenario_4\run_3\artefacts\event_logs\Security.evtx,Audit success,0,"{""EventData"":{""Data"":[{""@Name"":""SubjectUserSid"",""#text"":""S-1-5-18""},{""@Name"":""SubjectUserName"",""#text"":""DISSTESTBEDVM$""},{""@Name"":""SubjectDomainName"",""#text"":""WORKGROUP""},{""@Name"":""SubjectLogonId"",""#text"":""0x3E7""},{""@Name"":""NewProcessId"",""#text"":""0x2B08""},{""@Name"":""NewProcessName"",""#text"":""C:\\Windows\\System32\\dllhost.exe""},{""@Name"":""TokenElevationType"",""#text"":""%%1936""},{""@Name"":""ProcessId"",""#text"":""0x3F4""},{""@Name"":""CommandLine"",""#text"":""C:\\WINDOWS\\system32\\DllHost.exe /Processid:{6C752774-29FB-4E50-8BB1-97098425A77C}""},{""@Name"":""TargetUserSid"",""#text"":""S-1-0-0""},{""@Name"":""TargetUserName"",""#text"":""-""},{""@Name"":""TargetDomainName"",""#text"":""-""},{""@Name"":""TargetLogonId"",""#text"":""0x0""},{""@Name"":""ParentProcessName"",""#text"":""C:\\Windows\\System32\\svchost.exe""},{""@Name"":""MandatoryLabel"",""#text"":""S-1-16-16384""}]}}"
32314,32314,2026-08-22 21:00:22.1228713,6416,LogAlways,Microsoft-Windows-Security-Auditing,Security,4,8544,disstestbedvm,383,,A new external device was recognized by the system,WORKGROUP\DISSTESTBEDVM$ (S-1-5-18),,DeviceId: USB\VID_0E0F&amp;PID_0002\6&amp;39d724fe&amp;0&amp;7,DeviceName: Generic USB Hub,Class: USB (36fc9e60-c465-11cf-8056-444553540000),"VendorIds: , USB\VID_0E0F&amp;PID_0002&amp;REV_0100, USB\VID_0E0F&amp;PID_0002, ","LocationInformation: , Port_#0007.Hub_#0003, ",,,False,D:\UOW\SEM3\msc-diss-7csef001w\scenarios\scenario_4\run_3\artefacts\event_logs\Security.evtx,Audit success,0,"{""EventData"":{""Data"":[{""@Name"":""SubjectUserSid"",""#text"":""S-1-5-18""},{""@Name"":""SubjectUserName"",""#text"":""DISSTESTBEDVM$""},{""@Name"":""SubjectDomainName"",""#text"":""WORKGROUP""},{""@Name"":""SubjectLogonId"",""#text"":""0x3E7""},{""@Name"":""DeviceId"",""#text"":""USB\\VID_0E0F&amp;PID_0002\\6&amp;39d724fe&amp;0&amp;7""},{""@Name"":""DeviceDescription"",""#text"":""Generic USB Hub""},{""@Name"":""ClassId"",""#text"":""36fc9e60-c465-11cf-8056-444553540000""},{""@Name"":""ClassName"",""#text"":""USB""},{""@Name"":""VendorIds"",""#text"":"", USB\\VID_0E0F&amp;PID_0002&amp;REV_0100, USB\\VID_0E0F&amp;PID_0002, ""},{""@Name"":""CompatibleIds"",""#text"":"", USB\\USB20_HUB, ""},{""@Name"":""LocationInformation"",""#text"":"", Port_#0007.Hub_#0003, ""}]}}"
32315,32315,2026-08-22 21:00:22.4336979,6416,LogAlways,Microsoft-Windows-Security-Auditing,Security,4,8544,disstestbedvm,383,,A new external device was recognized by the system,WORKGROUP\DISSTESTBEDVM$ (S-1-5-18),,DeviceId: USB\VID_0E0F&amp;PID_0002\6&amp;39d724fe&amp;0&amp;8,DeviceName: Generic USB Hub,Class: USB (36fc9e60-c465-11cf-8056-444553540000),"VendorIds: , USB\VID_0E0F&amp;PID_0002&amp;REV_0100, USB\VID_0E0F&amp;PID_0002, ","LocationInformation: , Port_#0008.Hub_#0003, ",,,False,D:\UOW\SEM3\msc-diss-7csef001w\scenarios\scenario_4\run_3\artefacts\event_logs\Security.evtx,Audit success,0,"{""EventData"":{""Data"":[{""@Name"":""SubjectUserSid"",""#text"":""S-1-5-18""},{""@Name"":""SubjectUserName"",""#text"":""DISSTESTBEDVM$""},{""@Name"":""SubjectDomainName"",""#text"":""WORKGROUP""},{""@Name"":""SubjectLogonId"",""#text"":""0x3E7""},{""@Name"":""DeviceId"",""#text"":""USB\\VID_0E0F&amp;PID_0002\\6&amp;39d724fe&amp;0&amp;8""},{""@Name"":""DeviceDescription"",""#text"":""Generic USB Hub""},{""@Name"":""ClassId"",""#text"":""36fc9e60-c465-11cf-8056-444553540000""},{""@Name"":""ClassName"",""#text"":""USB""},{""@Name"":""VendorIds"",""#text"":"", USB\\VID_0E0F&amp;PID_0002&amp;REV_0100, USB\\VID_0E0F&amp;PID_0002, ""},{""@Name"":""CompatibleIds"",""#text"":"", USB\\USB20_HUB, ""},{""@Name"":""LocationInformation"",""#text"":"", Port_#0008.Hub_#0003, ""}]}}"
32316,32316,2026-08-22 21:00:22.9679623,4798,LogAlways,Microsoft-Windows-Security-Auditing,Security,880,928,disstestbedvm,383,,A user's local group membership was enumerated,disstestbedvm\dfanalyst (S-1-5-21-4209295338-567392030-2519289182-1001),,Target: disstestbedvm\dfanalyst (S-1-5-21-4209295338-567392030-2519289182-1001),SubjectLogonId: 0x5729D,CallerProcessName: C:\Windows\explorer.exe,CallerProcessId: 0x1618,,,,False,D:\UOW\SEM3\msc-diss-7csef001w\scenarios\scenario_4\run_3\artefacts\event_logs\Security.evtx,Audit success,544,"{""EventData"":{""Data"":[{""@Name"":""TargetUserName"",""#text"":""dfanalyst""},{""@Name"":""TargetDomainName"",""#text"":""disstestbedvm""},{""@Name"":""TargetSid"",""#text"":""S-1-5-21-4209295338-567392030-2519289182-1001""},{""@Name"":""SubjectUserSid"",""#text"":""S-1-5-21-4209295338-567392030-2519289182-1001""},{""@Name"":""SubjectUserName"",""#text"":""dfanalyst""},{""@Name"":""SubjectDomainName"",""#text"":""disstestbedvm""},{""@Name"":""SubjectLogonId"",""#text"":""0x5729D""},{""@Name"":""CallerProcessId"",""#text"":""0x1618""},{""@Name"":""CallerProcessName"",""#text"":""C:\\Windows\\explorer.exe""}]}}"
32317,32317,2026-08-22 21:00:23.2388095,4688,LogAlways,Microsoft-Windows-Security-Auditing,Security,4,216,disstestbedvm,383,,A new process has been created,WORKGROUP\DISSTESTBEDVM$,,Parent process: C:\Windows\System32\svchost.exe,PID: 0x3F4,Parent PID: 0x298,Mandatory label: SECURITY_MANDATORY_MEDIUM_RID,Target User: disstestbedvm\dfanalyst,,C:\Windows\System32\dllhost.exe C:\WINDOWS\system32\DllHost.exe /Processid:{AB8902B4-09CA-4BB6-B78D-A8F59079A8D5},False,D:\UOW\SEM3\msc-diss-7csef001w\scenarios\scenario_4\run_3\artefacts\event_logs\Security.evtx,Audit success,0,"{""EventData"":{""Data"":[{""@Name"":""SubjectUserSid"",""#text"":""S-1-5-18""},{""@Name"":""SubjectUserName"",""#text"":""DISSTESTBEDVM$""},{""@Name"":""SubjectDomainName"",""#text"":""WORKGROUP""},{""@Name"":""SubjectLogonId"",""#text"":""0x3E7""},{""@Name"":""NewProcessId"",""#text"":""0x298""},{""@Name"":""NewProcessName"",""#text"":""C:\\Windows\\System32\\dllhost.exe""},{""@Name"":""TokenElevationType"",""#text"":""%%1938""},{""@Name"":""ProcessId"",""#text"":""0x3F4""},{""@Name"":""CommandLine"",""#text"":""C:\\WINDOWS\\system32\\DllHost.exe /Processid:{AB8902B4-09CA-4BB6-B78D-A8F59079A8D5}""},{""@Name"":""TargetUserSid"",""#text"":""S-1-5-21-4209295338-567392030-2519289182-1001""},{""@Name"":""TargetUserName"",""#text"":""dfanalyst""},{""@Name"":""TargetDomainName"",""#text"":""disstestbedvm""},{""@Name"":""TargetLogonId"",""#text"":""0x5729D""},{""@Name"":""ParentProcessName"",""#text"":""C:\\Windows\\System32\\svchost.exe""},{""@Name"":""MandatoryLabel"",""#text"":""S-1-16-8192""}]}}"
32318,32318,2026-08-22 21:00:24.3296235,4688,LogAlways,Microsoft-Windows-Security-Auditing,Security,4,6584,disstestbedvm,383,,A new process has been created,WORKGROUP\DISSTESTBEDVM$,,Parent process: C:\Windows\System32\svchost.exe,PID: 0x3F4,Parent PID: 0x19FC,Mandatory label: SECURITY_MANDATORY_LOW_RID,Target User: disstestbedvm\dfanalyst,,"C:\Windows\System32\backgroundTaskHost.exe ""C:\WINDOWS\system32\backgroundTaskHost.exe"" -ServerName:App.AppXmtcan0h2tfbfy7k9kn8hbxb6dmzz1zh0.mca",False,D:\UOW\SEM3\msc-diss-7csef001w\scenarios\scenario_4\run_3\artefacts\event_logs\Security.evtx,Audit success,0,"{""EventData"":{""Data"":[{""@Name"":""SubjectUserSid"",""#text"":""S-1-5-18""},{""@Name"":""SubjectUserName"",""#text"":""DISSTESTBEDVM$""},{""@Name"":""SubjectDomainName"",""#text"":""WORKGROUP""},{""@Name"":""SubjectLogonId"",""#text"":""0x3E7""},{""@Name"":""NewProcessId"",""#text"":""0x19FC""},{""@Name"":""NewProcessName"",""#text"":""C:\\Windows\\System32\\backgroundTaskHost.exe""},{""@Name"":""TokenElevationType"",""#text"":""%%1938""},{""@Name"":""ProcessId"",""#text"":""0x3F4""},{""@Name"":""CommandLine"",""#text"":""\""C:\\WINDOWS\\system32\\backgroundTaskHost.exe\"" -ServerName:App.AppXmtcan0h2tfbfy7k9kn8hbxb6dmzz1zh0.mca""},{""@Name"":""TargetUserSid"",""#text"":""S-1-5-21-4209295338-567392030-2519289182-1001""},{""@Name"":""TargetUserName"",""#text"":""dfanalyst""},{""@Name"":""TargetDomainName"",""#text"":""disstestbedvm""},{""@Name"":""TargetLogonId"",""#text"":""0x5729D""},{""@Name"":""ParentProcessName"",""#text"":""C:\\Windows\\System32\\svchost.exe""},{""@Name"":""MandatoryLabel"",""#text"":""S-1-16-4096""}]}}"
32319,32319,2026-08-22 21:00:24.6914799,4689,LogAlways,Microsoft-Windows-Security-Auditing,Security,4,216,disstestbedvm,383,,A process has exited,disstestbedvm\dfanalyst,,,PID: 0x19FC,,,,,C:\Windows\System32\backgroundTaskHost.exe,False,D:\UOW\SEM3\msc-diss-7csef001w\scenarios\scenario_4\run_3\artefacts\event_logs\Security.evtx,Audit success,0,"{""EventData"":{""Data"":[{""@Name"":""SubjectUserSid"",""#text"":""S-1-5-21-4209295338-567392030-2519289182-1001""},{""@Name"":""SubjectUserName"",""#text"":""dfanalyst""},{""@Name"":""SubjectDomainName"",""#text"":""disstestbedvm""},{""@Name"":""SubjectLogonId"",""#text"":""0x5729D""},{""@Name"":""Status"",""#text"":""0x1""},{""@Name"":""ProcessId"",""#text"":""0x19FC""},{""@Name"":""ProcessName"",""#text"":""C:\\Windows\\System32\\backgroundTaskHost.exe""}]}}"
32320,32320,2026-08-22 21:00:28.1382251,6416,LogAlways,Microsoft-Windows-Security-Auditing,Security,4,6584,disstestbedvm,383,,A new external device was recognized by the system,WORKGROUP\DISSTESTBEDVM$ (S-1-5-18),,DeviceId: USB\VID_ABCD&amp;PID_1234\6&amp;39d724fe&amp;0&amp;6,DeviceName: USB Mass Storage Device,Class: USB (36fc9e60-c465-11cf-8056-444553540000),"VendorIds: , USB\VID_ABCD&amp;PID_1234&amp;REV_0100, USB\VID_ABCD&amp;PID_1234, ","LocationInformation: , Port_#0006.Hub_#0003, ",,,False,D:\UOW\SEM3\msc-diss-7csef001w\scenarios\scenario_4\run_3\artefacts\event_logs\Security.evtx,Audit success,0,"{""EventData"":{""Data"":[{""@Name"":""SubjectUserSid"",""#text"":""S-1-5-18""},{""@Name"":""SubjectUserName"",""#text"":""DISSTESTBEDVM$""},{""@Name"":""SubjectDomainName"",""#text"":""WORKGROUP""},{""@Name"":""SubjectLogonId"",""#text"":""0x3E7""},{""@Name"":""DeviceId"",""#text"":""USB\\VID_ABCD&amp;PID_1234\\6&amp;39d724fe&amp;0&amp;6""},{""@Name"":""DeviceDescription"",""#text"":""USB Mass Storage Device""},{""@Name"":""ClassId"",""#text"":""36fc9e60-c465-11cf-8056-444553540000""},{""@Name"":""ClassName"",""#text"":""USB""},{""@Name"":""VendorIds"",""#text"":"", USB\\VID_ABCD&amp;PID_1234&amp;REV_0100, USB\\VID_ABCD&amp;PID_1234, ""},{""@Name"":""CompatibleIds"",""#text"":"", USB\\COMPAT_VID_ABCD&amp;Class_08&amp;SubClass_06&amp;Prot_50, USB\\COMPAT_VID_ABCD&amp;Class_08&amp;SubClass_06, USB\\COMPAT_VID_ABCD&amp;Class_08, USB\\Class_08&amp;SubClass_06&amp;Prot_50, USB\\Class_08&amp;SubClass_06, USB\\Class_08, ""},{""@Name"":""LocationInformation"",""#text"":"", Port_#0006.Hub_#0003, ""}]}}"
32321,32321,2026-08-22 21:00:28.2060052,6416,LogAlways,Microsoft-Windows-Security-Auditing,Security,4,6584,disstestbedvm,383,,A new external device was recognized by the system,WORKGROUP\DISSTESTBEDVM$ (S-1-5-18),,DeviceId: USBSTOR\Disk&amp;Ven_General&amp;Prod_UDisk&amp;Rev_5.00\7&amp;372d5a41&amp;0&amp;_&amp;0,DeviceName: General UDisk USB Device,Class: DiskDrive (4d36e967-e325-11ce-bfc1-08002be10318),"VendorIds: , USBSTOR\DiskGeneral_UDisk___________5.00, USBSTOR\DiskGeneral_UDisk___________, USBSTOR\DiskGeneral_, USBSTOR\General_UDisk___________5, General_UDisk___________5, USBSTOR\GenDisk, GenDisk, ",LocationInformation: -,,,False,D:\UOW\SEM3\msc-diss-7csef001w\scenarios\scenario_4\run_3\artefacts\event_logs\Security.evtx,Audit success,0,"{""EventData"":{""Data"":[{""@Name"":""SubjectUserSid"",""#text"":""S-1-5-18""},{""@Name"":""SubjectUserName"",""#text"":""DISSTESTBEDVM$""},{""@Name"":""SubjectDomainName"",""#text"":""WORKGROUP""},{""@Name"":""SubjectLogonId"",""#text"":""0x3E7""},{""@Name"":""DeviceId"",""#text"":""USBSTOR\\Disk&amp;Ven_General&amp;Prod_UDisk&amp;Rev_5.00\\7&amp;372d5a41&amp;0&amp;_&amp;0""},{""@Name"":""DeviceDescription"",""#text"":""General UDisk USB Device""},{""@Name"":""ClassId"",""#text"":""4d36e967-e325-11ce-bfc1-08002be10318""},{""@Name"":""ClassName"",""#text"":""DiskDrive""},{""@Name"":""VendorIds"",""#text"":"", USBSTOR\\DiskGeneral_UDisk___________5.00, USBSTOR\\DiskGeneral_UDisk___________, USBSTOR\\DiskGeneral_, USBSTOR\\General_UDisk___________5, General_UDisk___________5, USBSTOR\\GenDisk, GenDisk, ""},{""@Name"":""CompatibleIds"",""#text"":"", USBSTOR\\Disk, USBSTOR\\RAW, GenDisk, ""},{""@Name"":""LocationInformation"",""#text"":""-""}]}}"
32322,32322,2026-08-22 21:00:28.2085716,4624,LogAlways,Microsoft-Windows-Security-Auditing,Security,880,968,disstestbedvm,383,,Successful logon,WORKGROUP\DISSTESTBEDVM$,- (-),Target: NT AUTHORITY\SYSTEM,LogonType 5,LogonId: 0x3E7,,,,C:\Windows\System32\services.exe,False,D:\UOW\SEM3\msc-diss-7csef001w\scenarios\scenario_4\run_3\artefacts\event_logs\Security.evtx,Audit success,0,"{""EventData"":{""Data"":[{""@Name"":""SubjectUserSid"",""#text"":""S-1-5-18""},{""@Name"":""SubjectUserName"",""#text"":""DISSTESTBEDVM$""},{""@Name"":""SubjectDomainName"",""#text"":""WORKGROUP""},{""@Name"":""SubjectLogonId"",""#text"":""0x3E7""},{""@Name"":""TargetUserSid"",""#text"":""S-1-5-18""},{""@Name"":""TargetUserName"",""#text"":""SYSTEM""},{""@Name"":""TargetDomainName"",""#text"":""NT AUTHORITY""},{""@Name"":""TargetLogonId"",""#text"":""0x3E7""},{""@Name"":""LogonType"",""#text"":""5""},{""@Name"":""LogonProcessName"",""#text"":""Advapi  ""},{""@Name"":""AuthenticationPackageName"",""#text"":""Negotiate""},{""@Name"":""WorkstationName"",""#text"":""-""},{""@Name"":""LogonGuid"",""#text"":""00000000-0000-0000-0000-000000000000""},{""@Name"":""TransmittedServices"",""#text"":""-""},{""@Name"":""LmPackageName"",""#text"":""-""},{""@Name"":""KeyLength"",""#text"":""0""},{""@Name"":""ProcessId"",""#text"":""0x35C""},{""@Name"":""ProcessName"",""#text"":""C:\\Windows\\System32\\services.exe""},{""@Name"":""IpAddress"",""#text"":""-""},{""@Name"":""IpPort"",""#text"":""-""},{""@Name"":""ImpersonationLevel"",""#text"":""%%1833""},{""@Name"":""RestrictedAdminMode"",""#text"":""-""},{""@Name"":""RemoteCredentialGuard"",""#text"":""-""},{""@Name"":""TargetOutboundUserName"",""#text"":""-""},{""@Name"":""TargetOutboundDomainName"",""#text"":""-""},{""@Name"":""VirtualAccount"",""#text"":""%%1843""},{""@Name"":""TargetLinkedLogonId"",""#text"":""0x0""},{""@Name"":""ElevatedToken"",""#text"":""%%1842""}]}}"
32323,32323,2026-08-22 21:00:28.2085796,4672,LogAlways,Microsoft-Windows-Security-Auditing,Security,880,968,disstestbedvm,383,,Administrative logon,NT AUTHORITY\SYSTEM (S-1-5-18),,"PrivilegeList: SeAssignPrimaryTokenPrivilege, SeTcbPrivilege, SeSecurityPrivilege, SeTakeOwnershipPrivilege, SeLoadDriverPrivilege, SeBackupPrivilege, SeRestorePrivilege, SeDebugPrivilege, SeAuditPrivilege, SeSystemEnvironmentPrivilege, SeImpersonatePrivilege, SeDelegateSessionUserImpersonatePrivilege",LogonId: 0x3E7,,,,,,False,D:\UOW\SEM3\msc-diss-7csef001w\scenarios\scenario_4\run_3\artefacts\event_logs\Security.evtx,Audit success,0,"{""EventData"":{""Data"":[{""@Name"":""SubjectUserSid"",""#text"":""S-1-5-18""},{""@Name"":""SubjectUserName"",""#text"":""SYSTEM""},{""@Name"":""SubjectDomainName"",""#text"":""NT AUTHORITY""},{""@Name"":""SubjectLogonId"",""#text"":""0x3E7""},{""@Name"":""PrivilegeList"",""#text"":""SeAssignPrimaryTokenPrivilege, SeTcbPrivilege, SeSecurityPrivilege, SeTakeOwnershipPrivilege, SeLoadDriverPrivilege, SeBackupPrivilege, SeRestorePrivilege, SeDebugPrivilege, SeAuditPrivilege, SeSystemEnvironmentPrivilege, SeImpersonatePrivilege, SeDelegateSessionUserImpersonatePrivilege""}]}}"
32324,32324,2026-08-22 21:00:28.2107847,4688,LogAlways,Microsoft-Windows-Security-Auditing,Security,4,8544,disstestbedvm,383,,A new process has been created,WORKGROUP\DISSTESTBEDVM$,,Parent process: C:\Windows\System32\services.exe,PID: 0x35C,Parent PID: 0x1FB0,Mandatory label: SECURITY_MANDATORY_SYSTEM_RID,Target User: -\-,,C:\Windows\System32\svchost.exe C:\WINDOWS\system32\svchost.exe -k LocalSystemNetworkRestricted -s WPDBusEnum,False,D:\UOW\SEM3\msc-diss-7csef001w\scenarios\scenario_4\run_3\artefacts\event_logs\Security.evtx,Audit success,0,"{""EventData"":{""Data"":[{""@Name"":""SubjectUserSid"",""#text"":""S-1-5-18""},{""@Name"":""SubjectUserName"",""#text"":""DISSTESTBEDVM$""},{""@Name"":""SubjectDomainName"",""#text"":""WORKGROUP""},{""@Name"":""SubjectLogonId"",""#text"":""0x3E7""},{""@Name"":""NewProcessId"",""#text"":""0x1FB0""},{""@Name"":""NewProcessName"",""#text"":""C:\\Windows\\System32\\svchost.exe""},{""@Name"":""TokenElevationType"",""#text"":""%%1936""},{""@Name"":""ProcessId"",""#text"":""0x35C""},{""@Name"":""CommandLine"",""#text"":""C:\\WINDOWS\\system32\\svchost.exe -k LocalSystemNetworkRestricted -s WPDBusEnum""},{""@Name"":""TargetUserSid"",""#text"":""S-1-0-0""},{""@Name"":""TargetUserName"",""#text"":""-""},{""@Name"":""TargetDomainName"",""#text"":""-""},{""@Name"":""TargetLogonId"",""#text"":""0x0""},{""@Name"":""ParentProcessName"",""#text"":""C:\\Windows\\System32\\services.exe""},{""@Name"":""MandatoryLabel"",""#text"":""S-1-16-16384""}]}}"
32325,32325,2026-08-22 21:00:28.2267058,6416,LogAlways,Microsoft-Windows-Security-Auditing,Security,4,6584,disstestbedvm,383,,A new external device was recognized by the system,WORKGROUP\DISSTESTBEDVM$ (S-1-5-18),,DeviceId: STORAGE\Volume\_??_USBSTOR#Disk&amp;Ven_General&amp;Prod_UDisk&amp;Rev_5.00#7&amp;372d5a41&amp;0&amp;_&amp;0#{53f56307-b6bf-11d0-94f2-00a0c91efb8b},DeviceName: Volume,Class: Volume (71a27cdd-812a-11d0-bec7-08002be2092f),"VendorIds: , STORAGE\Volume, ",LocationInformation: -,,,False,D:\UOW\SEM3\msc-diss-7csef001w\scenarios\scenario_4\run_3\artefacts\event_logs\Security.evtx,Audit success,0,"{""EventData"":{""Data"":[{""@Name"":""SubjectUserSid"",""#text"":""S-1-5-18""},{""@Name"":""SubjectUserName"",""#text"":""DISSTESTBEDVM$""},{""@Name"":""SubjectDomainName"",""#text"":""WORKGROUP""},{""@Name"":""SubjectLogonId"",""#text"":""0x3E7""},{""@Name"":""DeviceId"",""#text"":""STORAGE\\Volume\\_??_USBSTOR#Disk&amp;Ven_General&amp;Prod_UDisk&amp;Rev_5.00#7&amp;372d5a41&amp;0&amp;_&amp;0#{53f56307-b6bf-11d0-94f2-00a0c91efb8b}""},{""@Name"":""DeviceDescription"",""#text"":""Volume""},{""@Name"":""ClassId"",""#text"":""71a27cdd-812a-11d0-bec7-08002be2092f""},{""@Name"":""ClassName"",""#text"":""Volume""},{""@Name"":""VendorIds"",""#text"":"", STORAGE\\Volume, ""},{""@Name"":""CompatibleIds"",""#text"":""-""},{""@Name"":""LocationInformation"",""#text"":""-""}]}}"
32326,32326,2026-08-22 21:00:28.2721339,4624,LogAlways,Microsoft-Windows-Security-Auditing,Security,880,1008,disstestbedvm,383,,Successful logon,WORKGROUP\DISSTESTBEDVM$,- (-),Target: NT AUTHORITY\SYSTEM,LogonType 5,LogonId: 0x3E7,,,,C:\Windows\System32\services.exe,False,D:\UOW\SEM3\msc-diss-7csef001w\scenarios\scenario_4\run_3\artefacts\event_logs\Security.evtx,Audit success,0,"{""EventData"":{""Data"":[{""@Name"":""SubjectUserSid"",""#text"":""S-1-5-18""},{""@Name"":""SubjectUserName"",""#text"":""DISSTESTBEDVM$""},{""@Name"":""SubjectDomainName"",""#text"":""WORKGROUP""},{""@Name"":""SubjectLogonId"",""#text"":""0x3E7""},{""@Name"":""TargetUserSid"",""#text"":""S-1-5-18""},{""@Name"":""TargetUserName"",""#text"":""SYSTEM""},{""@Name"":""TargetDomainName"",""#text"":""NT AUTHORITY""},{""@Name"":""TargetLogonId"",""#text"":""0x3E7""},{""@Name"":""LogonType"",""#text"":""5""},{""@Name"":""LogonProcessName"",""#text"":""Advapi  ""},{""@Name"":""AuthenticationPackageName"",""#text"":""Negotiate""},{""@Name"":""WorkstationName"",""#text"":""-""},{""@Name"":""LogonGuid"",""#text"":""00000000-0000-0000-0000-000000000000""},{""@Name"":""TransmittedServices"",""#text"":""-""},{""@Name"":""LmPackageName"",""#text"":""-""},{""@Name"":""KeyLength"",""#text"":""0""},{""@Name"":""ProcessId"",""#text"":""0x35C""},{""@Name"":""ProcessName"",""#text"":""C:\\Windows\\System32\\services.exe""},{""@Name"":""IpAddress"",""#text"":""-""},{""@Name"":""IpPort"",""#text"":""-""},{""@Name"":""ImpersonationLevel"",""#text"":""%%1833""},{""@Name"":""RestrictedAdminMode"",""#text"":""-""},{""@Name"":""RemoteCredentialGuard"",""#text"":""-""},{""@Name"":""TargetOutboundUserName"",""#text"":""-""},{""@Name"":""TargetOutboundDomainName"",""#text"":""-""},{""@Name"":""VirtualAccount"",""#text"":""%%1843""},{""@Name"":""TargetLinkedLogonId"",""#text"":""0x0""},{""@Name"":""ElevatedToken"",""#text"":""%%1842""}]}}"
32327,32327,2026-08-22 21:00:28.2721409,4672,LogAlways,Microsoft-Windows-Security-Auditing,Security,880,1008,disstestbedvm,383,,Administrative logon,NT AUTHORITY\SYSTEM (S-1-5-18),,"PrivilegeList: SeAssignPrimaryTokenPrivilege, SeTcbPrivilege, SeSecurityPrivilege, SeTakeOwnershipPrivilege, SeLoadDriverPrivilege, SeBackupPrivilege, SeRestorePrivilege, SeDebugPrivilege, SeAuditPrivilege, SeSystemEnvironmentPrivilege, SeImpersonatePrivilege, SeDelegateSessionUserImpersonatePrivilege",LogonId: 0x3E7,,,,,,False,D:\UOW\SEM3\msc-diss-7csef001w\scenarios\scenario_4\run_3\artefacts\event_logs\Security.evtx,Audit success,0,"{""EventData"":{""Data"":[{""@Name"":""SubjectUserSid"",""#text"":""S-1-5-18""},{""@Name"":""SubjectUserName"",""#text"":""SYSTEM""},{""@Name"":""SubjectDomainName"",""#text"":""NT AUTHORITY""},{""@Name"":""SubjectLogonId"",""#text"":""0x3E7""},{""@Name"":""PrivilegeList"",""#text"":""SeAssignPrimaryTokenPrivilege, SeTcbPrivilege, SeSecurityPrivilege, SeTakeOwnershipPrivilege, SeLoadDriverPrivilege, SeBackupPrivilege, SeRestorePrivilege, SeDebugPrivilege, SeAuditPrivilege, SeSystemEnvironmentPrivilege, SeImpersonatePrivilege, SeDelegateSessionUserImpersonatePrivilege""}]}}"
32328,32328,2026-08-22 21:00:28.2738270,4688,LogAlways,Microsoft-Windows-Security-Auditing,Security,4,6584,disstestbedvm,383,,A new process has been created,WORKGROUP\DISSTESTBEDVM$,,Parent process: C:\Windows\System32\services.exe,PID: 0x35C,Parent PID: 0x283C,Mandatory label: SECURITY_MANDATORY_SYSTEM_RID,Target User: -\-,,C:\Windows\System32\svchost.exe C:\WINDOWS\system32\svchost.exe -k DcomLaunch -p -s DeviceInstall,False,D:\UOW\SEM3\msc-diss-7csef001w\scenarios\scenario_4\run_3\artefacts\event_logs\Security.evtx,Audit success,0,"{""EventData"":{""Data"":[{""@Name"":""SubjectUserSid"",""#text"":""S-1-5-18""},{""@Name"":""SubjectUserName"",""#text"":""DISSTESTBEDVM$""},{""@Name"":""SubjectDomainName"",""#text"":""WORKGROUP""},{""@Name"":""SubjectLogonId"",""#text"":""0x3E7""},{""@Name"":""NewProcessId"",""#text"":""0x283C""},{""@Name"":""NewProcessName"",""#text"":""C:\\Windows\\System32\\svchost.exe""},{""@Name"":""TokenElevationType"",""#text"":""%%1936""},{""@Name"":""ProcessId"",""#text"":""0x35C""},{""@Name"":""CommandLine"",""#text"":""C:\\WINDOWS\\system32\\svchost.exe -k DcomLaunch -p -s DeviceInstall""},{""@Name"":""TargetUserSid"",""#text"":""S-1-0-0""},{""@Name"":""TargetUserName"",""#text"":""-""},{""@Name"":""TargetDomainName"",""#text"":""-""},{""@Name"":""TargetLogonId"",""#text"":""0x0""},{""@Name"":""ParentProcessName"",""#text"":""C:\\Windows\\System32\\services.exe""},{""@Name"":""MandatoryLabel"",""#text"":""S-1-16-16384""}]}}"
32329,32329,2026-08-22 21:00:28.2918545,4689,LogAlways,Microsoft-Windows-Security-Auditing,Security,4,2548,disstestbedvm,383,,A process has exited,disstestbedvm\dfanalyst,,,PID: 0x298,,,,,C:\Windows\System32\dllhost.exe,False,D:\UOW\SEM3\msc-diss-7csef001w\scenarios\scenario_4\run_3\artefacts\event_logs\Security.evtx,Audit success,0,"{""EventData"":{""Data"":[{""@Name"":""SubjectUserSid"",""#text"":""S-1-5-21-4209295338-567392030-2519289182-1001""},{""@Name"":""SubjectUserName"",""#text"":""dfanalyst""},{""@Name"":""SubjectDomainName"",""#text"":""disstestbedvm""},{""@Name"":""SubjectLogonId"",""#text"":""0x5729D""},{""@Name"":""Status"",""#text"":""0x0""},{""@Name"":""ProcessId"",""#text"":""0x298""},{""@Name"":""ProcessName"",""#text"":""C:\\Windows\\System32\\dllhost.exe""}]}}"
32330,32330,2026-08-22 21:00:28.3678517,4688,LogAlways,Microsoft-Windows-Security-Auditing,Security,4,2548,disstestbedvm,383,,A new process has been created,WORKGROUP\DISSTESTBEDVM$,,Parent process: C:\Windows\System32\svchost.exe,PID: 0x283C,Parent PID: 0x12C4,Mandatory label: SECURITY_MANDATORY_SYSTEM_RID,Target User: -\-,,"C:\Windows\System32\drvinst.exe DrvInst.exe ""1"" ""0"" ""SWD\WPDBUSENUM\_??_USBSTOR#Disk&amp;Ven_General&amp;Prod_UDisk&amp;Rev_5.00#7&amp;372d5a41&amp;0&amp;_&amp;0#{53f56307-b6bf-11d0-94f2-00a0c91efb8b}"" """" """" ""437ee41cf"" ""0000000000000000"" ""644f""",False,D:\UOW\SEM3\msc-diss-7csef001w\scenarios\scenario_4\run_3\artefacts\event_logs\Security.evtx,Audit success,0,"{""EventData"":{""Data"":[{""@Name"":""SubjectUserSid"",""#text"":""S-1-5-18""},{""@Name"":""SubjectUserName"",""#text"":""DISSTESTBEDVM$""},{""@Name"":""SubjectDomainName"",""#text"":""WORKGROUP""},{""@Name"":""SubjectLogonId"",""#text"":""0x3E7""},{""@Name"":""NewProcessId"",""#text"":""0x12C4""},{""@Name"":""NewProcessName"",""#text"":""C:\\Windows\\System32\\drvinst.exe""},{""@Name"":""TokenElevationType"",""#text"":""%%1936""},{""@Name"":""ProcessId"",""#text"":""0x283C""},{""@Name"":""CommandLine"",""#text"":""DrvInst.exe \""1\"" \""0\"" \""SWD\\WPDBUSENUM\\_??_USBSTOR#Disk&amp;Ven_General&amp;Prod_UDisk&amp;Rev_5.00#7&amp;372d5a41&amp;0&amp;_&amp;0#{53f56307-b6bf-11d0-94f2-00a0c91efb8b}\"" \""\"" \""\"" \""437ee41cf\"" \""0000000000000000\"" \""644f\""""},{""@Name"":""TargetUserSid"",""#text"":""S-1-0-0""},{""@Name"":""TargetUserName"",""#text"":""-""},{""@Name"":""TargetDomainName"",""#text"":""-""},{""@Name"":""TargetLogonId"",""#text"":""0x0""},{""@Name"":""ParentProcessName"",""#text"":""C:\\Windows\\System32\\svchost.exe""},{""@Name"":""MandatoryLabel"",""#text"":""S-1-16-16384""}]}}"
32331,32331,2026-08-22 21:00:28.4223852,4688,LogAlways,Microsoft-Windows-Security-Auditing,Security,4,252,disstestbedvm,383,,A new process has been created,WORKGROUP\DISSTESTBEDVM$,,Parent process: C:\Windows\System32\svchost.exe,PID: 0x3F4,Parent PID: 0x2150,Mandatory label: SECURITY_MANDATORY_MEDIUM_RID,Target User: disstestbedvm\dfanalyst,,C:\Windows\System32\BdeUISrv.exe C:\WINDOWS\System32\BdeUISrv.exe -Embedding,False,D:\UOW\SEM3\msc-diss-7csef001w\scenarios\scenario_4\run_3\artefacts\event_logs\Security.evtx,Audit success,0,"{""EventData"":{""Data"":[{""@Name"":""SubjectUserSid"",""#text"":""S-1-5-18""},{""@Name"":""SubjectUserName"",""#text"":""DISSTESTBEDVM$""},{""@Name"":""SubjectDomainName"",""#text"":""WORKGROUP""},{""@Name"":""SubjectLogonId"",""#text"":""0x3E7""},{""@Name"":""NewProcessId"",""#text"":""0x2150""},{""@Name"":""NewProcessName"",""#text"":""C:\\Windows\\System32\\BdeUISrv.exe""},{""@Name"":""TokenElevationType"",""#text"":""%%1938""},{""@Name"":""ProcessId"",""#text"":""0x3F4""},{""@Name"":""CommandLine"",""#text"":""C:\\WINDOWS\\System32\\BdeUISrv.exe -Embedding""},{""@Name"":""TargetUserSid"",""#text"":""S-1-5-21-4209295338-567392030-2519289182-1001""},{""@Name"":""TargetUserName"",""#text"":""dfanalyst""},{""@Name"":""TargetDomainName"",""#text"":""disstestbedvm""},{""@Name"":""TargetLogonId"",""#text"":""0x5729D""},{""@Name"":""ParentProcessName"",""#text"":""C:\\Windows\\System32\\svchost.exe""},{""@Name"":""MandatoryLabel"",""#text"":""S-1-16-8192""}]}}"
32332,32332,2026-08-22 21:00:28.7581435,4798,LogAlways,Microsoft-Windows-Security-Auditing,Security,880,928,disstestbedvm,383,,A user's local group membership was enumerated,disstestbedvm\dfanalyst (S-1-5-21-4209295338-567392030-2519289182-1001),,Target: disstestbedvm\dfanalyst (S-1-5-21-4209295338-567392030-2519289182-1001),SubjectLogonId: 0x5729D,CallerProcessName: C:\Windows\explorer.exe,CallerProcessId: 0x1618,,,,False,D:\UOW\SEM3\msc-diss-7csef001w\scenarios\scenario_4\run_3\artefacts\event_logs\Security.evtx,Audit success,0,"{""EventData"":{""Data"":[{""@Name"":""TargetUserName"",""#text"":""dfanalyst""},{""@Name"":""TargetDomainName"",""#text"":""disstestbedvm""},{""@Name"":""TargetSid"",""#text"":""S-1-5-21-4209295338-567392030-2519289182-1001""},{""@Name"":""SubjectUserSid"",""#text"":""S-1-5-21-4209295338-567392030-2519289182-1001""},{""@Name"":""SubjectUserName"",""#text"":""dfanalyst""},{""@Name"":""SubjectDomainName"",""#text"":""disstestbedvm""},{""@Name"":""SubjectLogonId"",""#text"":""0x5729D""},{""@Name"":""CallerProcessId"",""#text"":""0x1618""},{""@Name"":""CallerProcessName"",""#text"":""C:\\Windows\\explorer.exe""}]}}"
32333,32333,2026-08-22 21:00:28.8393263,4688,LogAlways,Microsoft-Windows-Security-Auditing,Security,4,252,disstestbedvm,384,,A new process has been created,WORKGROUP\DISSTESTBEDVM$,,Parent process: C:\Windows\System32\services.exe,PID: 0x35C,Parent PID: 0x14A8,Mandatory label: SECURITY_MANDATORY_SYSTEM_RID,Target User: NT AUTHORITY\LOCAL SERVICE,,"C:\Windows\System32\WUDFHost.exe ""C:\Windows\System32\WUDFHost.exe"" -HostGUID:{193a1820-d9ac-4997-8c55-be817523f6aa} -IoEventPortName:\UMDFCommunicationPorts\WUDF\HostProcess-132e4620-f8b2-4e0f-850b-b132d711cec3 -SystemEventPortName:\UMDFCommunicationPorts\WUDF\HostProcess-2d763c03-b91c-4fd0-9477-f0823dbbd512 -IoCancelEventPortName:\UMDFCommunicationPorts\WUDF\HostProcess-284f0e83-6c4c-4ee7-a506-4ad47dc358b8 -NonStateChangingEventPortName:\UMDFCommunicationPorts\WUDF\HostProcess-5512a4ff-fe16-4cf0-b1d7-77cf3e42456a -LifetimeId:50e9294b-f2ab-4fb5-b618-efaf4ae2c1ea -DeviceGroupId:WpdFsGroup -HostArg:0",False,D:\UOW\SEM3\msc-diss-7csef001w\scenarios\scenario_4\run_3\artefacts\event_logs\Security.evtx,Audit success,0,"{""EventData"":{""Data"":[{""@Name"":""SubjectUserSid"",""#text"":""S-1-5-18""},{""@Name"":""SubjectUserName"",""#text"":""DISSTESTBEDVM$""},{""@Name"":""SubjectDomainName"",""#text"":""WORKGROUP""},{""@Name"":""SubjectLogonId"",""#text"":""0x3E7""},{""@Name"":""NewProcessId"",""#text"":""0x14A8""},{""@Name"":""NewProcessName"",""#text"":""C:\\Windows\\System32\\WUDFHost.exe""},{""@Name"":""TokenElevationType"",""#text"":""%%1936""},{""@Name"":""ProcessId"",""#text"":""0x35C""},{""@Name"":""CommandLine"",""#text"":""\""C:\\Windows\\System32\\WUDFHost.exe\"" -HostGUID:{193a1820-d9ac-4997-8c55-be817523f6aa} -IoEventPortName:\\UMDFCommunicationPorts\\WUDF\\HostProcess-132e4620-f8b2-4e0f-850b-b132d711cec3 -SystemEventPortName:\\UMDFCommunicationPorts\\WUDF\\HostProcess-2d763c03-b91c-4fd0-9477-f0823dbbd512 -IoCancelEventPortName:\\UMDFCommunicationPorts\\WUDF\\HostProcess-284f0e83-6c4c-4ee7-a506-4ad47dc358b8 -NonStateChangingEventPortName:\\UMDFCommunicationPorts\\WUDF\\HostProcess-5512a4ff-fe16-4cf0-b1d7-77cf3e42456a -LifetimeId:50e9294b-f2ab-4fb5-b618-efaf4ae2c1ea -DeviceGroupId:WpdFsGroup -HostArg:0""},{""@Name"":""TargetUserSid"",""#text"":""S-1-5-19""},{""@Name"":""TargetUserName"",""#text"":""LOCAL SERVICE""},{""@Name"":""TargetDomainName"",""#text"":""NT AUTHORITY""},{""@Name"":""TargetLogonId"",""#text"":""0x3E5""},{""@Name"":""ParentProcessName"",""#text"":""C:\\Windows\\System32\\services.exe""},{""@Name"":""MandatoryLabel"",""#text"":""S-1-16-16384""}]}}"
32334,32334,2026-08-22 21:00:28.9357891,6416,LogAlways,Microsoft-Windows-Security-Auditing,Security,4,120,disstestbedvm,384,,A new external device was recognized by the system,WORKGROUP\DISSTESTBEDVM$ (S-1-5-18),,DeviceId: SWD\WPDBUSENUM\_??_USBSTOR#Disk&amp;Ven_General&amp;Prod_UDisk&amp;Rev_5.00#7&amp;372d5a41&amp;0&amp;_&amp;0#{53f56307-b6bf-11d0-94f2-00a0c91efb8b},DeviceName: DISS-USB,Class: WPD (eec5ad98-8080-425f-922a-dabf3de3f69a),VendorIds: -,LocationInformation: -,,,False,D:\UOW\SEM3\msc-diss-7csef001w\scenarios\scenario_4\run_3\artefacts\event_logs\Security.evtx,Audit success,0,"{""EventData"":{""Data"":[{""@Name"":""SubjectUserSid"",""#text"":""S-1-5-18""},{""@Name"":""SubjectUserName"",""#text"":""DISSTESTBEDVM$""},{""@Name"":""SubjectDomainName"",""#text"":""WORKGROUP""},{""@Name"":""SubjectLogonId"",""#text"":""0x3E7""},{""@Name"":""DeviceId"",""#text"":""SWD\\WPDBUSENUM\\_??_USBSTOR#Disk&amp;Ven_General&amp;Prod_UDisk&amp;Rev_5.00#7&amp;372d5a41&amp;0&amp;_&amp;0#{53f56307-b6bf-11d0-94f2-00a0c91efb8b}""},{""@Name"":""DeviceDescription"",""#text"":""DISS-USB""},{""@Name"":""ClassId"",""#text"":""eec5ad98-8080-425f-922a-dabf3de3f69a""},{""@Name"":""ClassName"",""#text"":""WPD""},{""@Name"":""VendorIds"",""#text"":""-""},{""@Name"":""CompatibleIds"",""#text"":"", wpdbusenum\\fs, SWD\\Generic, ""},{""@Name"":""LocationInformation"",""#text"":""-""}]}}"
32335,32335,2026-08-22 21:00:28.9891808,4798,LogAlways,Microsoft-Windows-Security-Auditing,Security,880,928,disstestbedvm,384,,A user's local group membership was enumerated,disstestbedvm\dfanalyst (S-1-5-21-4209295338-567392030-2519289182-1001),,Target: disstestbedvm\dfanalyst (S-1-5-21-4209295338-567392030-2519289182-1001),SubjectLogonId: 0x5729D,CallerProcessName: C:\Windows\explorer.exe,CallerProcessId: 0x1618,,,,False,D:\UOW\SEM3\msc-diss-7csef001w\scenarios\scenario_4\run_3\artefacts\event_logs\Security.evtx,Audit success,0,"{""EventData"":{""Data"":[{""@Name"":""TargetUserName"",""#text"":""dfanalyst""},{""@Name"":""TargetDomainName"",""#text"":""disstestbedvm""},{""@Name"":""TargetSid"",""#text"":""S-1-5-21-4209295338-567392030-2519289182-1001""},{""@Name"":""SubjectUserSid"",""#text"":""S-1-5-21-4209295338-567392030-2519289182-1001""},{""@Name"":""SubjectUserName"",""#text"":""dfanalyst""},{""@Name"":""SubjectDomainName"",""#text"":""disstestbedvm""},{""@Name"":""SubjectLogonId"",""#text"":""0x5729D""},{""@Name"":""CallerProcessId"",""#text"":""0x1618""},{""@Name"":""CallerProcessName"",""#text"":""C:\\Windows\\explorer.exe""}]}}"
32336,32336,2026-08-22 21:00:29.0264367,4689,LogAlways,Microsoft-Windows-Security-Auditing,Security,4,120,disstestbedvm,384,,A process has exited,WORKGROUP\DISSTESTBEDVM$,,,PID: 0x12C4,,,,,C:\Windows\System32\drvinst.exe,False,D:\UOW\SEM3\msc-diss-7csef001w\scenarios\scenario_4\run_3\artefacts\event_logs\Security.evtx,Audit success,0,"{""EventData"":{""Data"":[{""@Name"":""SubjectUserSid"",""#text"":""S-1-5-18""},{""@Name"":""SubjectUserName"",""#text"":""DISSTESTBEDVM$""},{""@Name"":""SubjectDomainName"",""#text"":""WORKGROUP""},{""@Name"":""SubjectLogonId"",""#text"":""0x3E7""},{""@Name"":""Status"",""#text"":""0x0""},{""@Name"":""ProcessId"",""#text"":""0x12C4""},{""@Name"":""ProcessName"",""#text"":""C:\\Windows\\System32\\drvinst.exe""}]}}"
32337,32337,2026-08-22 21:00:29.1072110,4688,LogAlways,Microsoft-Windows-Security-Auditing,Security,4,2548,disstestbedvm,384,,A new process has been created,WORKGROUP\DISSTESTBEDVM$,,Parent process: C:\Windows\System32\svchost.exe,PID: 0x3F4,Parent PID: 0x1714,Mandatory label: SECURITY_MANDATORY_LOW_RID,Target User: disstestbedvm\dfanalyst,,"C:\Windows\SystemApps\ShellExperienceHost_cw5n1h2txyewy\ShellExperienceHost.exe ""C:\WINDOWS\SystemApps\ShellExperienceHost_cw5n1h2txyewy\ShellExperienceHost.exe"" -ServerName:App.AppXtk181tbxbce2qsex02s8tw7hfxa9xb3t.mca",False,D:\UOW\SEM3\msc-diss-7csef001w\scenarios\scenario_4\run_3\artefacts\event_logs\Security.evtx,Audit success,0,"{""EventData"":{""Data"":[{""@Name"":""SubjectUserSid"",""#text"":""S-1-5-18""},{""@Name"":""SubjectUserName"",""#text"":""DISSTESTBEDVM$""},{""@Name"":""SubjectDomainName"",""#text"":""WORKGROUP""},{""@Name"":""SubjectLogonId"",""#text"":""0x3E7""},{""@Name"":""NewProcessId"",""#text"":""0x1714""},{""@Name"":""NewProcessName"",""#text"":""C:\\Windows\\SystemApps\\ShellExperienceHost_cw5n1h2txyewy\\ShellExperienceHost.exe""},{""@Name"":""TokenElevationType"",""#text"":""%%1938""},{""@Name"":""ProcessId"",""#text"":""0x3F4""},{""@Name"":""CommandLine"",""#text"":""\""C:\\WINDOWS\\SystemApps\\ShellExperienceHost_cw5n1h2txyewy\\ShellExperienceHost.exe\"" -ServerName:App.AppXtk181tbxbce2qsex02s8tw7hfxa9xb3t.mca""},{""@Name"":""TargetUserSid"",""#text"":""S-1-5-21-4209295338-567392030-2519289182-1001""},{""@Name"":""TargetUserName"",""#text"":""dfanalyst""},{""@Name"":""TargetDomainName"",""#text"":""disstestbedvm""},{""@Name"":""TargetLogonId"",""#text"":""0x5729D""},{""@Name"":""ParentProcessName"",""#text"":""C:\\Windows\\System32\\svchost.exe""},{""@Name"":""MandatoryLabel"",""#text"":""S-1-16-4096""}]}}"
32338,32338,2026-08-22 21:00:29.2642505,4688,LogAlways,Microsoft-Windows-Security-Auditing,Security,4,120,disstestbedvm,384,,A new process has been created,WORKGROUP\DISSTESTBEDVM$,,Parent process: C:\Windows\System32\svchost.exe,PID: 0x3F4,Parent PID: 0x187C,Mandatory label: SECURITY_MANDATORY_MEDIUM_RID,Target User: disstestbedvm\dfanalyst,,C:\Windows\System32\dllhost.exe C:\WINDOWS\system32\DllHost.exe /Processid:{AB8902B4-09CA-4BB6-B78D-A8F59079A8D5},False,D:\UOW\SEM3\msc-diss-7csef001w\scenarios\scenario_4\run_3\artefacts\event_logs\Security.evtx,Audit success,0,"{""EventData"":{""Data"":[{""@Name"":""SubjectUserSid"",""#text"":""S-1-5-18""},{""@Name"":""SubjectUserName"",""#text"":""DISSTESTBEDVM$""},{""@Name"":""SubjectDomainName"",""#text"":""WORKGROUP""},{""@Name"":""SubjectLogonId"",""#text"":""0x3E7""},{""@Name"":""NewProcessId"",""#text"":""0x187C""},{""@Name"":""NewProcessName"",""#text"":""C:\\Windows\\System32\\dllhost.exe""},{""@Name"":""TokenElevationType"",""#text"":""%%1938""},{""@Name"":""ProcessId"",""#text"":""0x3F4""},{""@Name"":""CommandLine"",""#text"":""C:\\WINDOWS\\system32\\DllHost.exe /Processid:{AB8902B4-09CA-4BB6-B78D-A8F59079A8D5}""},{""@Name"":""TargetUserSid"",""#text"":""S-1-5-21-4209295338-567392030-2519289182-1001""},{""@Name"":""TargetUserName"",""#text"":""dfanalyst""},{""@Name"":""TargetDomainName"",""#text"":""disstestbedvm""},{""@Name"":""TargetLogonId"",""#text"":""0x5729D""},{""@Name"":""ParentProcessName"",""#text"":""C:\\Windows\\System32\\svchost.exe""},{""@Name"":""MandatoryLabel"",""#text"":""S-1-16-8192""}]}}"
32339,32339,2026-08-22 21:00:29.5375805,4688,LogAlways,Microsoft-Windows-Security-Auditing,Security,4,120,disstestbedvm,384,,A new process has been created,WORKGROUP\DISSTESTBEDVM$,,Parent process: C:\Windows\System32\svchost.exe,PID: 0x3F4,Parent PID: 0x1F90,Mandatory label: SECURITY_MANDATORY_MEDIUM_RID,Target User: disstestbedvm\dfanalyst,,C:\Windows\System32\RuntimeBroker.exe C:\Windows\System32\RuntimeBroker.exe -Embedding,False,D:\UOW\SEM3\msc-diss-7csef001w\scenarios\scenario_4\run_3\artefacts\event_logs\Security.evtx,Audit success,0,"{""EventData"":{""Data"":[{""@Name"":""SubjectUserSid"",""#text"":""S-1-5-18""},{""@Name"":""SubjectUserName"",""#text"":""DISSTESTBEDVM$""},{""@Name"":""SubjectDomainName"",""#text"":""WORKGROUP""},{""@Name"":""SubjectLogonId"",""#text"":""0x3E7""},{""@Name"":""NewProcessId"",""#text"":""0x1F90""},{""@Name"":""NewProcessName"",""#text"":""C:\\Windows\\System32\\RuntimeBroker.exe""},{""@Name"":""TokenElevationType"",""#text"":""%%1938""},{""@Name"":""ProcessId"",""#text"":""0x3F4""},{""@Name"":""CommandLine"",""#text"":""C:\\Windows\\System32\\RuntimeBroker.exe -Embedding""},{""@Name"":""TargetUserSid"",""#text"":""S-1-5-21-4209295338-567392030-2519289182-1001""},{""@Name"":""TargetUserName"",""#text"":""dfanalyst""},{""@Name"":""TargetDomainName"",""#text"":""disstestbedvm""},{""@Name"":""TargetLogonId"",""#text"":""0x5729D""},{""@Name"":""ParentProcessName"",""#text"":""C:\\Windows\\System32\\svchost.exe""},{""@Name"":""MandatoryLabel"",""#text"":""S-1-16-8192""}]}}"
32340,32340,2026-08-22 21:00:29.5472175,4798,LogAlways,Microsoft-Windows-Security-Auditing,Security,880,1008,disstestbedvm,384,,A user's local group membership was enumerated,disstestbedvm\dfanalyst (S-1-5-21-4209295338-567392030-2519289182-1001),,Target: disstestbedvm\dfanalyst (S-1-5-21-4209295338-567392030-2519289182-1001),SubjectLogonId: 0x5729D,CallerProcessName: C:\Windows\explorer.exe,CallerProcessId: 0x1618,,,,False,D:\UOW\SEM3\msc-diss-7csef001w\scenarios\scenario_4\run_3\artefacts\event_logs\Security.evtx,Audit success,0,"{""EventData"":{""Data"":[{""@Name"":""TargetUserName"",""#text"":""dfanalyst""},{""@Name"":""TargetDomainName"",""#text"":""disstestbedvm""},{""@Name"":""TargetSid"",""#text"":""S-1-5-21-4209295338-567392030-2519289182-1001""},{""@Name"":""SubjectUserSid"",""#text"":""S-1-5-21-4209295338-567392030-2519289182-1001""},{""@Name"":""SubjectUserName"",""#text"":""dfanalyst""},{""@Name"":""SubjectDomainName"",""#text"":""disstestbedvm""},{""@Name"":""SubjectLogonId"",""#text"":""0x5729D""},{""@Name"":""CallerProcessId"",""#text"":""0x1618""},{""@Name"":""CallerProcessName"",""#text"":""C:\\Windows\\explorer.exe""}]}}"
32341,32341,2026-08-22 21:00:34.5125510,4689,LogAlways,Microsoft-Windows-Security-Auditing,Security,4,9272,disstestbedvm,384,,A process has exited,disstestbedvm\dfanalyst,,,PID: 0x2150,,,,,C:\Windows\System32\BdeUISrv.exe,False,D:\UOW\SEM3\msc-diss-7csef001w\scenarios\scenario_4\run_3\artefacts\event_logs\Security.evtx,Audit success,0,"{""EventData"":{""Data"":[{""@Name"":""SubjectUserSid"",""#text"":""S-1-5-21-4209295338-567392030-2519289182-1001""},{""@Name"":""SubjectUserName"",""#text"":""dfanalyst""},{""@Name"":""SubjectDomainName"",""#text"":""disstestbedvm""},{""@Name"":""SubjectLogonId"",""#text"":""0x5729D""},{""@Name"":""Status"",""#text"":""0x0""},{""@Name"":""ProcessId"",""#text"":""0x2150""},{""@Name"":""ProcessName"",""#text"":""C:\\Windows\\System32\\BdeUISrv.exe""}]}}"
32342,32342,2026-08-22 21:00:34.8206587,4689,LogAlways,Microsoft-Windows-Security-Auditing,Security,4,9276,disstestbedvm,384,,A process has exited,disstestbedvm\dfanalyst,,,PID: 0x187C,,,,,C:\Windows\System32\dllhost.exe,False,D:\UOW\SEM3\msc-diss-7csef001w\scenarios\scenario_4\run_3\artefacts\event_logs\Security.evtx,Audit success,0,"{""EventData"":{""Data"":[{""@Name"":""SubjectUserSid"",""#text"":""S-1-5-21-4209295338-567392030-2519289182-1001""},{""@Name"":""SubjectUserName"",""#text"":""dfanalyst""},{""@Name"":""SubjectDomainName"",""#text"":""disstestbedvm""},{""@Name"":""SubjectLogonId"",""#text"":""0x5729D""},{""@Name"":""Status"",""#text"":""0x0""},{""@Name"":""ProcessId"",""#text"":""0x187C""},{""@Name"":""ProcessName"",""#text"":""C:\\Windows\\System32\\dllhost.exe""}]}}"
32343,32343,2026-08-22 21:00:36.5775555,4689,LogAlways,Microsoft-Windows-Security-Auditing,Security,4,2548,disstestbedvm,384,,A process has exited,disstestbedvm\dfanalyst,,,PID: 0xE8C,,,,,C:\Windows\System32\RuntimeBroker.exe,False,D:\UOW\SEM3\msc-diss-7csef001w\scenarios\scenario_4\run_3\artefacts\event_logs\Security.evtx,Audit success,0,"{""EventData"":{""Data"":[{""@Name"":""SubjectUserSid"",""#text"":""S-1-5-21-4209295338-567392030-2519289182-1001""},{""@Name"":""SubjectUserName"",""#text"":""dfanalyst""},{""@Name"":""SubjectDomainName"",""#text"":""disstestbedvm""},{""@Name"":""SubjectLogonId"",""#text"":""0x5729D""},{""@Name"":""Status"",""#text"":""0x0""},{""@Name"":""ProcessId"",""#text"":""0xE8C""},{""@Name"":""ProcessName"",""#text"":""C:\\Windows\\System32\\RuntimeBroker.exe""}]}}"
32344,32344,2026-08-22 21:00:36.6739170,4689,LogAlways,Microsoft-Windows-Security-Auditing,Security,4,9276,disstestbedvm,384,,A process has exited,disstestbedvm\dfanalyst,,,PID: 0x2E60,,,,,C:\Windows\System32\RuntimeBroker.exe,False,D:\UOW\SEM3\msc-diss-7csef001w\scenarios\scenario_4\run_3\artefacts\event_logs\Security.evtx,Audit success,0,"{""EventData"":{""Data"":[{""@Name"":""SubjectUserSid"",""#text"":""S-1-5-21-4209295338-567392030-2519289182-1001""},{""@Name"":""SubjectUserName"",""#text"":""dfanalyst""},{""@Name"":""SubjectDomainName"",""#text"":""disstestbedvm""},{""@Name"":""SubjectLogonId"",""#text"":""0x5729D""},{""@Name"":""Status"",""#text"":""0x0""},{""@Name"":""ProcessId"",""#text"":""0x2E60""},{""@Name"":""ProcessName"",""#text"":""C:\\Windows\\System32\\RuntimeBroker.exe""}]}}"
32345,32345,2026-08-22 21:00:55.4100260,4688,LogAlways,Microsoft-Windows-Security-Auditing,Security,4,132,disstestbedvm,384,,A new process has been created,WORKGROUP\DISSTESTBEDVM$,,Parent process: C:\Windows\System32\svchost.exe,PID: 0x8C8,Parent PID: 0x1AE8,Mandatory label: SECURITY_MANDATORY_MEDIUM_RID,Target User: disstestbedvm\dfanalyst,,C:\Windows\System32\taskhostw.exe taskhostw.exe TaskName:87=SoftLandingTriggerTask-128000000001615609-render-{3c3dcfac-0868-414b-9a18-55dccd65769b};CreativeId:18=128000000001615609;TriggerType:6=render;ActionName:4=noOp;OverrideRule:4=none;TriggerId:0=;TriggerPredicate:0=;CorrelationId:38={b5860537-ef5a-4472-a9bb-05ecba0dde81};,False,D:\UOW\SEM3\msc-diss-7csef001w\scenarios\scenario_4\run_3\artefacts\event_logs\Security.evtx,Audit success,0,"{""EventData"":{""Data"":[{""@Name"":""SubjectUserSid"",""#text"":""S-1-5-18""},{""@Name"":""SubjectUserName"",""#text"":""DISSTESTBEDVM$""},{""@Name"":""SubjectDomainName"",""#text"":""WORKGROUP""},{""@Name"":""SubjectLogonId"",""#text"":""0x3E7""},{""@Name"":""NewProcessId"",""#text"":""0x1AE8""},{""@Name"":""NewProcessName"",""#text"":""C:\\Windows\\System32\\taskhostw.exe""},{""@Name"":""TokenElevationType"",""#text"":""%%1938""},{""@Name"":""ProcessId"",""#text"":""0x8C8""},{""@Name"":""CommandLine"",""#text"":""taskhostw.exe TaskName:87=SoftLandingTriggerTask-128000000001615609-render-{3c3dcfac-0868-414b-9a18-55dccd65769b};CreativeId:18=128000000001615609;TriggerType:6=render;ActionName:4=noOp;OverrideRule:4=none;TriggerId:0=;TriggerPredicate:0=;CorrelationId:38={b5860537-ef5a-4472-a9bb-05ecba0dde81};""},{""@Name"":""TargetUserSid"",""#text"":""S-1-5-21-4209295338-567392030-2519289182-1001""},{""@Name"":""TargetUserName"",""#text"":""dfanalyst""},{""@Name"":""TargetDomainName"",""#text"":""disstestbedvm""},{""@Name"":""TargetLogonId"",""#text"":""0x5729D""},{""@Name"":""ParentProcessName"",""#text"":""C:\\Windows\\System32\\svchost.exe""},{""@Name"":""MandatoryLabel"",""#text"":""S-1-16-8192""}]}}"
32346,32346,2026-08-22 21:00:55.4527730,4688,LogAlways,Microsoft-Windows-Security-Auditing,Security,4,6584,disstestbedvm,384,,A new process has been created,WORKGROUP\DISSTESTBEDVM$,,Parent process: C:\Windows\System32\svchost.exe,PID: 0x3F4,Parent PID: 0x1EF4,Mandatory label: SECURITY_MANDATORY_MEDIUM_RID,Target User: disstestbedvm\dfanalyst,,"C:\Windows\SystemApps\MicrosoftWindows.Client.CBS_cw5n1h2txyewy\SoftLandingTask\SoftLandingTask.exe ""C:\WINDOWS\SystemApps\MicrosoftWindows.Client.CBS_cw5n1h2txyewy\SoftLandingTask\SoftLandingTask.exe"" -Embedding",False,D:\UOW\SEM3\msc-diss-7csef001w\scenarios\scenario_4\run_3\artefacts\event_logs\Security.evtx,Audit success,0,"{""EventData"":{""Data"":[{""@Name"":""SubjectUserSid"",""#text"":""S-1-5-18""},{""@Name"":""SubjectUserName"",""#text"":""DISSTESTBEDVM$""},{""@Name"":""SubjectDomainName"",""#text"":""WORKGROUP""},{""@Name"":""SubjectLogonId"",""#text"":""0x3E7""},{""@Name"":""NewProcessId"",""#text"":""0x1EF4""},{""@Name"":""NewProcessName"",""#text"":""C:\\Windows\\SystemApps\\MicrosoftWindows.Client.CBS_cw5n1h2txyewy\\SoftLandingTask\\SoftLandingTask.exe""},{""@Name"":""TokenElevationType"",""#text"":""%%1938""},{""@Name"":""ProcessId"",""#text"":""0x3F4""},{""@Name"":""CommandLine"",""#text"":""\""C:\\WINDOWS\\SystemApps\\MicrosoftWindows.Client.CBS_cw5n1h2txyewy\\SoftLandingTask\\SoftLandingTask.exe\"" -Embedding""},{""@Name"":""TargetUserSid"",""#text"":""S-1-5-21-4209295338-567392030-2519289182-1001""},{""@Name"":""TargetUserName"",""#text"":""dfanalyst""},{""@Name"":""TargetDomainName"",""#text"":""disstestbedvm""},{""@Name"":""TargetLogonId"",""#text"":""0x5729D""},{""@Name"":""ParentProcessName"",""#text"":""C:\\Windows\\System32\\svchost.exe""},{""@Name"":""MandatoryLabel"",""#text"":""S-1-16-8192""}]}}"
32350,32350,2026-08-22 21:01:07.7974164,4688,LogAlways,Microsoft-Windows-Security-Auditing,Security,4,6592,disstestbedvm,384,,A new process has been created,WORKGROUP\DISSTESTBEDVM$,,Parent process: C:\Windows\System32\svchost.exe,PID: 0xCA0,Parent PID: 0x2210,Mandatory label: SECURITY_MANDATORY_SYSTEM_RID,Target User: -\-,,C:\Windows\System32\wbem\WMIADAP.exe wmiadap.exe /F /T /R,False,D:\UOW\SEM3\msc-diss-7csef001w\scenarios\scenario_4\run_3\artefacts\event_logs\Security.evtx,Audit success,0,"{""EventData"":{""Data"":[{""@Name"":""SubjectUserSid"",""#text"":""S-1-5-18""},{""@Name"":""SubjectUserName"",""#text"":""DISSTESTBEDVM$""},{""@Name"":""SubjectDomainName"",""#text"":""WORKGROUP""},{""@Name"":""SubjectLogonId"",""#text"":""0x3E7""},{""@Name"":""NewProcessId"",""#text"":""0x2210""},{""@Name"":""NewProcessName"",""#text"":""C:\\Windows\\System32\\wbem\\WMIADAP.exe""},{""@Name"":""TokenElevationType"",""#text"":""%%1936""},{""@Name"":""ProcessId"",""#text"":""0xCA0""},{""@Name"":""CommandLine"",""#text"":""wmiadap.exe /F /T /R""},{""@Name"":""TargetUserSid"",""#text"":""S-1-0-0""},{""@Name"":""TargetUserName"",""#text"":""-""},{""@Name"":""TargetDomainName"",""#text"":""-""},{""@Name"":""TargetLogonId"",""#text"":""0x0""},{""@Name"":""ParentProcessName"",""#text"":""C:\\Windows\\System32\\svchost.exe""},{""@Name"":""MandatoryLabel"",""#text"":""S-1-16-16384""}]}}"
32351,32351,2026-08-22 21:01:08.5151973,4689,LogAlways,Microsoft-Windows-Security-Auditing,Security,4,8544,disstestbedvm,384,,A process has exited,WORKGROUP\DISSTESTBEDVM$,,,PID: 0x2F54,,,,,C:\Windows\System32\svchost.exe,False,D:\UOW\SEM3\msc-diss-7csef001w\scenarios\scenario_4\run_3\artefacts\event_logs\Security.evtx,Audit success,0,"{""EventData"":{""Data"":[{""@Name"":""SubjectUserSid"",""#text"":""S-1-5-18""},{""@Name"":""SubjectUserName"",""#text"":""DISSTESTBEDVM$""},{""@Name"":""SubjectDomainName"",""#text"":""WORKGROUP""},{""@Name"":""SubjectLogonId"",""#text"":""0x3E7""},{""@Name"":""Status"",""#text"":""0x0""},{""@Name"":""ProcessId"",""#text"":""0x2F54""},{""@Name"":""ProcessName"",""#text"":""C:\\Windows\\System32\\svchost.exe""}]}}"
32352,32352,2026-08-22 21:01:09.6610206,4689,LogAlways,Microsoft-Windows-Security-Auditing,Security,4,8544,disstestbedvm,384,,A process has exited,WORKGROUP\DISSTESTBEDVM$,,,PID: 0x2DB0,,,,,C:\Windows\UUS\amd64\MoUsoCoreWorker.exe,False,D:\UOW\SEM3\msc-diss-7csef001w\scenarios\scenario_4\run_3\artefacts\event_logs\Security.evtx,Audit success,0,"{""EventData"":{""Data"":[{""@Name"":""SubjectUserSid"",""#text"":""S-1-5-18""},{""@Name"":""SubjectUserName"",""#text"":""DISSTESTBEDVM$""},{""@Name"":""SubjectDomainName"",""#text"":""WORKGROUP""},{""@Name"":""SubjectLogonId"",""#text"":""0x3E7""},{""@Name"":""Status"",""#text"":""0x0""},{""@Name"":""ProcessId"",""#text"":""0x2DB0""},{""@Name"":""ProcessName"",""#text"":""C:\\Windows\\UUS\\amd64\\MoUsoCoreWorker.exe""}]}}"
32353,32353,2026-08-22 21:01:14.1204846,4689,LogAlways,Microsoft-Windows-Security-Auditing,Security,4,6584,disstestbedvm,384,,A process has exited,WORKGROUP\DISSTESTBEDVM$,,,PID: 0xB38,,,,,C:\Windows\System32\svchost.exe,False,D:\UOW\SEM3\msc-diss-7csef001w\scenarios\scenario_4\run_3\artefacts\event_logs\Security.evtx,Audit success,0,"{""EventData"":{""Data"":[{""@Name"":""SubjectUserSid"",""#text"":""S-1-5-18""},{""@Name"":""SubjectUserName"",""#text"":""DISSTESTBEDVM$""},{""@Name"":""SubjectDomainName"",""#text"":""WORKGROUP""},{""@Name"":""SubjectLogonId"",""#text"":""0x3E7""},{""@Name"":""Status"",""#text"":""0x0""},{""@Name"":""ProcessId"",""#text"":""0xB38""},{""@Name"":""ProcessName"",""#text"":""C:\\Windows\\System32\\svchost.exe""}]}}"
32354,32354,2026-08-22 21:01:16.5619140,4688,LogAlways,Microsoft-Windows-Security-Auditing,Security,4,132,disstestbedvm,384,,A new process has been created,WORKGROUP\DISSTESTBEDVM$,,Parent process: C:\Windows\System32\svchost.exe,PID: 0x3F4,Parent PID: 0x5D8,Mandatory label: SECURITY_MANDATORY_LOW_RID,Target User: disstestbedvm\dfanalyst,,"C:\Windows\System32\backgroundTaskHost.exe ""C:\WINDOWS\system32\BackgroundTaskHost.exe"" -ServerName:BackgroundTaskHost.WebAccountProvider",False,D:\UOW\SEM3\msc-diss-7csef001w\scenarios\scenario_4\run_3\artefacts\event_logs\Security.evtx,Audit success,0,"{""EventData"":{""Data"":[{""@Name"":""SubjectUserSid"",""#text"":""S-1-5-18""},{""@Name"":""SubjectUserName"",""#text"":""DISSTESTBEDVM$""},{""@Name"":""SubjectDomainName"",""#text"":""WORKGROUP""},{""@Name"":""SubjectLogonId"",""#text"":""0x3E7""},{""@Name"":""NewProcessId"",""#text"":""0x5D8""},{""@Name"":""NewProcessName"",""#text"":""C:\\Windows\\System32\\backgroundTaskHost.exe""},{""@Name"":""TokenElevationType"",""#text"":""%%1938""},{""@Name"":""ProcessId"",""#text"":""0x3F4""},{""@Name"":""CommandLine"",""#text"":""\""C:\\WINDOWS\\system32\\BackgroundTaskHost.exe\"" -ServerName:BackgroundTaskHost.WebAccountProvider""},{""@Name"":""TargetUserSid"",""#text"":""S-1-5-21-4209295338-567392030-2519289182-1001""},{""@Name"":""TargetUserName"",""#text"":""dfanalyst""},{""@Name"":""TargetDomainName"",""#text"":""disstestbedvm""},{""@Name"":""TargetLogonId"",""#text"":""0x5729D""},{""@Name"":""ParentProcessName"",""#text"":""C:\\Windows\\System32\\svchost.exe""},{""@Name"":""MandatoryLabel"",""#text"":""S-1-16-4096""}]}}"
32355,32355,2026-08-22 21:01:16.7403275,4689,LogAlways,Microsoft-Windows-Security-Auditing,Security,4,9276,disstestbedvm,384,,A process has exited,disstestbedvm\dfanalyst,,,PID: 0x5D8,,,,,C:\Windows\System32\backgroundTaskHost.exe,False,D:\UOW\SEM3\msc-diss-7csef001w\scenarios\scenario_4\run_3\artefacts\event_logs\Security.evtx,Audit success,0,"{""EventData"":{""Data"":[{""@Name"":""SubjectUserSid"",""#text"":""S-1-5-21-4209295338-567392030-2519289182-1001""},{""@Name"":""SubjectUserName"",""#text"":""dfanalyst""},{""@Name"":""SubjectDomainName"",""#text"":""disstestbedvm""},{""@Name"":""SubjectLogonId"",""#text"":""0x5729D""},{""@Name"":""Status"",""#text"":""0x1""},{""@Name"":""ProcessId"",""#text"":""0x5D8""},{""@Name"":""ProcessName"",""#text"":""C:\\Windows\\System32\\backgroundTaskHost.exe""}]}}"
32356,32356,2026-08-22 21:01:17.1037319,4663,LogAlways,Microsoft-Windows-Security-Auditing,Security,4,6584,disstestbedvm,384,,Attempt was made to access an object,disstestbedvm\dfanalyst,,ObjectServer: Security,ObjectType: File,ObjectName: \Device\CdRom0\,"AccessList: Unknown code (%%4416, )",,,C:\Windows\explorer.exe,False,D:\UOW\SEM3\msc-diss-7csef001w\scenarios\scenario_4\run_3\artefacts\event_logs\Security.evtx,Audit success,0,"{""EventData"":{""Data"":[{""@Name"":""SubjectUserSid"",""#text"":""S-1-5-21-4209295338-567392030-2519289182-1001""},{""@Name"":""SubjectUserName"",""#text"":""dfanalyst""},{""@Name"":""SubjectDomainName"",""#text"":""disstestbedvm""},{""@Name"":""SubjectLogonId"",""#text"":""0x5729D""},{""@Name"":""ObjectServer"",""#text"":""Security""},{""@Name"":""ObjectType"",""#text"":""File""},{""@Name"":""ObjectName"",""#text"":""\\Device\\CdRom0\\""},{""@Name"":""HandleId"",""#text"":""0x3E84""},{""@Name"":""AccessList"",""#text"":""%%4416, ""},{""@Name"":""AccessMask"",""#text"":""0x1""},{""@Name"":""ProcessId"",""#text"":""0x1618""},{""@Name"":""ProcessName"",""#text"":""C:\\Windows\\explorer.exe""},{""@Name"":""ResourceAttributes""}]}}"
32357,32357,2026-08-22 21:01:17.1044003,4663,LogAlways,Microsoft-Windows-Security-Auditing,Security,4,6584,disstestbedvm,384,,Attempt was made to access an object,disstestbedvm\dfanalyst,,ObjectServer: Security,ObjectType: File,ObjectName: \Device\CdRom0\,"AccessList: Unknown code (%%4416, )",,,C:\Windows\explorer.exe,False,D:\UOW\SEM3\msc-diss-7csef001w\scenarios\scenario_4\run_3\artefacts\event_logs\Security.evtx,Audit success,0,"{""EventData"":{""Data"":[{""@Name"":""SubjectUserSid"",""#text"":""S-1-5-21-4209295338-567392030-2519289182-1001""},{""@Name"":""SubjectUserName"",""#text"":""dfanalyst""},{""@Name"":""SubjectDomainName"",""#text"":""disstestbedvm""},{""@Name"":""SubjectLogonId"",""#text"":""0x5729D""},{""@Name"":""ObjectServer"",""#text"":""Security""},{""@Name"":""ObjectType"",""#text"":""File""},{""@Name"":""ObjectName"",""#text"":""\\Device\\CdRom0\\""},{""@Name"":""HandleId"",""#text"":""0x3F28""},{""@Name"":""AccessList"",""#text"":""%%4416, ""},{""@Name"":""AccessMask"",""#text"":""0x1""},{""@Name"":""ProcessId"",""#text"":""0x1618""},{""@Name"":""ProcessName"",""#text"":""C:\\Windows\\explorer.exe""},{""@Name"":""ResourceAttributes""}]}}"
32358,32358,2026-08-22 21:01:17.1224211,4663,LogAlways,Microsoft-Windows-Security-Auditing,Security,4,6592,disstestbedvm,384,,Attempt was made to access an object,disstestbedvm\dfanalyst,,ObjectServer: Security,ObjectType: File,ObjectName: \Device\CdRom0\setup.exe,"AccessList: Unknown code (%%4416, )",,,C:\Windows\explorer.exe,False,D:\UOW\SEM3\msc-diss-7csef001w\scenarios\scenario_4\run_3\artefacts\event_logs\Security.evtx,Audit success,0,"{""EventData"":{""Data"":[{""@Name"":""SubjectUserSid"",""#text"":""S-1-5-21-4209295338-567392030-2519289182-1001""},{""@Name"":""SubjectUserName"",""#text"":""dfanalyst""},{""@Name"":""SubjectDomainName"",""#text"":""disstestbedvm""},{""@Name"":""SubjectLogonId"",""#text"":""0x5729D""},{""@Name"":""ObjectServer"",""#text"":""Security""},{""@Name"":""ObjectType"",""#text"":""File""},{""@Name"":""ObjectName"",""#text"":""\\Device\\CdRom0\\setup.exe""},{""@Name"":""HandleId"",""#text"":""0x4074""},{""@Name"":""AccessList"",""#text"":""%%4416, ""},{""@Name"":""AccessMask"",""#text"":""0x1""},{""@Name"":""ProcessId"",""#text"":""0x1618""},{""@Name"":""ProcessName"",""#text"":""C:\\Windows\\explorer.exe""},{""@Name"":""ResourceAttributes""}]}}"
32359,32359,2026-08-22 21:01:19.1258484,4689,LogAlways,Microsoft-Windows-Security-Auditing,Security,4,2548,disstestbedvm,384,,A process has exited,WORKGROUP\DISSTESTBEDVM$,,,PID: 0x2B08,,,,,C:\Windows\System32\dllhost.exe,False,D:\UOW\SEM3\msc-diss-7csef001w\scenarios\scenario_4\run_3\artefacts\event_logs\Security.evtx,Audit success,0,"{""EventData"":{""Data"":[{""@Name"":""SubjectUserSid"",""#text"":""S-1-5-18""},{""@Name"":""SubjectUserName"",""#text"":""DISSTESTBEDVM$""},{""@Name"":""SubjectDomainName"",""#text"":""WORKGROUP""},{""@Name"":""SubjectLogonId"",""#text"":""0x3E7""},{""@Name"":""Status"",""#text"":""0x0""},{""@Name"":""ProcessId"",""#text"":""0x2B08""},{""@Name"":""ProcessName"",""#text"":""C:\\Windows\\System32\\dllhost.exe""}]}}"
32360,32360,2026-08-22 21:01:25.3802789,4688,LogAlways,Microsoft-Windows-Security-Auditing,Security,4,132,disstestbedvm,384,,A new process has been created,WORKGROUP\DISSTESTBEDVM$,,Parent process: C:\Windows\System32\svchost.exe,PID: 0x3F4,Parent PID: 0x2CC4,Mandatory label: SECURITY_MANDATORY_LOW_RID,Target User: disstestbedvm\dfanalyst,,"C:\Windows\System32\backgroundTaskHost.exe ""C:\WINDOWS\system32\backgroundTaskHost.exe"" -ServerName:App.AppXmtcan0h2tfbfy7k9kn8hbxb6dmzz1zh0.mca",False,D:\UOW\SEM3\msc-diss-7csef001w\scenarios\scenario_4\run_3\artefacts\event_logs\Security.evtx,Audit success,0,"{""EventData"":{""Data"":[{""@Name"":""SubjectUserSid"",""#text"":""S-1-5-18""},{""@Name"":""SubjectUserName"",""#text"":""DISSTESTBEDVM$""},{""@Name"":""SubjectDomainName"",""#text"":""WORKGROUP""},{""@Name"":""SubjectLogonId"",""#text"":""0x3E7""},{""@Name"":""NewProcessId"",""#text"":""0x2CC4""},{""@Name"":""NewProcessName"",""#text"":""C:\\Windows\\System32\\backgroundTaskHost.exe""},{""@Name"":""TokenElevationType"",""#text"":""%%1938""},{""@Name"":""ProcessId"",""#text"":""0x3F4""},{""@Name"":""CommandLine"",""#text"":""\""C:\\WINDOWS\\system32\\backgroundTaskHost.exe\"" -ServerName:App.AppXmtcan0h2tfbfy7k9kn8hbxb6dmzz1zh0.mca""},{""@Name"":""TargetUserSid"",""#text"":""S-1-5-21-4209295338-567392030-2519289182-1001""},{""@Name"":""TargetUserName"",""#text"":""dfanalyst""},{""@Name"":""TargetDomainName"",""#text"":""disstestbedvm""},{""@Name"":""TargetLogonId"",""#text"":""0x5729D""},{""@Name"":""ParentProcessName"",""#text"":""C:\\Windows\\System32\\svchost.exe""},{""@Name"":""MandatoryLabel"",""#text"":""S-1-16-4096""}]}}"
32361,32361,2026-08-22 21:01:25.5910097,4688,LogAlways,Microsoft-Windows-Security-Auditing,Security,4,6584,disstestbedvm,384,,A new process has been created,WORKGROUP\DISSTESTBEDVM$,,Parent process: C:\Windows\System32\svchost.exe,PID: 0x3F4,Parent PID: 0x790,Mandatory label: SECURITY_MANDATORY_LOW_RID,Target User: disstestbedvm\dfanalyst,,"C:\Windows\System32\backgroundTaskHost.exe ""C:\WINDOWS\system32\BackgroundTaskHost.exe"" -ServerName:BackgroundTaskHost.WebAccountProvider",False,D:\UOW\SEM3\msc-diss-7csef001w\scenarios\scenario_4\run_3\artefacts\event_logs\Security.evtx,Audit success,0,"{""EventData"":{""Data"":[{""@Name"":""SubjectUserSid"",""#text"":""S-1-5-18""},{""@Name"":""SubjectUserName"",""#text"":""DISSTESTBEDVM$""},{""@Name"":""SubjectDomainName"",""#text"":""WORKGROUP""},{""@Name"":""SubjectLogonId"",""#text"":""0x3E7""},{""@Name"":""NewProcessId"",""#text"":""0x790""},{""@Name"":""NewProcessName"",""#text"":""C:\\Windows\\System32\\backgroundTaskHost.exe""},{""@Name"":""TokenElevationType"",""#text"":""%%1938""},{""@Name"":""ProcessId"",""#text"":""0x3F4""},{""@Name"":""CommandLine"",""#text"":""\""C:\\WINDOWS\\system32\\BackgroundTaskHost.exe\"" -ServerName:BackgroundTaskHost.WebAccountProvider""},{""@Name"":""TargetUserSid"",""#text"":""S-1-5-21-4209295338-567392030-2519289182-1001""},{""@Name"":""TargetUserName"",""#text"":""dfanalyst""},{""@Name"":""TargetDomainName"",""#text"":""disstestbedvm""},{""@Name"":""TargetLogonId"",""#text"":""0x5729D""},{""@Name"":""ParentProcessName"",""#text"":""C:\\Windows\\System32\\svchost.exe""},{""@Name"":""MandatoryLabel"",""#text"":""S-1-16-4096""}]}}"
32362,32362,2026-08-22 21:01:25.7159341,4689,LogAlways,Microsoft-Windows-Security-Auditing,Security,4,2548,disstestbedvm,384,,A process has exited,disstestbedvm\dfanalyst,,,PID: 0x790,,,,,C:\Windows\System32\backgroundTaskHost.exe,False,D:\UOW\SEM3\msc-diss-7csef001w\scenarios\scenario_4\run_3\artefacts\event_logs\Security.evtx,Audit success,0,"{""EventData"":{""Data"":[{""@Name"":""SubjectUserSid"",""#text"":""S-1-5-21-4209295338-567392030-2519289182-1001""},{""@Name"":""SubjectUserName"",""#text"":""dfanalyst""},{""@Name"":""SubjectDomainName"",""#text"":""disstestbedvm""},{""@Name"":""SubjectLogonId"",""#text"":""0x5729D""},{""@Name"":""Status"",""#text"":""0x1""},{""@Name"":""ProcessId"",""#text"":""0x790""},{""@Name"":""ProcessName"",""#text"":""C:\\Windows\\System32\\backgroundTaskHost.exe""}]}}"
32363,32363,2026-08-22 21:01:26.1793694,4663,LogAlways,Microsoft-Windows-Security-Auditing,Security,4,6584,disstestbedvm,384,,Attempt was made to access an object,disstestbedvm\dfanalyst,,ObjectServer: Security,ObjectType: File,ObjectName: \Device\CdRom0\,"AccessList: Unknown code (%%4416, )",,,C:\Windows\explorer.exe,False,D:\UOW\SEM3\msc-diss-7csef001w\scenarios\scenario_4\run_3\artefacts\event_logs\Security.evtx,Audit success,0,"{""EventData"":{""Data"":[{""@Name"":""SubjectUserSid"",""#text"":""S-1-5-21-4209295338-567392030-2519289182-1001""},{""@Name"":""SubjectUserName"",""#text"":""dfanalyst""},{""@Name"":""SubjectDomainName"",""#text"":""disstestbedvm""},{""@Name"":""SubjectLogonId"",""#text"":""0x5729D""},{""@Name"":""ObjectServer"",""#text"":""Security""},{""@Name"":""ObjectType"",""#text"":""File""},{""@Name"":""ObjectName"",""#text"":""\\Device\\CdRom0\\""},{""@Name"":""HandleId"",""#text"":""0x4470""},{""@Name"":""AccessList"",""#text"":""%%4416, ""},{""@Name"":""AccessMask"",""#text"":""0x1""},{""@Name"":""ProcessId"",""#text"":""0x1618""},{""@Name"":""ProcessName"",""#text"":""C:\\Windows\\explorer.exe""},{""@Name"":""ResourceAttributes""}]}}"
32364,32364,2026-08-22 21:01:26.1800284,4663,LogAlways,Microsoft-Windows-Security-Auditing,Security,4,6584,disstestbedvm,384,,Attempt was made to access an object,disstestbedvm\dfanalyst,,ObjectServer: Security,ObjectType: File,ObjectName: \Device\CdRom0\,"AccessList: Unknown code (%%4416, )",,,C:\Windows\explorer.exe,False,D:\UOW\SEM3\msc-diss-7csef001w\scenarios\scenario_4\run_3\artefacts\event_logs\Security.evtx,Audit success,0,"{""EventData"":{""Data"":[{""@Name"":""SubjectUserSid"",""#text"":""S-1-5-21-4209295338-567392030-2519289182-1001""},{""@Name"":""SubjectUserName"",""#text"":""dfanalyst""},{""@Name"":""SubjectDomainName"",""#text"":""disstestbedvm""},{""@Name"":""SubjectLogonId"",""#text"":""0x5729D""},{""@Name"":""ObjectServer"",""#text"":""Security""},{""@Name"":""ObjectType"",""#text"":""File""},{""@Name"":""ObjectName"",""#text"":""\\Device\\CdRom0\\""},{""@Name"":""HandleId"",""#text"":""0x5F8""},{""@Name"":""AccessList"",""#text"":""%%4416, ""},{""@Name"":""AccessMask"",""#text"":""0x1""},{""@Name"":""ProcessId"",""#text"":""0x1618""},{""@Name"":""ProcessName"",""#text"":""C:\\Windows\\explorer.exe""},{""@Name"":""ResourceAttributes""}]}}"
32365,32365,2026-08-22 21:01:26.2524910,4663,LogAlways,Microsoft-Windows-Security-Auditing,Security,4,6584,disstestbedvm,384,,Attempt was made to access an object,disstestbedvm\dfanalyst,,ObjectServer: Security,ObjectType: File,ObjectName: \Device\CdRom0\,"AccessList: Unknown code (%%4416, )",,,C:\Windows\explorer.exe,False,D:\UOW\SEM3\msc-diss-7csef001w\scenarios\scenario_4\run_3\artefacts\event_logs\Security.evtx,Audit success,0,"{""EventData"":{""Data"":[{""@Name"":""SubjectUserSid"",""#text"":""S-1-5-21-4209295338-567392030-2519289182-1001""},{""@Name"":""SubjectUserName"",""#text"":""dfanalyst""},{""@Name"":""SubjectDomainName"",""#text"":""disstestbedvm""},{""@Name"":""SubjectLogonId"",""#text"":""0x5729D""},{""@Name"":""ObjectServer"",""#text"":""Security""},{""@Name"":""ObjectType"",""#text"":""File""},{""@Name"":""ObjectName"",""#text"":""\\Device\\CdRom0\\""},{""@Name"":""HandleId"",""#text"":""0x447C""},{""@Name"":""AccessList"",""#text"":""%%4416, ""},{""@Name"":""AccessMask"",""#text"":""0x1""},{""@Name"":""ProcessId"",""#text"":""0x1618""},{""@Name"":""ProcessName"",""#text"":""C:\\Windows\\explorer.exe""},{""@Name"":""ResourceAttributes""}]}}"
32366,32366,2026-08-22 21:01:26.2533392,4663,LogAlways,Microsoft-Windows-Security-Auditing,Security,4,6584,disstestbedvm,384,,Attempt was made to access an object,disstestbedvm\dfanalyst,,ObjectServer: Security,ObjectType: File,ObjectName: \Device\CdRom0\,"AccessList: Unknown code (%%4416, )",,,C:\Windows\explorer.exe,False,D:\UOW\SEM3\msc-diss-7csef001w\scenarios\scenario_4\run_3\artefacts\event_logs\Security.evtx,Audit success,0,"{""EventData"":{""Data"":[{""@Name"":""SubjectUserSid"",""#text"":""S-1-5-21-4209295338-567392030-2519289182-1001""},{""@Name"":""SubjectUserName"",""#text"":""dfanalyst""},{""@Name"":""SubjectDomainName"",""#text"":""disstestbedvm""},{""@Name"":""SubjectLogonId"",""#text"":""0x5729D""},{""@Name"":""ObjectServer"",""#text"":""Security""},{""@Name"":""ObjectType"",""#text"":""File""},{""@Name"":""ObjectName"",""#text"":""\\Device\\CdRom0\\""},{""@Name"":""HandleId"",""#text"":""0x2950""},{""@Name"":""AccessList"",""#text"":""%%4416, ""},{""@Name"":""AccessMask"",""#text"":""0x1""},{""@Name"":""ProcessId"",""#text"":""0x1618""},{""@Name"":""ProcessName"",""#text"":""C:\\Windows\\explorer.exe""},{""@Name"":""ResourceAttributes""}]}}"
32367,32367,2026-08-22 21:01:26.2914829,4663,LogAlways,Microsoft-Windows-Security-Auditing,Security,4,6584,disstestbedvm,384,,Attempt was made to access an object,disstestbedvm\dfanalyst,,ObjectServer: Security,ObjectType: File,ObjectName: \Device\CdRom0\,"AccessList: Unknown code (%%4416, )",,,C:\Windows\explorer.exe,False,D:\UOW\SEM3\msc-diss-7csef001w\scenarios\scenario_4\run_3\artefacts\event_logs\Security.evtx,Audit success,0,"{""EventData"":{""Data"":[{""@Name"":""SubjectUserSid"",""#text"":""S-1-5-21-4209295338-567392030-2519289182-1001""},{""@Name"":""SubjectUserName"",""#text"":""dfanalyst""},{""@Name"":""SubjectDomainName"",""#text"":""disstestbedvm""},{""@Name"":""SubjectLogonId"",""#text"":""0x5729D""},{""@Name"":""ObjectServer"",""#text"":""Security""},{""@Name"":""ObjectType"",""#text"":""File""},{""@Name"":""ObjectName"",""#text"":""\\Device\\CdRom0\\""},{""@Name"":""HandleId"",""#text"":""0x4264""},{""@Name"":""AccessList"",""#text"":""%%4416, ""},{""@Name"":""AccessMask"",""#text"":""0x1""},{""@Name"":""ProcessId"",""#text"":""0x1618""},{""@Name"":""ProcessName"",""#text"":""C:\\Windows\\explorer.exe""},{""@Name"":""ResourceAttributes""}]}}"
32368,32368,2026-08-22 21:01:26.2922885,4663,LogAlways,Microsoft-Windows-Security-Auditing,Security,4,6584,disstestbedvm,384,,Attempt was made to access an object,disstestbedvm\dfanalyst,,ObjectServer: Security,ObjectType: File,ObjectName: \Device\CdRom0\,"AccessList: Unknown code (%%4416, )",,,C:\Windows\explorer.exe,False,D:\UOW\SEM3\msc-diss-7csef001w\scenarios\scenario_4\run_3\artefacts\event_logs\Security.evtx,Audit success,0,"{""EventData"":{""Data"":[{""@Name"":""SubjectUserSid"",""#text"":""S-1-5-21-4209295338-567392030-2519289182-1001""},{""@Name"":""SubjectUserName"",""#text"":""dfanalyst""},{""@Name"":""SubjectDomainName"",""#text"":""disstestbedvm""},{""@Name"":""SubjectLogonId"",""#text"":""0x5729D""},{""@Name"":""ObjectServer"",""#text"":""Security""},{""@Name"":""ObjectType"",""#text"":""File""},{""@Name"":""ObjectName"",""#text"":""\\Device\\CdRom0\\""},{""@Name"":""HandleId"",""#text"":""0x16D0""},{""@Name"":""AccessList"",""#text"":""%%4416, ""},{""@Name"":""AccessMask"",""#text"":""0x1""},{""@Name"":""ProcessId"",""#text"":""0x1618""},{""@Name"":""ProcessName"",""#text"":""C:\\Windows\\explorer.exe""},{""@Name"":""ResourceAttributes""}]}}"
32369,32369,2026-08-22 21:01:26.3341300,4663,LogAlways,Microsoft-Windows-Security-Auditing,Security,4,2548,disstestbedvm,384,,Attempt was made to access an object,disstestbedvm\dfanalyst,,ObjectServer: Security,ObjectType: File,ObjectName: \Device\CdRom0\,"AccessList: Unknown code (%%4416, )",,,C:\Windows\explorer.exe,False,D:\UOW\SEM3\msc-diss-7csef001w\scenarios\scenario_4\run_3\artefacts\event_logs\Security.evtx,Audit success,0,"{""EventData"":{""Data"":[{""@Name"":""SubjectUserSid"",""#text"":""S-1-5-21-4209295338-567392030-2519289182-1001""},{""@Name"":""SubjectUserName"",""#text"":""dfanalyst""},{""@Name"":""SubjectDomainName"",""#text"":""disstestbedvm""},{""@Name"":""SubjectLogonId"",""#text"":""0x5729D""},{""@Name"":""ObjectServer"",""#text"":""Security""},{""@Name"":""ObjectType"",""#text"":""File""},{""@Name"":""ObjectName"",""#text"":""\\Device\\CdRom0\\""},{""@Name"":""HandleId"",""#text"":""0x4460""},{""@Name"":""AccessList"",""#text"":""%%4416, ""},{""@Name"":""AccessMask"",""#text"":""0x1""},{""@Name"":""ProcessId"",""#text"":""0x1618""},{""@Name"":""ProcessName"",""#text"":""C:\\Windows\\explorer.exe""},{""@Name"":""ResourceAttributes""}]}}"
32370,32370,2026-08-22 21:01:26.3347976,4663,LogAlways,Microsoft-Windows-Security-Auditing,Security,4,2548,disstestbedvm,384,,Attempt was made to access an object,disstestbedvm\dfanalyst,,ObjectServer: Security,ObjectType: File,ObjectName: \Device\CdRom0\,"AccessList: Unknown code (%%4416, )",,,C:\Windows\explorer.exe,False,D:\UOW\SEM3\msc-diss-7csef001w\scenarios\scenario_4\run_3\artefacts\event_logs\Security.evtx,Audit success,0,"{""EventData"":{""Data"":[{""@Name"":""SubjectUserSid"",""#text"":""S-1-5-21-4209295338-567392030-2519289182-1001""},{""@Name"":""SubjectUserName"",""#text"":""dfanalyst""},{""@Name"":""SubjectDomainName"",""#text"":""disstestbedvm""},{""@Name"":""SubjectLogonId"",""#text"":""0x5729D""},{""@Name"":""ObjectServer"",""#text"":""Security""},{""@Name"":""ObjectType"",""#text"":""File""},{""@Name"":""ObjectName"",""#text"":""\\Device\\CdRom0\\""},{""@Name"":""HandleId"",""#text"":""0x3280""},{""@Name"":""AccessList"",""#text"":""%%4416, ""},{""@Name"":""AccessMask"",""#text"":""0x1""},{""@Name"":""ProcessId"",""#text"":""0x1618""},{""@Name"":""ProcessName"",""#text"":""C:\\Windows\\explorer.exe""},{""@Name"":""ResourceAttributes""}]}}"
32371,32371,2026-08-22 21:01:26.4077347,4663,LogAlways,Microsoft-Windows-Security-Auditing,Security,4,2548,disstestbedvm,384,,Attempt was made to access an object,disstestbedvm\dfanalyst,,ObjectServer: Security,ObjectType: File,ObjectName: \Device\CdRom0\,"AccessList: Unknown code (%%4416, )",,,C:\Windows\explorer.exe,False,D:\UOW\SEM3\msc-diss-7csef001w\scenarios\scenario_4\run_3\artefacts\event_logs\Security.evtx,Audit success,0,"{""EventData"":{""Data"":[{""@Name"":""SubjectUserSid"",""#text"":""S-1-5-21-4209295338-567392030-2519289182-1001""},{""@Name"":""SubjectUserName"",""#text"":""dfanalyst""},{""@Name"":""SubjectDomainName"",""#text"":""disstestbedvm""},{""@Name"":""SubjectLogonId"",""#text"":""0x5729D""},{""@Name"":""ObjectServer"",""#text"":""Security""},{""@Name"":""ObjectType"",""#text"":""File""},{""@Name"":""ObjectName"",""#text"":""\\Device\\CdRom0\\""},{""@Name"":""HandleId"",""#text"":""0x29A0""},{""@Name"":""AccessList"",""#text"":""%%4416, ""},{""@Name"":""AccessMask"",""#text"":""0x1""},{""@Name"":""ProcessId"",""#text"":""0x1618""},{""@Name"":""ProcessName"",""#text"":""C:\\Windows\\explorer.exe""},{""@Name"":""ResourceAttributes""}]}}"
32372,32372,2026-08-22 21:01:26.4084014,4663,LogAlways,Microsoft-Windows-Security-Auditing,Security,4,2548,disstestbedvm,384,,Attempt was made to access an object,disstestbedvm\dfanalyst,,ObjectServer: Security,ObjectType: File,ObjectName: \Device\CdRom0\,"AccessList: Unknown code (%%4416, )",,,C:\Windows\explorer.exe,False,D:\UOW\SEM3\msc-diss-7csef001w\scenarios\scenario_4\run_3\artefacts\event_logs\Security.evtx,Audit success,0,"{""EventData"":{""Data"":[{""@Name"":""SubjectUserSid"",""#text"":""S-1-5-21-4209295338-567392030-2519289182-1001""},{""@Name"":""SubjectUserName"",""#text"":""dfanalyst""},{""@Name"":""SubjectDomainName"",""#text"":""disstestbedvm""},{""@Name"":""SubjectLogonId"",""#text"":""0x5729D""},{""@Name"":""ObjectServer"",""#text"":""Security""},{""@Name"":""ObjectType"",""#text"":""File""},{""@Name"":""ObjectName"",""#text"":""\\Device\\CdRom0\\""},{""@Name"":""HandleId"",""#text"":""0x46D4""},{""@Name"":""AccessList"",""#text"":""%%4416, ""},{""@Name"":""AccessMask"",""#text"":""0x1""},{""@Name"":""ProcessId"",""#text"":""0x1618""},{""@Name"":""ProcessName"",""#text"":""C:\\Windows\\explorer.exe""},{""@Name"":""ResourceAttributes""}]}}"
32373,32373,2026-08-22 21:01:26.8441269,4689,LogAlways,Microsoft-Windows-Security-Auditing,Security,4,2548,disstestbedvm,384,,A process has exited,disstestbedvm\dfanalyst,,,PID: 0x2CC4,,,,,C:\Windows\System32\backgroundTaskHost.exe,False,D:\UOW\SEM3\msc-diss-7csef001w\scenarios\scenario_4\run_3\artefacts\event_logs\Security.evtx,Audit success,0,"{""EventData"":{""Data"":[{""@Name"":""SubjectUserSid"",""#text"":""S-1-5-21-4209295338-567392030-2519289182-1001""},{""@Name"":""SubjectUserName"",""#text"":""dfanalyst""},{""@Name"":""SubjectDomainName"",""#text"":""disstestbedvm""},{""@Name"":""SubjectLogonId"",""#text"":""0x5729D""},{""@Name"":""Status"",""#text"":""0x1""},{""@Name"":""ProcessId"",""#text"":""0x2CC4""},{""@Name"":""ProcessName"",""#text"":""C:\\Windows\\System32\\backgroundTaskHost.exe""}]}}"
32375,32375,2026-08-22 21:01:54.1683890,4688,LogAlways,Microsoft-Windows-Security-Auditing,Security,4,6592,disstestbedvm,384,,A new process has been created,WORKGROUP\DISSTESTBEDVM$,,Parent process: C:\Windows\System32\svchost.exe,PID: 0x3F4,Parent PID: 0xA00,Mandatory label: SECURITY_MANDATORY_MEDIUM_RID,Target User: disstestbedvm\dfanalyst,,"C:\Windows\System32\rundll32.exe C:\WINDOWS\System32\rundll32.exe C:\WINDOWS\System32\shell32.dll,SHCreateLocalServerRunDll {9aa46009-3ce0-458a-a354-715610a075e6} -Embedding",False,D:\UOW\SEM3\msc-diss-7csef001w\scenarios\scenario_4\run_3\artefacts\event_logs\Security.evtx,Audit success,0,"{""EventData"":{""Data"":[{""@Name"":""SubjectUserSid"",""#text"":""S-1-5-18""},{""@Name"":""SubjectUserName"",""#text"":""DISSTESTBEDVM$""},{""@Name"":""SubjectDomainName"",""#text"":""WORKGROUP""},{""@Name"":""SubjectLogonId"",""#text"":""0x3E7""},{""@Name"":""NewProcessId"",""#text"":""0xA00""},{""@Name"":""NewProcessName"",""#text"":""C:\\Windows\\System32\\rundll32.exe""},{""@Name"":""TokenElevationType"",""#text"":""%%1938""},{""@Name"":""ProcessId"",""#text"":""0x3F4""},{""@Name"":""CommandLine"",""#text"":""C:\\WINDOWS\\System32\\rundll32.exe C:\\WINDOWS\\System32\\shell32.dll,SHCreateLocalServerRunDll {9aa46009-3ce0-458a-a354-715610a075e6} -Embedding""},{""@Name"":""TargetUserSid"",""#text"":""S-1-5-21-4209295338-567392030-2519289182-1001""},{""@Name"":""TargetUserName"",""#text"":""dfanalyst""},{""@Name"":""TargetDomainName"",""#text"":""disstestbedvm""},{""@Name"":""TargetLogonId"",""#text"":""0x5729D""},{""@Name"":""ParentProcessName"",""#text"":""C:\\Windows\\System32\\svchost.exe""},{""@Name"":""MandatoryLabel"",""#text"":""S-1-16-8192""}]}}"
32376,32376,2026-08-22 21:01:54.2124578,4689,LogAlways,Microsoft-Windows-Security-Auditing,Security,4,6592,disstestbedvm,384,,A process has exited,disstestbedvm\dfanalyst,,,PID: 0xA00,,,,,C:\Windows\System32\rundll32.exe,False,D:\UOW\SEM3\msc-diss-7csef001w\scenarios\scenario_4\run_3\artefacts\event_logs\Security.evtx,Audit success,0,"{""EventData"":{""Data"":[{""@Name"":""SubjectUserSid"",""#text"":""S-1-5-21-4209295338-567392030-2519289182-1001""},{""@Name"":""SubjectUserName"",""#text"":""dfanalyst""},{""@Name"":""SubjectDomainName"",""#text"":""disstestbedvm""},{""@Name"":""SubjectLogonId"",""#text"":""0x5729D""},{""@Name"":""Status"",""#text"":""0x0""},{""@Name"":""ProcessId"",""#text"":""0xA00""},{""@Name"":""ProcessName"",""#text"":""C:\\Windows\\System32\\rundll32.exe""}]}}"
32377,32377,2026-08-22 21:01:55.8251726,4689,LogAlways,Microsoft-Windows-Security-Auditing,Security,4,132,disstestbedvm,384,,A process has exited,disstestbedvm\dfanalyst,,,PID: 0x1EF4,,,,,C:\Windows\SystemApps\MicrosoftWindows.Client.CBS_cw5n1h2txyewy\SoftLandingTask\SoftLandingTask.exe,False,D:\UOW\SEM3\msc-diss-7csef001w\scenarios\scenario_4\run_3\artefacts\event_logs\Security.evtx,Audit success,0,"{""EventData"":{""Data"":[{""@Name"":""SubjectUserSid"",""#text"":""S-1-5-21-4209295338-567392030-2519289182-1001""},{""@Name"":""SubjectUserName"",""#text"":""dfanalyst""},{""@Name"":""SubjectDomainName"",""#text"":""disstestbedvm""},{""@Name"":""SubjectLogonId"",""#text"":""0x5729D""},{""@Name"":""Status"",""#text"":""0x0""},{""@Name"":""ProcessId"",""#text"":""0x1EF4""},{""@Name"":""ProcessName"",""#text"":""C:\\Windows\\SystemApps\\MicrosoftWindows.Client.CBS_cw5n1h2txyewy\\SoftLandingTask\\SoftLandingTask.exe""}]}}"
32378,32378,2026-08-22 21:01:56.1065498,4688,LogAlways,Microsoft-Windows-Security-Auditing,Security,4,132,disstestbedvm,384,,A new process has been created,WORKGROUP\DISSTESTBEDVM$,,Parent process: C:\Windows\System32\svchost.exe,PID: 0x8C8,Parent PID: 0x4D0,Mandatory label: SECURITY_MANDATORY_SYSTEM_RID,Target User: -\-,,C:\Windows\System32\taskhostw.exe taskhostw.exe,False,D:\UOW\SEM3\msc-diss-7csef001w\scenarios\scenario_4\run_3\artefacts\event_logs\Security.evtx,Audit success,0,"{""EventData"":{""Data"":[{""@Name"":""SubjectUserSid"",""#text"":""S-1-5-18""},{""@Name"":""SubjectUserName"",""#text"":""DISSTESTBEDVM$""},{""@Name"":""SubjectDomainName"",""#text"":""WORKGROUP""},{""@Name"":""SubjectLogonId"",""#text"":""0x3E7""},{""@Name"":""NewProcessId"",""#text"":""0x4D0""},{""@Name"":""NewProcessName"",""#text"":""C:\\Windows\\System32\\taskhostw.exe""},{""@Name"":""TokenElevationType"",""#text"":""%%1936""},{""@Name"":""ProcessId"",""#text"":""0x8C8""},{""@Name"":""CommandLine"",""#text"":""taskhostw.exe""},{""@Name"":""TargetUserSid"",""#text"":""S-1-0-0""},{""@Name"":""TargetUserName"",""#text"":""-""},{""@Name"":""TargetDomainName"",""#text"":""-""},{""@Name"":""TargetLogonId"",""#text"":""0x0""},{""@Name"":""ParentProcessName"",""#text"":""C:\\Windows\\System32\\svchost.exe""},{""@Name"":""MandatoryLabel"",""#text"":""S-1-16-16384""}]}}"
32379,32379,2026-08-22 21:01:57.1201391,4689,LogAlways,Microsoft-Windows-Security-Auditing,Security,4,6592,disstestbedvm,384,,A process has exited,WORKGROUP\DISSTESTBEDVM$,,,PID: 0x4D0,,,,,C:\Windows\System32\taskhostw.exe,False,D:\UOW\SEM3\msc-diss-7csef001w\scenarios\scenario_4\run_3\artefacts\event_logs\Security.evtx,Audit success,0,"{""EventData"":{""Data"":[{""@Name"":""SubjectUserSid"",""#text"":""S-1-5-18""},{""@Name"":""SubjectUserName"",""#text"":""DISSTESTBEDVM$""},{""@Name"":""SubjectDomainName"",""#text"":""WORKGROUP""},{""@Name"":""SubjectLogonId"",""#text"":""0x3E7""},{""@Name"":""Status"",""#text"":""0x0""},{""@Name"":""ProcessId"",""#text"":""0x4D0""},{""@Name"":""ProcessName"",""#text"":""C:\\Windows\\System32\\taskhostw.exe""}]}}"
32380,32380,2026-08-22 21:02:01.0025498,4689,LogAlways,Microsoft-Windows-Security-Auditing,Security,4,6592,disstestbedvm,384,,A process has exited,WORKGROUP\DISSTESTBEDVM$,,,PID: 0x2210,,,,,C:\Windows\System32\wbem\WMIADAP.exe,False,D:\UOW\SEM3\msc-diss-7csef001w\scenarios\scenario_4\run_3\artefacts\event_logs\Security.evtx,Audit success,0,"{""EventData"":{""Data"":[{""@Name"":""SubjectUserSid"",""#text"":""S-1-5-18""},{""@Name"":""SubjectUserName"",""#text"":""DISSTESTBEDVM$""},{""@Name"":""SubjectDomainName"",""#text"":""WORKGROUP""},{""@Name"":""SubjectLogonId"",""#text"":""0x3E7""},{""@Name"":""Status"",""#text"":""0x0""},{""@Name"":""ProcessId"",""#text"":""0x2210""},{""@Name"":""ProcessName"",""#text"":""C:\\Windows\\System32\\wbem\\WMIADAP.exe""}]}}"
32381,32381,2026-08-22 21:02:07.2626759,4688,LogAlways,Microsoft-Windows-Security-Auditing,Security,4,216,disstestbedvm,384,,A new process has been created,WORKGROUP\DISSTESTBEDVM$,,Parent process: C:\Windows\System32\svchost.exe,PID: 0x8C8,Parent PID: 0x2EB8,Mandatory label: SECURITY_MANDATORY_SYSTEM_RID,Target User: -\-,,C:\Windows\System32\taskhostw.exe taskhostw.exe,False,D:\UOW\SEM3\msc-diss-7csef001w\scenarios\scenario_4\run_3\artefacts\event_logs\Security.evtx,Audit success,0,"{""EventData"":{""Data"":[{""@Name"":""SubjectUserSid"",""#text"":""S-1-5-18""},{""@Name"":""SubjectUserName"",""#text"":""DISSTESTBEDVM$""},{""@Name"":""SubjectDomainName"",""#text"":""WORKGROUP""},{""@Name"":""SubjectLogonId"",""#text"":""0x3E7""},{""@Name"":""NewProcessId"",""#text"":""0x2EB8""},{""@Name"":""NewProcessName"",""#text"":""C:\\Windows\\System32\\taskhostw.exe""},{""@Name"":""TokenElevationType"",""#text"":""%%1936""},{""@Name"":""ProcessId"",""#text"":""0x8C8""},{""@Name"":""CommandLine"",""#text"":""taskhostw.exe""},{""@Name"":""TargetUserSid"",""#text"":""S-1-0-0""},{""@Name"":""TargetUserName"",""#text"":""-""},{""@Name"":""TargetDomainName"",""#text"":""-""},{""@Name"":""TargetLogonId"",""#text"":""0x0""},{""@Name"":""ParentProcessName"",""#text"":""C:\\Windows\\System32\\svchost.exe""},{""@Name"":""MandatoryLabel"",""#text"":""S-1-16-16384""}]}}"
32382,32382,2026-08-22 21:02:07.3259162,4689,LogAlways,Microsoft-Windows-Security-Auditing,Security,4,6592,disstestbedvm,384,,A process has exited,WORKGROUP\DISSTESTBEDVM$,,,PID: 0x2EB8,,,,,C:\Windows\System32\taskhostw.exe,False,D:\UOW\SEM3\msc-diss-7csef001w\scenarios\scenario_4\run_3\artefacts\event_logs\Security.evtx,Audit success,0,"{""EventData"":{""Data"":[{""@Name"":""SubjectUserSid"",""#text"":""S-1-5-18""},{""@Name"":""SubjectUserName"",""#text"":""DISSTESTBEDVM$""},{""@Name"":""SubjectDomainName"",""#text"":""WORKGROUP""},{""@Name"":""SubjectLogonId"",""#text"":""0x3E7""},{""@Name"":""Status"",""#text"":""0x0""},{""@Name"":""ProcessId"",""#text"":""0x2EB8""},{""@Name"":""ProcessName"",""#text"":""C:\\Windows\\System32\\taskhostw.exe""}]}}"
32383,32383,2026-08-22 21:02:07.3774967,4688,LogAlways,Microsoft-Windows-Security-Auditing,Security,4,6592,disstestbedvm,384,,A new process has been created,WORKGROUP\DISSTESTBEDVM$,,Parent process: C:\Windows\System32\svchost.exe,PID: 0x8C8,Parent PID: 0x1360,Mandatory label: SECURITY_MANDATORY_SYSTEM_RID,Target User: -\-,,C:\Windows\System32\taskhostw.exe taskhostw.exe SBServicing,False,D:\UOW\SEM3\msc-diss-7csef001w\scenarios\scenario_4\run_3\artefacts\event_logs\Security.evtx,Audit success,0,"{""EventData"":{""Data"":[{""@Name"":""SubjectUserSid"",""#text"":""S-1-5-18""},{""@Name"":""SubjectUserName"",""#text"":""DISSTESTBEDVM$""},{""@Name"":""SubjectDomainName"",""#text"":""WORKGROUP""},{""@Name"":""SubjectLogonId"",""#text"":""0x3E7""},{""@Name"":""NewProcessId"",""#text"":""0x1360""},{""@Name"":""NewProcessName"",""#text"":""C:\\Windows\\System32\\taskhostw.exe""},{""@Name"":""TokenElevationType"",""#text"":""%%1936""},{""@Name"":""ProcessId"",""#text"":""0x8C8""},{""@Name"":""CommandLine"",""#text"":""taskhostw.exe SBServicing""},{""@Name"":""TargetUserSid"",""#text"":""S-1-0-0""},{""@Name"":""TargetUserName"",""#text"":""-""},{""@Name"":""TargetDomainName"",""#text"":""-""},{""@Name"":""TargetLogonId"",""#text"":""0x0""},{""@Name"":""ParentProcessName"",""#text"":""C:\\Windows\\System32\\svchost.exe""},{""@Name"":""MandatoryLabel"",""#text"":""S-1-16-16384""}]}}"
32384,32384,2026-08-22 21:02:09.3265225,4689,LogAlways,Microsoft-Windows-Security-Auditing,Security,4,6592,disstestbedvm,384,,A process has exited,WORKGROUP\DISSTESTBEDVM$,,,PID: 0x1360,,,,,C:\Windows\System32\taskhostw.exe,False,D:\UOW\SEM3\msc-diss-7csef001w\scenarios\scenario_4\run_3\artefacts\event_logs\Security.evtx,Audit success,0,"{""EventData"":{""Data"":[{""@Name"":""SubjectUserSid"",""#text"":""S-1-5-18""},{""@Name"":""SubjectUserName"",""#text"":""DISSTESTBEDVM$""},{""@Name"":""SubjectDomainName"",""#text"":""WORKGROUP""},{""@Name"":""SubjectLogonId"",""#text"":""0x3E7""},{""@Name"":""Status"",""#text"":""0x0""},{""@Name"":""ProcessId"",""#text"":""0x1360""},{""@Name"":""ProcessName"",""#text"":""C:\\Windows\\System32\\taskhostw.exe""}]}}"
32385,32385,2026-08-22 21:02:11.5053334,4689,LogAlways,Microsoft-Windows-Security-Auditing,Security,4,252,disstestbedvm,384,,A process has exited,WORKGROUP\DISSTESTBEDVM$,,,PID: 0x11C0,,,,,C:\Windows\System32\svchost.exe,False,D:\UOW\SEM3\msc-diss-7csef001w\scenarios\scenario_4\run_3\artefacts\event_logs\Security.evtx,Audit success,0,"{""EventData"":{""Data"":[{""@Name"":""SubjectUserSid"",""#text"":""S-1-5-18""},{""@Name"":""SubjectUserName"",""#text"":""DISSTESTBEDVM$""},{""@Name"":""SubjectDomainName"",""#text"":""WORKGROUP""},{""@Name"":""SubjectLogonId"",""#text"":""0x3E7""},{""@Name"":""Status"",""#text"":""0x0""},{""@Name"":""ProcessId"",""#text"":""0x11C0""},{""@Name"":""ProcessName"",""#text"":""C:\\Windows\\System32\\svchost.exe""}]}}"
32386,32386,2026-08-22 21:02:12.9305083,4688,LogAlways,Microsoft-Windows-Security-Auditing,Security,4,8544,disstestbedvm,384,,A new process has been created,WORKGROUP\DISSTESTBEDVM$,,Parent process: C:\Windows\System32\svchost.exe,PID: 0x8C8,Parent PID: 0x858,Mandatory label: SECURITY_MANDATORY_MEDIUM_RID,Target User: disstestbedvm\dfanalyst,,C:\Windows\System32\taskhostw.exe taskhostw.exe Logon,False,D:\UOW\SEM3\msc-diss-7csef001w\scenarios\scenario_4\run_3\artefacts\event_logs\Security.evtx,Audit success,0,"{""EventData"":{""Data"":[{""@Name"":""SubjectUserSid"",""#text"":""S-1-5-18""},{""@Name"":""SubjectUserName"",""#text"":""DISSTESTBEDVM$""},{""@Name"":""SubjectDomainName"",""#text"":""WORKGROUP""},{""@Name"":""SubjectLogonId"",""#text"":""0x3E7""},{""@Name"":""NewProcessId"",""#text"":""0x858""},{""@Name"":""NewProcessName"",""#text"":""C:\\Windows\\System32\\taskhostw.exe""},{""@Name"":""TokenElevationType"",""#text"":""%%1938""},{""@Name"":""ProcessId"",""#text"":""0x8C8""},{""@Name"":""CommandLine"",""#text"":""taskhostw.exe Logon""},{""@Name"":""TargetUserSid"",""#text"":""S-1-5-21-4209295338-567392030-2519289182-1001""},{""@Name"":""TargetUserName"",""#text"":""dfanalyst""},{""@Name"":""TargetDomainName"",""#text"":""disstestbedvm""},{""@Name"":""TargetLogonId"",""#text"":""0x5729D""},{""@Name"":""ParentProcessName"",""#text"":""C:\\Windows\\System32\\svchost.exe""},{""@Name"":""MandatoryLabel"",""#text"":""S-1-16-8192""}]}}"
32387,32387,2026-08-22 21:02:12.9673321,4689,LogAlways,Microsoft-Windows-Security-Auditing,Security,4,252,disstestbedvm,384,,A process has exited,disstestbedvm\dfanalyst,,,PID: 0x858,,,,,C:\Windows\System32\taskhostw.exe,False,D:\UOW\SEM3\msc-diss-7csef001w\scenarios\scenario_4\run_3\artefacts\event_logs\Security.evtx,Audit success,0,"{""EventData"":{""Data"":[{""@Name"":""SubjectUserSid"",""#text"":""S-1-5-21-4209295338-567392030-2519289182-1001""},{""@Name"":""SubjectUserName"",""#text"":""dfanalyst""},{""@Name"":""SubjectDomainName"",""#text"":""disstestbedvm""},{""@Name"":""SubjectLogonId"",""#text"":""0x5729D""},{""@Name"":""Status"",""#text"":""0x0""},{""@Name"":""ProcessId"",""#text"":""0x858""},{""@Name"":""ProcessName"",""#text"":""C:\\Windows\\System32\\taskhostw.exe""}]}}"
32388,32388,2026-08-22 21:02:16.8467726,4688,LogAlways,Microsoft-Windows-Security-Auditing,Security,4,6592,disstestbedvm,384,,A new process has been created,WORKGROUP\DISSTESTBEDVM$,,Parent process: C:\Windows\System32\svchost.exe,PID: 0x8C8,Parent PID: 0xE54,Mandatory label: SECURITY_MANDATORY_SYSTEM_RID,Target User: -\-,,C:\Windows\System32\taskhostw.exe taskhostw.exe,False,D:\UOW\SEM3\msc-diss-7csef001w\scenarios\scenario_4\run_3\artefacts\event_logs\Security.evtx,Audit success,0,"{""EventData"":{""Data"":[{""@Name"":""SubjectUserSid"",""#text"":""S-1-5-18""},{""@Name"":""SubjectUserName"",""#text"":""DISSTESTBEDVM$""},{""@Name"":""SubjectDomainName"",""#text"":""WORKGROUP""},{""@Name"":""SubjectLogonId"",""#text"":""0x3E7""},{""@Name"":""NewProcessId"",""#text"":""0xE54""},{""@Name"":""NewProcessName"",""#text"":""C:\\Windows\\System32\\taskhostw.exe""},{""@Name"":""TokenElevationType"",""#text"":""%%1936""},{""@Name"":""ProcessId"",""#text"":""0x8C8""},{""@Name"":""CommandLine"",""#text"":""taskhostw.exe""},{""@Name"":""TargetUserSid"",""#text"":""S-1-0-0""},{""@Name"":""TargetUserName"",""#text"":""-""},{""@Name"":""TargetDomainName"",""#text"":""-""},{""@Name"":""TargetLogonId"",""#text"":""0x0""},{""@Name"":""ParentProcessName"",""#text"":""C:\\Windows\\System32\\svchost.exe""},{""@Name"":""MandatoryLabel"",""#text"":""S-1-16-16384""}]}}"
32389,32389,2026-08-22 21:02:16.8783020,4689,LogAlways,Microsoft-Windows-Security-Auditing,Security,4,8544,disstestbedvm,384,,A process has exited,WORKGROUP\DISSTESTBEDVM$,,,PID: 0xE54,,,,,C:\Windows\System32\taskhostw.exe,False,D:\UOW\SEM3\msc-diss-7csef001w\scenarios\scenario_4\run_3\artefacts\event_logs\Security.evtx,Audit success,0,"{""EventData"":{""Data"":[{""@Name"":""SubjectUserSid"",""#text"":""S-1-5-18""},{""@Name"":""SubjectUserName"",""#text"":""DISSTESTBEDVM$""},{""@Name"":""SubjectDomainName"",""#text"":""WORKGROUP""},{""@Name"":""SubjectLogonId"",""#text"":""0x3E7""},{""@Name"":""Status"",""#text"":""0x0""},{""@Name"":""ProcessId"",""#text"":""0xE54""},{""@Name"":""ProcessName"",""#text"":""C:\\Windows\\System32\\taskhostw.exe""}]}}"
32391,32391,2026-08-22 21:02:44.2910936,4688,LogAlways,Microsoft-Windows-Security-Auditing,Security,4,2548,disstestbedvm,384,,A new process has been created,disstestbedvm\dfanalyst,,Parent process: C:\Windows\explorer.exe,PID: 0x1618,Parent PID: 0x2D14,Mandatory label: SECURITY_MANDATORY_MEDIUM_RID,Target User: -\-,,"\Device\HarddiskVolume5\PORTABLE\HelloWorld.exe ""E:\PORTABLE\HelloWorld.exe"" ",False,D:\UOW\SEM3\msc-diss-7csef001w\scenarios\scenario_4\run_3\artefacts\event_logs\Security.evtx,Audit success,0,"{""EventData"":{""Data"":[{""@Name"":""SubjectUserSid"",""#text"":""S-1-5-21-4209295338-567392030-2519289182-1001""},{""@Name"":""SubjectUserName"",""#text"":""dfanalyst""},{""@Name"":""SubjectDomainName"",""#text"":""disstestbedvm""},{""@Name"":""SubjectLogonId"",""#text"":""0x5729D""},{""@Name"":""NewProcessId"",""#text"":""0x2D14""},{""@Name"":""NewProcessName"",""#text"":""\\Device\\HarddiskVolume5\\PORTABLE\\HelloWorld.exe""},{""@Name"":""TokenElevationType"",""#text"":""%%1938""},{""@Name"":""ProcessId"",""#text"":""0x1618""},{""@Name"":""CommandLine"",""#text"":""\""E:\\PORTABLE\\HelloWorld.exe\"" ""},{""@Name"":""TargetUserSid"",""#text"":""S-1-0-0""},{""@Name"":""TargetUserName"",""#text"":""-""},{""@Name"":""TargetDomainName"",""#text"":""-""},{""@Name"":""TargetLogonId"",""#text"":""0x0""},{""@Name"":""ParentProcessName"",""#text"":""C:\\Windows\\explorer.exe""},{""@Name"":""MandatoryLabel"",""#text"":""S-1-16-8192""}]}}"
32392,32392,2026-08-22 21:02:44.3060453,4688,LogAlways,Microsoft-Windows-Security-Auditing,Security,4,2548,disstestbedvm,384,,A new process has been created,disstestbedvm\dfanalyst,,Parent process: \Device\HarddiskVolume5\PORTABLE\HelloWorld.exe,PID: 0x2D14,Parent PID: 0x2C8C,Mandatory label: SECURITY_MANDATORY_MEDIUM_RID,Target User: -\-,,C:\Windows\System32\conhost.exe \??\C:\WINDOWS\system32\conhost.exe 0xffffffff -ForceV1,False,D:\UOW\SEM3\msc-diss-7csef001w\scenarios\scenario_4\run_3\artefacts\event_logs\Security.evtx,Audit success,0,"{""EventData"":{""Data"":[{""@Name"":""SubjectUserSid"",""#text"":""S-1-5-21-4209295338-567392030-2519289182-1001""},{""@Name"":""SubjectUserName"",""#text"":""dfanalyst""},{""@Name"":""SubjectDomainName"",""#text"":""disstestbedvm""},{""@Name"":""SubjectLogonId"",""#text"":""0x5729D""},{""@Name"":""NewProcessId"",""#text"":""0x2C8C""},{""@Name"":""NewProcessName"",""#text"":""C:\\Windows\\System32\\conhost.exe""},{""@Name"":""TokenElevationType"",""#text"":""%%1938""},{""@Name"":""ProcessId"",""#text"":""0x2D14""},{""@Name"":""CommandLine"",""#text"":""\\??\\C:\\WINDOWS\\system32\\conhost.exe 0xffffffff -ForceV1""},{""@Name"":""TargetUserSid"",""#text"":""S-1-0-0""},{""@Name"":""TargetUserName"",""#text"":""-""},{""@Name"":""TargetDomainName"",""#text"":""-""},{""@Name"":""TargetLogonId"",""#text"":""0x0""},{""@Name"":""ParentProcessName"",""#text"":""\\Device\\HarddiskVolume5\\PORTABLE\\HelloWorld.exe""},{""@Name"":""MandatoryLabel"",""#text"":""S-1-16-8192""}]}}"
32393,32393,2026-08-22 21:02:44.3433125,4688,LogAlways,Microsoft-Windows-Security-Auditing,Security,4,2548,disstestbedvm,384,,A new process has been created,WORKGROUP\DISSTESTBEDVM$,,Parent process: C:\Windows\System32\svchost.exe,PID: 0x3F4,Parent PID: 0x1114,Mandatory label: SECURITY_MANDATORY_MEDIUM_RID,Target User: disstestbedvm\dfanalyst,,"C:\Program Files\WindowsApps\Microsoft.WindowsTerminal_1.24.11911.0_x64__8wekyb3d8bbwe\OpenConsole.exe ""C:\Program Files\WindowsApps\Microsoft.WindowsTerminal_1.24.11911.0_x64__8wekyb3d8bbwe\OpenConsole.exe"" -Embedding",False,D:\UOW\SEM3\msc-diss-7csef001w\scenarios\scenario_4\run_3\artefacts\event_logs\Security.evtx,Audit success,0,"{""EventData"":{""Data"":[{""@Name"":""SubjectUserSid"",""#text"":""S-1-5-18""},{""@Name"":""SubjectUserName"",""#text"":""DISSTESTBEDVM$""},{""@Name"":""SubjectDomainName"",""#text"":""WORKGROUP""},{""@Name"":""SubjectLogonId"",""#text"":""0x3E7""},{""@Name"":""NewProcessId"",""#text"":""0x1114""},{""@Name"":""NewProcessName"",""#text"":""C:\\Program Files\\WindowsApps\\Microsoft.WindowsTerminal_1.24.11911.0_x64__8wekyb3d8bbwe\\OpenConsole.exe""},{""@Name"":""TokenElevationType"",""#text"":""%%1938""},{""@Name"":""ProcessId"",""#text"":""0x3F4""},{""@Name"":""CommandLine"",""#text"":""\""C:\\Program Files\\WindowsApps\\Microsoft.WindowsTerminal_1.24.11911.0_x64__8wekyb3d8bbwe\\OpenConsole.exe\"" -Embedding""},{""@Name"":""TargetUserSid"",""#text"":""S-1-5-21-4209295338-567392030-2519289182-1001""},{""@Name"":""TargetUserName"",""#text"":""dfanalyst""},{""@Name"":""TargetDomainName"",""#text"":""disstestbedvm""},{""@Name"":""TargetLogonId"",""#text"":""0x5729D""},{""@Name"":""ParentProcessName"",""#text"":""C:\\Windows\\System32\\svchost.exe""},{""@Name"":""MandatoryLabel"",""#text"":""S-1-16-8192""}]}}"
32394,32394,2026-08-22 21:02:44.4351306,4688,LogAlways,Microsoft-Windows-Security-Auditing,Security,4,2548,disstestbedvm,384,,A new process has been created,WORKGROUP\DISSTESTBEDVM$,,Parent process: C:\Windows\System32\svchost.exe,PID: 0x3F4,Parent PID: 0x1004,Mandatory label: SECURITY_MANDATORY_MEDIUM_RID,Target User: disstestbedvm\dfanalyst,,"C:\Program Files\WindowsApps\Microsoft.WindowsTerminal_1.24.11911.0_x64__8wekyb3d8bbwe\WindowsTerminal.exe ""C:\Program Files\WindowsApps\Microsoft.WindowsTerminal_1.24.11911.0_x64__8wekyb3d8bbwe\WindowsTerminal.exe"" -Embedding",False,D:\UOW\SEM3\msc-diss-7csef001w\scenarios\scenario_4\run_3\artefacts\event_logs\Security.evtx,Audit success,0,"{""EventData"":{""Data"":[{""@Name"":""SubjectUserSid"",""#text"":""S-1-5-18""},{""@Name"":""SubjectUserName"",""#text"":""DISSTESTBEDVM$""},{""@Name"":""SubjectDomainName"",""#text"":""WORKGROUP""},{""@Name"":""SubjectLogonId"",""#text"":""0x3E7""},{""@Name"":""NewProcessId"",""#text"":""0x1004""},{""@Name"":""NewProcessName"",""#text"":""C:\\Program Files\\WindowsApps\\Microsoft.WindowsTerminal_1.24.11911.0_x64__8wekyb3d8bbwe\\WindowsTerminal.exe""},{""@Name"":""TokenElevationType"",""#text"":""%%1938""},{""@Name"":""ProcessId"",""#text"":""0x3F4""},{""@Name"":""CommandLine"",""#text"":""\""C:\\Program Files\\WindowsApps\\Microsoft.WindowsTerminal_1.24.11911.0_x64__8wekyb3d8bbwe\\WindowsTerminal.exe\"" -Embedding""},{""@Name"":""TargetUserSid"",""#text"":""S-1-5-21-4209295338-567392030-2519289182-1001""},{""@Name"":""TargetUserName"",""#text"":""dfanalyst""},{""@Name"":""TargetDomainName"",""#text"":""disstestbedvm""},{""@Name"":""TargetLogonId"",""#text"":""0x5729D""},{""@Name"":""ParentProcessName"",""#text"":""C:\\Windows\\System32\\svchost.exe""},{""@Name"":""MandatoryLabel"",""#text"":""S-1-16-8192""}]}}"
32395,32395,2026-08-22 21:02:58.3953787,4689,LogAlways,Microsoft-Windows-Security-Auditing,Security,4,216,disstestbedvm,384,,A process has exited,WORKGROUP\DISSTESTBEDVM$,,,PID: 0x283C,,,,,C:\Windows\System32\svchost.exe,False,D:\UOW\SEM3\msc-diss-7csef001w\scenarios\scenario_4\run_3\artefacts\event_logs\Security.evtx,Audit success,0,"{""EventData"":{""Data"":[{""@Name"":""SubjectUserSid"",""#text"":""S-1-5-18""},{""@Name"":""SubjectUserName"",""#text"":""DISSTESTBEDVM$""},{""@Name"":""SubjectDomainName"",""#text"":""WORKGROUP""},{""@Name"":""SubjectLogonId"",""#text"":""0x3E7""},{""@Name"":""Status"",""#text"":""0x0""},{""@Name"":""ProcessId"",""#text"":""0x283C""},{""@Name"":""ProcessName"",""#text"":""C:\\Windows\\System32\\svchost.exe""}]}}"
32400,32400,2026-08-22 21:03:13.6756175,4663,LogAlways,Microsoft-Windows-Security-Auditing,Security,4,120,disstestbedvm,384,,Attempt was made to access an object,disstestbedvm\dfanalyst,,ObjectServer: Security,ObjectType: File,ObjectName: \Device\CdRom0\setup.exe,"AccessList: Unknown code (%%4416, )",,,C:\Windows\explorer.exe,False,D:\UOW\SEM3\msc-diss-7csef001w\scenarios\scenario_4\run_3\artefacts\event_logs\Security.evtx,Audit success,0,"{""EventData"":{""Data"":[{""@Name"":""SubjectUserSid"",""#text"":""S-1-5-21-4209295338-567392030-2519289182-1001""},{""@Name"":""SubjectUserName"",""#text"":""dfanalyst""},{""@Name"":""SubjectDomainName"",""#text"":""disstestbedvm""},{""@Name"":""SubjectLogonId"",""#text"":""0x5729D""},{""@Name"":""ObjectServer"",""#text"":""Security""},{""@Name"":""ObjectType"",""#text"":""File""},{""@Name"":""ObjectName"",""#text"":""\\Device\\CdRom0\\setup.exe""},{""@Name"":""HandleId"",""#text"":""0x383C""},{""@Name"":""AccessList"",""#text"":""%%4416, ""},{""@Name"":""AccessMask"",""#text"":""0x1""},{""@Name"":""ProcessId"",""#text"":""0x1618""},{""@Name"":""ProcessName"",""#text"":""C:\\Windows\\explorer.exe""},{""@Name"":""ResourceAttributes""}]}}"
32401,32401,2026-08-22 21:03:13.6811599,4688,LogAlways,Microsoft-Windows-Security-Auditing,Security,4,120,disstestbedvm,384,,A new process has been created,WORKGROUP\DISSTESTBEDVM$,,Parent process: C:\Windows\System32\svchost.exe,PID: 0x3F4,Parent PID: 0x26C8,Mandatory label: SECURITY_MANDATORY_MEDIUM_RID,Target User: disstestbedvm\dfanalyst,,C:\Windows\System32\dllhost.exe C:\WINDOWS\system32\DllHost.exe /Processid:{AB8902B4-09CA-4BB6-B78D-A8F59079A8D5},False,D:\UOW\SEM3\msc-diss-7csef001w\scenarios\scenario_4\run_3\artefacts\event_logs\Security.evtx,Audit success,0,"{""EventData"":{""Data"":[{""@Name"":""SubjectUserSid"",""#text"":""S-1-5-18""},{""@Name"":""SubjectUserName"",""#text"":""DISSTESTBEDVM$""},{""@Name"":""SubjectDomainName"",""#text"":""WORKGROUP""},{""@Name"":""SubjectLogonId"",""#text"":""0x3E7""},{""@Name"":""NewProcessId"",""#text"":""0x26C8""},{""@Name"":""NewProcessName"",""#text"":""C:\\Windows\\System32\\dllhost.exe""},{""@Name"":""TokenElevationType"",""#text"":""%%1938""},{""@Name"":""ProcessId"",""#text"":""0x3F4""},{""@Name"":""CommandLine"",""#text"":""C:\\WINDOWS\\system32\\DllHost.exe /Processid:{AB8902B4-09CA-4BB6-B78D-A8F59079A8D5}""},{""@Name"":""TargetUserSid"",""#text"":""S-1-5-21-4209295338-567392030-2519289182-1001""},{""@Name"":""TargetUserName"",""#text"":""dfanalyst""},{""@Name"":""TargetDomainName"",""#text"":""disstestbedvm""},{""@Name"":""TargetLogonId"",""#text"":""0x5729D""},{""@Name"":""ParentProcessName"",""#text"":""C:\\Windows\\System32\\svchost.exe""},{""@Name"":""MandatoryLabel"",""#text"":""S-1-16-8192""}]}}"
32402,32402,2026-08-22 21:03:14.7302259,4797,LogAlways,Microsoft-Windows-Security-Auditing,Security,880,936,disstestbedvm,384,,An attempt was made to query the existence of a blank password for an account,disstestbedvm\dfanalyst (S-1-5-21-4209295338-567392030-2519289182-1001),,Target: disstestbedvm\Administrator,SubjectLogonId: 0x5729D,Workstation: DISSTESTBEDVM,,,,,False,D:\UOW\SEM3\msc-diss-7csef001w\scenarios\scenario_4\run_3\artefacts\event_logs\Security.evtx,Audit success,0,"{""EventData"":{""Data"":[{""@Name"":""SubjectUserSid"",""#text"":""S-1-5-21-4209295338-567392030-2519289182-1001""},{""@Name"":""SubjectUserName"",""#text"":""dfanalyst""},{""@Name"":""SubjectDomainName"",""#text"":""disstestbedvm""},{""@Name"":""SubjectLogonId"",""#text"":""0x5729D""},{""@Name"":""Workstation"",""#text"":""DISSTESTBEDVM""},{""@Name"":""TargetUserName"",""#text"":""Administrator""},{""@Name"":""TargetDomainName"",""#text"":""disstestbedvm""}]}}"
32403,32403,2026-08-22 21:03:14.7313175,4797,LogAlways,Microsoft-Windows-Security-Auditing,Security,880,936,disstestbedvm,384,,An attempt was made to query the existence of a blank password for an account,disstestbedvm\dfanalyst (S-1-5-21-4209295338-567392030-2519289182-1001),,Target: disstestbedvm\DefaultAccount,SubjectLogonId: 0x5729D,Workstation: DISSTESTBEDVM,,,,,False,D:\UOW\SEM3\msc-diss-7csef001w\scenarios\scenario_4\run_3\artefacts\event_logs\Security.evtx,Audit success,0,"{""EventData"":{""Data"":[{""@Name"":""SubjectUserSid"",""#text"":""S-1-5-21-4209295338-567392030-2519289182-1001""},{""@Name"":""SubjectUserName"",""#text"":""dfanalyst""},{""@Name"":""SubjectDomainName"",""#text"":""disstestbedvm""},{""@Name"":""SubjectLogonId"",""#text"":""0x5729D""},{""@Name"":""Workstation"",""#text"":""DISSTESTBEDVM""},{""@Name"":""TargetUserName"",""#text"":""DefaultAccount""},{""@Name"":""TargetDomainName"",""#text"":""disstestbedvm""}]}}"
32404,32404,2026-08-22 21:03:14.7335755,4797,LogAlways,Microsoft-Windows-Security-Auditing,Security,880,936,disstestbedvm,384,,An attempt was made to query the existence of a blank password for an account,disstestbedvm\dfanalyst (S-1-5-21-4209295338-567392030-2519289182-1001),,Target: disstestbedvm\Guest,SubjectLogonId: 0x5729D,Workstation: DISSTESTBEDVM,,,,,False,D:\UOW\SEM3\msc-diss-7csef001w\scenarios\scenario_4\run_3\artefacts\event_logs\Security.evtx,Audit success,0,"{""EventData"":{""Data"":[{""@Name"":""SubjectUserSid"",""#text"":""S-1-5-21-4209295338-567392030-2519289182-1001""},{""@Name"":""SubjectUserName"",""#text"":""dfanalyst""},{""@Name"":""SubjectDomainName"",""#text"":""disstestbedvm""},{""@Name"":""SubjectLogonId"",""#text"":""0x5729D""},{""@Name"":""Workstation"",""#text"":""DISSTESTBEDVM""},{""@Name"":""TargetUserName"",""#text"":""Guest""},{""@Name"":""TargetDomainName"",""#text"":""disstestbedvm""}]}}"
32405,32405,2026-08-22 21:03:14.7343655,4797,LogAlways,Microsoft-Windows-Security-Auditing,Security,880,936,disstestbedvm,384,,An attempt was made to query the existence of a blank password for an account,disstestbedvm\dfanalyst (S-1-5-21-4209295338-567392030-2519289182-1001),,Target: disstestbedvm\WDAGUtilityAccount,SubjectLogonId: 0x5729D,Workstation: DISSTESTBEDVM,,,,,False,D:\UOW\SEM3\msc-diss-7csef001w\scenarios\scenario_4\run_3\artefacts\event_logs\Security.evtx,Audit success,0,"{""EventData"":{""Data"":[{""@Name"":""SubjectUserSid"",""#text"":""S-1-5-21-4209295338-567392030-2519289182-1001""},{""@Name"":""SubjectUserName"",""#text"":""dfanalyst""},{""@Name"":""SubjectDomainName"",""#text"":""disstestbedvm""},{""@Name"":""SubjectLogonId"",""#text"":""0x5729D""},{""@Name"":""Workstation"",""#text"":""DISSTESTBEDVM""},{""@Name"":""TargetUserName"",""#text"":""WDAGUtilityAccount""},{""@Name"":""TargetDomainName"",""#text"":""disstestbedvm""}]}}"
32406,32406,2026-08-22 21:03:16.8603432,4688,LogAlways,Microsoft-Windows-Security-Auditing,Security,4,6592,disstestbedvm,384,,A new process has been created,disstestbedvm\dfanalyst,,Parent process: C:\Windows\explorer.exe,PID: 0x1618,Parent PID: 0x1094,Mandatory label: SECURITY_MANDATORY_MEDIUM_RID,Target User: -\-,,"C:\Windows\System32\rundll32.exe ""C:\WINDOWS\System32\RunDll32.exe"" C:\WINDOWS\system32\hotplug.dll,HotPlugSafeRemovalDriveNotification DISS-USB (E:)",False,D:\UOW\SEM3\msc-diss-7csef001w\scenarios\scenario_4\run_3\artefacts\event_logs\Security.evtx,Audit success,0,"{""EventData"":{""Data"":[{""@Name"":""SubjectUserSid"",""#text"":""S-1-5-21-4209295338-567392030-2519289182-1001""},{""@Name"":""SubjectUserName"",""#text"":""dfanalyst""},{""@Name"":""SubjectDomainName"",""#text"":""disstestbedvm""},{""@Name"":""SubjectLogonId"",""#text"":""0x5729D""},{""@Name"":""NewProcessId"",""#text"":""0x1094""},{""@Name"":""NewProcessName"",""#text"":""C:\\Windows\\System32\\rundll32.exe""},{""@Name"":""TokenElevationType"",""#text"":""%%1938""},{""@Name"":""ProcessId"",""#text"":""0x1618""},{""@Name"":""CommandLine"",""#text"":""\""C:\\WINDOWS\\System32\\RunDll32.exe\"" C:\\WINDOWS\\system32\\hotplug.dll,HotPlugSafeRemovalDriveNotification DISS-USB (E:)""},{""@Name"":""TargetUserSid"",""#text"":""S-1-0-0""},{""@Name"":""TargetUserName"",""#text"":""-""},{""@Name"":""TargetDomainName"",""#text"":""-""},{""@Name"":""TargetLogonId"",""#text"":""0x0""},{""@Name"":""ParentProcessName"",""#text"":""C:\\Windows\\explorer.exe""},{""@Name"":""MandatoryLabel"",""#text"":""S-1-16-8192""}]}}"
32407,32407,2026-08-22 21:03:17.7351246,4688,LogAlways,Microsoft-Windows-Security-Auditing,Security,4,2548,disstestbedvm,384,,A new process has been created,WORKGROUP\DISSTESTBEDVM$,,Parent process: C:\Windows\System32\svchost.exe,PID: 0x3F4,Parent PID: 0x176C,Mandatory label: SECURITY_MANDATORY_MEDIUM_RID,Target User: disstestbedvm\dfanalyst,,"C:\Windows\System32\rundll32.exe C:\WINDOWS\System32\rundll32.exe C:\WINDOWS\System32\shell32.dll,SHCreateLocalServerRunDll {995C996E-D918-4a8c-A302-45719A6F4EA7} -Embedding",False,D:\UOW\SEM3\msc-diss-7csef001w\scenarios\scenario_4\run_3\artefacts\event_logs\Security.evtx,Audit success,0,"{""EventData"":{""Data"":[{""@Name"":""SubjectUserSid"",""#text"":""S-1-5-18""},{""@Name"":""SubjectUserName"",""#text"":""DISSTESTBEDVM$""},{""@Name"":""SubjectDomainName"",""#text"":""WORKGROUP""},{""@Name"":""SubjectLogonId"",""#text"":""0x3E7""},{""@Name"":""NewProcessId"",""#text"":""0x176C""},{""@Name"":""NewProcessName"",""#text"":""C:\\Windows\\System32\\rundll32.exe""},{""@Name"":""TokenElevationType"",""#text"":""%%1938""},{""@Name"":""ProcessId"",""#text"":""0x3F4""},{""@Name"":""CommandLine"",""#text"":""C:\\WINDOWS\\System32\\rundll32.exe C:\\WINDOWS\\System32\\shell32.dll,SHCreateLocalServerRunDll {995C996E-D918-4a8c-A302-45719A6F4EA7} -Embedding""},{""@Name"":""TargetUserSid"",""#text"":""S-1-5-21-4209295338-567392030-2519289182-1001""},{""@Name"":""TargetUserName"",""#text"":""dfanalyst""},{""@Name"":""TargetDomainName"",""#text"":""disstestbedvm""},{""@Name"":""TargetLogonId"",""#text"":""0x5729D""},{""@Name"":""ParentProcessName"",""#text"":""C:\\Windows\\System32\\svchost.exe""},{""@Name"":""MandatoryLabel"",""#text"":""S-1-16-8192""}]}}"
32408,32408,2026-08-22 21:03:17.7763771,4689,LogAlways,Microsoft-Windows-Security-Auditing,Security,4,132,disstestbedvm,384,,A process has exited,disstestbedvm\dfanalyst,,,PID: 0x176C,,,,,C:\Windows\System32\rundll32.exe,False,D:\UOW\SEM3\msc-diss-7csef001w\scenarios\scenario_4\run_3\artefacts\event_logs\Security.evtx,Audit success,0,"{""EventData"":{""Data"":[{""@Name"":""SubjectUserSid"",""#text"":""S-1-5-21-4209295338-567392030-2519289182-1001""},{""@Name"":""SubjectUserName"",""#text"":""dfanalyst""},{""@Name"":""SubjectDomainName"",""#text"":""disstestbedvm""},{""@Name"":""SubjectLogonId"",""#text"":""0x5729D""},{""@Name"":""Status"",""#text"":""0x0""},{""@Name"":""ProcessId"",""#text"":""0x176C""},{""@Name"":""ProcessName"",""#text"":""C:\\Windows\\System32\\rundll32.exe""}]}}"
32409,32409,2026-08-22 21:03:18.2650521,4798,LogAlways,Microsoft-Windows-Security-Auditing,Security,880,964,disstestbedvm,384,,A user's local group membership was enumerated,disstestbedvm\dfanalyst (S-1-5-21-4209295338-567392030-2519289182-1001),,Target: disstestbedvm\dfanalyst (S-1-5-21-4209295338-567392030-2519289182-1001),SubjectLogonId: 0x5729D,CallerProcessName: C:\Windows\explorer.exe,CallerProcessId: 0x1618,,,,False,D:\UOW\SEM3\msc-diss-7csef001w\scenarios\scenario_4\run_3\artefacts\event_logs\Security.evtx,Audit success,0,"{""EventData"":{""Data"":[{""@Name"":""TargetUserName"",""#text"":""dfanalyst""},{""@Name"":""TargetDomainName"",""#text"":""disstestbedvm""},{""@Name"":""TargetSid"",""#text"":""S-1-5-21-4209295338-567392030-2519289182-1001""},{""@Name"":""SubjectUserSid"",""#text"":""S-1-5-21-4209295338-567392030-2519289182-1001""},{""@Name"":""SubjectUserName"",""#text"":""dfanalyst""},{""@Name"":""SubjectDomainName"",""#text"":""disstestbedvm""},{""@Name"":""SubjectLogonId"",""#text"":""0x5729D""},{""@Name"":""CallerProcessId"",""#text"":""0x1618""},{""@Name"":""CallerProcessName"",""#text"":""C:\\Windows\\explorer.exe""}]}}"
32410,32410,2026-08-22 21:03:23.5076262,4689,LogAlways,Microsoft-Windows-Security-Auditing,Security,4,252,disstestbedvm,384,,A process has exited,disstestbedvm\dfanalyst,,,PID: 0x1094,,,,,C:\Windows\System32\rundll32.exe,False,D:\UOW\SEM3\msc-diss-7csef001w\scenarios\scenario_4\run_3\artefacts\event_logs\Security.evtx,Audit success,0,"{""EventData"":{""Data"":[{""@Name"":""SubjectUserSid"",""#text"":""S-1-5-21-4209295338-567392030-2519289182-1001""},{""@Name"":""SubjectUserName"",""#text"":""dfanalyst""},{""@Name"":""SubjectDomainName"",""#text"":""disstestbedvm""},{""@Name"":""SubjectLogonId"",""#text"":""0x5729D""},{""@Name"":""Status"",""#text"":""0x0""},{""@Name"":""ProcessId"",""#text"":""0x1094""},{""@Name"":""ProcessName"",""#text"":""C:\\Windows\\System32\\rundll32.exe""}]}}"
32411,32411,2026-08-22 21:03:23.5566451,4689,LogAlways,Microsoft-Windows-Security-Auditing,Security,4,252,disstestbedvm,384,,A process has exited,disstestbedvm\dfanalyst,,,PID: 0x26C8,,,,,C:\Windows\System32\dllhost.exe,False,D:\UOW\SEM3\msc-diss-7csef001w\scenarios\scenario_4\run_3\artefacts\event_logs\Security.evtx,Audit success,0,"{""EventData"":{""Data"":[{""@Name"":""SubjectUserSid"",""#text"":""S-1-5-21-4209295338-567392030-2519289182-1001""},{""@Name"":""SubjectUserName"",""#text"":""dfanalyst""},{""@Name"":""SubjectDomainName"",""#text"":""disstestbedvm""},{""@Name"":""SubjectLogonId"",""#text"":""0x5729D""},{""@Name"":""Status"",""#text"":""0x0""},{""@Name"":""ProcessId"",""#text"":""0x26C8""},{""@Name"":""ProcessName"",""#text"":""C:\\Windows\\System32\\dllhost.exe""}]}}"
32412,32412,2026-08-22 21:03:39.4887974,4688,LogAlways,Microsoft-Windows-Security-Auditing,Security,4,216,disstestbedvm,384,,A new process has been created,WORKGROUP\DISSTESTBEDVM$,,Parent process: C:\Windows\System32\svchost.exe,PID: 0x8C8,Parent PID: 0xE28,Mandatory label: SECURITY_MANDATORY_SYSTEM_RID,Target User: -\-,,"C:\Program Files (x86)\Microsoft\EdgeUpdate\MicrosoftEdgeUpdate.exe ""C:\Program Files (x86)\Microsoft\EdgeUpdate\MicrosoftEdgeUpdate.exe"" /ua /installsource scheduler",False,D:\UOW\SEM3\msc-diss-7csef001w\scenarios\scenario_4\run_3\artefacts\event_logs\Security.evtx,Audit success,0,"{""EventData"":{""Data"":[{""@Name"":""SubjectUserSid"",""#text"":""S-1-5-18""},{""@Name"":""SubjectUserName"",""#text"":""DISSTESTBEDVM$""},{""@Name"":""SubjectDomainName"",""#text"":""WORKGROUP""},{""@Name"":""SubjectLogonId"",""#text"":""0x3E7""},{""@Name"":""NewProcessId"",""#text"":""0xE28""},{""@Name"":""NewProcessName"",""#text"":""C:\\Program Files (x86)\\Microsoft\\EdgeUpdate\\MicrosoftEdgeUpdate.exe""},{""@Name"":""TokenElevationType"",""#text"":""%%1936""},{""@Name"":""ProcessId"",""#text"":""0x8C8""},{""@Name"":""CommandLine"",""#text"":""\""C:\\Program Files (x86)\\Microsoft\\EdgeUpdate\\MicrosoftEdgeUpdate.exe\"" /ua /installsource scheduler""},{""@Name"":""TargetUserSid"",""#text"":""S-1-0-0""},{""@Name"":""TargetUserName"",""#text"":""-""},{""@Name"":""TargetDomainName"",""#text"":""-""},{""@Name"":""TargetLogonId"",""#text"":""0x0""},{""@Name"":""ParentProcessName"",""#text"":""C:\\Windows\\System32\\svchost.exe""},{""@Name"":""MandatoryLabel"",""#text"":""S-1-16-16384""}]}}"
32413,32413,2026-08-22 21:03:39.5647404,4689,LogAlways,Microsoft-Windows-Security-Auditing,Security,4,8544,disstestbedvm,384,,A process has exited,WORKGROUP\DISSTESTBEDVM$,,,PID: 0xE28,,,,,C:\Program Files (x86)\Microsoft\EdgeUpdate\MicrosoftEdgeUpdate.exe,False,D:\UOW\SEM3\msc-diss-7csef001w\scenarios\scenario_4\run_3\artefacts\event_logs\Security.evtx,Audit success,0,"{""EventData"":{""Data"":[{""@Name"":""SubjectUserSid"",""#text"":""S-1-5-18""},{""@Name"":""SubjectUserName"",""#text"":""DISSTESTBEDVM$""},{""@Name"":""SubjectDomainName"",""#text"":""WORKGROUP""},{""@Name"":""SubjectLogonId"",""#text"":""0x3E7""},{""@Name"":""Status"",""#text"":""0x0""},{""@Name"":""ProcessId"",""#text"":""0xE28""},{""@Name"":""ProcessName"",""#text"":""C:\\Program Files (x86)\\Microsoft\\EdgeUpdate\\MicrosoftEdgeUpdate.exe""}]}}"
32414,32414,2026-08-22 21:03:42.4402853,4689,LogAlways,Microsoft-Windows-Security-Auditing,Security,4,252,disstestbedvm,384,,A process has exited,disstestbedvm\dfanalyst,,,PID: 0x1FF4,,,,,C:\Windows\System32\RuntimeBroker.exe,False,D:\UOW\SEM3\msc-diss-7csef001w\scenarios\scenario_4\run_3\artefacts\event_logs\Security.evtx,Audit success,0,"{""EventData"":{""Data"":[{""@Name"":""SubjectUserSid"",""#text"":""S-1-5-21-4209295338-567392030-2519289182-1001""},{""@Name"":""SubjectUserName"",""#text"":""dfanalyst""},{""@Name"":""SubjectDomainName"",""#text"":""disstestbedvm""},{""@Name"":""SubjectLogonId"",""#text"":""0x5729D""},{""@Name"":""Status"",""#text"":""0x0""},{""@Name"":""ProcessId"",""#text"":""0x1FF4""},{""@Name"":""ProcessName"",""#text"":""C:\\Windows\\System32\\RuntimeBroker.exe""}]}}"
32415,32415,2026-08-22 21:03:42.4559058,4689,LogAlways,Microsoft-Windows-Security-Auditing,Security,4,252,disstestbedvm,384,,A process has exited,disstestbedvm\dfanalyst,,,PID: 0x2118,,,,,C:\Windows\System32\RuntimeBroker.exe,False,D:\UOW\SEM3\msc-diss-7csef001w\scenarios\scenario_4\run_3\artefacts\event_logs\Security.evtx,Audit success,0,"{""EventData"":{""Data"":[{""@Name"":""SubjectUserSid"",""#text"":""S-1-5-21-4209295338-567392030-2519289182-1001""},{""@Name"":""SubjectUserName"",""#text"":""dfanalyst""},{""@Name"":""SubjectDomainName"",""#text"":""disstestbedvm""},{""@Name"":""SubjectLogonId"",""#text"":""0x5729D""},{""@Name"":""Status"",""#text"":""0x0""},{""@Name"":""ProcessId"",""#text"":""0x2118""},{""@Name"":""ProcessName"",""#text"":""C:\\Windows\\System32\\RuntimeBroker.exe""}]}}"
32416,32416,2026-08-22 21:03:47.5998046,4688,LogAlways,Microsoft-Windows-Security-Auditing,Security,4,2548,disstestbedvm,384,,A new process has been created,WORKGROUP\DISSTESTBEDVM$,,Parent process: C:\Windows\System32\svchost.exe,PID: 0x8C8,Parent PID: 0x17B0,Mandatory label: SECURITY_MANDATORY_SYSTEM_RID,Target User: -\-,,C:\Windows\System32\taskhostw.exe taskhostw.exe,False,D:\UOW\SEM3\msc-diss-7csef001w\scenarios\scenario_4\run_3\artefacts\event_logs\Security.evtx,Audit success,0,"{""EventData"":{""Data"":[{""@Name"":""SubjectUserSid"",""#text"":""S-1-5-18""},{""@Name"":""SubjectUserName"",""#text"":""DISSTESTBEDVM$""},{""@Name"":""SubjectDomainName"",""#text"":""WORKGROUP""},{""@Name"":""SubjectLogonId"",""#text"":""0x3E7""},{""@Name"":""NewProcessId"",""#text"":""0x17B0""},{""@Name"":""NewProcessName"",""#text"":""C:\\Windows\\System32\\taskhostw.exe""},{""@Name"":""TokenElevationType"",""#text"":""%%1936""},{""@Name"":""ProcessId"",""#text"":""0x8C8""},{""@Name"":""CommandLine"",""#text"":""taskhostw.exe""},{""@Name"":""TargetUserSid"",""#text"":""S-1-0-0""},{""@Name"":""TargetUserName"",""#text"":""-""},{""@Name"":""TargetDomainName"",""#text"":""-""},{""@Name"":""TargetLogonId"",""#text"":""0x0""},{""@Name"":""ParentProcessName"",""#text"":""C:\\Windows\\System32\\svchost.exe""},{""@Name"":""MandatoryLabel"",""#text"":""S-1-16-16384""}]}}"
32417,32417,2026-08-22 21:03:47.6396583,4689,LogAlways,Microsoft-Windows-Security-Auditing,Security,4,8544,disstestbedvm,384,,A process has exited,NT AUTHORITY\LOCAL SERVICE,,,PID: 0x14A8,,,,,C:\Windows\System32\WUDFHost.exe,False,D:\UOW\SEM3\msc-diss-7csef001w\scenarios\scenario_4\run_3\artefacts\event_logs\Security.evtx,Audit success,0,"{""EventData"":{""Data"":[{""@Name"":""SubjectUserSid"",""#text"":""S-1-5-19""},{""@Name"":""SubjectUserName"",""#text"":""LOCAL SERVICE""},{""@Name"":""SubjectDomainName"",""#text"":""NT AUTHORITY""},{""@Name"":""SubjectLogonId"",""#text"":""0x3E5""},{""@Name"":""Status"",""#text"":""0x0""},{""@Name"":""ProcessId"",""#text"":""0x14A8""},{""@Name"":""ProcessName"",""#text"":""C:\\Windows\\System32\\WUDFHost.exe""}]}}"
32418,32418,2026-08-22 21:03:47.6521359,4798,LogAlways,Microsoft-Windows-Security-Auditing,Security,880,936,disstestbedvm,384,,A user's local group membership was enumerated,disstestbedvm\dfanalyst (S-1-5-21-4209295338-567392030-2519289182-1001),,Target: disstestbedvm\dfanalyst (S-1-5-21-4209295338-567392030-2519289182-1001),SubjectLogonId: 0x5729D,CallerProcessName: C:\Windows\explorer.exe,CallerProcessId: 0x1618,,,,False,D:\UOW\SEM3\msc-diss-7csef001w\scenarios\scenario_4\run_3\artefacts\event_logs\Security.evtx,Audit success,0,"{""EventData"":{""Data"":[{""@Name"":""TargetUserName"",""#text"":""dfanalyst""},{""@Name"":""TargetDomainName"",""#text"":""disstestbedvm""},{""@Name"":""TargetSid"",""#text"":""S-1-5-21-4209295338-567392030-2519289182-1001""},{""@Name"":""SubjectUserSid"",""#text"":""S-1-5-21-4209295338-567392030-2519289182-1001""},{""@Name"":""SubjectUserName"",""#text"":""dfanalyst""},{""@Name"":""SubjectDomainName"",""#text"":""disstestbedvm""},{""@Name"":""SubjectLogonId"",""#text"":""0x5729D""},{""@Name"":""CallerProcessId"",""#text"":""0x1618""},{""@Name"":""CallerProcessName"",""#text"":""C:\\Windows\\explorer.exe""}]}}"
32419,32419,2026-08-22 21:03:47.9226636,4688,LogAlways,Microsoft-Windows-Security-Auditing,Security,4,8544,disstestbedvm,384,,A new process has been created,WORKGROUP\DISSTESTBEDVM$,,Parent process: C:\Windows\System32\svchost.exe,PID: 0x3F4,Parent PID: 0x16D4,Mandatory label: SECURITY_MANDATORY_MEDIUM_RID,Target User: disstestbedvm\dfanalyst,,C:\Windows\System32\dllhost.exe C:\WINDOWS\system32\DllHost.exe /Processid:{AB8902B4-09CA-4BB6-B78D-A8F59079A8D5},False,D:\UOW\SEM3\msc-diss-7csef001w\scenarios\scenario_4\run_3\artefacts\event_logs\Security.evtx,Audit success,0,"{""EventData"":{""Data"":[{""@Name"":""SubjectUserSid"",""#text"":""S-1-5-18""},{""@Name"":""SubjectUserName"",""#text"":""DISSTESTBEDVM$""},{""@Name"":""SubjectDomainName"",""#text"":""WORKGROUP""},{""@Name"":""SubjectLogonId"",""#text"":""0x3E7""},{""@Name"":""NewProcessId"",""#text"":""0x16D4""},{""@Name"":""NewProcessName"",""#text"":""C:\\Windows\\System32\\dllhost.exe""},{""@Name"":""TokenElevationType"",""#text"":""%%1938""},{""@Name"":""ProcessId"",""#text"":""0x3F4""},{""@Name"":""CommandLine"",""#text"":""C:\\WINDOWS\\system32\\DllHost.exe /Processid:{AB8902B4-09CA-4BB6-B78D-A8F59079A8D5}""},{""@Name"":""TargetUserSid"",""#text"":""S-1-5-21-4209295338-567392030-2519289182-1001""},{""@Name"":""TargetUserName"",""#text"":""dfanalyst""},{""@Name"":""TargetDomainName"",""#text"":""disstestbedvm""},{""@Name"":""TargetLogonId"",""#text"":""0x5729D""},{""@Name"":""ParentProcessName"",""#text"":""C:\\Windows\\System32\\svchost.exe""},{""@Name"":""MandatoryLabel"",""#text"":""S-1-16-8192""}]}}"
32420,32420,2026-08-22 21:03:48.6130677,4689,LogAlways,Microsoft-Windows-Security-Auditing,Security,4,9276,disstestbedvm,384,,A process has exited,WORKGROUP\DISSTESTBEDVM$,,,PID: 0x17B0,,,,,C:\Windows\System32\taskhostw.exe,False,D:\UOW\SEM3\msc-diss-7csef001w\scenarios\scenario_4\run_3\artefacts\event_logs\Security.evtx,Audit success,0,"{""EventData"":{""Data"":[{""@Name"":""SubjectUserSid"",""#text"":""S-1-5-18""},{""@Name"":""SubjectUserName"",""#text"":""DISSTESTBEDVM$""},{""@Name"":""SubjectDomainName"",""#text"":""WORKGROUP""},{""@Name"":""SubjectLogonId"",""#text"":""0x3E7""},{""@Name"":""Status"",""#text"":""0x0""},{""@Name"":""ProcessId"",""#text"":""0x17B0""},{""@Name"":""ProcessName"",""#text"":""C:\\Windows\\System32\\taskhostw.exe""}]}}"
32421,32421,2026-08-22 21:03:52.9561008,4689,LogAlways,Microsoft-Windows-Security-Auditing,Security,4,132,disstestbedvm,384,,A process has exited,disstestbedvm\dfanalyst,,,PID: 0x16D4,,,,,C:\Windows\System32\dllhost.exe,False,D:\UOW\SEM3\msc-diss-7csef001w\scenarios\scenario_4\run_3\artefacts\event_logs\Security.evtx,Audit success,0,"{""EventData"":{""Data"":[{""@Name"":""SubjectUserSid"",""#text"":""S-1-5-21-4209295338-567392030-2519289182-1001""},{""@Name"":""SubjectUserName"",""#text"":""dfanalyst""},{""@Name"":""SubjectDomainName"",""#text"":""disstestbedvm""},{""@Name"":""SubjectLogonId"",""#text"":""0x5729D""},{""@Name"":""Status"",""#text"":""0x0""},{""@Name"":""ProcessId"",""#text"":""0x16D4""},{""@Name"":""ProcessName"",""#text"":""C:\\Windows\\System32\\dllhost.exe""}]}}"
32422,32422,2026-08-22 21:03:55.1708921,4689,LogAlways,Microsoft-Windows-Security-Auditing,Security,4,6584,disstestbedvm,384,,A process has exited,WORKGROUP\DISSTESTBEDVM$,,,PID: 0x11D4,,,,,C:\Windows\System32\svchost.exe,False,D:\UOW\SEM3\msc-diss-7csef001w\scenarios\scenario_4\run_3\artefacts\event_logs\Security.evtx,Audit success,0,"{""EventData"":{""Data"":[{""@Name"":""SubjectUserSid"",""#text"":""S-1-5-18""},{""@Name"":""SubjectUserName"",""#text"":""DISSTESTBEDVM$""},{""@Name"":""SubjectDomainName"",""#text"":""WORKGROUP""},{""@Name"":""SubjectLogonId"",""#text"":""0x3E7""},{""@Name"":""Status"",""#text"":""0x0""},{""@Name"":""ProcessId"",""#text"":""0x11D4""},{""@Name"":""ProcessName"",""#text"":""C:\\Windows\\System32\\svchost.exe""}]}}"
2183,2183,2026-08-22 21:00:28.9385907,24576,Info,Microsoft-Windows-WPDClassInstaller,System,4804,0,disstestbedvm,17,,,,,,,,,,,,False,D:\UOW\SEM3\msc-diss-7csef001w\scenarios\scenario_4\run_3\artefacts\event_logs\System.evtx,0x80000000000000,0,"{""EventData"":{""Data"":""WPD Device"",""Binary"":""""}}"
2184,2184,2026-08-22 21:00:28.9884046,24577,Info,Microsoft-Windows-WPDClassInstaller,System,4804,0,disstestbedvm,17,,,,,,,,,,,,False,D:\UOW\SEM3\msc-diss-7csef001w\scenarios\scenario_4\run_3\artefacts\event_logs\System.evtx,0x80000000000000,0,"{""EventData"":{""Data"":"""",""Binary"":""""}}"
2185,2185,2026-08-22 21:00:28.9891488,24579,Info,Microsoft-Windows-WPDClassInstaller,System,4804,0,disstestbedvm,17,,,,,,,,,,,,False,D:\UOW\SEM3\msc-diss-7csef001w\scenarios\scenario_4\run_3\artefacts\event_logs\System.evtx,0x80000000000000,0,"{""EventData"":{""Data"":"""",""Binary"":""""}}"
2186,2186,2026-08-22 21:00:28.7341025,10000,Info,Microsoft-Windows-DriverFrameworks-UserMode,System,4804,5080,disstestbedvm,17,S-1-5-18,Device driver installations begins (Device connection),,,DeviceId: SWD\WPDBUSENUM\_??_USBSTOR#DISK&amp;VEN_GENERAL&amp;PROD_UDISK&amp;REV_5.00#7&amp;372D5A41&amp;0&amp;_&amp;0#{53F56307-B6BF-11D0-94F2-00A0C91EFB8B},,,,,,,False,D:\UOW\SEM3\msc-diss-7csef001w\scenarios\scenario_4\run_3\artefacts\event_logs\System.evtx,0x2000000000000000,0,"{""UserData"":{""UMDFDeviceInstallBegin"":{""DeviceId"":""SWD\\WPDBUSENUM\\_??_USBSTOR#DISK&amp;VEN_GENERAL&amp;PROD_UDISK&amp;REV_5.00#7&amp;372D5A41&amp;0&amp;_&amp;0#{53F56307-B6BF-11D0-94F2-00A0C91EFB8B}"",""FrameworkVersion"":""2.35.0""}}}"
2187,2187,2026-08-22 21:00:28.7424868,10001,Info,Microsoft-Windows-DriverFrameworks-UserMode,System,4804,5080,disstestbedvm,17,S-1-5-18,,,,,,,,,,,False,D:\UOW\SEM3\msc-diss-7csef001w\scenarios\scenario_4\run_3\artefacts\event_logs\System.evtx,0x2000000000000000,0,"{""UserData"":{""UMDFServiceInstall"":{""ServiceName"":""WpdFs"",""CLSID"":""112de495-ac4c-46f8-b663-6a4266c53313"",""MinimumFxVersion"":""2.35.0"",""Upgrade"":""False""}}}"
2188,2188,2026-08-22 21:00:28.7499234,10100,Info,Microsoft-Windows-DriverFrameworks-UserMode,System,4804,5080,disstestbedvm,17,S-1-5-18,,,,,,,,,,,False,D:\UOW\SEM3\msc-diss-7csef001w\scenarios\scenario_4\run_3\artefacts\event_logs\System.evtx,0x2000000000000000,0,"{""UserData"":{""UMDFDeviceInstallEnd"":{""FinalStatus"":""0""}}}"
2189,2189,2026-08-22 21:00:28.7949513,7045,Info,Service Control Manager,System,860,8072,disstestbedvm,17,S-1-5-18,A new service was installed in the system,,,Name: WPD File System driver,StartType: demand start,"Account: ",,,,\SystemRoot\system32\DRIVERS\WUDFRd.sys,False,D:\UOW\SEM3\msc-diss-7csef001w\scenarios\scenario_4\run_3\artefacts\event_logs\System.evtx,"Audit success, classic",0,"{""EventData"":{""Data"":[{""@Name"":""ServiceName"",""#text"":""WPD File System driver""},{""@Name"":""ImagePath"",""#text"":""\\SystemRoot\\system32\\DRIVERS\\WUDFRd.sys""},{""@Name"":""ServiceType"",""#text"":""kernel mode driver""},{""@Name"":""StartType"",""#text"":""demand start""},{""@Name"":""AccountName""}]}}"
2190,2190,2026-08-22 21:00:28.8024552,20003,Info,Microsoft-Windows-UserPnp,System,4804,5080,disstestbedvm,17,S-1-5-18,Service installation,,,ServiceName: WUDFWpdFs,AddServiceStatus: Unknown code (0),,UpdateService: False,PrimaryService: True,DeviceInstanceID: SWD\WPDBUSENUM\_??_USBSTOR#DISK&amp;VEN_GENERAL&amp;PROD_UDISK&amp;REV_5.00#7&amp;372D5A41&amp;0&amp;_&amp;0#{53F56307-B6BF-11D0-94F2-00A0C91EFB8B},\SystemRoot\system32\DRIVERS\WUDFRd.sys,False,D:\UOW\SEM3\msc-diss-7csef001w\scenarios\scenario_4\run_3\artefacts\event_logs\System.evtx,Classic,0,"{""UserData"":{""AddServiceID"":{""ServiceName"":""WUDFWpdFs"",""DriverFileName"":""\\SystemRoot\\system32\\DRIVERS\\WUDFRd.sys"",""DeviceInstanceID"":""SWD\\WPDBUSENUM\\_??_USBSTOR#DISK&amp;VEN_GENERAL&amp;PROD_UDISK&amp;REV_5.00#7&amp;372D5A41&amp;0&amp;_&amp;0#{53F56307-B6BF-11D0-94F2-00A0C91EFB8B}"",""PrimaryService"":""True"",""UpdateService"":""False"",""AddServiceStatus"":""0""}}}"
