RecordNumber,EventRecordId,TimeCreated,EventId,Level,Provider,Channel,ProcessId,ThreadId,Computer,ChunkNumber,UserId,MapDescription,UserName,RemoteHost,PayloadData1,PayloadData2,PayloadData3,PayloadData4,PayloadData5,PayloadData6,ExecutableInfo,HiddenRecord,SourceFile,Keywords,ExtraDataOffset,Payload
1089,1089,2026-08-18 20:19:31.1290586,15,Info,SecurityCenter,Application,10076,0,disstestbedvm,20,,,,,,,,,,,,False,D:\UOW\SEM3\msc-diss-7csef001w\scenarios\scenario_8\artefacts\event_logs\Application.evtx,0x80000000000000,288,"{""EventData"":{""Data"":""Windows Defender, SECURITY_PRODUCT_STATE_ON"",""Binary"":""""}}"
1090,1090,2026-08-18 20:19:33.1495679,15,Info,SecurityCenter,Application,10076,0,disstestbedvm,20,,,,,,,,,,,,False,D:\UOW\SEM3\msc-diss-7csef001w\scenarios\scenario_8\artefacts\event_logs\Application.evtx,0x80000000000000,0,"{""EventData"":{""Data"":""Windows Defender, SECURITY_PRODUCT_STATE_ON"",""Binary"":""""}}"
1091,1091,2026-08-18 20:20:18.0093344,16394,Info,Microsoft-Windows-Security-SPP,Application,4444,0,disstestbedvm,20,,,,,,,,,,,,False,D:\UOW\SEM3\msc-diss-7csef001w\scenarios\scenario_8\artefacts\event_logs\Application.evtx,0x80000000000000,0,"{""EventData"":{""Data"":"""",""Binary"":""""}}"
1092,1092,2026-08-18 20:20:20.6651154,15,Info,SecurityCenter,Application,10076,0,disstestbedvm,20,,,,,,,,,,,,False,D:\UOW\SEM3\msc-diss-7csef001w\scenarios\scenario_8\artefacts\event_logs\Application.evtx,0x80000000000000,0,"{""EventData"":{""Data"":""Windows Defender, SECURITY_PRODUCT_STATE_ON"",""Binary"":""""}}"
1093,1093,2026-08-18 20:20:22.6722999,15,Info,SecurityCenter,Application,10076,0,disstestbedvm,20,,,,,,,,,,,,False,D:\UOW\SEM3\msc-diss-7csef001w\scenarios\scenario_8\artefacts\event_logs\Application.evtx,0x80000000000000,0,"{""EventData"":{""Data"":""Windows Defender, SECURITY_PRODUCT_STATE_ON"",""Binary"":""""}}"
1094,1094,2026-08-18 20:20:57.6949827,16384,Info,Microsoft-Windows-Security-SPP,Application,4444,0,disstestbedvm,20,,,,,,,,,,,,False,D:\UOW\SEM3\msc-diss-7csef001w\scenarios\scenario_8\artefacts\event_logs\Application.evtx,0x80000000000000,0,"{""EventData"":{""Data"":""2026-10-12T10:03:57Z, RulesEngine"",""Binary"":""""}}"
32499,32499,2026-08-18 20:18:13.0346021,4688,LogAlways,Microsoft-Windows-Security-Auditing,Security,4,9824,disstestbedvm,386,,A new process has been created,WORKGROUP\DISSTESTBEDVM$,,Parent process: C:\Windows\System32\svchost.exe,PID: 0x134,Parent PID: 0x298C,Mandatory label: SECURITY_MANDATORY_LOW_RID,Target User: disstestbedvm\dfanalyst,,"C:\Windows\System32\backgroundTaskHost.exe ""C:\WINDOWS\system32\BackgroundTaskHost.exe"" -ServerName:BackgroundTaskHost.WebAccountProvider",False,D:\UOW\SEM3\msc-diss-7csef001w\scenarios\scenario_8\artefacts\event_logs\Security.evtx,Audit success,0,"{""EventData"":{""Data"":[{""@Name"":""SubjectUserSid"",""#text"":""S-1-5-18""},{""@Name"":""SubjectUserName"",""#text"":""DISSTESTBEDVM$""},{""@Name"":""SubjectDomainName"",""#text"":""WORKGROUP""},{""@Name"":""SubjectLogonId"",""#text"":""0x3E7""},{""@Name"":""NewProcessId"",""#text"":""0x298C""},{""@Name"":""NewProcessName"",""#text"":""C:\\Windows\\System32\\backgroundTaskHost.exe""},{""@Name"":""TokenElevationType"",""#text"":""%%1938""},{""@Name"":""ProcessId"",""#text"":""0x134""},{""@Name"":""CommandLine"",""#text"":""\""C:\\WINDOWS\\system32\\BackgroundTaskHost.exe\"" -ServerName:BackgroundTaskHost.WebAccountProvider""},{""@Name"":""TargetUserSid"",""#text"":""S-1-5-21-4209295338-567392030-2519289182-1001""},{""@Name"":""TargetUserName"",""#text"":""dfanalyst""},{""@Name"":""TargetDomainName"",""#text"":""disstestbedvm""},{""@Name"":""TargetLogonId"",""#text"":""0x55C49""},{""@Name"":""ParentProcessName"",""#text"":""C:\\Windows\\System32\\svchost.exe""},{""@Name"":""MandatoryLabel"",""#text"":""S-1-16-4096""}]}}"
32500,32500,2026-08-18 20:18:13.1159130,4688,LogAlways,Microsoft-Windows-Security-Auditing,Security,4,9824,disstestbedvm,386,,A new process has been created,WORKGROUP\DISSTESTBEDVM$,,Parent process: C:\Windows\System32\svchost.exe,PID: 0x134,Parent PID: 0x13F4,Mandatory label: SECURITY_MANDATORY_MEDIUM_RID,Target User: disstestbedvm\dfanalyst,,C:\Windows\System32\RuntimeBroker.exe C:\Windows\System32\RuntimeBroker.exe -Embedding,False,D:\UOW\SEM3\msc-diss-7csef001w\scenarios\scenario_8\artefacts\event_logs\Security.evtx,Audit success,0,"{""EventData"":{""Data"":[{""@Name"":""SubjectUserSid"",""#text"":""S-1-5-18""},{""@Name"":""SubjectUserName"",""#text"":""DISSTESTBEDVM$""},{""@Name"":""SubjectDomainName"",""#text"":""WORKGROUP""},{""@Name"":""SubjectLogonId"",""#text"":""0x3E7""},{""@Name"":""NewProcessId"",""#text"":""0x13F4""},{""@Name"":""NewProcessName"",""#text"":""C:\\Windows\\System32\\RuntimeBroker.exe""},{""@Name"":""TokenElevationType"",""#text"":""%%1938""},{""@Name"":""ProcessId"",""#text"":""0x134""},{""@Name"":""CommandLine"",""#text"":""C:\\Windows\\System32\\RuntimeBroker.exe -Embedding""},{""@Name"":""TargetUserSid"",""#text"":""S-1-5-21-4209295338-567392030-2519289182-1001""},{""@Name"":""TargetUserName"",""#text"":""dfanalyst""},{""@Name"":""TargetDomainName"",""#text"":""disstestbedvm""},{""@Name"":""TargetLogonId"",""#text"":""0x55C49""},{""@Name"":""ParentProcessName"",""#text"":""C:\\Windows\\System32\\svchost.exe""},{""@Name"":""MandatoryLabel"",""#text"":""S-1-16-8192""}]}}"
32501,32501,2026-08-18 20:18:13.1862121,4689,LogAlways,Microsoft-Windows-Security-Auditing,Security,4,9632,disstestbedvm,386,,A process has exited,disstestbedvm\dfanalyst,,,PID: 0x298C,,,,,C:\Windows\System32\backgroundTaskHost.exe,False,D:\UOW\SEM3\msc-diss-7csef001w\scenarios\scenario_8\artefacts\event_logs\Security.evtx,Audit success,0,"{""EventData"":{""Data"":[{""@Name"":""SubjectUserSid"",""#text"":""S-1-5-21-4209295338-567392030-2519289182-1001""},{""@Name"":""SubjectUserName"",""#text"":""dfanalyst""},{""@Name"":""SubjectDomainName"",""#text"":""disstestbedvm""},{""@Name"":""SubjectLogonId"",""#text"":""0x55C49""},{""@Name"":""Status"",""#text"":""0x1""},{""@Name"":""ProcessId"",""#text"":""0x298C""},{""@Name"":""ProcessName"",""#text"":""C:\\Windows\\System32\\backgroundTaskHost.exe""}]}}"
32502,32502,2026-08-18 20:18:19.2707521,4688,LogAlways,Microsoft-Windows-Security-Auditing,Security,4,9632,disstestbedvm,386,,A new process has been created,disstestbedvm\dfanalyst,,Parent process: C:\Windows\explorer.exe,PID: 0x15A8,Parent PID: 0x24C0,Mandatory label: SECURITY_MANDATORY_MEDIUM_RID,Target User: -\-,,"C:\Windows\System32\cmd.exe ""C:\WINDOWS\system32\cmd.exe"" ",False,D:\UOW\SEM3\msc-diss-7csef001w\scenarios\scenario_8\artefacts\event_logs\Security.evtx,Audit success,0,"{""EventData"":{""Data"":[{""@Name"":""SubjectUserSid"",""#text"":""S-1-5-21-4209295338-567392030-2519289182-1001""},{""@Name"":""SubjectUserName"",""#text"":""dfanalyst""},{""@Name"":""SubjectDomainName"",""#text"":""disstestbedvm""},{""@Name"":""SubjectLogonId"",""#text"":""0x55C49""},{""@Name"":""NewProcessId"",""#text"":""0x24C0""},{""@Name"":""NewProcessName"",""#text"":""C:\\Windows\\System32\\cmd.exe""},{""@Name"":""TokenElevationType"",""#text"":""%%1938""},{""@Name"":""ProcessId"",""#text"":""0x15A8""},{""@Name"":""CommandLine"",""#text"":""\""C:\\WINDOWS\\system32\\cmd.exe\"" ""},{""@Name"":""TargetUserSid"",""#text"":""S-1-0-0""},{""@Name"":""TargetUserName"",""#text"":""-""},{""@Name"":""TargetDomainName"",""#text"":""-""},{""@Name"":""TargetLogonId"",""#text"":""0x0""},{""@Name"":""ParentProcessName"",""#text"":""C:\\Windows\\explorer.exe""},{""@Name"":""MandatoryLabel"",""#text"":""S-1-16-8192""}]}}"
32503,32503,2026-08-18 20:18:19.3016449,4688,LogAlways,Microsoft-Windows-Security-Auditing,Security,4,120,disstestbedvm,386,,A new process has been created,disstestbedvm\dfanalyst,,Parent process: C:\Windows\System32\cmd.exe,PID: 0x24C0,Parent PID: 0x13D8,Mandatory label: SECURITY_MANDATORY_MEDIUM_RID,Target User: -\-,,C:\Windows\System32\conhost.exe \??\C:\WINDOWS\system32\conhost.exe 0xffffffff -ForceV1,False,D:\UOW\SEM3\msc-diss-7csef001w\scenarios\scenario_8\artefacts\event_logs\Security.evtx,Audit success,0,"{""EventData"":{""Data"":[{""@Name"":""SubjectUserSid"",""#text"":""S-1-5-21-4209295338-567392030-2519289182-1001""},{""@Name"":""SubjectUserName"",""#text"":""dfanalyst""},{""@Name"":""SubjectDomainName"",""#text"":""disstestbedvm""},{""@Name"":""SubjectLogonId"",""#text"":""0x55C49""},{""@Name"":""NewProcessId"",""#text"":""0x13D8""},{""@Name"":""NewProcessName"",""#text"":""C:\\Windows\\System32\\conhost.exe""},{""@Name"":""TokenElevationType"",""#text"":""%%1938""},{""@Name"":""ProcessId"",""#text"":""0x24C0""},{""@Name"":""CommandLine"",""#text"":""\\??\\C:\\WINDOWS\\system32\\conhost.exe 0xffffffff -ForceV1""},{""@Name"":""TargetUserSid"",""#text"":""S-1-0-0""},{""@Name"":""TargetUserName"",""#text"":""-""},{""@Name"":""TargetDomainName"",""#text"":""-""},{""@Name"":""TargetLogonId"",""#text"":""0x0""},{""@Name"":""ParentProcessName"",""#text"":""C:\\Windows\\System32\\cmd.exe""},{""@Name"":""MandatoryLabel"",""#text"":""S-1-16-8192""}]}}"
32504,32504,2026-08-18 20:18:19.3331894,4688,LogAlways,Microsoft-Windows-Security-Auditing,Security,4,9824,disstestbedvm,386,,A new process has been created,WORKGROUP\DISSTESTBEDVM$,,Parent process: C:\Windows\System32\svchost.exe,PID: 0x134,Parent PID: 0xCE4,Mandatory label: SECURITY_MANDATORY_MEDIUM_RID,Target User: disstestbedvm\dfanalyst,,"C:\Program Files\WindowsApps\Microsoft.WindowsTerminal_1.24.11911.0_x64__8wekyb3d8bbwe\OpenConsole.exe ""C:\Program Files\WindowsApps\Microsoft.WindowsTerminal_1.24.11911.0_x64__8wekyb3d8bbwe\OpenConsole.exe"" -Embedding",False,D:\UOW\SEM3\msc-diss-7csef001w\scenarios\scenario_8\artefacts\event_logs\Security.evtx,Audit success,0,"{""EventData"":{""Data"":[{""@Name"":""SubjectUserSid"",""#text"":""S-1-5-18""},{""@Name"":""SubjectUserName"",""#text"":""DISSTESTBEDVM$""},{""@Name"":""SubjectDomainName"",""#text"":""WORKGROUP""},{""@Name"":""SubjectLogonId"",""#text"":""0x3E7""},{""@Name"":""NewProcessId"",""#text"":""0xCE4""},{""@Name"":""NewProcessName"",""#text"":""C:\\Program Files\\WindowsApps\\Microsoft.WindowsTerminal_1.24.11911.0_x64__8wekyb3d8bbwe\\OpenConsole.exe""},{""@Name"":""TokenElevationType"",""#text"":""%%1938""},{""@Name"":""ProcessId"",""#text"":""0x134""},{""@Name"":""CommandLine"",""#text"":""\""C:\\Program Files\\WindowsApps\\Microsoft.WindowsTerminal_1.24.11911.0_x64__8wekyb3d8bbwe\\OpenConsole.exe\"" -Embedding""},{""@Name"":""TargetUserSid"",""#text"":""S-1-5-21-4209295338-567392030-2519289182-1001""},{""@Name"":""TargetUserName"",""#text"":""dfanalyst""},{""@Name"":""TargetDomainName"",""#text"":""disstestbedvm""},{""@Name"":""TargetLogonId"",""#text"":""0x55C49""},{""@Name"":""ParentProcessName"",""#text"":""C:\\Windows\\System32\\svchost.exe""},{""@Name"":""MandatoryLabel"",""#text"":""S-1-16-8192""}]}}"
32505,32505,2026-08-18 20:18:19.4398087,4688,LogAlways,Microsoft-Windows-Security-Auditing,Security,4,120,disstestbedvm,386,,A new process has been created,WORKGROUP\DISSTESTBEDVM$,,Parent process: C:\Windows\System32\svchost.exe,PID: 0x134,Parent PID: 0x2CD0,Mandatory label: SECURITY_MANDATORY_MEDIUM_RID,Target User: disstestbedvm\dfanalyst,,"C:\Program Files\WindowsApps\Microsoft.WindowsTerminal_1.24.11911.0_x64__8wekyb3d8bbwe\WindowsTerminal.exe ""C:\Program Files\WindowsApps\Microsoft.WindowsTerminal_1.24.11911.0_x64__8wekyb3d8bbwe\WindowsTerminal.exe"" -Embedding",False,D:\UOW\SEM3\msc-diss-7csef001w\scenarios\scenario_8\artefacts\event_logs\Security.evtx,Audit success,0,"{""EventData"":{""Data"":[{""@Name"":""SubjectUserSid"",""#text"":""S-1-5-18""},{""@Name"":""SubjectUserName"",""#text"":""DISSTESTBEDVM$""},{""@Name"":""SubjectDomainName"",""#text"":""WORKGROUP""},{""@Name"":""SubjectLogonId"",""#text"":""0x3E7""},{""@Name"":""NewProcessId"",""#text"":""0x2CD0""},{""@Name"":""NewProcessName"",""#text"":""C:\\Program Files\\WindowsApps\\Microsoft.WindowsTerminal_1.24.11911.0_x64__8wekyb3d8bbwe\\WindowsTerminal.exe""},{""@Name"":""TokenElevationType"",""#text"":""%%1938""},{""@Name"":""ProcessId"",""#text"":""0x134""},{""@Name"":""CommandLine"",""#text"":""\""C:\\Program Files\\WindowsApps\\Microsoft.WindowsTerminal_1.24.11911.0_x64__8wekyb3d8bbwe\\WindowsTerminal.exe\"" -Embedding""},{""@Name"":""TargetUserSid"",""#text"":""S-1-5-21-4209295338-567392030-2519289182-1001""},{""@Name"":""TargetUserName"",""#text"":""dfanalyst""},{""@Name"":""TargetDomainName"",""#text"":""disstestbedvm""},{""@Name"":""TargetLogonId"",""#text"":""0x55C49""},{""@Name"":""ParentProcessName"",""#text"":""C:\\Windows\\System32\\svchost.exe""},{""@Name"":""MandatoryLabel"",""#text"":""S-1-16-8192""}]}}"
32507,32507,2026-08-18 20:18:48.8295422,4689,LogAlways,Microsoft-Windows-Security-Auditing,Security,4,120,disstestbedvm,386,,A process has exited,WORKGROUP\DISSTESTBEDVM$,,,PID: 0x174C,,,,,C:\Windows\System32\CompatTelRunner.exe,False,D:\UOW\SEM3\msc-diss-7csef001w\scenarios\scenario_8\artefacts\event_logs\Security.evtx,Audit success,0,"{""EventData"":{""Data"":[{""@Name"":""SubjectUserSid"",""#text"":""S-1-5-18""},{""@Name"":""SubjectUserName"",""#text"":""DISSTESTBEDVM$""},{""@Name"":""SubjectDomainName"",""#text"":""WORKGROUP""},{""@Name"":""SubjectLogonId"",""#text"":""0x3E7""},{""@Name"":""Status"",""#text"":""0x0""},{""@Name"":""ProcessId"",""#text"":""0x174C""},{""@Name"":""ProcessName"",""#text"":""C:\\Windows\\System32\\CompatTelRunner.exe""}]}}"
32508,32508,2026-08-18 20:18:48.9458955,4688,LogAlways,Microsoft-Windows-Security-Auditing,Security,4,9824,disstestbedvm,386,,A new process has been created,WORKGROUP\DISSTESTBEDVM$,,Parent process: C:\Windows\System32\svchost.exe,PID: 0x15D8,Parent PID: 0x2EE0,Mandatory label: SECURITY_MANDATORY_SYSTEM_RID,Target User: -\-,,"C:\Windows\System32\CompatTelRunner.exe C:\WINDOWS\system32\compattelrunner.exe -cv:Cwpwd8gKuk+9SKY/.0.2 -wce:0000000000000000  -m:devinv.dll -f:CreateDeviceInventory ",False,D:\UOW\SEM3\msc-diss-7csef001w\scenarios\scenario_8\artefacts\event_logs\Security.evtx,Audit success,0,"{""EventData"":{""Data"":[{""@Name"":""SubjectUserSid"",""#text"":""S-1-5-18""},{""@Name"":""SubjectUserName"",""#text"":""DISSTESTBEDVM$""},{""@Name"":""SubjectDomainName"",""#text"":""WORKGROUP""},{""@Name"":""SubjectLogonId"",""#text"":""0x3E7""},{""@Name"":""NewProcessId"",""#text"":""0x2EE0""},{""@Name"":""NewProcessName"",""#text"":""C:\\Windows\\System32\\CompatTelRunner.exe""},{""@Name"":""TokenElevationType"",""#text"":""%%1936""},{""@Name"":""ProcessId"",""#text"":""0x15D8""},{""@Name"":""CommandLine"",""#text"":""C:\\WINDOWS\\system32\\compattelrunner.exe -cv:Cwpwd8gKuk+9SKY/.0.2 -wce:0000000000000000  -m:devinv.dll -f:CreateDeviceInventory ""},{""@Name"":""TargetUserSid"",""#text"":""S-1-0-0""},{""@Name"":""TargetUserName"",""#text"":""-""},{""@Name"":""TargetDomainName"",""#text"":""-""},{""@Name"":""TargetLogonId"",""#text"":""0x0""},{""@Name"":""ParentProcessName"",""#text"":""C:\\Windows\\System32\\svchost.exe""},{""@Name"":""MandatoryLabel"",""#text"":""S-1-16-16384""}]}}"
32509,32509,2026-08-18 20:18:49.8536962,4689,LogAlways,Microsoft-Windows-Security-Auditing,Security,4,9632,disstestbedvm,386,,A process has exited,WORKGROUP\DISSTESTBEDVM$,,,PID: 0x2EE0,,,,,C:\Windows\System32\CompatTelRunner.exe,False,D:\UOW\SEM3\msc-diss-7csef001w\scenarios\scenario_8\artefacts\event_logs\Security.evtx,Audit success,0,"{""EventData"":{""Data"":[{""@Name"":""SubjectUserSid"",""#text"":""S-1-5-18""},{""@Name"":""SubjectUserName"",""#text"":""DISSTESTBEDVM$""},{""@Name"":""SubjectDomainName"",""#text"":""WORKGROUP""},{""@Name"":""SubjectLogonId"",""#text"":""0x3E7""},{""@Name"":""Status"",""#text"":""0x0""},{""@Name"":""ProcessId"",""#text"":""0x2EE0""},{""@Name"":""ProcessName"",""#text"":""C:\\Windows\\System32\\CompatTelRunner.exe""}]}}"
32510,32510,2026-08-18 20:18:49.9756472,4688,LogAlways,Microsoft-Windows-Security-Auditing,Security,4,9828,disstestbedvm,386,,A new process has been created,WORKGROUP\DISSTESTBEDVM$,,Parent process: C:\Windows\System32\svchost.exe,PID: 0x15D8,Parent PID: 0x2CE4,Mandatory label: SECURITY_MANDATORY_SYSTEM_RID,Target User: -\-,,"C:\Windows\System32\CompatTelRunner.exe C:\WINDOWS\system32\compattelrunner.exe -cv:Cwpwd8gKuk+9SKY/.0.3 -wce:0000000000000000  -m:appraiser.dll -f:UpdateAvStatus ",False,D:\UOW\SEM3\msc-diss-7csef001w\scenarios\scenario_8\artefacts\event_logs\Security.evtx,Audit success,0,"{""EventData"":{""Data"":[{""@Name"":""SubjectUserSid"",""#text"":""S-1-5-18""},{""@Name"":""SubjectUserName"",""#text"":""DISSTESTBEDVM$""},{""@Name"":""SubjectDomainName"",""#text"":""WORKGROUP""},{""@Name"":""SubjectLogonId"",""#text"":""0x3E7""},{""@Name"":""NewProcessId"",""#text"":""0x2CE4""},{""@Name"":""NewProcessName"",""#text"":""C:\\Windows\\System32\\CompatTelRunner.exe""},{""@Name"":""TokenElevationType"",""#text"":""%%1936""},{""@Name"":""ProcessId"",""#text"":""0x15D8""},{""@Name"":""CommandLine"",""#text"":""C:\\WINDOWS\\system32\\compattelrunner.exe -cv:Cwpwd8gKuk+9SKY/.0.3 -wce:0000000000000000  -m:appraiser.dll -f:UpdateAvStatus ""},{""@Name"":""TargetUserSid"",""#text"":""S-1-0-0""},{""@Name"":""TargetUserName"",""#text"":""-""},{""@Name"":""TargetDomainName"",""#text"":""-""},{""@Name"":""TargetLogonId"",""#text"":""0x0""},{""@Name"":""ParentProcessName"",""#text"":""C:\\Windows\\System32\\svchost.exe""},{""@Name"":""MandatoryLabel"",""#text"":""S-1-16-16384""}]}}"
32511,32511,2026-08-18 20:18:50.1231067,5379,LogAlways,Microsoft-Windows-Security-Auditing,Security,896,944,disstestbedvm,386,,,,,,,,,,,,False,D:\UOW\SEM3\msc-diss-7csef001w\scenarios\scenario_8\artefacts\event_logs\Security.evtx,Audit success,0,"{""EventData"":{""Data"":[{""@Name"":""SubjectUserSid"",""#text"":""S-1-5-18""},{""@Name"":""SubjectUserName"",""#text"":""DISSTESTBEDVM$""},{""@Name"":""SubjectDomainName"",""#text"":""WORKGROUP""},{""@Name"":""SubjectLogonId"",""#text"":""0x3E7""},{""@Name"":""TargetName"",""#text"":""MicrosoftAccount:user=02ifhfvyqmtyqxuj""},{""@Name"":""Type"",""#text"":""0""},{""@Name"":""CountOfCredentialsReturned"",""#text"":""0""},{""@Name"":""ReadOperation"",""#text"":""%%8100""},{""@Name"":""ReturnCode"",""#text"":""3221226021""},{""@Name"":""ProcessCreationTime"",""#text"":""2026-08-18 20:09:19.0988130""},{""@Name"":""ClientProcessId"",""#text"":""5832""}]}}"
32512,32512,2026-08-18 20:18:50.1232023,5379,LogAlways,Microsoft-Windows-Security-Auditing,Security,896,944,disstestbedvm,386,,,,,,,,,,,,False,D:\UOW\SEM3\msc-diss-7csef001w\scenarios\scenario_8\artefacts\event_logs\Security.evtx,Audit success,0,"{""EventData"":{""Data"":[{""@Name"":""SubjectUserSid"",""#text"":""S-1-5-18""},{""@Name"":""SubjectUserName"",""#text"":""DISSTESTBEDVM$""},{""@Name"":""SubjectDomainName"",""#text"":""WORKGROUP""},{""@Name"":""SubjectLogonId"",""#text"":""0x3E7""},{""@Name"":""TargetName"",""#text"":""WindowsLive:(token):name=02ifhfvyqmtyqxuj;serviceuri=*""},{""@Name"":""Type"",""#text"":""0""},{""@Name"":""CountOfCredentialsReturned"",""#text"":""0""},{""@Name"":""ReadOperation"",""#text"":""%%8100""},{""@Name"":""ReturnCode"",""#text"":""3221226021""},{""@Name"":""ProcessCreationTime"",""#text"":""2026-08-18 20:09:19.0988130""},{""@Name"":""ClientProcessId"",""#text"":""5832""}]}}"
32513,32513,2026-08-18 20:18:50.1235680,5379,LogAlways,Microsoft-Windows-Security-Auditing,Security,896,944,disstestbedvm,386,,,,,,,,,,,,False,D:\UOW\SEM3\msc-diss-7csef001w\scenarios\scenario_8\artefacts\event_logs\Security.evtx,Audit success,0,"{""EventData"":{""Data"":[{""@Name"":""SubjectUserSid"",""#text"":""S-1-5-18""},{""@Name"":""SubjectUserName"",""#text"":""DISSTESTBEDVM$""},{""@Name"":""SubjectDomainName"",""#text"":""WORKGROUP""},{""@Name"":""SubjectLogonId"",""#text"":""0x3E7""},{""@Name"":""TargetName"",""#text"":""WindowsLive:(cert):name=02ifhfvyqmtyqxuj;serviceuri=*""},{""@Name"":""Type"",""#text"":""0""},{""@Name"":""CountOfCredentialsReturned"",""#text"":""0""},{""@Name"":""ReadOperation"",""#text"":""%%8100""},{""@Name"":""ReturnCode"",""#text"":""3221226021""},{""@Name"":""ProcessCreationTime"",""#text"":""2026-08-18 20:09:19.0988130""},{""@Name"":""ClientProcessId"",""#text"":""5832""}]}}"
32514,32514,2026-08-18 20:18:50.3328830,5379,LogAlways,Microsoft-Windows-Security-Auditing,Security,896,11160,disstestbedvm,386,,,,,,,,,,,,False,D:\UOW\SEM3\msc-diss-7csef001w\scenarios\scenario_8\artefacts\event_logs\Security.evtx,Audit success,0,"{""EventData"":{""Data"":[{""@Name"":""SubjectUserSid"",""#text"":""S-1-5-18""},{""@Name"":""SubjectUserName"",""#text"":""DISSTESTBEDVM$""},{""@Name"":""SubjectDomainName"",""#text"":""WORKGROUP""},{""@Name"":""SubjectLogonId"",""#text"":""0x3E7""},{""@Name"":""TargetName"",""#text"":""MicrosoftAccount:user=02ifhfvyqmtyqxuj""},{""@Name"":""Type"",""#text"":""0""},{""@Name"":""CountOfCredentialsReturned"",""#text"":""0""},{""@Name"":""ReadOperation"",""#text"":""%%8100""},{""@Name"":""ReturnCode"",""#text"":""3221226021""},{""@Name"":""ProcessCreationTime"",""#text"":""2026-08-18 20:09:19.0988130""},{""@Name"":""ClientProcessId"",""#text"":""5832""}]}}"
32515,32515,2026-08-18 20:18:50.3332723,5379,LogAlways,Microsoft-Windows-Security-Auditing,Security,896,11160,disstestbedvm,386,,,,,,,,,,,,False,D:\UOW\SEM3\msc-diss-7csef001w\scenarios\scenario_8\artefacts\event_logs\Security.evtx,Audit success,0,"{""EventData"":{""Data"":[{""@Name"":""SubjectUserSid"",""#text"":""S-1-5-18""},{""@Name"":""SubjectUserName"",""#text"":""DISSTESTBEDVM$""},{""@Name"":""SubjectDomainName"",""#text"":""WORKGROUP""},{""@Name"":""SubjectLogonId"",""#text"":""0x3E7""},{""@Name"":""TargetName"",""#text"":""MicrosoftAccount:user=02ifhfvyqmtyqxuj""},{""@Name"":""Type"",""#text"":""0""},{""@Name"":""CountOfCredentialsReturned"",""#text"":""0""},{""@Name"":""ReadOperation"",""#text"":""%%8100""},{""@Name"":""ReturnCode"",""#text"":""3221226021""},{""@Name"":""ProcessCreationTime"",""#text"":""2026-08-18 20:09:19.0988130""},{""@Name"":""ClientProcessId"",""#text"":""5832""}]}}"
32516,32516,2026-08-18 20:18:50.3352175,5379,LogAlways,Microsoft-Windows-Security-Auditing,Security,896,6296,disstestbedvm,386,,,,,,,,,,,,False,D:\UOW\SEM3\msc-diss-7csef001w\scenarios\scenario_8\artefacts\event_logs\Security.evtx,Audit success,0,"{""EventData"":{""Data"":[{""@Name"":""SubjectUserSid"",""#text"":""S-1-5-18""},{""@Name"":""SubjectUserName"",""#text"":""DISSTESTBEDVM$""},{""@Name"":""SubjectDomainName"",""#text"":""WORKGROUP""},{""@Name"":""SubjectLogonId"",""#text"":""0x3E7""},{""@Name"":""TargetName"",""#text"":""MicrosoftAccount:user=02ifhfvyqmtyqxuj""},{""@Name"":""Type"",""#text"":""0""},{""@Name"":""CountOfCredentialsReturned"",""#text"":""0""},{""@Name"":""ReadOperation"",""#text"":""%%8100""},{""@Name"":""ReturnCode"",""#text"":""3221226021""},{""@Name"":""ProcessCreationTime"",""#text"":""2026-08-18 20:09:19.0988130""},{""@Name"":""ClientProcessId"",""#text"":""5832""}]}}"
32517,32517,2026-08-18 20:18:50.3352643,5379,LogAlways,Microsoft-Windows-Security-Auditing,Security,896,6296,disstestbedvm,386,,,,,,,,,,,,False,D:\UOW\SEM3\msc-diss-7csef001w\scenarios\scenario_8\artefacts\event_logs\Security.evtx,Audit success,0,"{""EventData"":{""Data"":[{""@Name"":""SubjectUserSid"",""#text"":""S-1-5-18""},{""@Name"":""SubjectUserName"",""#text"":""DISSTESTBEDVM$""},{""@Name"":""SubjectDomainName"",""#text"":""WORKGROUP""},{""@Name"":""SubjectLogonId"",""#text"":""0x3E7""},{""@Name"":""TargetName"",""#text"":""MicrosoftAccount:user=02ifhfvyqmtyqxuj""},{""@Name"":""Type"",""#text"":""0""},{""@Name"":""CountOfCredentialsReturned"",""#text"":""0""},{""@Name"":""ReadOperation"",""#text"":""%%8100""},{""@Name"":""ReturnCode"",""#text"":""3221226021""},{""@Name"":""ProcessCreationTime"",""#text"":""2026-08-18 20:09:19.0988130""},{""@Name"":""ClientProcessId"",""#text"":""5832""}]}}"
32518,32518,2026-08-18 20:18:51.1792323,4689,LogAlways,Microsoft-Windows-Security-Auditing,Security,4,120,disstestbedvm,386,,A process has exited,WORKGROUP\DISSTESTBEDVM$,,,PID: 0x2CE4,,,,,C:\Windows\System32\CompatTelRunner.exe,False,D:\UOW\SEM3\msc-diss-7csef001w\scenarios\scenario_8\artefacts\event_logs\Security.evtx,Audit success,0,"{""EventData"":{""Data"":[{""@Name"":""SubjectUserSid"",""#text"":""S-1-5-18""},{""@Name"":""SubjectUserName"",""#text"":""DISSTESTBEDVM$""},{""@Name"":""SubjectDomainName"",""#text"":""WORKGROUP""},{""@Name"":""SubjectLogonId"",""#text"":""0x3E7""},{""@Name"":""Status"",""#text"":""0x0""},{""@Name"":""ProcessId"",""#text"":""0x2CE4""},{""@Name"":""ProcessName"",""#text"":""C:\\Windows\\System32\\CompatTelRunner.exe""}]}}"
32519,32519,2026-08-18 20:18:51.2909276,4688,LogAlways,Microsoft-Windows-Security-Auditing,Security,4,120,disstestbedvm,386,,A new process has been created,WORKGROUP\DISSTESTBEDVM$,,Parent process: C:\Windows\System32\svchost.exe,PID: 0x15D8,Parent PID: 0x18F0,Mandatory label: SECURITY_MANDATORY_SYSTEM_RID,Target User: -\-,,"C:\Windows\System32\CompatTelRunner.exe C:\WINDOWS\system32\compattelrunner.exe -cv:Cwpwd8gKuk+9SKY/.0.4 -wce:0000000000000000  -fullsync -m:GeneralTel.dll -f:RunGeneralTelemetry ",False,D:\UOW\SEM3\msc-diss-7csef001w\scenarios\scenario_8\artefacts\event_logs\Security.evtx,Audit success,0,"{""EventData"":{""Data"":[{""@Name"":""SubjectUserSid"",""#text"":""S-1-5-18""},{""@Name"":""SubjectUserName"",""#text"":""DISSTESTBEDVM$""},{""@Name"":""SubjectDomainName"",""#text"":""WORKGROUP""},{""@Name"":""SubjectLogonId"",""#text"":""0x3E7""},{""@Name"":""NewProcessId"",""#text"":""0x18F0""},{""@Name"":""NewProcessName"",""#text"":""C:\\Windows\\System32\\CompatTelRunner.exe""},{""@Name"":""TokenElevationType"",""#text"":""%%1936""},{""@Name"":""ProcessId"",""#text"":""0x15D8""},{""@Name"":""CommandLine"",""#text"":""C:\\WINDOWS\\system32\\compattelrunner.exe -cv:Cwpwd8gKuk+9SKY/.0.4 -wce:0000000000000000  -fullsync -m:GeneralTel.dll -f:RunGeneralTelemetry ""},{""@Name"":""TargetUserSid"",""#text"":""S-1-0-0""},{""@Name"":""TargetUserName"",""#text"":""-""},{""@Name"":""TargetDomainName"",""#text"":""-""},{""@Name"":""TargetLogonId"",""#text"":""0x0""},{""@Name"":""ParentProcessName"",""#text"":""C:\\Windows\\System32\\svchost.exe""},{""@Name"":""MandatoryLabel"",""#text"":""S-1-16-16384""}]}}"
32520,32520,2026-08-18 20:18:51.9431513,4688,LogAlways,Microsoft-Windows-Security-Auditing,Security,4,9828,disstestbedvm,386,,A new process has been created,disstestbedvm\dfanalyst,,Parent process: C:\Windows\System32\cmd.exe,PID: 0x24C0,Parent PID: 0x534,Mandatory label: SECURITY_MANDATORY_MEDIUM_RID,Target User: -\-,,C:\Windows\System32\whoami.exe whoami,False,D:\UOW\SEM3\msc-diss-7csef001w\scenarios\scenario_8\artefacts\event_logs\Security.evtx,Audit success,0,"{""EventData"":{""Data"":[{""@Name"":""SubjectUserSid"",""#text"":""S-1-5-21-4209295338-567392030-2519289182-1001""},{""@Name"":""SubjectUserName"",""#text"":""dfanalyst""},{""@Name"":""SubjectDomainName"",""#text"":""disstestbedvm""},{""@Name"":""SubjectLogonId"",""#text"":""0x55C49""},{""@Name"":""NewProcessId"",""#text"":""0x534""},{""@Name"":""NewProcessName"",""#text"":""C:\\Windows\\System32\\whoami.exe""},{""@Name"":""TokenElevationType"",""#text"":""%%1938""},{""@Name"":""ProcessId"",""#text"":""0x24C0""},{""@Name"":""CommandLine"",""#text"":""whoami""},{""@Name"":""TargetUserSid"",""#text"":""S-1-0-0""},{""@Name"":""TargetUserName"",""#text"":""-""},{""@Name"":""TargetDomainName"",""#text"":""-""},{""@Name"":""TargetLogonId"",""#text"":""0x0""},{""@Name"":""ParentProcessName"",""#text"":""C:\\Windows\\System32\\cmd.exe""},{""@Name"":""MandatoryLabel"",""#text"":""S-1-16-8192""}]}}"
32521,32521,2026-08-18 20:18:51.9726744,4689,LogAlways,Microsoft-Windows-Security-Auditing,Security,4,120,disstestbedvm,386,,A process has exited,disstestbedvm\dfanalyst,,,PID: 0x534,,,,,C:\Windows\System32\whoami.exe,False,D:\UOW\SEM3\msc-diss-7csef001w\scenarios\scenario_8\artefacts\event_logs\Security.evtx,Audit success,0,"{""EventData"":{""Data"":[{""@Name"":""SubjectUserSid"",""#text"":""S-1-5-21-4209295338-567392030-2519289182-1001""},{""@Name"":""SubjectUserName"",""#text"":""dfanalyst""},{""@Name"":""SubjectDomainName"",""#text"":""disstestbedvm""},{""@Name"":""SubjectLogonId"",""#text"":""0x55C49""},{""@Name"":""Status"",""#text"":""0x0""},{""@Name"":""ProcessId"",""#text"":""0x534""},{""@Name"":""ProcessName"",""#text"":""C:\\Windows\\System32\\whoami.exe""}]}}"
32522,32522,2026-08-18 20:18:53.2094474,4689,LogAlways,Microsoft-Windows-Security-Auditing,Security,4,420,disstestbedvm,386,,A process has exited,disstestbedvm\dfanalyst,,,PID: 0x13F4,,,,,C:\Windows\System32\RuntimeBroker.exe,False,D:\UOW\SEM3\msc-diss-7csef001w\scenarios\scenario_8\artefacts\event_logs\Security.evtx,Audit success,0,"{""EventData"":{""Data"":[{""@Name"":""SubjectUserSid"",""#text"":""S-1-5-21-4209295338-567392030-2519289182-1001""},{""@Name"":""SubjectUserName"",""#text"":""dfanalyst""},{""@Name"":""SubjectDomainName"",""#text"":""disstestbedvm""},{""@Name"":""SubjectLogonId"",""#text"":""0x55C49""},{""@Name"":""Status"",""#text"":""0x0""},{""@Name"":""ProcessId"",""#text"":""0x13F4""},{""@Name"":""ProcessName"",""#text"":""C:\\Windows\\System32\\RuntimeBroker.exe""}]}}"
32523,32523,2026-08-18 20:18:53.5028482,4688,LogAlways,Microsoft-Windows-Security-Auditing,Security,4,252,disstestbedvm,386,,A new process has been created,WORKGROUP\DISSTESTBEDVM$,,Parent process: C:\Windows\System32\services.exe,PID: 0x36C,Parent PID: 0x2364,Mandatory label: SECURITY_MANDATORY_SYSTEM_RID,Target User: WORKGROUP\DISSTESTBEDVM$,,C:\Windows\System32\svchost.exe C:\WINDOWS\System32\svchost.exe -k smphost,False,D:\UOW\SEM3\msc-diss-7csef001w\scenarios\scenario_8\artefacts\event_logs\Security.evtx,Audit success,0,"{""EventData"":{""Data"":[{""@Name"":""SubjectUserSid"",""#text"":""S-1-5-18""},{""@Name"":""SubjectUserName"",""#text"":""DISSTESTBEDVM$""},{""@Name"":""SubjectDomainName"",""#text"":""WORKGROUP""},{""@Name"":""SubjectLogonId"",""#text"":""0x3E7""},{""@Name"":""NewProcessId"",""#text"":""0x2364""},{""@Name"":""NewProcessName"",""#text"":""C:\\Windows\\System32\\svchost.exe""},{""@Name"":""TokenElevationType"",""#text"":""%%1936""},{""@Name"":""ProcessId"",""#text"":""0x36C""},{""@Name"":""CommandLine"",""#text"":""C:\\WINDOWS\\System32\\svchost.exe -k smphost""},{""@Name"":""TargetUserSid"",""#text"":""S-1-0-0""},{""@Name"":""TargetUserName"",""#text"":""DISSTESTBEDVM$""},{""@Name"":""TargetDomainName"",""#text"":""WORKGROUP""},{""@Name"":""TargetLogonId"",""#text"":""0x3E4""},{""@Name"":""ParentProcessName"",""#text"":""C:\\Windows\\System32\\services.exe""},{""@Name"":""MandatoryLabel"",""#text"":""S-1-16-16384""}]}}"
32524,32524,2026-08-18 20:18:53.7261543,4688,LogAlways,Microsoft-Windows-Security-Auditing,Security,4,3804,disstestbedvm,386,,A new process has been created,WORKGROUP\DISSTESTBEDVM$,,Parent process: C:\Windows\System32\svchost.exe,PID: 0x134,Parent PID: 0x99C,Mandatory label: SECURITY_MANDATORY_SYSTEM_RID,Target User: -\-,,C:\Windows\System32\wbem\WmiPrvSE.exe C:\WINDOWS\system32\wbem\wmiprvse.exe -Embedding,False,D:\UOW\SEM3\msc-diss-7csef001w\scenarios\scenario_8\artefacts\event_logs\Security.evtx,Audit success,0,"{""EventData"":{""Data"":[{""@Name"":""SubjectUserSid"",""#text"":""S-1-5-18""},{""@Name"":""SubjectUserName"",""#text"":""DISSTESTBEDVM$""},{""@Name"":""SubjectDomainName"",""#text"":""WORKGROUP""},{""@Name"":""SubjectLogonId"",""#text"":""0x3E7""},{""@Name"":""NewProcessId"",""#text"":""0x99C""},{""@Name"":""NewProcessName"",""#text"":""C:\\Windows\\System32\\wbem\\WmiPrvSE.exe""},{""@Name"":""TokenElevationType"",""#text"":""%%1936""},{""@Name"":""ProcessId"",""#text"":""0x134""},{""@Name"":""CommandLine"",""#text"":""C:\\WINDOWS\\system32\\wbem\\wmiprvse.exe -Embedding""},{""@Name"":""TargetUserSid"",""#text"":""S-1-0-0""},{""@Name"":""TargetUserName"",""#text"":""-""},{""@Name"":""TargetDomainName"",""#text"":""-""},{""@Name"":""TargetLogonId"",""#text"":""0x0""},{""@Name"":""ParentProcessName"",""#text"":""C:\\Windows\\System32\\svchost.exe""},{""@Name"":""MandatoryLabel"",""#text"":""S-1-16-16384""}]}}"
32525,32525,2026-08-18 20:18:57.6721278,4798,LogAlways,Microsoft-Windows-Security-Auditing,Security,896,11160,disstestbedvm,386,,A user's local group membership was enumerated,WORKGROUP\DISSTESTBEDVM$ (S-1-5-18),,Target: disstestbedvm\Administrator (S-1-5-21-4209295338-567392030-2519289182-500),SubjectLogonId: 0x3E7,CallerProcessName: C:\Windows\System32\CompatTelRunner.exe,CallerProcessId: 0x18F0,,,,False,D:\UOW\SEM3\msc-diss-7csef001w\scenarios\scenario_8\artefacts\event_logs\Security.evtx,Audit success,0,"{""EventData"":{""Data"":[{""@Name"":""TargetUserName"",""#text"":""Administrator""},{""@Name"":""TargetDomainName"",""#text"":""disstestbedvm""},{""@Name"":""TargetSid"",""#text"":""S-1-5-21-4209295338-567392030-2519289182-500""},{""@Name"":""SubjectUserSid"",""#text"":""S-1-5-18""},{""@Name"":""SubjectUserName"",""#text"":""DISSTESTBEDVM$""},{""@Name"":""SubjectDomainName"",""#text"":""WORKGROUP""},{""@Name"":""SubjectLogonId"",""#text"":""0x3E7""},{""@Name"":""CallerProcessId"",""#text"":""0x18F0""},{""@Name"":""CallerProcessName"",""#text"":""C:\\Windows\\System32\\CompatTelRunner.exe""}]}}"
32526,32526,2026-08-18 20:18:57.6722985,4798,LogAlways,Microsoft-Windows-Security-Auditing,Security,896,11160,disstestbedvm,386,,A user's local group membership was enumerated,WORKGROUP\DISSTESTBEDVM$ (S-1-5-18),,Target: disstestbedvm\DefaultAccount (S-1-5-21-4209295338-567392030-2519289182-503),SubjectLogonId: 0x3E7,CallerProcessName: C:\Windows\System32\CompatTelRunner.exe,CallerProcessId: 0x18F0,,,,False,D:\UOW\SEM3\msc-diss-7csef001w\scenarios\scenario_8\artefacts\event_logs\Security.evtx,Audit success,0,"{""EventData"":{""Data"":[{""@Name"":""TargetUserName"",""#text"":""DefaultAccount""},{""@Name"":""TargetDomainName"",""#text"":""disstestbedvm""},{""@Name"":""TargetSid"",""#text"":""S-1-5-21-4209295338-567392030-2519289182-503""},{""@Name"":""SubjectUserSid"",""#text"":""S-1-5-18""},{""@Name"":""SubjectUserName"",""#text"":""DISSTESTBEDVM$""},{""@Name"":""SubjectDomainName"",""#text"":""WORKGROUP""},{""@Name"":""SubjectLogonId"",""#text"":""0x3E7""},{""@Name"":""CallerProcessId"",""#text"":""0x18F0""},{""@Name"":""CallerProcessName"",""#text"":""C:\\Windows\\System32\\CompatTelRunner.exe""}]}}"
32527,32527,2026-08-18 20:18:57.6724480,4798,LogAlways,Microsoft-Windows-Security-Auditing,Security,896,11160,disstestbedvm,386,,A user's local group membership was enumerated,WORKGROUP\DISSTESTBEDVM$ (S-1-5-18),,Target: disstestbedvm\dfanalyst (S-1-5-21-4209295338-567392030-2519289182-1001),SubjectLogonId: 0x3E7,CallerProcessName: C:\Windows\System32\CompatTelRunner.exe,CallerProcessId: 0x18F0,,,,False,D:\UOW\SEM3\msc-diss-7csef001w\scenarios\scenario_8\artefacts\event_logs\Security.evtx,Audit success,560,"{""EventData"":{""Data"":[{""@Name"":""TargetUserName"",""#text"":""dfanalyst""},{""@Name"":""TargetDomainName"",""#text"":""disstestbedvm""},{""@Name"":""TargetSid"",""#text"":""S-1-5-21-4209295338-567392030-2519289182-1001""},{""@Name"":""SubjectUserSid"",""#text"":""S-1-5-18""},{""@Name"":""SubjectUserName"",""#text"":""DISSTESTBEDVM$""},{""@Name"":""SubjectDomainName"",""#text"":""WORKGROUP""},{""@Name"":""SubjectLogonId"",""#text"":""0x3E7""},{""@Name"":""CallerProcessId"",""#text"":""0x18F0""},{""@Name"":""CallerProcessName"",""#text"":""C:\\Windows\\System32\\CompatTelRunner.exe""}]}}"
32528,32528,2026-08-18 20:18:57.6725669,4798,LogAlways,Microsoft-Windows-Security-Auditing,Security,896,11160,disstestbedvm,386,,A user's local group membership was enumerated,WORKGROUP\DISSTESTBEDVM$ (S-1-5-18),,Target: disstestbedvm\Guest (S-1-5-21-4209295338-567392030-2519289182-501),SubjectLogonId: 0x3E7,CallerProcessName: C:\Windows\System32\CompatTelRunner.exe,CallerProcessId: 0x18F0,,,,False,D:\UOW\SEM3\msc-diss-7csef001w\scenarios\scenario_8\artefacts\event_logs\Security.evtx,Audit success,0,"{""EventData"":{""Data"":[{""@Name"":""TargetUserName"",""#text"":""Guest""},{""@Name"":""TargetDomainName"",""#text"":""disstestbedvm""},{""@Name"":""TargetSid"",""#text"":""S-1-5-21-4209295338-567392030-2519289182-501""},{""@Name"":""SubjectUserSid"",""#text"":""S-1-5-18""},{""@Name"":""SubjectUserName"",""#text"":""DISSTESTBEDVM$""},{""@Name"":""SubjectDomainName"",""#text"":""WORKGROUP""},{""@Name"":""SubjectLogonId"",""#text"":""0x3E7""},{""@Name"":""CallerProcessId"",""#text"":""0x18F0""},{""@Name"":""CallerProcessName"",""#text"":""C:\\Windows\\System32\\CompatTelRunner.exe""}]}}"
32529,32529,2026-08-18 20:18:57.6726888,4798,LogAlways,Microsoft-Windows-Security-Auditing,Security,896,11160,disstestbedvm,386,,A user's local group membership was enumerated,WORKGROUP\DISSTESTBEDVM$ (S-1-5-18),,Target: disstestbedvm\WDAGUtilityAccount (S-1-5-21-4209295338-567392030-2519289182-504),SubjectLogonId: 0x3E7,CallerProcessName: C:\Windows\System32\CompatTelRunner.exe,CallerProcessId: 0x18F0,,,,False,D:\UOW\SEM3\msc-diss-7csef001w\scenarios\scenario_8\artefacts\event_logs\Security.evtx,Audit success,0,"{""EventData"":{""Data"":[{""@Name"":""TargetUserName"",""#text"":""WDAGUtilityAccount""},{""@Name"":""TargetDomainName"",""#text"":""disstestbedvm""},{""@Name"":""TargetSid"",""#text"":""S-1-5-21-4209295338-567392030-2519289182-504""},{""@Name"":""SubjectUserSid"",""#text"":""S-1-5-18""},{""@Name"":""SubjectUserName"",""#text"":""DISSTESTBEDVM$""},{""@Name"":""SubjectDomainName"",""#text"":""WORKGROUP""},{""@Name"":""SubjectLogonId"",""#text"":""0x3E7""},{""@Name"":""CallerProcessId"",""#text"":""0x18F0""},{""@Name"":""CallerProcessName"",""#text"":""C:\\Windows\\System32\\CompatTelRunner.exe""}]}}"
32530,32530,2026-08-18 20:18:57.6748490,4799,LogAlways,Microsoft-Windows-Security-Auditing,Security,896,11160,disstestbedvm,386,,A security-enabled local group membership was enumerated,WORKGROUP\DISSTESTBEDVM$ (S-1-5-18),,Target: Builtin\Administrators (S-1-5-32-544),SubjectLogonId: 0x3E7,CallerProcessName: C:\Windows\System32\CompatTelRunner.exe,CallerProcessId: 0x18F0,,,,False,D:\UOW\SEM3\msc-diss-7csef001w\scenarios\scenario_8\artefacts\event_logs\Security.evtx,Audit success,0,"{""EventData"":{""Data"":[{""@Name"":""TargetUserName"",""#text"":""Administrators""},{""@Name"":""TargetDomainName"",""#text"":""Builtin""},{""@Name"":""TargetSid"",""#text"":""S-1-5-32-544""},{""@Name"":""SubjectUserSid"",""#text"":""S-1-5-18""},{""@Name"":""SubjectUserName"",""#text"":""DISSTESTBEDVM$""},{""@Name"":""SubjectDomainName"",""#text"":""WORKGROUP""},{""@Name"":""SubjectLogonId"",""#text"":""0x3E7""},{""@Name"":""CallerProcessId"",""#text"":""0x18F0""},{""@Name"":""CallerProcessName"",""#text"":""C:\\Windows\\System32\\CompatTelRunner.exe""}]}}"
32531,32531,2026-08-18 20:18:57.6759028,4799,LogAlways,Microsoft-Windows-Security-Auditing,Security,896,11160,disstestbedvm,386,,A security-enabled local group membership was enumerated,WORKGROUP\DISSTESTBEDVM$ (S-1-5-18),,Target: Builtin\Users (S-1-5-32-545),SubjectLogonId: 0x3E7,CallerProcessName: C:\Windows\System32\CompatTelRunner.exe,CallerProcessId: 0x18F0,,,,False,D:\UOW\SEM3\msc-diss-7csef001w\scenarios\scenario_8\artefacts\event_logs\Security.evtx,Audit success,0,"{""EventData"":{""Data"":[{""@Name"":""TargetUserName"",""#text"":""Users""},{""@Name"":""TargetDomainName"",""#text"":""Builtin""},{""@Name"":""TargetSid"",""#text"":""S-1-5-32-545""},{""@Name"":""SubjectUserSid"",""#text"":""S-1-5-18""},{""@Name"":""SubjectUserName"",""#text"":""DISSTESTBEDVM$""},{""@Name"":""SubjectDomainName"",""#text"":""WORKGROUP""},{""@Name"":""SubjectLogonId"",""#text"":""0x3E7""},{""@Name"":""CallerProcessId"",""#text"":""0x18F0""},{""@Name"":""CallerProcessName"",""#text"":""C:\\Windows\\System32\\CompatTelRunner.exe""}]}}"
32532,32532,2026-08-18 20:18:57.6770424,4799,LogAlways,Microsoft-Windows-Security-Auditing,Security,896,11160,disstestbedvm,386,,A security-enabled local group membership was enumerated,WORKGROUP\DISSTESTBEDVM$ (S-1-5-18),,Target: Builtin\Guests (S-1-5-32-546),SubjectLogonId: 0x3E7,CallerProcessName: C:\Windows\System32\CompatTelRunner.exe,CallerProcessId: 0x18F0,,,,False,D:\UOW\SEM3\msc-diss-7csef001w\scenarios\scenario_8\artefacts\event_logs\Security.evtx,Audit success,0,"{""EventData"":{""Data"":[{""@Name"":""TargetUserName"",""#text"":""Guests""},{""@Name"":""TargetDomainName"",""#text"":""Builtin""},{""@Name"":""TargetSid"",""#text"":""S-1-5-32-546""},{""@Name"":""SubjectUserSid"",""#text"":""S-1-5-18""},{""@Name"":""SubjectUserName"",""#text"":""DISSTESTBEDVM$""},{""@Name"":""SubjectDomainName"",""#text"":""WORKGROUP""},{""@Name"":""SubjectLogonId"",""#text"":""0x3E7""},{""@Name"":""CallerProcessId"",""#text"":""0x18F0""},{""@Name"":""CallerProcessName"",""#text"":""C:\\Windows\\System32\\CompatTelRunner.exe""}]}}"
32533,32533,2026-08-18 20:18:58.6902213,4689,LogAlways,Microsoft-Windows-Security-Auditing,Security,4,252,disstestbedvm,386,,A process has exited,WORKGROUP\DISSTESTBEDVM$,,,PID: 0x18F0,,,,,C:\Windows\System32\CompatTelRunner.exe,False,D:\UOW\SEM3\msc-diss-7csef001w\scenarios\scenario_8\artefacts\event_logs\Security.evtx,Audit success,0,"{""EventData"":{""Data"":[{""@Name"":""SubjectUserSid"",""#text"":""S-1-5-18""},{""@Name"":""SubjectUserName"",""#text"":""DISSTESTBEDVM$""},{""@Name"":""SubjectDomainName"",""#text"":""WORKGROUP""},{""@Name"":""SubjectLogonId"",""#text"":""0x3E7""},{""@Name"":""Status"",""#text"":""0x0""},{""@Name"":""ProcessId"",""#text"":""0x18F0""},{""@Name"":""ProcessName"",""#text"":""C:\\Windows\\System32\\CompatTelRunner.exe""}]}}"
32534,32534,2026-08-18 20:18:58.8037594,4688,LogAlways,Microsoft-Windows-Security-Auditing,Security,4,252,disstestbedvm,386,,A new process has been created,WORKGROUP\DISSTESTBEDVM$,,Parent process: C:\Windows\System32\svchost.exe,PID: 0x15D8,Parent PID: 0xA7C,Mandatory label: SECURITY_MANDATORY_SYSTEM_RID,Target User: -\-,,"C:\Windows\System32\CompatTelRunner.exe C:\WINDOWS\system32\compattelrunner.exe -cv:Cwpwd8gKuk+9SKY/.0.5 -wce:0000000000000000  -m:aeinv.dll -f:GetApplicationKBs ",False,D:\UOW\SEM3\msc-diss-7csef001w\scenarios\scenario_8\artefacts\event_logs\Security.evtx,Audit success,0,"{""EventData"":{""Data"":[{""@Name"":""SubjectUserSid"",""#text"":""S-1-5-18""},{""@Name"":""SubjectUserName"",""#text"":""DISSTESTBEDVM$""},{""@Name"":""SubjectDomainName"",""#text"":""WORKGROUP""},{""@Name"":""SubjectLogonId"",""#text"":""0x3E7""},{""@Name"":""NewProcessId"",""#text"":""0xA7C""},{""@Name"":""NewProcessName"",""#text"":""C:\\Windows\\System32\\CompatTelRunner.exe""},{""@Name"":""TokenElevationType"",""#text"":""%%1936""},{""@Name"":""ProcessId"",""#text"":""0x15D8""},{""@Name"":""CommandLine"",""#text"":""C:\\WINDOWS\\system32\\compattelrunner.exe -cv:Cwpwd8gKuk+9SKY/.0.5 -wce:0000000000000000  -m:aeinv.dll -f:GetApplicationKBs ""},{""@Name"":""TargetUserSid"",""#text"":""S-1-0-0""},{""@Name"":""TargetUserName"",""#text"":""-""},{""@Name"":""TargetDomainName"",""#text"":""-""},{""@Name"":""TargetLogonId"",""#text"":""0x0""},{""@Name"":""ParentProcessName"",""#text"":""C:\\Windows\\System32\\svchost.exe""},{""@Name"":""MandatoryLabel"",""#text"":""S-1-16-16384""}]}}"
32535,32535,2026-08-18 20:18:58.8513419,4689,LogAlways,Microsoft-Windows-Security-Auditing,Security,4,252,disstestbedvm,386,,A process has exited,WORKGROUP\DISSTESTBEDVM$,,,PID: 0xA7C,,,,,C:\Windows\System32\CompatTelRunner.exe,False,D:\UOW\SEM3\msc-diss-7csef001w\scenarios\scenario_8\artefacts\event_logs\Security.evtx,Audit success,0,"{""EventData"":{""Data"":[{""@Name"":""SubjectUserSid"",""#text"":""S-1-5-18""},{""@Name"":""SubjectUserName"",""#text"":""DISSTESTBEDVM$""},{""@Name"":""SubjectDomainName"",""#text"":""WORKGROUP""},{""@Name"":""SubjectLogonId"",""#text"":""0x3E7""},{""@Name"":""Status"",""#text"":""0x0""},{""@Name"":""ProcessId"",""#text"":""0xA7C""},{""@Name"":""ProcessName"",""#text"":""C:\\Windows\\System32\\CompatTelRunner.exe""}]}}"
32539,32539,2026-08-18 20:19:29.0762363,4688,LogAlways,Microsoft-Windows-Security-Auditing,Security,4,3808,disstestbedvm,386,,A new process has been created,WORKGROUP\DISSTESTBEDVM$,,Parent process: C:\ProgramData\Microsoft\Windows Defender\Platform\4.18.26070.9-0\MsMpEng.exe,PID: 0xD30,Parent PID: 0x2F74,Mandatory label: SECURITY_MANDATORY_SYSTEM_RID,Target User: -\-,,"C:\ProgramData\Microsoft\Windows Defender\Platform\4.18.26070.9-0\MpCmdRun.exe ""C:\ProgramData\Microsoft\Windows Defender\Platform\4.18.26070.9-0\MpCmdRun.exe"" SignatureUpdate -ScheduleJob -RestrictPrivileges",False,D:\UOW\SEM3\msc-diss-7csef001w\scenarios\scenario_8\artefacts\event_logs\Security.evtx,Audit success,0,"{""EventData"":{""Data"":[{""@Name"":""SubjectUserSid"",""#text"":""S-1-5-18""},{""@Name"":""SubjectUserName"",""#text"":""DISSTESTBEDVM$""},{""@Name"":""SubjectDomainName"",""#text"":""WORKGROUP""},{""@Name"":""SubjectLogonId"",""#text"":""0x3E7""},{""@Name"":""NewProcessId"",""#text"":""0x2F74""},{""@Name"":""NewProcessName"",""#text"":""C:\\ProgramData\\Microsoft\\Windows Defender\\Platform\\4.18.26070.9-0\\MpCmdRun.exe""},{""@Name"":""TokenElevationType"",""#text"":""%%1936""},{""@Name"":""ProcessId"",""#text"":""0xD30""},{""@Name"":""CommandLine"",""#text"":""\""C:\\ProgramData\\Microsoft\\Windows Defender\\Platform\\4.18.26070.9-0\\MpCmdRun.exe\"" SignatureUpdate -ScheduleJob -RestrictPrivileges""},{""@Name"":""TargetUserSid"",""#text"":""S-1-0-0""},{""@Name"":""TargetUserName"",""#text"":""-""},{""@Name"":""TargetDomainName"",""#text"":""-""},{""@Name"":""TargetLogonId"",""#text"":""0x0""},{""@Name"":""ParentProcessName"",""#text"":""C:\\ProgramData\\Microsoft\\Windows Defender\\Platform\\4.18.26070.9-0\\MsMpEng.exe""},{""@Name"":""MandatoryLabel"",""#text"":""S-1-16-16384""}]}}"
32540,32540,2026-08-18 20:19:29.0828682,4688,LogAlways,Microsoft-Windows-Security-Auditing,Security,4,3808,disstestbedvm,386,,A new process has been created,WORKGROUP\DISSTESTBEDVM$,,Parent process: C:\ProgramData\Microsoft\Windows Defender\Platform\4.18.26070.9-0\MpCmdRun.exe,PID: 0x2F74,Parent PID: 0x2A1C,Mandatory label: SECURITY_MANDATORY_SYSTEM_RID,Target User: -\-,,C:\Windows\System32\conhost.exe \??\C:\WINDOWS\system32\conhost.exe 0xffffffff -ForceV1,False,D:\UOW\SEM3\msc-diss-7csef001w\scenarios\scenario_8\artefacts\event_logs\Security.evtx,Audit success,0,"{""EventData"":{""Data"":[{""@Name"":""SubjectUserSid"",""#text"":""S-1-5-18""},{""@Name"":""SubjectUserName"",""#text"":""DISSTESTBEDVM$""},{""@Name"":""SubjectDomainName"",""#text"":""WORKGROUP""},{""@Name"":""SubjectLogonId"",""#text"":""0x3E7""},{""@Name"":""NewProcessId"",""#text"":""0x2A1C""},{""@Name"":""NewProcessName"",""#text"":""C:\\Windows\\System32\\conhost.exe""},{""@Name"":""TokenElevationType"",""#text"":""%%1936""},{""@Name"":""ProcessId"",""#text"":""0x2F74""},{""@Name"":""CommandLine"",""#text"":""\\??\\C:\\WINDOWS\\system32\\conhost.exe 0xffffffff -ForceV1""},{""@Name"":""TargetUserSid"",""#text"":""S-1-0-0""},{""@Name"":""TargetUserName"",""#text"":""-""},{""@Name"":""TargetDomainName"",""#text"":""-""},{""@Name"":""TargetLogonId"",""#text"":""0x0""},{""@Name"":""ParentProcessName"",""#text"":""C:\\ProgramData\\Microsoft\\Windows Defender\\Platform\\4.18.26070.9-0\\MpCmdRun.exe""},{""@Name"":""MandatoryLabel"",""#text"":""S-1-16-16384""}]}}"
32541,32541,2026-08-18 20:19:29.1120319,4688,LogAlways,Microsoft-Windows-Security-Auditing,Security,4,3808,disstestbedvm,386,,A new process has been created,WORKGROUP\DISSTESTBEDVM$,,Parent process: C:\ProgramData\Microsoft\Windows Defender\Platform\4.18.26070.9-0\MsMpEng.exe,PID: 0xD30,Parent PID: 0x7DC,Mandatory label: SECURITY_MANDATORY_SYSTEM_RID,Target User: -\-,,"C:\ProgramData\Microsoft\Windows Defender\Platform\4.18.26070.9-0\MpCmdRun.exe ""C:\ProgramData\Microsoft\Windows Defender\Platform\4.18.26070.9-0\MpCmdRun.exe"" Scan -ScheduleJob -RestrictPrivileges -ScanType 1 -ScanTrigger 59",False,D:\UOW\SEM3\msc-diss-7csef001w\scenarios\scenario_8\artefacts\event_logs\Security.evtx,Audit success,0,"{""EventData"":{""Data"":[{""@Name"":""SubjectUserSid"",""#text"":""S-1-5-18""},{""@Name"":""SubjectUserName"",""#text"":""DISSTESTBEDVM$""},{""@Name"":""SubjectDomainName"",""#text"":""WORKGROUP""},{""@Name"":""SubjectLogonId"",""#text"":""0x3E7""},{""@Name"":""NewProcessId"",""#text"":""0x7DC""},{""@Name"":""NewProcessName"",""#text"":""C:\\ProgramData\\Microsoft\\Windows Defender\\Platform\\4.18.26070.9-0\\MpCmdRun.exe""},{""@Name"":""TokenElevationType"",""#text"":""%%1936""},{""@Name"":""ProcessId"",""#text"":""0xD30""},{""@Name"":""CommandLine"",""#text"":""\""C:\\ProgramData\\Microsoft\\Windows Defender\\Platform\\4.18.26070.9-0\\MpCmdRun.exe\"" Scan -ScheduleJob -RestrictPrivileges -ScanType 1 -ScanTrigger 59""},{""@Name"":""TargetUserSid"",""#text"":""S-1-0-0""},{""@Name"":""TargetUserName"",""#text"":""-""},{""@Name"":""TargetDomainName"",""#text"":""-""},{""@Name"":""TargetLogonId"",""#text"":""0x0""},{""@Name"":""ParentProcessName"",""#text"":""C:\\ProgramData\\Microsoft\\Windows Defender\\Platform\\4.18.26070.9-0\\MsMpEng.exe""},{""@Name"":""MandatoryLabel"",""#text"":""S-1-16-16384""}]}}"
32542,32542,2026-08-18 20:19:29.1181538,4688,LogAlways,Microsoft-Windows-Security-Auditing,Security,4,6556,disstestbedvm,386,,A new process has been created,WORKGROUP\DISSTESTBEDVM$,,Parent process: C:\ProgramData\Microsoft\Windows Defender\Platform\4.18.26070.9-0\MpCmdRun.exe,PID: 0x7DC,Parent PID: 0x2CA8,Mandatory label: SECURITY_MANDATORY_SYSTEM_RID,Target User: -\-,,C:\Windows\System32\conhost.exe \??\C:\WINDOWS\system32\conhost.exe 0xffffffff -ForceV1,False,D:\UOW\SEM3\msc-diss-7csef001w\scenarios\scenario_8\artefacts\event_logs\Security.evtx,Audit success,0,"{""EventData"":{""Data"":[{""@Name"":""SubjectUserSid"",""#text"":""S-1-5-18""},{""@Name"":""SubjectUserName"",""#text"":""DISSTESTBEDVM$""},{""@Name"":""SubjectDomainName"",""#text"":""WORKGROUP""},{""@Name"":""SubjectLogonId"",""#text"":""0x3E7""},{""@Name"":""NewProcessId"",""#text"":""0x2CA8""},{""@Name"":""NewProcessName"",""#text"":""C:\\Windows\\System32\\conhost.exe""},{""@Name"":""TokenElevationType"",""#text"":""%%1936""},{""@Name"":""ProcessId"",""#text"":""0x7DC""},{""@Name"":""CommandLine"",""#text"":""\\??\\C:\\WINDOWS\\system32\\conhost.exe 0xffffffff -ForceV1""},{""@Name"":""TargetUserSid"",""#text"":""S-1-0-0""},{""@Name"":""TargetUserName"",""#text"":""-""},{""@Name"":""TargetDomainName"",""#text"":""-""},{""@Name"":""TargetLogonId"",""#text"":""0x0""},{""@Name"":""ParentProcessName"",""#text"":""C:\\ProgramData\\Microsoft\\Windows Defender\\Platform\\4.18.26070.9-0\\MpCmdRun.exe""},{""@Name"":""MandatoryLabel"",""#text"":""S-1-16-16384""}]}}"
32543,32543,2026-08-18 20:19:29.1582657,4688,LogAlways,Microsoft-Windows-Security-Auditing,Security,4,3804,disstestbedvm,386,,A new process has been created,WORKGROUP\DISSTESTBEDVM$,,Parent process: C:\ProgramData\Microsoft\Windows Defender\Platform\4.18.26070.9-0\MpCmdRun.exe,PID: 0x7DC,Parent PID: 0xF08,Mandatory label: SECURITY_MANDATORY_SYSTEM_RID,Target User: WORKGROUP\DISSTESTBEDVM$,,"C:\ProgramData\Microsoft\Windows Defender\Platform\4.18.26070.9-0\MpCmdRun.exe ""C:\ProgramData\Microsoft\Windows Defender\Platform\4.18.26070.9-0\MpCmdRun.exe"" Scan -ScheduleJob -RestrictPrivileges -ScanType 1 -ScanTrigger 59 -Reinvoke",False,D:\UOW\SEM3\msc-diss-7csef001w\scenarios\scenario_8\artefacts\event_logs\Security.evtx,Audit success,0,"{""EventData"":{""Data"":[{""@Name"":""SubjectUserSid"",""#text"":""S-1-5-18""},{""@Name"":""SubjectUserName"",""#text"":""DISSTESTBEDVM$""},{""@Name"":""SubjectDomainName"",""#text"":""WORKGROUP""},{""@Name"":""SubjectLogonId"",""#text"":""0x3E7""},{""@Name"":""NewProcessId"",""#text"":""0xF08""},{""@Name"":""NewProcessName"",""#text"":""C:\\ProgramData\\Microsoft\\Windows Defender\\Platform\\4.18.26070.9-0\\MpCmdRun.exe""},{""@Name"":""TokenElevationType"",""#text"":""%%1936""},{""@Name"":""ProcessId"",""#text"":""0x7DC""},{""@Name"":""CommandLine"",""#text"":""\""C:\\ProgramData\\Microsoft\\Windows Defender\\Platform\\4.18.26070.9-0\\MpCmdRun.exe\"" Scan -ScheduleJob -RestrictPrivileges -ScanType 1 -ScanTrigger 59 -Reinvoke""},{""@Name"":""TargetUserSid"",""#text"":""S-1-0-0""},{""@Name"":""TargetUserName"",""#text"":""DISSTESTBEDVM$""},{""@Name"":""TargetDomainName"",""#text"":""WORKGROUP""},{""@Name"":""TargetLogonId"",""#text"":""0x3E4""},{""@Name"":""ParentProcessName"",""#text"":""C:\\ProgramData\\Microsoft\\Windows Defender\\Platform\\4.18.26070.9-0\\MpCmdRun.exe""},{""@Name"":""MandatoryLabel"",""#text"":""S-1-16-16384""}]}}"
32544,32544,2026-08-18 20:19:29.1646897,4689,LogAlways,Microsoft-Windows-Security-Auditing,Security,4,3804,disstestbedvm,386,,A process has exited,WORKGROUP\DISSTESTBEDVM$,,,PID: 0x7DC,,,,,C:\ProgramData\Microsoft\Windows Defender\Platform\4.18.26070.9-0\MpCmdRun.exe,False,D:\UOW\SEM3\msc-diss-7csef001w\scenarios\scenario_8\artefacts\event_logs\Security.evtx,Audit success,0,"{""EventData"":{""Data"":[{""@Name"":""SubjectUserSid"",""#text"":""S-1-5-18""},{""@Name"":""SubjectUserName"",""#text"":""DISSTESTBEDVM$""},{""@Name"":""SubjectDomainName"",""#text"":""WORKGROUP""},{""@Name"":""SubjectLogonId"",""#text"":""0x3E7""},{""@Name"":""Status"",""#text"":""0x0""},{""@Name"":""ProcessId"",""#text"":""0x7DC""},{""@Name"":""ProcessName"",""#text"":""C:\\ProgramData\\Microsoft\\Windows Defender\\Platform\\4.18.26070.9-0\\MpCmdRun.exe""}]}}"
32545,32545,2026-08-18 20:19:29.1663774,4689,LogAlways,Microsoft-Windows-Security-Auditing,Security,4,3804,disstestbedvm,386,,A process has exited,WORKGROUP\DISSTESTBEDVM$,,,PID: 0x2CA8,,,,,C:\Windows\System32\conhost.exe,False,D:\UOW\SEM3\msc-diss-7csef001w\scenarios\scenario_8\artefacts\event_logs\Security.evtx,Audit success,0,"{""EventData"":{""Data"":[{""@Name"":""SubjectUserSid"",""#text"":""S-1-5-18""},{""@Name"":""SubjectUserName"",""#text"":""DISSTESTBEDVM$""},{""@Name"":""SubjectDomainName"",""#text"":""WORKGROUP""},{""@Name"":""SubjectLogonId"",""#text"":""0x3E7""},{""@Name"":""Status"",""#text"":""0x0""},{""@Name"":""ProcessId"",""#text"":""0x2CA8""},{""@Name"":""ProcessName"",""#text"":""C:\\Windows\\System32\\conhost.exe""}]}}"
32546,32546,2026-08-18 20:19:29.1745149,4688,LogAlways,Microsoft-Windows-Security-Auditing,Security,4,3804,disstestbedvm,386,,A new process has been created,WORKGROUP\DISSTESTBEDVM$,,Parent process: C:\ProgramData\Microsoft\Windows Defender\Platform\4.18.26070.9-0\MsMpEng.exe,PID: 0xD30,Parent PID: 0xB6C,Mandatory label: SECURITY_MANDATORY_SYSTEM_RID,Target User: -\-,,"C:\ProgramData\Microsoft\Windows Defender\Platform\4.18.26070.9-0\MpCmdRun.exe ""C:\ProgramData\Microsoft\Windows Defender\Platform\4.18.26070.9-0\MpCmdRun.exe"" SignaturesUpdateService -ScheduleJob -UnmanagedUpdate",False,D:\UOW\SEM3\msc-diss-7csef001w\scenarios\scenario_8\artefacts\event_logs\Security.evtx,Audit success,0,"{""EventData"":{""Data"":[{""@Name"":""SubjectUserSid"",""#text"":""S-1-5-18""},{""@Name"":""SubjectUserName"",""#text"":""DISSTESTBEDVM$""},{""@Name"":""SubjectDomainName"",""#text"":""WORKGROUP""},{""@Name"":""SubjectLogonId"",""#text"":""0x3E7""},{""@Name"":""NewProcessId"",""#text"":""0xB6C""},{""@Name"":""NewProcessName"",""#text"":""C:\\ProgramData\\Microsoft\\Windows Defender\\Platform\\4.18.26070.9-0\\MpCmdRun.exe""},{""@Name"":""TokenElevationType"",""#text"":""%%1936""},{""@Name"":""ProcessId"",""#text"":""0xD30""},{""@Name"":""CommandLine"",""#text"":""\""C:\\ProgramData\\Microsoft\\Windows Defender\\Platform\\4.18.26070.9-0\\MpCmdRun.exe\"" SignaturesUpdateService -ScheduleJob -UnmanagedUpdate""},{""@Name"":""TargetUserSid"",""#text"":""S-1-0-0""},{""@Name"":""TargetUserName"",""#text"":""-""},{""@Name"":""TargetDomainName"",""#text"":""-""},{""@Name"":""TargetLogonId"",""#text"":""0x0""},{""@Name"":""ParentProcessName"",""#text"":""C:\\ProgramData\\Microsoft\\Windows Defender\\Platform\\4.18.26070.9-0\\MsMpEng.exe""},{""@Name"":""MandatoryLabel"",""#text"":""S-1-16-16384""}]}}"
32547,32547,2026-08-18 20:19:29.1830781,4688,LogAlways,Microsoft-Windows-Security-Auditing,Security,4,3804,disstestbedvm,386,,A new process has been created,WORKGROUP\DISSTESTBEDVM$,,Parent process: C:\ProgramData\Microsoft\Windows Defender\Platform\4.18.26070.9-0\MpCmdRun.exe,PID: 0xB6C,Parent PID: 0x6D8,Mandatory label: SECURITY_MANDATORY_SYSTEM_RID,Target User: -\-,,C:\Windows\System32\conhost.exe \??\C:\WINDOWS\system32\conhost.exe 0xffffffff -ForceV1,False,D:\UOW\SEM3\msc-diss-7csef001w\scenarios\scenario_8\artefacts\event_logs\Security.evtx,Audit success,0,"{""EventData"":{""Data"":[{""@Name"":""SubjectUserSid"",""#text"":""S-1-5-18""},{""@Name"":""SubjectUserName"",""#text"":""DISSTESTBEDVM$""},{""@Name"":""SubjectDomainName"",""#text"":""WORKGROUP""},{""@Name"":""SubjectLogonId"",""#text"":""0x3E7""},{""@Name"":""NewProcessId"",""#text"":""0x6D8""},{""@Name"":""NewProcessName"",""#text"":""C:\\Windows\\System32\\conhost.exe""},{""@Name"":""TokenElevationType"",""#text"":""%%1936""},{""@Name"":""ProcessId"",""#text"":""0xB6C""},{""@Name"":""CommandLine"",""#text"":""\\??\\C:\\WINDOWS\\system32\\conhost.exe 0xffffffff -ForceV1""},{""@Name"":""TargetUserSid"",""#text"":""S-1-0-0""},{""@Name"":""TargetUserName"",""#text"":""-""},{""@Name"":""TargetDomainName"",""#text"":""-""},{""@Name"":""TargetLogonId"",""#text"":""0x0""},{""@Name"":""ParentProcessName"",""#text"":""C:\\ProgramData\\Microsoft\\Windows Defender\\Platform\\4.18.26070.9-0\\MpCmdRun.exe""},{""@Name"":""MandatoryLabel"",""#text"":""S-1-16-16384""}]}}"
32548,32548,2026-08-18 20:19:32.1880969,4689,LogAlways,Microsoft-Windows-Security-Auditing,Security,4,9828,disstestbedvm,386,,A process has exited,WORKGROUP\DISSTESTBEDVM$,,,PID: 0xB6C,,,,,C:\ProgramData\Microsoft\Windows Defender\Platform\4.18.26070.9-0\MpCmdRun.exe,False,D:\UOW\SEM3\msc-diss-7csef001w\scenarios\scenario_8\artefacts\event_logs\Security.evtx,Audit success,0,"{""EventData"":{""Data"":[{""@Name"":""SubjectUserSid"",""#text"":""S-1-5-18""},{""@Name"":""SubjectUserName"",""#text"":""DISSTESTBEDVM$""},{""@Name"":""SubjectDomainName"",""#text"":""WORKGROUP""},{""@Name"":""SubjectLogonId"",""#text"":""0x3E7""},{""@Name"":""Status"",""#text"":""0x0""},{""@Name"":""ProcessId"",""#text"":""0xB6C""},{""@Name"":""ProcessName"",""#text"":""C:\\ProgramData\\Microsoft\\Windows Defender\\Platform\\4.18.26070.9-0\\MpCmdRun.exe""}]}}"
32549,32549,2026-08-18 20:19:32.1938662,4689,LogAlways,Microsoft-Windows-Security-Auditing,Security,4,9828,disstestbedvm,386,,A process has exited,WORKGROUP\DISSTESTBEDVM$,,,PID: 0x6D8,,,,,C:\Windows\System32\conhost.exe,False,D:\UOW\SEM3\msc-diss-7csef001w\scenarios\scenario_8\artefacts\event_logs\Security.evtx,Audit success,0,"{""EventData"":{""Data"":[{""@Name"":""SubjectUserSid"",""#text"":""S-1-5-18""},{""@Name"":""SubjectUserName"",""#text"":""DISSTESTBEDVM$""},{""@Name"":""SubjectDomainName"",""#text"":""WORKGROUP""},{""@Name"":""SubjectLogonId"",""#text"":""0x3E7""},{""@Name"":""Status"",""#text"":""0x0""},{""@Name"":""ProcessId"",""#text"":""0x6D8""},{""@Name"":""ProcessName"",""#text"":""C:\\Windows\\System32\\conhost.exe""}]}}"
32550,32550,2026-08-18 20:19:32.2126712,4689,LogAlways,Microsoft-Windows-Security-Auditing,Security,4,252,disstestbedvm,386,,A process has exited,WORKGROUP\DISSTESTBEDVM$,,,PID: 0x2F74,,,,,C:\ProgramData\Microsoft\Windows Defender\Platform\4.18.26070.9-0\MpCmdRun.exe,False,D:\UOW\SEM3\msc-diss-7csef001w\scenarios\scenario_8\artefacts\event_logs\Security.evtx,Audit success,560,"{""EventData"":{""Data"":[{""@Name"":""SubjectUserSid"",""#text"":""S-1-5-18""},{""@Name"":""SubjectUserName"",""#text"":""DISSTESTBEDVM$""},{""@Name"":""SubjectDomainName"",""#text"":""WORKGROUP""},{""@Name"":""SubjectLogonId"",""#text"":""0x3E7""},{""@Name"":""Status"",""#text"":""0x0""},{""@Name"":""ProcessId"",""#text"":""0x2F74""},{""@Name"":""ProcessName"",""#text"":""C:\\ProgramData\\Microsoft\\Windows Defender\\Platform\\4.18.26070.9-0\\MpCmdRun.exe""}]}}"
32551,32551,2026-08-18 20:19:32.2142248,4689,LogAlways,Microsoft-Windows-Security-Auditing,Security,4,252,disstestbedvm,386,,A process has exited,WORKGROUP\DISSTESTBEDVM$,,,PID: 0x2A1C,,,,,C:\Windows\System32\conhost.exe,False,D:\UOW\SEM3\msc-diss-7csef001w\scenarios\scenario_8\artefacts\event_logs\Security.evtx,Audit success,464,"{""EventData"":{""Data"":[{""@Name"":""SubjectUserSid"",""#text"":""S-1-5-18""},{""@Name"":""SubjectUserName"",""#text"":""DISSTESTBEDVM$""},{""@Name"":""SubjectDomainName"",""#text"":""WORKGROUP""},{""@Name"":""SubjectLogonId"",""#text"":""0x3E7""},{""@Name"":""Status"",""#text"":""0x0""},{""@Name"":""ProcessId"",""#text"":""0x2A1C""},{""@Name"":""ProcessName"",""#text"":""C:\\Windows\\System32\\conhost.exe""}]}}"
32552,32552,2026-08-18 20:19:43.0296206,4688,LogAlways,Microsoft-Windows-Security-Auditing,Security,4,9632,disstestbedvm,386,,A new process has been created,WORKGROUP\DISSTESTBEDVM$,,Parent process: C:\Windows\System32\svchost.exe,PID: 0x134,Parent PID: 0x1674,Mandatory label: SECURITY_MANDATORY_LOW_RID,Target User: disstestbedvm\dfanalyst,,"C:\Windows\System32\backgroundTaskHost.exe ""C:\WINDOWS\system32\backgroundTaskHost.exe"" -ServerName:App.AppXmtcan0h2tfbfy7k9kn8hbxb6dmzz1zh0.mca",False,D:\UOW\SEM3\msc-diss-7csef001w\scenarios\scenario_8\artefacts\event_logs\Security.evtx,Audit success,0,"{""EventData"":{""Data"":[{""@Name"":""SubjectUserSid"",""#text"":""S-1-5-18""},{""@Name"":""SubjectUserName"",""#text"":""DISSTESTBEDVM$""},{""@Name"":""SubjectDomainName"",""#text"":""WORKGROUP""},{""@Name"":""SubjectLogonId"",""#text"":""0x3E7""},{""@Name"":""NewProcessId"",""#text"":""0x1674""},{""@Name"":""NewProcessName"",""#text"":""C:\\Windows\\System32\\backgroundTaskHost.exe""},{""@Name"":""TokenElevationType"",""#text"":""%%1938""},{""@Name"":""ProcessId"",""#text"":""0x134""},{""@Name"":""CommandLine"",""#text"":""\""C:\\WINDOWS\\system32\\backgroundTaskHost.exe\"" -ServerName:App.AppXmtcan0h2tfbfy7k9kn8hbxb6dmzz1zh0.mca""},{""@Name"":""TargetUserSid"",""#text"":""S-1-5-21-4209295338-567392030-2519289182-1001""},{""@Name"":""TargetUserName"",""#text"":""dfanalyst""},{""@Name"":""TargetDomainName"",""#text"":""disstestbedvm""},{""@Name"":""TargetLogonId"",""#text"":""0x55C49""},{""@Name"":""ParentProcessName"",""#text"":""C:\\Windows\\System32\\svchost.exe""},{""@Name"":""MandatoryLabel"",""#text"":""S-1-16-4096""}]}}"
32553,32553,2026-08-18 20:19:43.1618899,4689,LogAlways,Microsoft-Windows-Security-Auditing,Security,4,420,disstestbedvm,386,,A process has exited,disstestbedvm\dfanalyst,,,PID: 0x1674,,,,,C:\Windows\System32\backgroundTaskHost.exe,False,D:\UOW\SEM3\msc-diss-7csef001w\scenarios\scenario_8\artefacts\event_logs\Security.evtx,Audit success,0,"{""EventData"":{""Data"":[{""@Name"":""SubjectUserSid"",""#text"":""S-1-5-21-4209295338-567392030-2519289182-1001""},{""@Name"":""SubjectUserName"",""#text"":""dfanalyst""},{""@Name"":""SubjectDomainName"",""#text"":""disstestbedvm""},{""@Name"":""SubjectLogonId"",""#text"":""0x55C49""},{""@Name"":""Status"",""#text"":""0x1""},{""@Name"":""ProcessId"",""#text"":""0x1674""},{""@Name"":""ProcessName"",""#text"":""C:\\Windows\\System32\\backgroundTaskHost.exe""}]}}"
32554,32554,2026-08-18 20:19:47.6098538,4688,LogAlways,Microsoft-Windows-Security-Auditing,Security,4,9828,disstestbedvm,386,,A new process has been created,WORKGROUP\DISSTESTBEDVM$,,Parent process: C:\Windows\System32\svchost.exe,PID: 0x814,Parent PID: 0x1528,Mandatory label: SECURITY_MANDATORY_SYSTEM_RID,Target User: -\-,,C:\Windows\System32\taskhostw.exe taskhostw.exe -RegisterDevice -ProtectionStateChanged -FreeNetworkOnly,False,D:\UOW\SEM3\msc-diss-7csef001w\scenarios\scenario_8\artefacts\event_logs\Security.evtx,Audit success,0,"{""EventData"":{""Data"":[{""@Name"":""SubjectUserSid"",""#text"":""S-1-5-18""},{""@Name"":""SubjectUserName"",""#text"":""DISSTESTBEDVM$""},{""@Name"":""SubjectDomainName"",""#text"":""WORKGROUP""},{""@Name"":""SubjectLogonId"",""#text"":""0x3E7""},{""@Name"":""NewProcessId"",""#text"":""0x1528""},{""@Name"":""NewProcessName"",""#text"":""C:\\Windows\\System32\\taskhostw.exe""},{""@Name"":""TokenElevationType"",""#text"":""%%1936""},{""@Name"":""ProcessId"",""#text"":""0x814""},{""@Name"":""CommandLine"",""#text"":""taskhostw.exe -RegisterDevice -ProtectionStateChanged -FreeNetworkOnly""},{""@Name"":""TargetUserSid"",""#text"":""S-1-0-0""},{""@Name"":""TargetUserName"",""#text"":""-""},{""@Name"":""TargetDomainName"",""#text"":""-""},{""@Name"":""TargetLogonId"",""#text"":""0x0""},{""@Name"":""ParentProcessName"",""#text"":""C:\\Windows\\System32\\svchost.exe""},{""@Name"":""MandatoryLabel"",""#text"":""S-1-16-16384""}]}}"
32555,32555,2026-08-18 20:19:47.7466125,4688,LogAlways,Microsoft-Windows-Security-Auditing,Security,4,3804,disstestbedvm,386,,A new process has been created,WORKGROUP\DISSTESTBEDVM$,,Parent process: C:\Windows\System32\svchost.exe,PID: 0x134,Parent PID: 0x2790,Mandatory label: SECURITY_MANDATORY_MEDIUM_RID,Target User: disstestbedvm\dfanalyst,,C:\Windows\System32\SecurityHealth\10.0.29554.1001-0\SecurityHealthHost.exe \\?\C:\Windows\System32\SecurityHealth\10.0.29554.1001-0\SecurityHealthHost.exe {08728914-3F57-4D52-9E31-49DAECA5A80A} -Embedding,False,D:\UOW\SEM3\msc-diss-7csef001w\scenarios\scenario_8\artefacts\event_logs\Security.evtx,Audit success,0,"{""EventData"":{""Data"":[{""@Name"":""SubjectUserSid"",""#text"":""S-1-5-18""},{""@Name"":""SubjectUserName"",""#text"":""DISSTESTBEDVM$""},{""@Name"":""SubjectDomainName"",""#text"":""WORKGROUP""},{""@Name"":""SubjectLogonId"",""#text"":""0x3E7""},{""@Name"":""NewProcessId"",""#text"":""0x2790""},{""@Name"":""NewProcessName"",""#text"":""C:\\Windows\\System32\\SecurityHealth\\10.0.29554.1001-0\\SecurityHealthHost.exe""},{""@Name"":""TokenElevationType"",""#text"":""%%1938""},{""@Name"":""ProcessId"",""#text"":""0x134""},{""@Name"":""CommandLine"",""#text"":""\\\\?\\C:\\Windows\\System32\\SecurityHealth\\10.0.29554.1001-0\\SecurityHealthHost.exe {08728914-3F57-4D52-9E31-49DAECA5A80A} -Embedding""},{""@Name"":""TargetUserSid"",""#text"":""S-1-5-21-4209295338-567392030-2519289182-1001""},{""@Name"":""TargetUserName"",""#text"":""dfanalyst""},{""@Name"":""TargetDomainName"",""#text"":""disstestbedvm""},{""@Name"":""TargetLogonId"",""#text"":""0x55C49""},{""@Name"":""ParentProcessName"",""#text"":""C:\\Windows\\System32\\svchost.exe""},{""@Name"":""MandatoryLabel"",""#text"":""S-1-16-8192""}]}}"
32556,32556,2026-08-18 20:19:47.8007174,4624,LogAlways,Microsoft-Windows-Security-Auditing,Security,896,11160,disstestbedvm,386,,Successful logon,WORKGROUP\DISSTESTBEDVM$,- (-),Target: NT AUTHORITY\SYSTEM,LogonType 5,LogonId: 0x3E7,,,,C:\Windows\System32\services.exe,False,D:\UOW\SEM3\msc-diss-7csef001w\scenarios\scenario_8\artefacts\event_logs\Security.evtx,Audit success,0,"{""EventData"":{""Data"":[{""@Name"":""SubjectUserSid"",""#text"":""S-1-5-18""},{""@Name"":""SubjectUserName"",""#text"":""DISSTESTBEDVM$""},{""@Name"":""SubjectDomainName"",""#text"":""WORKGROUP""},{""@Name"":""SubjectLogonId"",""#text"":""0x3E7""},{""@Name"":""TargetUserSid"",""#text"":""S-1-5-18""},{""@Name"":""TargetUserName"",""#text"":""SYSTEM""},{""@Name"":""TargetDomainName"",""#text"":""NT AUTHORITY""},{""@Name"":""TargetLogonId"",""#text"":""0x3E7""},{""@Name"":""LogonType"",""#text"":""5""},{""@Name"":""LogonProcessName"",""#text"":""Advapi  ""},{""@Name"":""AuthenticationPackageName"",""#text"":""Negotiate""},{""@Name"":""WorkstationName"",""#text"":""-""},{""@Name"":""LogonGuid"",""#text"":""00000000-0000-0000-0000-000000000000""},{""@Name"":""TransmittedServices"",""#text"":""-""},{""@Name"":""LmPackageName"",""#text"":""-""},{""@Name"":""KeyLength"",""#text"":""0""},{""@Name"":""ProcessId"",""#text"":""0x36C""},{""@Name"":""ProcessName"",""#text"":""C:\\Windows\\System32\\services.exe""},{""@Name"":""IpAddress"",""#text"":""-""},{""@Name"":""IpPort"",""#text"":""-""},{""@Name"":""ImpersonationLevel"",""#text"":""%%1833""},{""@Name"":""RestrictedAdminMode"",""#text"":""-""},{""@Name"":""RemoteCredentialGuard"",""#text"":""-""},{""@Name"":""TargetOutboundUserName"",""#text"":""-""},{""@Name"":""TargetOutboundDomainName"",""#text"":""-""},{""@Name"":""VirtualAccount"",""#text"":""%%1843""},{""@Name"":""TargetLinkedLogonId"",""#text"":""0x0""},{""@Name"":""ElevatedToken"",""#text"":""%%1842""}]}}"
32557,32557,2026-08-18 20:19:47.8007237,4672,LogAlways,Microsoft-Windows-Security-Auditing,Security,896,11160,disstestbedvm,386,,Administrative logon,NT AUTHORITY\SYSTEM (S-1-5-18),,"PrivilegeList: SeAssignPrimaryTokenPrivilege, SeTcbPrivilege, SeSecurityPrivilege, SeTakeOwnershipPrivilege, SeLoadDriverPrivilege, SeBackupPrivilege, SeRestorePrivilege, SeDebugPrivilege, SeAuditPrivilege, SeSystemEnvironmentPrivilege, SeImpersonatePrivilege, SeDelegateSessionUserImpersonatePrivilege",LogonId: 0x3E7,,,,,,False,D:\UOW\SEM3\msc-diss-7csef001w\scenarios\scenario_8\artefacts\event_logs\Security.evtx,Audit success,0,"{""EventData"":{""Data"":[{""@Name"":""SubjectUserSid"",""#text"":""S-1-5-18""},{""@Name"":""SubjectUserName"",""#text"":""SYSTEM""},{""@Name"":""SubjectDomainName"",""#text"":""NT AUTHORITY""},{""@Name"":""SubjectLogonId"",""#text"":""0x3E7""},{""@Name"":""PrivilegeList"",""#text"":""SeAssignPrimaryTokenPrivilege, SeTcbPrivilege, SeSecurityPrivilege, SeTakeOwnershipPrivilege, SeLoadDriverPrivilege, SeBackupPrivilege, SeRestorePrivilege, SeDebugPrivilege, SeAuditPrivilege, SeSystemEnvironmentPrivilege, SeImpersonatePrivilege, SeDelegateSessionUserImpersonatePrivilege""}]}}"
32558,32558,2026-08-18 20:19:47.8015479,4689,LogAlways,Microsoft-Windows-Security-Auditing,Security,4,3804,disstestbedvm,386,,A process has exited,disstestbedvm\dfanalyst,,,PID: 0x2790,,,,,C:\Windows\System32\SecurityHealth\10.0.29554.1001-0\SecurityHealthHost.exe,False,D:\UOW\SEM3\msc-diss-7csef001w\scenarios\scenario_8\artefacts\event_logs\Security.evtx,Audit success,0,"{""EventData"":{""Data"":[{""@Name"":""SubjectUserSid"",""#text"":""S-1-5-21-4209295338-567392030-2519289182-1001""},{""@Name"":""SubjectUserName"",""#text"":""dfanalyst""},{""@Name"":""SubjectDomainName"",""#text"":""disstestbedvm""},{""@Name"":""SubjectLogonId"",""#text"":""0x55C49""},{""@Name"":""Status"",""#text"":""0x0""},{""@Name"":""ProcessId"",""#text"":""0x2790""},{""@Name"":""ProcessName"",""#text"":""C:\\Windows\\System32\\SecurityHealth\\10.0.29554.1001-0\\SecurityHealthHost.exe""}]}}"
32559,32559,2026-08-18 20:19:47.8019827,4688,LogAlways,Microsoft-Windows-Security-Auditing,Security,4,9632,disstestbedvm,386,,A new process has been created,WORKGROUP\DISSTESTBEDVM$,,Parent process: C:\Windows\System32\services.exe,PID: 0x36C,Parent PID: 0x2460,Mandatory label: SECURITY_MANDATORY_SYSTEM_RID,Target User: -\-,,C:\Windows\System32\svchost.exe C:\WINDOWS\system32\svchost.exe -k GPSvcGroup,False,D:\UOW\SEM3\msc-diss-7csef001w\scenarios\scenario_8\artefacts\event_logs\Security.evtx,Audit success,0,"{""EventData"":{""Data"":[{""@Name"":""SubjectUserSid"",""#text"":""S-1-5-18""},{""@Name"":""SubjectUserName"",""#text"":""DISSTESTBEDVM$""},{""@Name"":""SubjectDomainName"",""#text"":""WORKGROUP""},{""@Name"":""SubjectLogonId"",""#text"":""0x3E7""},{""@Name"":""NewProcessId"",""#text"":""0x2460""},{""@Name"":""NewProcessName"",""#text"":""C:\\Windows\\System32\\svchost.exe""},{""@Name"":""TokenElevationType"",""#text"":""%%1936""},{""@Name"":""ProcessId"",""#text"":""0x36C""},{""@Name"":""CommandLine"",""#text"":""C:\\WINDOWS\\system32\\svchost.exe -k GPSvcGroup""},{""@Name"":""TargetUserSid"",""#text"":""S-1-0-0""},{""@Name"":""TargetUserName"",""#text"":""-""},{""@Name"":""TargetDomainName"",""#text"":""-""},{""@Name"":""TargetLogonId"",""#text"":""0x0""},{""@Name"":""ParentProcessName"",""#text"":""C:\\Windows\\System32\\services.exe""},{""@Name"":""MandatoryLabel"",""#text"":""S-1-16-16384""}]}}"
32560,32560,2026-08-18 20:19:47.8879795,4689,LogAlways,Microsoft-Windows-Security-Auditing,Security,4,420,disstestbedvm,386,,A process has exited,WORKGROUP\DISSTESTBEDVM$,,,PID: 0x1528,,,,,C:\Windows\System32\taskhostw.exe,False,D:\UOW\SEM3\msc-diss-7csef001w\scenarios\scenario_8\artefacts\event_logs\Security.evtx,Audit success,0,"{""EventData"":{""Data"":[{""@Name"":""SubjectUserSid"",""#text"":""S-1-5-18""},{""@Name"":""SubjectUserName"",""#text"":""DISSTESTBEDVM$""},{""@Name"":""SubjectDomainName"",""#text"":""WORKGROUP""},{""@Name"":""SubjectLogonId"",""#text"":""0x3E7""},{""@Name"":""Status"",""#text"":""0x0""},{""@Name"":""ProcessId"",""#text"":""0x1528""},{""@Name"":""ProcessName"",""#text"":""C:\\Windows\\System32\\taskhostw.exe""}]}}"
32561,32561,2026-08-18 20:19:48.1199119,4688,LogAlways,Microsoft-Windows-Security-Auditing,Security,4,9828,disstestbedvm,386,,A new process has been created,WORKGROUP\DISSTESTBEDVM$,,Parent process: C:\Windows\System32\svchost.exe,PID: 0x134,Parent PID: 0x8F4,Mandatory label: SECURITY_MANDATORY_MEDIUM_RID,Target User: disstestbedvm\dfanalyst,,C:\Windows\System32\SecurityHealth\10.0.29554.1001-0\SecurityHealthHost.exe \\?\C:\Windows\System32\SecurityHealth\10.0.29554.1001-0\SecurityHealthHost.exe {08728914-3F57-4D52-9E31-49DAECA5A80A} -Embedding,False,D:\UOW\SEM3\msc-diss-7csef001w\scenarios\scenario_8\artefacts\event_logs\Security.evtx,Audit success,0,"{""EventData"":{""Data"":[{""@Name"":""SubjectUserSid"",""#text"":""S-1-5-18""},{""@Name"":""SubjectUserName"",""#text"":""DISSTESTBEDVM$""},{""@Name"":""SubjectDomainName"",""#text"":""WORKGROUP""},{""@Name"":""SubjectLogonId"",""#text"":""0x3E7""},{""@Name"":""NewProcessId"",""#text"":""0x8F4""},{""@Name"":""NewProcessName"",""#text"":""C:\\Windows\\System32\\SecurityHealth\\10.0.29554.1001-0\\SecurityHealthHost.exe""},{""@Name"":""TokenElevationType"",""#text"":""%%1938""},{""@Name"":""ProcessId"",""#text"":""0x134""},{""@Name"":""CommandLine"",""#text"":""\\\\?\\C:\\Windows\\System32\\SecurityHealth\\10.0.29554.1001-0\\SecurityHealthHost.exe {08728914-3F57-4D52-9E31-49DAECA5A80A} -Embedding""},{""@Name"":""TargetUserSid"",""#text"":""S-1-5-21-4209295338-567392030-2519289182-1001""},{""@Name"":""TargetUserName"",""#text"":""dfanalyst""},{""@Name"":""TargetDomainName"",""#text"":""disstestbedvm""},{""@Name"":""TargetLogonId"",""#text"":""0x55C49""},{""@Name"":""ParentProcessName"",""#text"":""C:\\Windows\\System32\\svchost.exe""},{""@Name"":""MandatoryLabel"",""#text"":""S-1-16-8192""}]}}"
32562,32562,2026-08-18 20:19:48.1500558,4689,LogAlways,Microsoft-Windows-Security-Auditing,Security,4,9828,disstestbedvm,386,,A process has exited,disstestbedvm\dfanalyst,,,PID: 0x8F4,,,,,C:\Windows\System32\SecurityHealth\10.0.29554.1001-0\SecurityHealthHost.exe,False,D:\UOW\SEM3\msc-diss-7csef001w\scenarios\scenario_8\artefacts\event_logs\Security.evtx,Audit success,0,"{""EventData"":{""Data"":[{""@Name"":""SubjectUserSid"",""#text"":""S-1-5-21-4209295338-567392030-2519289182-1001""},{""@Name"":""SubjectUserName"",""#text"":""dfanalyst""},{""@Name"":""SubjectDomainName"",""#text"":""disstestbedvm""},{""@Name"":""SubjectLogonId"",""#text"":""0x55C49""},{""@Name"":""Status"",""#text"":""0x0""},{""@Name"":""ProcessId"",""#text"":""0x8F4""},{""@Name"":""ProcessName"",""#text"":""C:\\Windows\\System32\\SecurityHealth\\10.0.29554.1001-0\\SecurityHealthHost.exe""}]}}"
32564,32564,2026-08-18 20:20:13.1736112,4688,LogAlways,Microsoft-Windows-Security-Auditing,Security,4,9632,disstestbedvm,386,,A new process has been created,WORKGROUP\DISSTESTBEDVM$,,Parent process: C:\Windows\System32\svchost.exe,PID: 0x134,Parent PID: 0x24A0,Mandatory label: SECURITY_MANDATORY_LOW_RID,Target User: disstestbedvm\dfanalyst,,"C:\Windows\System32\backgroundTaskHost.exe ""C:\WINDOWS\system32\backgroundTaskHost.exe"" -ServerName:App.AppXmtcan0h2tfbfy7k9kn8hbxb6dmzz1zh0.mca",False,D:\UOW\SEM3\msc-diss-7csef001w\scenarios\scenario_8\artefacts\event_logs\Security.evtx,Audit success,0,"{""EventData"":{""Data"":[{""@Name"":""SubjectUserSid"",""#text"":""S-1-5-18""},{""@Name"":""SubjectUserName"",""#text"":""DISSTESTBEDVM$""},{""@Name"":""SubjectDomainName"",""#text"":""WORKGROUP""},{""@Name"":""SubjectLogonId"",""#text"":""0x3E7""},{""@Name"":""NewProcessId"",""#text"":""0x24A0""},{""@Name"":""NewProcessName"",""#text"":""C:\\Windows\\System32\\backgroundTaskHost.exe""},{""@Name"":""TokenElevationType"",""#text"":""%%1938""},{""@Name"":""ProcessId"",""#text"":""0x134""},{""@Name"":""CommandLine"",""#text"":""\""C:\\WINDOWS\\system32\\backgroundTaskHost.exe\"" -ServerName:App.AppXmtcan0h2tfbfy7k9kn8hbxb6dmzz1zh0.mca""},{""@Name"":""TargetUserSid"",""#text"":""S-1-5-21-4209295338-567392030-2519289182-1001""},{""@Name"":""TargetUserName"",""#text"":""dfanalyst""},{""@Name"":""TargetDomainName"",""#text"":""disstestbedvm""},{""@Name"":""TargetLogonId"",""#text"":""0x55C49""},{""@Name"":""ParentProcessName"",""#text"":""C:\\Windows\\System32\\svchost.exe""},{""@Name"":""MandatoryLabel"",""#text"":""S-1-16-4096""}]}}"
32565,32565,2026-08-18 20:20:13.3519979,4688,LogAlways,Microsoft-Windows-Security-Auditing,Security,4,420,disstestbedvm,386,,A new process has been created,WORKGROUP\DISSTESTBEDVM$,,Parent process: C:\Windows\System32\svchost.exe,PID: 0x134,Parent PID: 0x7A8,Mandatory label: SECURITY_MANDATORY_LOW_RID,Target User: disstestbedvm\dfanalyst,,"C:\Windows\System32\backgroundTaskHost.exe ""C:\WINDOWS\system32\BackgroundTaskHost.exe"" -ServerName:BackgroundTaskHost.WebAccountProvider",False,D:\UOW\SEM3\msc-diss-7csef001w\scenarios\scenario_8\artefacts\event_logs\Security.evtx,Audit success,0,"{""EventData"":{""Data"":[{""@Name"":""SubjectUserSid"",""#text"":""S-1-5-18""},{""@Name"":""SubjectUserName"",""#text"":""DISSTESTBEDVM$""},{""@Name"":""SubjectDomainName"",""#text"":""WORKGROUP""},{""@Name"":""SubjectLogonId"",""#text"":""0x3E7""},{""@Name"":""NewProcessId"",""#text"":""0x7A8""},{""@Name"":""NewProcessName"",""#text"":""C:\\Windows\\System32\\backgroundTaskHost.exe""},{""@Name"":""TokenElevationType"",""#text"":""%%1938""},{""@Name"":""ProcessId"",""#text"":""0x134""},{""@Name"":""CommandLine"",""#text"":""\""C:\\WINDOWS\\system32\\BackgroundTaskHost.exe\"" -ServerName:BackgroundTaskHost.WebAccountProvider""},{""@Name"":""TargetUserSid"",""#text"":""S-1-5-21-4209295338-567392030-2519289182-1001""},{""@Name"":""TargetUserName"",""#text"":""dfanalyst""},{""@Name"":""TargetDomainName"",""#text"":""disstestbedvm""},{""@Name"":""TargetLogonId"",""#text"":""0x55C49""},{""@Name"":""ParentProcessName"",""#text"":""C:\\Windows\\System32\\svchost.exe""},{""@Name"":""MandatoryLabel"",""#text"":""S-1-16-4096""}]}}"
32566,32566,2026-08-18 20:20:13.4218837,4688,LogAlways,Microsoft-Windows-Security-Auditing,Security,4,420,disstestbedvm,386,,A new process has been created,WORKGROUP\DISSTESTBEDVM$,,Parent process: C:\Windows\System32\svchost.exe,PID: 0x134,Parent PID: 0x1658,Mandatory label: SECURITY_MANDATORY_MEDIUM_RID,Target User: disstestbedvm\dfanalyst,,C:\Windows\System32\RuntimeBroker.exe C:\Windows\System32\RuntimeBroker.exe -Embedding,False,D:\UOW\SEM3\msc-diss-7csef001w\scenarios\scenario_8\artefacts\event_logs\Security.evtx,Audit success,0,"{""EventData"":{""Data"":[{""@Name"":""SubjectUserSid"",""#text"":""S-1-5-18""},{""@Name"":""SubjectUserName"",""#text"":""DISSTESTBEDVM$""},{""@Name"":""SubjectDomainName"",""#text"":""WORKGROUP""},{""@Name"":""SubjectLogonId"",""#text"":""0x3E7""},{""@Name"":""NewProcessId"",""#text"":""0x1658""},{""@Name"":""NewProcessName"",""#text"":""C:\\Windows\\System32\\RuntimeBroker.exe""},{""@Name"":""TokenElevationType"",""#text"":""%%1938""},{""@Name"":""ProcessId"",""#text"":""0x134""},{""@Name"":""CommandLine"",""#text"":""C:\\Windows\\System32\\RuntimeBroker.exe -Embedding""},{""@Name"":""TargetUserSid"",""#text"":""S-1-5-21-4209295338-567392030-2519289182-1001""},{""@Name"":""TargetUserName"",""#text"":""dfanalyst""},{""@Name"":""TargetDomainName"",""#text"":""disstestbedvm""},{""@Name"":""TargetLogonId"",""#text"":""0x55C49""},{""@Name"":""ParentProcessName"",""#text"":""C:\\Windows\\System32\\svchost.exe""},{""@Name"":""MandatoryLabel"",""#text"":""S-1-16-8192""}]}}"
32567,32567,2026-08-18 20:20:13.4921824,4689,LogAlways,Microsoft-Windows-Security-Auditing,Security,4,9632,disstestbedvm,386,,A process has exited,disstestbedvm\dfanalyst,,,PID: 0x7A8,,,,,C:\Windows\System32\backgroundTaskHost.exe,False,D:\UOW\SEM3\msc-diss-7csef001w\scenarios\scenario_8\artefacts\event_logs\Security.evtx,Audit success,0,"{""EventData"":{""Data"":[{""@Name"":""SubjectUserSid"",""#text"":""S-1-5-21-4209295338-567392030-2519289182-1001""},{""@Name"":""SubjectUserName"",""#text"":""dfanalyst""},{""@Name"":""SubjectDomainName"",""#text"":""disstestbedvm""},{""@Name"":""SubjectLogonId"",""#text"":""0x55C49""},{""@Name"":""Status"",""#text"":""0x1""},{""@Name"":""ProcessId"",""#text"":""0x7A8""},{""@Name"":""ProcessName"",""#text"":""C:\\Windows\\System32\\backgroundTaskHost.exe""}]}}"
32568,32568,2026-08-18 20:20:13.5031748,4688,LogAlways,Microsoft-Windows-Security-Auditing,Security,4,9632,disstestbedvm,386,,A new process has been created,WORKGROUP\DISSTESTBEDVM$,,Parent process: C:\Windows\System32\svchost.exe,PID: 0x134,Parent PID: 0x179C,Mandatory label: SECURITY_MANDATORY_MEDIUM_RID,Target User: disstestbedvm\dfanalyst,,C:\Windows\System32\RuntimeBroker.exe C:\Windows\System32\RuntimeBroker.exe -Embedding,False,D:\UOW\SEM3\msc-diss-7csef001w\scenarios\scenario_8\artefacts\event_logs\Security.evtx,Audit success,0,"{""EventData"":{""Data"":[{""@Name"":""SubjectUserSid"",""#text"":""S-1-5-18""},{""@Name"":""SubjectUserName"",""#text"":""DISSTESTBEDVM$""},{""@Name"":""SubjectDomainName"",""#text"":""WORKGROUP""},{""@Name"":""SubjectLogonId"",""#text"":""0x3E7""},{""@Name"":""NewProcessId"",""#text"":""0x179C""},{""@Name"":""NewProcessName"",""#text"":""C:\\Windows\\System32\\RuntimeBroker.exe""},{""@Name"":""TokenElevationType"",""#text"":""%%1938""},{""@Name"":""ProcessId"",""#text"":""0x134""},{""@Name"":""CommandLine"",""#text"":""C:\\Windows\\System32\\RuntimeBroker.exe -Embedding""},{""@Name"":""TargetUserSid"",""#text"":""S-1-5-21-4209295338-567392030-2519289182-1001""},{""@Name"":""TargetUserName"",""#text"":""dfanalyst""},{""@Name"":""TargetDomainName"",""#text"":""disstestbedvm""},{""@Name"":""TargetLogonId"",""#text"":""0x55C49""},{""@Name"":""ParentProcessName"",""#text"":""C:\\Windows\\System32\\svchost.exe""},{""@Name"":""MandatoryLabel"",""#text"":""S-1-16-8192""}]}}"
32569,32569,2026-08-18 20:20:13.8243422,4689,LogAlways,Microsoft-Windows-Security-Auditing,Security,4,420,disstestbedvm,386,,A process has exited,disstestbedvm\dfanalyst,,,PID: 0x24A0,,,,,C:\Windows\System32\backgroundTaskHost.exe,False,D:\UOW\SEM3\msc-diss-7csef001w\scenarios\scenario_8\artefacts\event_logs\Security.evtx,Audit success,0,"{""EventData"":{""Data"":[{""@Name"":""SubjectUserSid"",""#text"":""S-1-5-21-4209295338-567392030-2519289182-1001""},{""@Name"":""SubjectUserName"",""#text"":""dfanalyst""},{""@Name"":""SubjectDomainName"",""#text"":""disstestbedvm""},{""@Name"":""SubjectLogonId"",""#text"":""0x55C49""},{""@Name"":""Status"",""#text"":""0x1""},{""@Name"":""ProcessId"",""#text"":""0x24A0""},{""@Name"":""ProcessName"",""#text"":""C:\\Windows\\System32\\backgroundTaskHost.exe""}]}}"
32570,32570,2026-08-18 20:20:16.9042631,4689,LogAlways,Microsoft-Windows-Security-Auditing,Security,4,9828,disstestbedvm,386,,A process has exited,disstestbedvm\dfanalyst,,,PID: 0x2CD0,,,,,C:\Program Files\WindowsApps\Microsoft.WindowsTerminal_1.24.11911.0_x64__8wekyb3d8bbwe\WindowsTerminal.exe,False,D:\UOW\SEM3\msc-diss-7csef001w\scenarios\scenario_8\artefacts\event_logs\Security.evtx,Audit success,0,"{""EventData"":{""Data"":[{""@Name"":""SubjectUserSid"",""#text"":""S-1-5-21-4209295338-567392030-2519289182-1001""},{""@Name"":""SubjectUserName"",""#text"":""dfanalyst""},{""@Name"":""SubjectDomainName"",""#text"":""disstestbedvm""},{""@Name"":""SubjectLogonId"",""#text"":""0x55C49""},{""@Name"":""Status"",""#text"":""0x0""},{""@Name"":""ProcessId"",""#text"":""0x2CD0""},{""@Name"":""ProcessName"",""#text"":""C:\\Program Files\\WindowsApps\\Microsoft.WindowsTerminal_1.24.11911.0_x64__8wekyb3d8bbwe\\WindowsTerminal.exe""}]}}"
32571,32571,2026-08-18 20:20:16.9078325,4689,LogAlways,Microsoft-Windows-Security-Auditing,Security,4,252,disstestbedvm,386,,A process has exited,disstestbedvm\dfanalyst,,,PID: 0x24C0,,,,,C:\Windows\System32\cmd.exe,False,D:\UOW\SEM3\msc-diss-7csef001w\scenarios\scenario_8\artefacts\event_logs\Security.evtx,Audit success,0,"{""EventData"":{""Data"":[{""@Name"":""SubjectUserSid"",""#text"":""S-1-5-21-4209295338-567392030-2519289182-1001""},{""@Name"":""SubjectUserName"",""#text"":""dfanalyst""},{""@Name"":""SubjectDomainName"",""#text"":""disstestbedvm""},{""@Name"":""SubjectLogonId"",""#text"":""0x55C49""},{""@Name"":""Status"",""#text"":""0xC000013A""},{""@Name"":""ProcessId"",""#text"":""0x24C0""},{""@Name"":""ProcessName"",""#text"":""C:\\Windows\\System32\\cmd.exe""}]}}"
32572,32572,2026-08-18 20:20:16.9139716,4689,LogAlways,Microsoft-Windows-Security-Auditing,Security,4,252,disstestbedvm,386,,A process has exited,disstestbedvm\dfanalyst,,,PID: 0xCE4,,,,,C:\Program Files\WindowsApps\Microsoft.WindowsTerminal_1.24.11911.0_x64__8wekyb3d8bbwe\OpenConsole.exe,False,D:\UOW\SEM3\msc-diss-7csef001w\scenarios\scenario_8\artefacts\event_logs\Security.evtx,Audit success,0,"{""EventData"":{""Data"":[{""@Name"":""SubjectUserSid"",""#text"":""S-1-5-21-4209295338-567392030-2519289182-1001""},{""@Name"":""SubjectUserName"",""#text"":""dfanalyst""},{""@Name"":""SubjectDomainName"",""#text"":""disstestbedvm""},{""@Name"":""SubjectLogonId"",""#text"":""0x55C49""},{""@Name"":""Status"",""#text"":""0x0""},{""@Name"":""ProcessId"",""#text"":""0xCE4""},{""@Name"":""ProcessName"",""#text"":""C:\\Program Files\\WindowsApps\\Microsoft.WindowsTerminal_1.24.11911.0_x64__8wekyb3d8bbwe\\OpenConsole.exe""}]}}"
32573,32573,2026-08-18 20:20:16.9159770,4689,LogAlways,Microsoft-Windows-Security-Auditing,Security,4,252,disstestbedvm,386,,A process has exited,disstestbedvm\dfanalyst,,,PID: 0x13D8,,,,,C:\Windows\System32\conhost.exe,False,D:\UOW\SEM3\msc-diss-7csef001w\scenarios\scenario_8\artefacts\event_logs\Security.evtx,Audit success,0,"{""EventData"":{""Data"":[{""@Name"":""SubjectUserSid"",""#text"":""S-1-5-21-4209295338-567392030-2519289182-1001""},{""@Name"":""SubjectUserName"",""#text"":""dfanalyst""},{""@Name"":""SubjectDomainName"",""#text"":""disstestbedvm""},{""@Name"":""SubjectLogonId"",""#text"":""0x55C49""},{""@Name"":""Status"",""#text"":""0x6D""},{""@Name"":""ProcessId"",""#text"":""0x13D8""},{""@Name"":""ProcessName"",""#text"":""C:\\Windows\\System32\\conhost.exe""}]}}"
32574,32574,2026-08-18 20:20:17.3303228,4688,LogAlways,Microsoft-Windows-Security-Auditing,Security,4,420,disstestbedvm,387,,A new process has been created,WORKGROUP\DISSTESTBEDVM$,,Parent process: C:\Windows\System32\CompatTelRunner.exe,PID: 0x21D4,Parent PID: 0x300,Mandatory label: SECURITY_MANDATORY_SYSTEM_RID,Target User: -\-,,"C:\Windows\System32\WindowsPowerShell\v1.0\powershell.exe powershell.exe -ExecutionPolicy Restricted -Command ,                         $Res = 0,                         $InboxIMEs = (@(,                           '{0000897b-83df-4b96-be07-0fb58b01c4a4}','{03b5835f-f03c-411b-9ce2-aa23e1171e36}',,                           '{531fdebf-9b4c-4a43-a2aa-960e8fcdc732}','{6a498709-e00b-4c45-a018-8f9e4081ae40}',,                           '{7c472071-36a7-4709-88cc-859513e583a9}','{81d4e9c9-1d3b-41bc-9e6c-4b40bf79e35e}',,                           '{81ea0a17-aa39-455b-ba20-ea79a8f98966}','{8613e14c-d0c0-4161-ac0f-1dd2563286bc}',,                           '{a028ae76-01b1-46c2-99c4-acd9858ae02f}','{a1e2b86b-924a-4d43-80f6-8a820df7190f}',,                           '{b115690a-ea02-48d5-a231-e3578d2fdf80}','{c2cb2cf0-af47-413e-9780-8bc3a3c16068}',,                           '{dcbd6fa8-032f-11d3-b5b1-00c04fc324a1}','{e429b25a-e5d3-4d1f-9be3-0c608477e3a1}',,                           '{f25e9f57-2fc8-4eb3-a41a-cce5f08541e6}','{fa445657-9379-11d6-b41a-00065b83ee53}',                         ) | ForEach-Object { [regex]::Escape($_) }) -join '|',                         $InboxPattern = 'TIP\\(?:' + $InboxIMEs + ')',                         $LanguageProfiles = Get-Item 'HKLM:\SOFTWARE\Microsoft\CTF\TIP\{????????-????-????-????-????????????}\LanguageProfile\0x*\{????????-????-????-????-????????????}' -EA SilentlyContinue,                         foreach ($prof in @($LanguageProfiles)) {,                           if ($prof.PSPath -match $InboxPattern) { continue },                           $pp = Get-ItemProperty $prof.PSPath -EA SilentlyContinue,                           $hasEnable = ($pp.PSObject.Properties.Name -contains 'Enable'),                           if ((-not $hasEnable) -or ($pp.Enable -eq 1)) {,                             $Res = 1,                             break,                           },                         },                         Write-Host 'Final result:',$Res,                     ",False,D:\UOW\SEM3\msc-diss-7csef001w\scenarios\scenario_8\artefacts\event_logs\Security.evtx,Audit success,0,"{""EventData"":{""Data"":[{""@Name"":""SubjectUserSid"",""#text"":""S-1-5-18""},{""@Name"":""SubjectUserName"",""#text"":""DISSTESTBEDVM$""},{""@Name"":""SubjectDomainName"",""#text"":""WORKGROUP""},{""@Name"":""SubjectLogonId"",""#text"":""0x3E7""},{""@Name"":""NewProcessId"",""#text"":""0x300""},{""@Name"":""NewProcessName"",""#text"":""C:\\Windows\\System32\\WindowsPowerShell\\v1.0\\powershell.exe""},{""@Name"":""TokenElevationType"",""#text"":""%%1936""},{""@Name"":""ProcessId"",""#text"":""0x21D4""},{""@Name"":""CommandLine"",""#text"":""powershell.exe -ExecutionPolicy Restricted -Command ,                         $Res = 0,                         $InboxIMEs = (@(,                           '{0000897b-83df-4b96-be07-0fb58b01c4a4}','{03b5835f-f03c-411b-9ce2-aa23e1171e36}',,                           '{531fdebf-9b4c-4a43-a2aa-960e8fcdc732}','{6a498709-e00b-4c45-a018-8f9e4081ae40}',,                           '{7c472071-36a7-4709-88cc-859513e583a9}','{81d4e9c9-1d3b-41bc-9e6c-4b40bf79e35e}',,                           '{81ea0a17-aa39-455b-ba20-ea79a8f98966}','{8613e14c-d0c0-4161-ac0f-1dd2563286bc}',,                           '{a028ae76-01b1-46c2-99c4-acd9858ae02f}','{a1e2b86b-924a-4d43-80f6-8a820df7190f}',,                           '{b115690a-ea02-48d5-a231-e3578d2fdf80}','{c2cb2cf0-af47-413e-9780-8bc3a3c16068}',,                           '{dcbd6fa8-032f-11d3-b5b1-00c04fc324a1}','{e429b25a-e5d3-4d1f-9be3-0c608477e3a1}',,                           '{f25e9f57-2fc8-4eb3-a41a-cce5f08541e6}','{fa445657-9379-11d6-b41a-00065b83ee53}',                         ) | ForEach-Object { [regex]::Escape($_) }) -join '|',                         $InboxPattern = 'TIP\\\\(?:' + $InboxIMEs + ')',                         $LanguageProfiles = Get-Item 'HKLM:\\SOFTWARE\\Microsoft\\CTF\\TIP\\{????????-????-????-????-????????????}\\LanguageProfile\\0x*\\{????????-????-????-????-????????????}' -EA SilentlyContinue,                         foreach ($prof in @($LanguageProfiles)) {,                           if ($prof.PSPath -match $InboxPattern) { continue },                           $pp = Get-ItemProperty $prof.PSPath -EA SilentlyContinue,                           $hasEnable = ($pp.PSObject.Properties.Name -contains 'Enable'),                           if ((-not $hasEnable) -or ($pp.Enable -eq 1)) {,                             $Res = 1,                             break,                           },                         },                         Write-Host 'Final result:',$Res,                     ""},{""@Name"":""TargetUserSid"",""#text"":""S-1-0-0""},{""@Name"":""TargetUserName"",""#text"":""-""},{""@Name"":""TargetDomainName"",""#text"":""-""},{""@Name"":""TargetLogonId"",""#text"":""0x0""},{""@Name"":""ParentProcessName"",""#text"":""C:\\Windows\\System32\\CompatTelRunner.exe""},{""@Name"":""MandatoryLabel"",""#text"":""S-1-16-16384""}]}}"
32575,32575,2026-08-18 20:20:17.3418033,4688,LogAlways,Microsoft-Windows-Security-Auditing,Security,4,420,disstestbedvm,387,,A new process has been created,WORKGROUP\DISSTESTBEDVM$,,Parent process: C:\Windows\System32\WindowsPowerShell\v1.0\powershell.exe,PID: 0x300,Parent PID: 0x1178,Mandatory label: SECURITY_MANDATORY_SYSTEM_RID,Target User: -\-,,C:\Windows\System32\conhost.exe \??\C:\WINDOWS\system32\conhost.exe 0xffffffff -ForceV1,False,D:\UOW\SEM3\msc-diss-7csef001w\scenarios\scenario_8\artefacts\event_logs\Security.evtx,Audit success,784,"{""EventData"":{""Data"":[{""@Name"":""SubjectUserSid"",""#text"":""S-1-5-18""},{""@Name"":""SubjectUserName"",""#text"":""DISSTESTBEDVM$""},{""@Name"":""SubjectDomainName"",""#text"":""WORKGROUP""},{""@Name"":""SubjectLogonId"",""#text"":""0x3E7""},{""@Name"":""NewProcessId"",""#text"":""0x1178""},{""@Name"":""NewProcessName"",""#text"":""C:\\Windows\\System32\\conhost.exe""},{""@Name"":""TokenElevationType"",""#text"":""%%1936""},{""@Name"":""ProcessId"",""#text"":""0x300""},{""@Name"":""CommandLine"",""#text"":""\\??\\C:\\WINDOWS\\system32\\conhost.exe 0xffffffff -ForceV1""},{""@Name"":""TargetUserSid"",""#text"":""S-1-0-0""},{""@Name"":""TargetUserName"",""#text"":""-""},{""@Name"":""TargetDomainName"",""#text"":""-""},{""@Name"":""TargetLogonId"",""#text"":""0x0""},{""@Name"":""ParentProcessName"",""#text"":""C:\\Windows\\System32\\WindowsPowerShell\\v1.0\\powershell.exe""},{""@Name"":""MandatoryLabel"",""#text"":""S-1-16-16384""}]}}"
32576,32576,2026-08-18 20:20:17.9197841,4688,LogAlways,Microsoft-Windows-Security-Auditing,Security,4,504,disstestbedvm,387,,A new process has been created,WORKGROUP\DISSTESTBEDVM$,,Parent process: C:\Windows\System32\services.exe,PID: 0x36C,Parent PID: 0x115C,Mandatory label: SECURITY_MANDATORY_SYSTEM_RID,Target User: WORKGROUP\DISSTESTBEDVM$,,C:\Windows\System32\sppsvc.exe C:\WINDOWS\system32\sppsvc.exe,False,D:\UOW\SEM3\msc-diss-7csef001w\scenarios\scenario_8\artefacts\event_logs\Security.evtx,Audit success,0,"{""EventData"":{""Data"":[{""@Name"":""SubjectUserSid"",""#text"":""S-1-5-18""},{""@Name"":""SubjectUserName"",""#text"":""DISSTESTBEDVM$""},{""@Name"":""SubjectDomainName"",""#text"":""WORKGROUP""},{""@Name"":""SubjectLogonId"",""#text"":""0x3E7""},{""@Name"":""NewProcessId"",""#text"":""0x115C""},{""@Name"":""NewProcessName"",""#text"":""C:\\Windows\\System32\\sppsvc.exe""},{""@Name"":""TokenElevationType"",""#text"":""%%1936""},{""@Name"":""ProcessId"",""#text"":""0x36C""},{""@Name"":""CommandLine"",""#text"":""C:\\WINDOWS\\system32\\sppsvc.exe""},{""@Name"":""TargetUserSid"",""#text"":""S-1-0-0""},{""@Name"":""TargetUserName"",""#text"":""DISSTESTBEDVM$""},{""@Name"":""TargetDomainName"",""#text"":""WORKGROUP""},{""@Name"":""TargetLogonId"",""#text"":""0x3E4""},{""@Name"":""ParentProcessName"",""#text"":""C:\\Windows\\System32\\services.exe""},{""@Name"":""MandatoryLabel"",""#text"":""S-1-16-16384""}]}}"
32577,32577,2026-08-18 20:20:18.5081314,4689,LogAlways,Microsoft-Windows-Security-Auditing,Security,4,420,disstestbedvm,387,,A process has exited,WORKGROUP\DISSTESTBEDVM$,,,PID: 0x300,,,,,C:\Windows\System32\WindowsPowerShell\v1.0\powershell.exe,False,D:\UOW\SEM3\msc-diss-7csef001w\scenarios\scenario_8\artefacts\event_logs\Security.evtx,Audit success,0,"{""EventData"":{""Data"":[{""@Name"":""SubjectUserSid"",""#text"":""S-1-5-18""},{""@Name"":""SubjectUserName"",""#text"":""DISSTESTBEDVM$""},{""@Name"":""SubjectDomainName"",""#text"":""WORKGROUP""},{""@Name"":""SubjectLogonId"",""#text"":""0x3E7""},{""@Name"":""Status"",""#text"":""0x0""},{""@Name"":""ProcessId"",""#text"":""0x300""},{""@Name"":""ProcessName"",""#text"":""C:\\Windows\\System32\\WindowsPowerShell\\v1.0\\powershell.exe""}]}}"
32578,32578,2026-08-18 20:20:18.5186849,4689,LogAlways,Microsoft-Windows-Security-Auditing,Security,4,9824,disstestbedvm,387,,A process has exited,WORKGROUP\DISSTESTBEDVM$,,,PID: 0x1178,,,,,C:\Windows\System32\conhost.exe,False,D:\UOW\SEM3\msc-diss-7csef001w\scenarios\scenario_8\artefacts\event_logs\Security.evtx,Audit success,0,"{""EventData"":{""Data"":[{""@Name"":""SubjectUserSid"",""#text"":""S-1-5-18""},{""@Name"":""SubjectUserName"",""#text"":""DISSTESTBEDVM$""},{""@Name"":""SubjectDomainName"",""#text"":""WORKGROUP""},{""@Name"":""SubjectLogonId"",""#text"":""0x3E7""},{""@Name"":""Status"",""#text"":""0x0""},{""@Name"":""ProcessId"",""#text"":""0x1178""},{""@Name"":""ProcessName"",""#text"":""C:\\Windows\\System32\\conhost.exe""}]}}"
32579,32579,2026-08-18 20:20:18.5356317,4688,LogAlways,Microsoft-Windows-Security-Auditing,Security,4,120,disstestbedvm,387,,A new process has been created,WORKGROUP\DISSTESTBEDVM$,,Parent process: C:\Windows\System32\CompatTelRunner.exe,PID: 0x21D4,Parent PID: 0x1BD8,Mandatory label: SECURITY_MANDATORY_SYSTEM_RID,Target User: -\-,,C:\Windows\System32\WindowsPowerShell\v1.0\powershell.exe powershell.exe -ExecutionPolicy Restricted -Command Write-Host 'Final result: 1';,False,D:\UOW\SEM3\msc-diss-7csef001w\scenarios\scenario_8\artefacts\event_logs\Security.evtx,Audit success,0,"{""EventData"":{""Data"":[{""@Name"":""SubjectUserSid"",""#text"":""S-1-5-18""},{""@Name"":""SubjectUserName"",""#text"":""DISSTESTBEDVM$""},{""@Name"":""SubjectDomainName"",""#text"":""WORKGROUP""},{""@Name"":""SubjectLogonId"",""#text"":""0x3E7""},{""@Name"":""NewProcessId"",""#text"":""0x1BD8""},{""@Name"":""NewProcessName"",""#text"":""C:\\Windows\\System32\\WindowsPowerShell\\v1.0\\powershell.exe""},{""@Name"":""TokenElevationType"",""#text"":""%%1936""},{""@Name"":""ProcessId"",""#text"":""0x21D4""},{""@Name"":""CommandLine"",""#text"":""powershell.exe -ExecutionPolicy Restricted -Command Write-Host 'Final result: 1';""},{""@Name"":""TargetUserSid"",""#text"":""S-1-0-0""},{""@Name"":""TargetUserName"",""#text"":""-""},{""@Name"":""TargetDomainName"",""#text"":""-""},{""@Name"":""TargetLogonId"",""#text"":""0x0""},{""@Name"":""ParentProcessName"",""#text"":""C:\\Windows\\System32\\CompatTelRunner.exe""},{""@Name"":""MandatoryLabel"",""#text"":""S-1-16-16384""}]}}"
32580,32580,2026-08-18 20:20:18.5447532,4688,LogAlways,Microsoft-Windows-Security-Auditing,Security,4,9632,disstestbedvm,387,,A new process has been created,WORKGROUP\DISSTESTBEDVM$,,Parent process: C:\Windows\System32\WindowsPowerShell\v1.0\powershell.exe,PID: 0x1BD8,Parent PID: 0x15C4,Mandatory label: SECURITY_MANDATORY_SYSTEM_RID,Target User: -\-,,C:\Windows\System32\conhost.exe \??\C:\WINDOWS\system32\conhost.exe 0xffffffff -ForceV1,False,D:\UOW\SEM3\msc-diss-7csef001w\scenarios\scenario_8\artefacts\event_logs\Security.evtx,Audit success,0,"{""EventData"":{""Data"":[{""@Name"":""SubjectUserSid"",""#text"":""S-1-5-18""},{""@Name"":""SubjectUserName"",""#text"":""DISSTESTBEDVM$""},{""@Name"":""SubjectDomainName"",""#text"":""WORKGROUP""},{""@Name"":""SubjectLogonId"",""#text"":""0x3E7""},{""@Name"":""NewProcessId"",""#text"":""0x15C4""},{""@Name"":""NewProcessName"",""#text"":""C:\\Windows\\System32\\conhost.exe""},{""@Name"":""TokenElevationType"",""#text"":""%%1936""},{""@Name"":""ProcessId"",""#text"":""0x1BD8""},{""@Name"":""CommandLine"",""#text"":""\\??\\C:\\WINDOWS\\system32\\conhost.exe 0xffffffff -ForceV1""},{""@Name"":""TargetUserSid"",""#text"":""S-1-0-0""},{""@Name"":""TargetUserName"",""#text"":""-""},{""@Name"":""TargetDomainName"",""#text"":""-""},{""@Name"":""TargetLogonId"",""#text"":""0x0""},{""@Name"":""ParentProcessName"",""#text"":""C:\\Windows\\System32\\WindowsPowerShell\\v1.0\\powershell.exe""},{""@Name"":""MandatoryLabel"",""#text"":""S-1-16-16384""}]}}"
32581,32581,2026-08-18 20:20:18.6684178,4689,LogAlways,Microsoft-Windows-Security-Auditing,Security,4,120,disstestbedvm,387,,A process has exited,WORKGROUP\DISSTESTBEDVM$,,,PID: 0xF08,,,,,C:\ProgramData\Microsoft\Windows Defender\Platform\4.18.26070.9-0\MpCmdRun.exe,False,D:\UOW\SEM3\msc-diss-7csef001w\scenarios\scenario_8\artefacts\event_logs\Security.evtx,Audit success,0,"{""EventData"":{""Data"":[{""@Name"":""SubjectUserSid"",""#text"":""S-1-5-20""},{""@Name"":""SubjectUserName"",""#text"":""DISSTESTBEDVM$""},{""@Name"":""SubjectDomainName"",""#text"":""WORKGROUP""},{""@Name"":""SubjectLogonId"",""#text"":""0x3E4""},{""@Name"":""Status"",""#text"":""0x0""},{""@Name"":""ProcessId"",""#text"":""0xF08""},{""@Name"":""ProcessName"",""#text"":""C:\\ProgramData\\Microsoft\\Windows Defender\\Platform\\4.18.26070.9-0\\MpCmdRun.exe""}]}}"
32582,32582,2026-08-18 20:20:18.6738284,4624,LogAlways,Microsoft-Windows-Security-Auditing,Security,896,11160,disstestbedvm,387,,Successful logon,WORKGROUP\DISSTESTBEDVM$,- (-),Target: NT AUTHORITY\SYSTEM,LogonType 5,LogonId: 0x3E7,,,,C:\Windows\System32\services.exe,False,D:\UOW\SEM3\msc-diss-7csef001w\scenarios\scenario_8\artefacts\event_logs\Security.evtx,Audit success,0,"{""EventData"":{""Data"":[{""@Name"":""SubjectUserSid"",""#text"":""S-1-5-18""},{""@Name"":""SubjectUserName"",""#text"":""DISSTESTBEDVM$""},{""@Name"":""SubjectDomainName"",""#text"":""WORKGROUP""},{""@Name"":""SubjectLogonId"",""#text"":""0x3E7""},{""@Name"":""TargetUserSid"",""#text"":""S-1-5-18""},{""@Name"":""TargetUserName"",""#text"":""SYSTEM""},{""@Name"":""TargetDomainName"",""#text"":""NT AUTHORITY""},{""@Name"":""TargetLogonId"",""#text"":""0x3E7""},{""@Name"":""LogonType"",""#text"":""5""},{""@Name"":""LogonProcessName"",""#text"":""Advapi  ""},{""@Name"":""AuthenticationPackageName"",""#text"":""Negotiate""},{""@Name"":""WorkstationName"",""#text"":""-""},{""@Name"":""LogonGuid"",""#text"":""00000000-0000-0000-0000-000000000000""},{""@Name"":""TransmittedServices"",""#text"":""-""},{""@Name"":""LmPackageName"",""#text"":""-""},{""@Name"":""KeyLength"",""#text"":""0""},{""@Name"":""ProcessId"",""#text"":""0x36C""},{""@Name"":""ProcessName"",""#text"":""C:\\Windows\\System32\\services.exe""},{""@Name"":""IpAddress"",""#text"":""-""},{""@Name"":""IpPort"",""#text"":""-""},{""@Name"":""ImpersonationLevel"",""#text"":""%%1833""},{""@Name"":""RestrictedAdminMode"",""#text"":""-""},{""@Name"":""RemoteCredentialGuard"",""#text"":""-""},{""@Name"":""TargetOutboundUserName"",""#text"":""-""},{""@Name"":""TargetOutboundDomainName"",""#text"":""-""},{""@Name"":""VirtualAccount"",""#text"":""%%1843""},{""@Name"":""TargetLinkedLogonId"",""#text"":""0x0""},{""@Name"":""ElevatedToken"",""#text"":""%%1842""}]}}"
32583,32583,2026-08-18 20:20:18.6738340,4672,LogAlways,Microsoft-Windows-Security-Auditing,Security,896,11160,disstestbedvm,387,,Administrative logon,NT AUTHORITY\SYSTEM (S-1-5-18),,"PrivilegeList: SeAssignPrimaryTokenPrivilege, SeTcbPrivilege, SeSecurityPrivilege, SeTakeOwnershipPrivilege, SeLoadDriverPrivilege, SeBackupPrivilege, SeRestorePrivilege, SeDebugPrivilege, SeAuditPrivilege, SeSystemEnvironmentPrivilege, SeImpersonatePrivilege, SeDelegateSessionUserImpersonatePrivilege",LogonId: 0x3E7,,,,,,False,D:\UOW\SEM3\msc-diss-7csef001w\scenarios\scenario_8\artefacts\event_logs\Security.evtx,Audit success,0,"{""EventData"":{""Data"":[{""@Name"":""SubjectUserSid"",""#text"":""S-1-5-18""},{""@Name"":""SubjectUserName"",""#text"":""SYSTEM""},{""@Name"":""SubjectDomainName"",""#text"":""NT AUTHORITY""},{""@Name"":""SubjectLogonId"",""#text"":""0x3E7""},{""@Name"":""PrivilegeList"",""#text"":""SeAssignPrimaryTokenPrivilege, SeTcbPrivilege, SeSecurityPrivilege, SeTakeOwnershipPrivilege, SeLoadDriverPrivilege, SeBackupPrivilege, SeRestorePrivilege, SeDebugPrivilege, SeAuditPrivilege, SeSystemEnvironmentPrivilege, SeImpersonatePrivilege, SeDelegateSessionUserImpersonatePrivilege""}]}}"
32584,32584,2026-08-18 20:20:18.6765732,4688,LogAlways,Microsoft-Windows-Security-Auditing,Security,4,120,disstestbedvm,387,,A new process has been created,WORKGROUP\DISSTESTBEDVM$,,Parent process: C:\Windows\System32\services.exe,PID: 0x36C,Parent PID: 0x1E4C,Mandatory label: SECURITY_MANDATORY_SYSTEM_RID,Target User: -\-,,C:\Windows\servicing\TrustedInstaller.exe C:\WINDOWS\servicing\TrustedInstaller.exe,False,D:\UOW\SEM3\msc-diss-7csef001w\scenarios\scenario_8\artefacts\event_logs\Security.evtx,Audit success,0,"{""EventData"":{""Data"":[{""@Name"":""SubjectUserSid"",""#text"":""S-1-5-18""},{""@Name"":""SubjectUserName"",""#text"":""DISSTESTBEDVM$""},{""@Name"":""SubjectDomainName"",""#text"":""WORKGROUP""},{""@Name"":""SubjectLogonId"",""#text"":""0x3E7""},{""@Name"":""NewProcessId"",""#text"":""0x1E4C""},{""@Name"":""NewProcessName"",""#text"":""C:\\Windows\\servicing\\TrustedInstaller.exe""},{""@Name"":""TokenElevationType"",""#text"":""%%1936""},{""@Name"":""ProcessId"",""#text"":""0x36C""},{""@Name"":""CommandLine"",""#text"":""C:\\WINDOWS\\servicing\\TrustedInstaller.exe""},{""@Name"":""TargetUserSid"",""#text"":""S-1-0-0""},{""@Name"":""TargetUserName"",""#text"":""-""},{""@Name"":""TargetDomainName"",""#text"":""-""},{""@Name"":""TargetLogonId"",""#text"":""0x0""},{""@Name"":""ParentProcessName"",""#text"":""C:\\Windows\\System32\\services.exe""},{""@Name"":""MandatoryLabel"",""#text"":""S-1-16-16384""}]}}"
32585,32585,2026-08-18 20:20:18.7117482,4688,LogAlways,Microsoft-Windows-Security-Auditing,Security,4,504,disstestbedvm,387,,A new process has been created,WORKGROUP\DISSTESTBEDVM$,,Parent process: C:\Windows\System32\svchost.exe,PID: 0x134,Parent PID: 0x2EA0,Mandatory label: SECURITY_MANDATORY_SYSTEM_RID,Target User: -\-,,C:\Windows\WinSxS\amd64_microsoft-windows-servicingstack_31bf3856ad364e35_10.0.26100.8648_none_a50ef8e3775e8e5e\TiWorker.exe C:\WINDOWS\winsxs\amd64_microsoft-windows-servicingstack_31bf3856ad364e35_10.0.26100.8648_none_a50ef8e3775e8e5e\TiWorker.exe -Embedding,False,D:\UOW\SEM3\msc-diss-7csef001w\scenarios\scenario_8\artefacts\event_logs\Security.evtx,Audit success,0,"{""EventData"":{""Data"":[{""@Name"":""SubjectUserSid"",""#text"":""S-1-5-18""},{""@Name"":""SubjectUserName"",""#text"":""DISSTESTBEDVM$""},{""@Name"":""SubjectDomainName"",""#text"":""WORKGROUP""},{""@Name"":""SubjectLogonId"",""#text"":""0x3E7""},{""@Name"":""NewProcessId"",""#text"":""0x2EA0""},{""@Name"":""NewProcessName"",""#text"":""C:\\Windows\\WinSxS\\amd64_microsoft-windows-servicingstack_31bf3856ad364e35_10.0.26100.8648_none_a50ef8e3775e8e5e\\TiWorker.exe""},{""@Name"":""TokenElevationType"",""#text"":""%%1936""},{""@Name"":""ProcessId"",""#text"":""0x134""},{""@Name"":""CommandLine"",""#text"":""C:\\WINDOWS\\winsxs\\amd64_microsoft-windows-servicingstack_31bf3856ad364e35_10.0.26100.8648_none_a50ef8e3775e8e5e\\TiWorker.exe -Embedding""},{""@Name"":""TargetUserSid"",""#text"":""S-1-0-0""},{""@Name"":""TargetUserName"",""#text"":""-""},{""@Name"":""TargetDomainName"",""#text"":""-""},{""@Name"":""TargetLogonId"",""#text"":""0x0""},{""@Name"":""ParentProcessName"",""#text"":""C:\\Windows\\System32\\svchost.exe""},{""@Name"":""MandatoryLabel"",""#text"":""S-1-16-16384""}]}}"
32586,32586,2026-08-18 20:20:18.9250306,4689,LogAlways,Microsoft-Windows-Security-Auditing,Security,4,9852,disstestbedvm,387,,A process has exited,WORKGROUP\DISSTESTBEDVM$,,,PID: 0x1BD8,,,,,C:\Windows\System32\WindowsPowerShell\v1.0\powershell.exe,False,D:\UOW\SEM3\msc-diss-7csef001w\scenarios\scenario_8\artefacts\event_logs\Security.evtx,Audit success,0,"{""EventData"":{""Data"":[{""@Name"":""SubjectUserSid"",""#text"":""S-1-5-18""},{""@Name"":""SubjectUserName"",""#text"":""DISSTESTBEDVM$""},{""@Name"":""SubjectDomainName"",""#text"":""WORKGROUP""},{""@Name"":""SubjectLogonId"",""#text"":""0x3E7""},{""@Name"":""Status"",""#text"":""0x0""},{""@Name"":""ProcessId"",""#text"":""0x1BD8""},{""@Name"":""ProcessName"",""#text"":""C:\\Windows\\System32\\WindowsPowerShell\\v1.0\\powershell.exe""}]}}"
32587,32587,2026-08-18 20:20:18.9260876,4689,LogAlways,Microsoft-Windows-Security-Auditing,Security,4,9852,disstestbedvm,387,,A process has exited,WORKGROUP\DISSTESTBEDVM$,,,PID: 0x15C4,,,,,C:\Windows\System32\conhost.exe,False,D:\UOW\SEM3\msc-diss-7csef001w\scenarios\scenario_8\artefacts\event_logs\Security.evtx,Audit success,0,"{""EventData"":{""Data"":[{""@Name"":""SubjectUserSid"",""#text"":""S-1-5-18""},{""@Name"":""SubjectUserName"",""#text"":""DISSTESTBEDVM$""},{""@Name"":""SubjectDomainName"",""#text"":""WORKGROUP""},{""@Name"":""SubjectLogonId"",""#text"":""0x3E7""},{""@Name"":""Status"",""#text"":""0x0""},{""@Name"":""ProcessId"",""#text"":""0x15C4""},{""@Name"":""ProcessName"",""#text"":""C:\\Windows\\System32\\conhost.exe""}]}}"
32589,32589,2026-08-18 20:20:48.4715797,4689,LogAlways,Microsoft-Windows-Security-Auditing,Security,4,256,disstestbedvm,387,,A process has exited,NT AUTHORITY\LOCAL SERVICE,,,PID: 0x1920,,,,,C:\Windows\System32\audiodg.exe,False,D:\UOW\SEM3\msc-diss-7csef001w\scenarios\scenario_8\artefacts\event_logs\Security.evtx,Audit success,0,"{""EventData"":{""Data"":[{""@Name"":""SubjectUserSid"",""#text"":""S-1-5-19""},{""@Name"":""SubjectUserName"",""#text"":""LOCAL SERVICE""},{""@Name"":""SubjectDomainName"",""#text"":""NT AUTHORITY""},{""@Name"":""SubjectLogonId"",""#text"":""0x3E5""},{""@Name"":""Status"",""#text"":""0x0""},{""@Name"":""ProcessId"",""#text"":""0x1920""},{""@Name"":""ProcessName"",""#text"":""C:\\Windows\\System32\\audiodg.exe""}]}}"
32590,32590,2026-08-18 20:20:48.6907539,4688,LogAlways,Microsoft-Windows-Security-Auditing,Security,4,252,disstestbedvm,387,,A new process has been created,WORKGROUP\DISSTESTBEDVM$,,Parent process: C:\Windows\System32\svchost.exe,PID: 0x814,Parent PID: 0x2538,Mandatory label: SECURITY_MANDATORY_SYSTEM_RID,Target User: -\-,,C:\Windows\System32\taskhostw.exe taskhostw.exe -RegisterDevice -ProtectionStateChanged -FreeNetworkOnly,False,D:\UOW\SEM3\msc-diss-7csef001w\scenarios\scenario_8\artefacts\event_logs\Security.evtx,Audit success,0,"{""EventData"":{""Data"":[{""@Name"":""SubjectUserSid"",""#text"":""S-1-5-18""},{""@Name"":""SubjectUserName"",""#text"":""DISSTESTBEDVM$""},{""@Name"":""SubjectDomainName"",""#text"":""WORKGROUP""},{""@Name"":""SubjectLogonId"",""#text"":""0x3E7""},{""@Name"":""NewProcessId"",""#text"":""0x2538""},{""@Name"":""NewProcessName"",""#text"":""C:\\Windows\\System32\\taskhostw.exe""},{""@Name"":""TokenElevationType"",""#text"":""%%1936""},{""@Name"":""ProcessId"",""#text"":""0x814""},{""@Name"":""CommandLine"",""#text"":""taskhostw.exe -RegisterDevice -ProtectionStateChanged -FreeNetworkOnly""},{""@Name"":""TargetUserSid"",""#text"":""S-1-0-0""},{""@Name"":""TargetUserName"",""#text"":""-""},{""@Name"":""TargetDomainName"",""#text"":""-""},{""@Name"":""TargetLogonId"",""#text"":""0x0""},{""@Name"":""ParentProcessName"",""#text"":""C:\\Windows\\System32\\svchost.exe""},{""@Name"":""MandatoryLabel"",""#text"":""S-1-16-16384""}]}}"
32591,32591,2026-08-18 20:20:48.7985220,4688,LogAlways,Microsoft-Windows-Security-Auditing,Security,4,6556,disstestbedvm,387,,A new process has been created,WORKGROUP\DISSTESTBEDVM$,,Parent process: C:\Windows\System32\svchost.exe,PID: 0x134,Parent PID: 0x51C,Mandatory label: SECURITY_MANDATORY_MEDIUM_RID,Target User: disstestbedvm\dfanalyst,,C:\Windows\System32\SecurityHealth\10.0.29554.1001-0\SecurityHealthHost.exe \\?\C:\Windows\System32\SecurityHealth\10.0.29554.1001-0\SecurityHealthHost.exe {08728914-3F57-4D52-9E31-49DAECA5A80A} -Embedding,False,D:\UOW\SEM3\msc-diss-7csef001w\scenarios\scenario_8\artefacts\event_logs\Security.evtx,Audit success,0,"{""EventData"":{""Data"":[{""@Name"":""SubjectUserSid"",""#text"":""S-1-5-18""},{""@Name"":""SubjectUserName"",""#text"":""DISSTESTBEDVM$""},{""@Name"":""SubjectDomainName"",""#text"":""WORKGROUP""},{""@Name"":""SubjectLogonId"",""#text"":""0x3E7""},{""@Name"":""NewProcessId"",""#text"":""0x51C""},{""@Name"":""NewProcessName"",""#text"":""C:\\Windows\\System32\\SecurityHealth\\10.0.29554.1001-0\\SecurityHealthHost.exe""},{""@Name"":""TokenElevationType"",""#text"":""%%1938""},{""@Name"":""ProcessId"",""#text"":""0x134""},{""@Name"":""CommandLine"",""#text"":""\\\\?\\C:\\Windows\\System32\\SecurityHealth\\10.0.29554.1001-0\\SecurityHealthHost.exe {08728914-3F57-4D52-9E31-49DAECA5A80A} -Embedding""},{""@Name"":""TargetUserSid"",""#text"":""S-1-5-21-4209295338-567392030-2519289182-1001""},{""@Name"":""TargetUserName"",""#text"":""dfanalyst""},{""@Name"":""TargetDomainName"",""#text"":""disstestbedvm""},{""@Name"":""TargetLogonId"",""#text"":""0x55C49""},{""@Name"":""ParentProcessName"",""#text"":""C:\\Windows\\System32\\svchost.exe""},{""@Name"":""MandatoryLabel"",""#text"":""S-1-16-8192""}]}}"
32592,32592,2026-08-18 20:20:48.8456490,4689,LogAlways,Microsoft-Windows-Security-Auditing,Security,4,6556,disstestbedvm,387,,A process has exited,disstestbedvm\dfanalyst,,,PID: 0x51C,,,,,C:\Windows\System32\SecurityHealth\10.0.29554.1001-0\SecurityHealthHost.exe,False,D:\UOW\SEM3\msc-diss-7csef001w\scenarios\scenario_8\artefacts\event_logs\Security.evtx,Audit success,0,"{""EventData"":{""Data"":[{""@Name"":""SubjectUserSid"",""#text"":""S-1-5-21-4209295338-567392030-2519289182-1001""},{""@Name"":""SubjectUserName"",""#text"":""dfanalyst""},{""@Name"":""SubjectDomainName"",""#text"":""disstestbedvm""},{""@Name"":""SubjectLogonId"",""#text"":""0x55C49""},{""@Name"":""Status"",""#text"":""0x0""},{""@Name"":""ProcessId"",""#text"":""0x51C""},{""@Name"":""ProcessName"",""#text"":""C:\\Windows\\System32\\SecurityHealth\\10.0.29554.1001-0\\SecurityHealthHost.exe""}]}}"
32593,32593,2026-08-18 20:20:48.9079099,4689,LogAlways,Microsoft-Windows-Security-Auditing,Security,4,6556,disstestbedvm,387,,A process has exited,WORKGROUP\DISSTESTBEDVM$,,,PID: 0x2538,,,,,C:\Windows\System32\taskhostw.exe,False,D:\UOW\SEM3\msc-diss-7csef001w\scenarios\scenario_8\artefacts\event_logs\Security.evtx,Audit success,0,"{""EventData"":{""Data"":[{""@Name"":""SubjectUserSid"",""#text"":""S-1-5-18""},{""@Name"":""SubjectUserName"",""#text"":""DISSTESTBEDVM$""},{""@Name"":""SubjectDomainName"",""#text"":""WORKGROUP""},{""@Name"":""SubjectLogonId"",""#text"":""0x3E7""},{""@Name"":""Status"",""#text"":""0x0""},{""@Name"":""ProcessId"",""#text"":""0x2538""},{""@Name"":""ProcessName"",""#text"":""C:\\Windows\\System32\\taskhostw.exe""}]}}"
32594,32594,2026-08-18 20:20:50.6926754,4688,LogAlways,Microsoft-Windows-Security-Auditing,Security,4,420,disstestbedvm,387,,A new process has been created,WORKGROUP\DISSTESTBEDVM$,,Parent process: C:\Windows\System32\svchost.exe,PID: 0x134,Parent PID: 0x1DF8,Mandatory label: SECURITY_MANDATORY_LOW_RID,Target User: disstestbedvm\dfanalyst,,"C:\Windows\System32\backgroundTaskHost.exe ""C:\WINDOWS\system32\BackgroundTaskHost.exe"" -ServerName:BackgroundTaskHost.WebAccountProvider",False,D:\UOW\SEM3\msc-diss-7csef001w\scenarios\scenario_8\artefacts\event_logs\Security.evtx,Audit success,0,"{""EventData"":{""Data"":[{""@Name"":""SubjectUserSid"",""#text"":""S-1-5-18""},{""@Name"":""SubjectUserName"",""#text"":""DISSTESTBEDVM$""},{""@Name"":""SubjectDomainName"",""#text"":""WORKGROUP""},{""@Name"":""SubjectLogonId"",""#text"":""0x3E7""},{""@Name"":""NewProcessId"",""#text"":""0x1DF8""},{""@Name"":""NewProcessName"",""#text"":""C:\\Windows\\System32\\backgroundTaskHost.exe""},{""@Name"":""TokenElevationType"",""#text"":""%%1938""},{""@Name"":""ProcessId"",""#text"":""0x134""},{""@Name"":""CommandLine"",""#text"":""\""C:\\WINDOWS\\system32\\BackgroundTaskHost.exe\"" -ServerName:BackgroundTaskHost.WebAccountProvider""},{""@Name"":""TargetUserSid"",""#text"":""S-1-5-21-4209295338-567392030-2519289182-1001""},{""@Name"":""TargetUserName"",""#text"":""dfanalyst""},{""@Name"":""TargetDomainName"",""#text"":""disstestbedvm""},{""@Name"":""TargetLogonId"",""#text"":""0x55C49""},{""@Name"":""ParentProcessName"",""#text"":""C:\\Windows\\System32\\svchost.exe""},{""@Name"":""MandatoryLabel"",""#text"":""S-1-16-4096""}]}}"
32595,32595,2026-08-18 20:20:50.8061740,4689,LogAlways,Microsoft-Windows-Security-Auditing,Security,4,400,disstestbedvm,387,,A process has exited,disstestbedvm\dfanalyst,,,PID: 0x1DF8,,,,,C:\Windows\System32\backgroundTaskHost.exe,False,D:\UOW\SEM3\msc-diss-7csef001w\scenarios\scenario_8\artefacts\event_logs\Security.evtx,Audit success,0,"{""EventData"":{""Data"":[{""@Name"":""SubjectUserSid"",""#text"":""S-1-5-21-4209295338-567392030-2519289182-1001""},{""@Name"":""SubjectUserName"",""#text"":""dfanalyst""},{""@Name"":""SubjectDomainName"",""#text"":""disstestbedvm""},{""@Name"":""SubjectLogonId"",""#text"":""0x55C49""},{""@Name"":""Status"",""#text"":""0x1""},{""@Name"":""ProcessId"",""#text"":""0x1DF8""},{""@Name"":""ProcessName"",""#text"":""C:\\Windows\\System32\\backgroundTaskHost.exe""}]}}"
32596,32596,2026-08-18 20:20:51.6898386,5379,LogAlways,Microsoft-Windows-Security-Auditing,Security,896,8940,disstestbedvm,387,,,,,,,,,,,,False,D:\UOW\SEM3\msc-diss-7csef001w\scenarios\scenario_8\artefacts\event_logs\Security.evtx,Audit success,0,"{""EventData"":{""Data"":[{""@Name"":""SubjectUserSid"",""#text"":""S-1-5-21-4209295338-567392030-2519289182-1001""},{""@Name"":""SubjectUserName"",""#text"":""dfanalyst""},{""@Name"":""SubjectDomainName"",""#text"":""disstestbedvm""},{""@Name"":""SubjectLogonId"",""#text"":""0x55C49""},{""@Name"":""TargetName"",""#text"":""MicrosoftAccount:user=02fgkkqegieoagrb""},{""@Name"":""Type"",""#text"":""0""},{""@Name"":""CountOfCredentialsReturned"",""#text"":""0""},{""@Name"":""ReadOperation"",""#text"":""%%8100""},{""@Name"":""ReturnCode"",""#text"":""3221226021""},{""@Name"":""ProcessCreationTime"",""#text"":""2026-08-18 20:09:19.0988130""},{""@Name"":""ClientProcessId"",""#text"":""5832""}]}}"
32597,32597,2026-08-18 20:20:51.6899349,5379,LogAlways,Microsoft-Windows-Security-Auditing,Security,896,8940,disstestbedvm,387,,,,,,,,,,,,False,D:\UOW\SEM3\msc-diss-7csef001w\scenarios\scenario_8\artefacts\event_logs\Security.evtx,Audit success,0,"{""EventData"":{""Data"":[{""@Name"":""SubjectUserSid"",""#text"":""S-1-5-21-4209295338-567392030-2519289182-1001""},{""@Name"":""SubjectUserName"",""#text"":""dfanalyst""},{""@Name"":""SubjectDomainName"",""#text"":""disstestbedvm""},{""@Name"":""SubjectLogonId"",""#text"":""0x55C49""},{""@Name"":""TargetName"",""#text"":""WindowsLive:(token):name=02fgkkqegieoagrb;serviceuri=*""},{""@Name"":""Type"",""#text"":""0""},{""@Name"":""CountOfCredentialsReturned"",""#text"":""0""},{""@Name"":""ReadOperation"",""#text"":""%%8100""},{""@Name"":""ReturnCode"",""#text"":""3221226021""},{""@Name"":""ProcessCreationTime"",""#text"":""2026-08-18 20:09:19.0988130""},{""@Name"":""ClientProcessId"",""#text"":""5832""}]}}"
32598,32598,2026-08-18 20:20:51.6907604,5379,LogAlways,Microsoft-Windows-Security-Auditing,Security,896,8940,disstestbedvm,387,,,,,,,,,,,,False,D:\UOW\SEM3\msc-diss-7csef001w\scenarios\scenario_8\artefacts\event_logs\Security.evtx,Audit success,0,"{""EventData"":{""Data"":[{""@Name"":""SubjectUserSid"",""#text"":""S-1-5-21-4209295338-567392030-2519289182-1001""},{""@Name"":""SubjectUserName"",""#text"":""dfanalyst""},{""@Name"":""SubjectDomainName"",""#text"":""disstestbedvm""},{""@Name"":""SubjectLogonId"",""#text"":""0x55C49""},{""@Name"":""TargetName"",""#text"":""WindowsLive:(cert):name=02fgkkqegieoagrb;serviceuri=*""},{""@Name"":""Type"",""#text"":""0""},{""@Name"":""CountOfCredentialsReturned"",""#text"":""0""},{""@Name"":""ReadOperation"",""#text"":""%%8100""},{""@Name"":""ReturnCode"",""#text"":""3221226021""},{""@Name"":""ProcessCreationTime"",""#text"":""2026-08-18 20:09:19.0988130""},{""@Name"":""ClientProcessId"",""#text"":""5832""}]}}"
32599,32599,2026-08-18 20:20:51.9427334,5379,LogAlways,Microsoft-Windows-Security-Auditing,Security,896,2896,disstestbedvm,387,,,,,,,,,,,,False,D:\UOW\SEM3\msc-diss-7csef001w\scenarios\scenario_8\artefacts\event_logs\Security.evtx,Audit success,0,"{""EventData"":{""Data"":[{""@Name"":""SubjectUserSid"",""#text"":""S-1-5-21-4209295338-567392030-2519289182-1001""},{""@Name"":""SubjectUserName"",""#text"":""dfanalyst""},{""@Name"":""SubjectDomainName"",""#text"":""disstestbedvm""},{""@Name"":""SubjectLogonId"",""#text"":""0x55C49""},{""@Name"":""TargetName"",""#text"":""MicrosoftAccount:user=02fgkkqegieoagrb""},{""@Name"":""Type"",""#text"":""0""},{""@Name"":""CountOfCredentialsReturned"",""#text"":""0""},{""@Name"":""ReadOperation"",""#text"":""%%8100""},{""@Name"":""ReturnCode"",""#text"":""3221226021""},{""@Name"":""ProcessCreationTime"",""#text"":""2026-08-18 20:09:19.0988130""},{""@Name"":""ClientProcessId"",""#text"":""5832""}]}}"
32600,32600,2026-08-18 20:20:53.1242237,4688,LogAlways,Microsoft-Windows-Security-Auditing,Security,4,420,disstestbedvm,387,,A new process has been created,disstestbedvm\dfanalyst,,Parent process: C:\Windows\explorer.exe,PID: 0x15A8,Parent PID: 0x102C,Mandatory label: SECURITY_MANDATORY_MEDIUM_RID,Target User: -\-,,"C:\Windows\System32\WindowsPowerShell\v1.0\powershell.exe ""C:\Windows\System32\WindowsPowerShell\v1.0\powershell.exe"" ",False,D:\UOW\SEM3\msc-diss-7csef001w\scenarios\scenario_8\artefacts\event_logs\Security.evtx,Audit success,0,"{""EventData"":{""Data"":[{""@Name"":""SubjectUserSid"",""#text"":""S-1-5-21-4209295338-567392030-2519289182-1001""},{""@Name"":""SubjectUserName"",""#text"":""dfanalyst""},{""@Name"":""SubjectDomainName"",""#text"":""disstestbedvm""},{""@Name"":""SubjectLogonId"",""#text"":""0x55C49""},{""@Name"":""NewProcessId"",""#text"":""0x102C""},{""@Name"":""NewProcessName"",""#text"":""C:\\Windows\\System32\\WindowsPowerShell\\v1.0\\powershell.exe""},{""@Name"":""TokenElevationType"",""#text"":""%%1938""},{""@Name"":""ProcessId"",""#text"":""0x15A8""},{""@Name"":""CommandLine"",""#text"":""\""C:\\Windows\\System32\\WindowsPowerShell\\v1.0\\powershell.exe\"" ""},{""@Name"":""TargetUserSid"",""#text"":""S-1-0-0""},{""@Name"":""TargetUserName"",""#text"":""-""},{""@Name"":""TargetDomainName"",""#text"":""-""},{""@Name"":""TargetLogonId"",""#text"":""0x0""},{""@Name"":""ParentProcessName"",""#text"":""C:\\Windows\\explorer.exe""},{""@Name"":""MandatoryLabel"",""#text"":""S-1-16-8192""}]}}"
32601,32601,2026-08-18 20:20:53.1391964,4688,LogAlways,Microsoft-Windows-Security-Auditing,Security,4,420,disstestbedvm,387,,A new process has been created,disstestbedvm\dfanalyst,,Parent process: C:\Windows\System32\WindowsPowerShell\v1.0\powershell.exe,PID: 0x102C,Parent PID: 0x2ECC,Mandatory label: SECURITY_MANDATORY_MEDIUM_RID,Target User: -\-,,C:\Windows\System32\conhost.exe \??\C:\WINDOWS\system32\conhost.exe 0xffffffff -ForceV1,False,D:\UOW\SEM3\msc-diss-7csef001w\scenarios\scenario_8\artefacts\event_logs\Security.evtx,Audit success,0,"{""EventData"":{""Data"":[{""@Name"":""SubjectUserSid"",""#text"":""S-1-5-21-4209295338-567392030-2519289182-1001""},{""@Name"":""SubjectUserName"",""#text"":""dfanalyst""},{""@Name"":""SubjectDomainName"",""#text"":""disstestbedvm""},{""@Name"":""SubjectLogonId"",""#text"":""0x55C49""},{""@Name"":""NewProcessId"",""#text"":""0x2ECC""},{""@Name"":""NewProcessName"",""#text"":""C:\\Windows\\System32\\conhost.exe""},{""@Name"":""TokenElevationType"",""#text"":""%%1938""},{""@Name"":""ProcessId"",""#text"":""0x102C""},{""@Name"":""CommandLine"",""#text"":""\\??\\C:\\WINDOWS\\system32\\conhost.exe 0xffffffff -ForceV1""},{""@Name"":""TargetUserSid"",""#text"":""S-1-0-0""},{""@Name"":""TargetUserName"",""#text"":""-""},{""@Name"":""TargetDomainName"",""#text"":""-""},{""@Name"":""TargetLogonId"",""#text"":""0x0""},{""@Name"":""ParentProcessName"",""#text"":""C:\\Windows\\System32\\WindowsPowerShell\\v1.0\\powershell.exe""},{""@Name"":""MandatoryLabel"",""#text"":""S-1-16-8192""}]}}"
32602,32602,2026-08-18 20:20:53.1669293,4688,LogAlways,Microsoft-Windows-Security-Auditing,Security,4,420,disstestbedvm,387,,A new process has been created,WORKGROUP\DISSTESTBEDVM$,,Parent process: C:\Windows\System32\svchost.exe,PID: 0x134,Parent PID: 0xC14,Mandatory label: SECURITY_MANDATORY_MEDIUM_RID,Target User: disstestbedvm\dfanalyst,,"C:\Program Files\WindowsApps\Microsoft.WindowsTerminal_1.24.11911.0_x64__8wekyb3d8bbwe\OpenConsole.exe ""C:\Program Files\WindowsApps\Microsoft.WindowsTerminal_1.24.11911.0_x64__8wekyb3d8bbwe\OpenConsole.exe"" -Embedding",False,D:\UOW\SEM3\msc-diss-7csef001w\scenarios\scenario_8\artefacts\event_logs\Security.evtx,Audit success,0,"{""EventData"":{""Data"":[{""@Name"":""SubjectUserSid"",""#text"":""S-1-5-18""},{""@Name"":""SubjectUserName"",""#text"":""DISSTESTBEDVM$""},{""@Name"":""SubjectDomainName"",""#text"":""WORKGROUP""},{""@Name"":""SubjectLogonId"",""#text"":""0x3E7""},{""@Name"":""NewProcessId"",""#text"":""0xC14""},{""@Name"":""NewProcessName"",""#text"":""C:\\Program Files\\WindowsApps\\Microsoft.WindowsTerminal_1.24.11911.0_x64__8wekyb3d8bbwe\\OpenConsole.exe""},{""@Name"":""TokenElevationType"",""#text"":""%%1938""},{""@Name"":""ProcessId"",""#text"":""0x134""},{""@Name"":""CommandLine"",""#text"":""\""C:\\Program Files\\WindowsApps\\Microsoft.WindowsTerminal_1.24.11911.0_x64__8wekyb3d8bbwe\\OpenConsole.exe\"" -Embedding""},{""@Name"":""TargetUserSid"",""#text"":""S-1-5-21-4209295338-567392030-2519289182-1001""},{""@Name"":""TargetUserName"",""#text"":""dfanalyst""},{""@Name"":""TargetDomainName"",""#text"":""disstestbedvm""},{""@Name"":""TargetLogonId"",""#text"":""0x55C49""},{""@Name"":""ParentProcessName"",""#text"":""C:\\Windows\\System32\\svchost.exe""},{""@Name"":""MandatoryLabel"",""#text"":""S-1-16-8192""}]}}"
32603,32603,2026-08-18 20:20:53.2604598,4688,LogAlways,Microsoft-Windows-Security-Auditing,Security,4,420,disstestbedvm,387,,A new process has been created,WORKGROUP\DISSTESTBEDVM$,,Parent process: C:\Windows\System32\svchost.exe,PID: 0x134,Parent PID: 0xF98,Mandatory label: SECURITY_MANDATORY_MEDIUM_RID,Target User: disstestbedvm\dfanalyst,,"C:\Program Files\WindowsApps\Microsoft.WindowsTerminal_1.24.11911.0_x64__8wekyb3d8bbwe\WindowsTerminal.exe ""C:\Program Files\WindowsApps\Microsoft.WindowsTerminal_1.24.11911.0_x64__8wekyb3d8bbwe\WindowsTerminal.exe"" -Embedding",False,D:\UOW\SEM3\msc-diss-7csef001w\scenarios\scenario_8\artefacts\event_logs\Security.evtx,Audit success,0,"{""EventData"":{""Data"":[{""@Name"":""SubjectUserSid"",""#text"":""S-1-5-18""},{""@Name"":""SubjectUserName"",""#text"":""DISSTESTBEDVM$""},{""@Name"":""SubjectDomainName"",""#text"":""WORKGROUP""},{""@Name"":""SubjectLogonId"",""#text"":""0x3E7""},{""@Name"":""NewProcessId"",""#text"":""0xF98""},{""@Name"":""NewProcessName"",""#text"":""C:\\Program Files\\WindowsApps\\Microsoft.WindowsTerminal_1.24.11911.0_x64__8wekyb3d8bbwe\\WindowsTerminal.exe""},{""@Name"":""TokenElevationType"",""#text"":""%%1938""},{""@Name"":""ProcessId"",""#text"":""0x134""},{""@Name"":""CommandLine"",""#text"":""\""C:\\Program Files\\WindowsApps\\Microsoft.WindowsTerminal_1.24.11911.0_x64__8wekyb3d8bbwe\\WindowsTerminal.exe\"" -Embedding""},{""@Name"":""TargetUserSid"",""#text"":""S-1-5-21-4209295338-567392030-2519289182-1001""},{""@Name"":""TargetUserName"",""#text"":""dfanalyst""},{""@Name"":""TargetDomainName"",""#text"":""disstestbedvm""},{""@Name"":""TargetLogonId"",""#text"":""0x55C49""},{""@Name"":""ParentProcessName"",""#text"":""C:\\Windows\\System32\\svchost.exe""},{""@Name"":""MandatoryLabel"",""#text"":""S-1-16-8192""}]}}"
32604,32604,2026-08-18 20:20:56.9108575,4689,LogAlways,Microsoft-Windows-Security-Auditing,Security,4,400,disstestbedvm,387,,A process has exited,WORKGROUP\DISSTESTBEDVM$,,,PID: 0x21D4,,,,,C:\Windows\System32\CompatTelRunner.exe,False,D:\UOW\SEM3\msc-diss-7csef001w\scenarios\scenario_8\artefacts\event_logs\Security.evtx,Audit success,0,"{""EventData"":{""Data"":[{""@Name"":""SubjectUserSid"",""#text"":""S-1-5-18""},{""@Name"":""SubjectUserName"",""#text"":""DISSTESTBEDVM$""},{""@Name"":""SubjectDomainName"",""#text"":""WORKGROUP""},{""@Name"":""SubjectLogonId"",""#text"":""0x3E7""},{""@Name"":""Status"",""#text"":""0x0""},{""@Name"":""ProcessId"",""#text"":""0x21D4""},{""@Name"":""ProcessName"",""#text"":""C:\\Windows\\System32\\CompatTelRunner.exe""}]}}"
32605,32605,2026-08-18 20:20:56.9189800,4689,LogAlways,Microsoft-Windows-Security-Auditing,Security,4,400,disstestbedvm,387,,A process has exited,disstestbedvm\dfanalyst,,,PID: 0x179C,,,,,C:\Windows\System32\RuntimeBroker.exe,False,D:\UOW\SEM3\msc-diss-7csef001w\scenarios\scenario_8\artefacts\event_logs\Security.evtx,Audit success,0,"{""EventData"":{""Data"":[{""@Name"":""SubjectUserSid"",""#text"":""S-1-5-21-4209295338-567392030-2519289182-1001""},{""@Name"":""SubjectUserName"",""#text"":""dfanalyst""},{""@Name"":""SubjectDomainName"",""#text"":""disstestbedvm""},{""@Name"":""SubjectLogonId"",""#text"":""0x55C49""},{""@Name"":""Status"",""#text"":""0x0""},{""@Name"":""ProcessId"",""#text"":""0x179C""},{""@Name"":""ProcessName"",""#text"":""C:\\Windows\\System32\\RuntimeBroker.exe""}]}}"
32606,32606,2026-08-18 20:20:57.0283347,4688,LogAlways,Microsoft-Windows-Security-Auditing,Security,4,5600,disstestbedvm,387,,A new process has been created,WORKGROUP\DISSTESTBEDVM$,,Parent process: C:\Windows\System32\svchost.exe,PID: 0x15D8,Parent PID: 0x8,Mandatory label: SECURITY_MANDATORY_SYSTEM_RID,Target User: -\-,,"C:\Windows\System32\CompatTelRunner.exe C:\WINDOWS\system32\compattelrunner.exe -cv:Cwpwd8gKuk+9SKY/.0.7 -wce:0000000000000000  -m:invagent.dll -f:RunUpdate ",False,D:\UOW\SEM3\msc-diss-7csef001w\scenarios\scenario_8\artefacts\event_logs\Security.evtx,Audit success,0,"{""EventData"":{""Data"":[{""@Name"":""SubjectUserSid"",""#text"":""S-1-5-18""},{""@Name"":""SubjectUserName"",""#text"":""DISSTESTBEDVM$""},{""@Name"":""SubjectDomainName"",""#text"":""WORKGROUP""},{""@Name"":""SubjectLogonId"",""#text"":""0x3E7""},{""@Name"":""NewProcessId"",""#text"":""0x8""},{""@Name"":""NewProcessName"",""#text"":""C:\\Windows\\System32\\CompatTelRunner.exe""},{""@Name"":""TokenElevationType"",""#text"":""%%1936""},{""@Name"":""ProcessId"",""#text"":""0x15D8""},{""@Name"":""CommandLine"",""#text"":""C:\\WINDOWS\\system32\\compattelrunner.exe -cv:Cwpwd8gKuk+9SKY/.0.7 -wce:0000000000000000  -m:invagent.dll -f:RunUpdate ""},{""@Name"":""TargetUserSid"",""#text"":""S-1-0-0""},{""@Name"":""TargetUserName"",""#text"":""-""},{""@Name"":""TargetDomainName"",""#text"":""-""},{""@Name"":""TargetLogonId"",""#text"":""0x0""},{""@Name"":""ParentProcessName"",""#text"":""C:\\Windows\\System32\\svchost.exe""},{""@Name"":""MandatoryLabel"",""#text"":""S-1-16-16384""}]}}"
32607,32607,2026-08-18 20:20:57.1423715,4689,LogAlways,Microsoft-Windows-Security-Auditing,Security,4,9844,disstestbedvm,387,,A process has exited,WORKGROUP\DISSTESTBEDVM$,,,PID: 0x8,,,,,C:\Windows\System32\CompatTelRunner.exe,False,D:\UOW\SEM3\msc-diss-7csef001w\scenarios\scenario_8\artefacts\event_logs\Security.evtx,Audit success,0,"{""EventData"":{""Data"":[{""@Name"":""SubjectUserSid"",""#text"":""S-1-5-18""},{""@Name"":""SubjectUserName"",""#text"":""DISSTESTBEDVM$""},{""@Name"":""SubjectDomainName"",""#text"":""WORKGROUP""},{""@Name"":""SubjectLogonId"",""#text"":""0x3E7""},{""@Name"":""Status"",""#text"":""0x0""},{""@Name"":""ProcessId"",""#text"":""0x8""},{""@Name"":""ProcessName"",""#text"":""C:\\Windows\\System32\\CompatTelRunner.exe""}]}}"
32608,32608,2026-08-18 20:20:57.2521190,4688,LogAlways,Microsoft-Windows-Security-Auditing,Security,4,5600,disstestbedvm,387,,A new process has been created,WORKGROUP\DISSTESTBEDVM$,,Parent process: C:\Windows\System32\svchost.exe,PID: 0x15D8,Parent PID: 0x2310,Mandatory label: SECURITY_MANDATORY_SYSTEM_RID,Target User: -\-,,"C:\Windows\System32\CompatTelRunner.exe C:\WINDOWS\system32\compattelrunner.exe -cv:Cwpwd8gKuk+9SKY/.0.8 -wce:0000000000000000  -m:aemarebackup.dll -f:BackupMareData ",False,D:\UOW\SEM3\msc-diss-7csef001w\scenarios\scenario_8\artefacts\event_logs\Security.evtx,Audit success,0,"{""EventData"":{""Data"":[{""@Name"":""SubjectUserSid"",""#text"":""S-1-5-18""},{""@Name"":""SubjectUserName"",""#text"":""DISSTESTBEDVM$""},{""@Name"":""SubjectDomainName"",""#text"":""WORKGROUP""},{""@Name"":""SubjectLogonId"",""#text"":""0x3E7""},{""@Name"":""NewProcessId"",""#text"":""0x2310""},{""@Name"":""NewProcessName"",""#text"":""C:\\Windows\\System32\\CompatTelRunner.exe""},{""@Name"":""TokenElevationType"",""#text"":""%%1936""},{""@Name"":""ProcessId"",""#text"":""0x15D8""},{""@Name"":""CommandLine"",""#text"":""C:\\WINDOWS\\system32\\compattelrunner.exe -cv:Cwpwd8gKuk+9SKY/.0.8 -wce:0000000000000000  -m:aemarebackup.dll -f:BackupMareData ""},{""@Name"":""TargetUserSid"",""#text"":""S-1-0-0""},{""@Name"":""TargetUserName"",""#text"":""-""},{""@Name"":""TargetDomainName"",""#text"":""-""},{""@Name"":""TargetLogonId"",""#text"":""0x0""},{""@Name"":""ParentProcessName"",""#text"":""C:\\Windows\\System32\\svchost.exe""},{""@Name"":""MandatoryLabel"",""#text"":""S-1-16-16384""}]}}"
32609,32609,2026-08-18 20:20:57.4466876,4689,LogAlways,Microsoft-Windows-Security-Auditing,Security,4,5600,disstestbedvm,387,,A process has exited,WORKGROUP\DISSTESTBEDVM$,,,PID: 0x2310,,,,,C:\Windows\System32\CompatTelRunner.exe,False,D:\UOW\SEM3\msc-diss-7csef001w\scenarios\scenario_8\artefacts\event_logs\Security.evtx,Audit success,0,"{""EventData"":{""Data"":[{""@Name"":""SubjectUserSid"",""#text"":""S-1-5-18""},{""@Name"":""SubjectUserName"",""#text"":""DISSTESTBEDVM$""},{""@Name"":""SubjectDomainName"",""#text"":""WORKGROUP""},{""@Name"":""SubjectLogonId"",""#text"":""0x3E7""},{""@Name"":""Status"",""#text"":""0x0""},{""@Name"":""ProcessId"",""#text"":""0x2310""},{""@Name"":""ProcessName"",""#text"":""C:\\Windows\\System32\\CompatTelRunner.exe""}]}}"
32610,32610,2026-08-18 20:20:57.7033315,4689,LogAlways,Microsoft-Windows-Security-Auditing,Security,4,5600,disstestbedvm,387,,A process has exited,WORKGROUP\DISSTESTBEDVM$,,,PID: 0x115C,,,,,C:\Windows\System32\sppsvc.exe,False,D:\UOW\SEM3\msc-diss-7csef001w\scenarios\scenario_8\artefacts\event_logs\Security.evtx,Audit success,0,"{""EventData"":{""Data"":[{""@Name"":""SubjectUserSid"",""#text"":""S-1-5-20""},{""@Name"":""SubjectUserName"",""#text"":""DISSTESTBEDVM$""},{""@Name"":""SubjectDomainName"",""#text"":""WORKGROUP""},{""@Name"":""SubjectLogonId"",""#text"":""0x3E4""},{""@Name"":""Status"",""#text"":""0x0""},{""@Name"":""ProcessId"",""#text"":""0x115C""},{""@Name"":""ProcessName"",""#text"":""C:\\Windows\\System32\\sppsvc.exe""}]}}"
32611,32611,2026-08-18 20:21:16.4093405,4688,LogAlways,Microsoft-Windows-Security-Auditing,Security,4,6556,disstestbedvm,387,,A new process has been created,WORKGROUP\DISSTESTBEDVM$,,Parent process: C:\Windows\System32\svchost.exe,PID: 0x1D3C,Parent PID: 0x24B4,Mandatory label: SECURITY_MANDATORY_SYSTEM_RID,Target User: -\-,,"C:\Windows\UUS\amd64\MoUsoCoreWorker.exe ""C:\WINDOWS\uus\AMD64\MoUsoCoreWorker.exe"" useprivatenamespaces",False,D:\UOW\SEM3\msc-diss-7csef001w\scenarios\scenario_8\artefacts\event_logs\Security.evtx,Audit success,0,"{""EventData"":{""Data"":[{""@Name"":""SubjectUserSid"",""#text"":""S-1-5-18""},{""@Name"":""SubjectUserName"",""#text"":""DISSTESTBEDVM$""},{""@Name"":""SubjectDomainName"",""#text"":""WORKGROUP""},{""@Name"":""SubjectLogonId"",""#text"":""0x3E7""},{""@Name"":""NewProcessId"",""#text"":""0x24B4""},{""@Name"":""NewProcessName"",""#text"":""C:\\Windows\\UUS\\amd64\\MoUsoCoreWorker.exe""},{""@Name"":""TokenElevationType"",""#text"":""%%1936""},{""@Name"":""ProcessId"",""#text"":""0x1D3C""},{""@Name"":""CommandLine"",""#text"":""\""C:\\WINDOWS\\uus\\AMD64\\MoUsoCoreWorker.exe\"" useprivatenamespaces""},{""@Name"":""TargetUserSid"",""#text"":""S-1-0-0""},{""@Name"":""TargetUserName"",""#text"":""-""},{""@Name"":""TargetDomainName"",""#text"":""-""},{""@Name"":""TargetLogonId"",""#text"":""0x0""},{""@Name"":""ParentProcessName"",""#text"":""C:\\Windows\\System32\\svchost.exe""},{""@Name"":""MandatoryLabel"",""#text"":""S-1-16-16384""}]}}"
32612,32612,2026-08-18 20:21:16.4914229,4624,LogAlways,Microsoft-Windows-Security-Auditing,Security,896,6296,disstestbedvm,387,,Successful logon,WORKGROUP\DISSTESTBEDVM$,- (-),Target: NT AUTHORITY\SYSTEM,LogonType 5,LogonId: 0x3E7,,,,C:\Windows\System32\services.exe,False,D:\UOW\SEM3\msc-diss-7csef001w\scenarios\scenario_8\artefacts\event_logs\Security.evtx,Audit success,0,"{""EventData"":{""Data"":[{""@Name"":""SubjectUserSid"",""#text"":""S-1-5-18""},{""@Name"":""SubjectUserName"",""#text"":""DISSTESTBEDVM$""},{""@Name"":""SubjectDomainName"",""#text"":""WORKGROUP""},{""@Name"":""SubjectLogonId"",""#text"":""0x3E7""},{""@Name"":""TargetUserSid"",""#text"":""S-1-5-18""},{""@Name"":""TargetUserName"",""#text"":""SYSTEM""},{""@Name"":""TargetDomainName"",""#text"":""NT AUTHORITY""},{""@Name"":""TargetLogonId"",""#text"":""0x3E7""},{""@Name"":""LogonType"",""#text"":""5""},{""@Name"":""LogonProcessName"",""#text"":""Advapi  ""},{""@Name"":""AuthenticationPackageName"",""#text"":""Negotiate""},{""@Name"":""WorkstationName"",""#text"":""-""},{""@Name"":""LogonGuid"",""#text"":""00000000-0000-0000-0000-000000000000""},{""@Name"":""TransmittedServices"",""#text"":""-""},{""@Name"":""LmPackageName"",""#text"":""-""},{""@Name"":""KeyLength"",""#text"":""0""},{""@Name"":""ProcessId"",""#text"":""0x36C""},{""@Name"":""ProcessName"",""#text"":""C:\\Windows\\System32\\services.exe""},{""@Name"":""IpAddress"",""#text"":""-""},{""@Name"":""IpPort"",""#text"":""-""},{""@Name"":""ImpersonationLevel"",""#text"":""%%1833""},{""@Name"":""RestrictedAdminMode"",""#text"":""-""},{""@Name"":""RemoteCredentialGuard"",""#text"":""-""},{""@Name"":""TargetOutboundUserName"",""#text"":""-""},{""@Name"":""TargetOutboundDomainName"",""#text"":""-""},{""@Name"":""VirtualAccount"",""#text"":""%%1843""},{""@Name"":""TargetLinkedLogonId"",""#text"":""0x0""},{""@Name"":""ElevatedToken"",""#text"":""%%1842""}]}}"
32613,32613,2026-08-18 20:21:16.4914283,4672,LogAlways,Microsoft-Windows-Security-Auditing,Security,896,6296,disstestbedvm,387,,Administrative logon,NT AUTHORITY\SYSTEM (S-1-5-18),,"PrivilegeList: SeAssignPrimaryTokenPrivilege, SeTcbPrivilege, SeSecurityPrivilege, SeTakeOwnershipPrivilege, SeLoadDriverPrivilege, SeBackupPrivilege, SeRestorePrivilege, SeDebugPrivilege, SeAuditPrivilege, SeSystemEnvironmentPrivilege, SeImpersonatePrivilege, SeDelegateSessionUserImpersonatePrivilege",LogonId: 0x3E7,,,,,,False,D:\UOW\SEM3\msc-diss-7csef001w\scenarios\scenario_8\artefacts\event_logs\Security.evtx,Audit success,0,"{""EventData"":{""Data"":[{""@Name"":""SubjectUserSid"",""#text"":""S-1-5-18""},{""@Name"":""SubjectUserName"",""#text"":""SYSTEM""},{""@Name"":""SubjectDomainName"",""#text"":""NT AUTHORITY""},{""@Name"":""SubjectLogonId"",""#text"":""0x3E7""},{""@Name"":""PrivilegeList"",""#text"":""SeAssignPrimaryTokenPrivilege, SeTcbPrivilege, SeSecurityPrivilege, SeTakeOwnershipPrivilege, SeLoadDriverPrivilege, SeBackupPrivilege, SeRestorePrivilege, SeDebugPrivilege, SeAuditPrivilege, SeSystemEnvironmentPrivilege, SeImpersonatePrivilege, SeDelegateSessionUserImpersonatePrivilege""}]}}"
32614,32614,2026-08-18 20:21:16.4932228,4688,LogAlways,Microsoft-Windows-Security-Auditing,Security,4,400,disstestbedvm,387,,A new process has been created,WORKGROUP\DISSTESTBEDVM$,,Parent process: C:\Windows\System32\services.exe,PID: 0x36C,Parent PID: 0x22F0,Mandatory label: SECURITY_MANDATORY_SYSTEM_RID,Target User: -\-,,C:\Windows\System32\svchost.exe C:\WINDOWS\system32\svchost.exe -k wusvcs -p -s WaaSMedicSvc,False,D:\UOW\SEM3\msc-diss-7csef001w\scenarios\scenario_8\artefacts\event_logs\Security.evtx,Audit success,0,"{""EventData"":{""Data"":[{""@Name"":""SubjectUserSid"",""#text"":""S-1-5-18""},{""@Name"":""SubjectUserName"",""#text"":""DISSTESTBEDVM$""},{""@Name"":""SubjectDomainName"",""#text"":""WORKGROUP""},{""@Name"":""SubjectLogonId"",""#text"":""0x3E7""},{""@Name"":""NewProcessId"",""#text"":""0x22F0""},{""@Name"":""NewProcessName"",""#text"":""C:\\Windows\\System32\\svchost.exe""},{""@Name"":""TokenElevationType"",""#text"":""%%1936""},{""@Name"":""ProcessId"",""#text"":""0x36C""},{""@Name"":""CommandLine"",""#text"":""C:\\WINDOWS\\system32\\svchost.exe -k wusvcs -p -s WaaSMedicSvc""},{""@Name"":""TargetUserSid"",""#text"":""S-1-0-0""},{""@Name"":""TargetUserName"",""#text"":""-""},{""@Name"":""TargetDomainName"",""#text"":""-""},{""@Name"":""TargetLogonId"",""#text"":""0x0""},{""@Name"":""ParentProcessName"",""#text"":""C:\\Windows\\System32\\services.exe""},{""@Name"":""MandatoryLabel"",""#text"":""S-1-16-16384""}]}}"
32615,32615,2026-08-18 20:21:16.5220265,4688,LogAlways,Microsoft-Windows-Security-Auditing,Security,4,252,disstestbedvm,387,,A new process has been created,WORKGROUP\DISSTESTBEDVM$,,Parent process: C:\Windows\System32\svchost.exe,PID: 0x134,Parent PID: 0x2B20,Mandatory label: SECURITY_MANDATORY_SYSTEM_RID,Target User: -\-,,C:\Windows\System32\UIEOrchestratorStub.exe C:\WINDOWS\System32\UIEOrchestratorStub.exe /StartServer -Embedding,False,D:\UOW\SEM3\msc-diss-7csef001w\scenarios\scenario_8\artefacts\event_logs\Security.evtx,Audit success,0,"{""EventData"":{""Data"":[{""@Name"":""SubjectUserSid"",""#text"":""S-1-5-18""},{""@Name"":""SubjectUserName"",""#text"":""DISSTESTBEDVM$""},{""@Name"":""SubjectDomainName"",""#text"":""WORKGROUP""},{""@Name"":""SubjectLogonId"",""#text"":""0x3E7""},{""@Name"":""NewProcessId"",""#text"":""0x2B20""},{""@Name"":""NewProcessName"",""#text"":""C:\\Windows\\System32\\UIEOrchestratorStub.exe""},{""@Name"":""TokenElevationType"",""#text"":""%%1936""},{""@Name"":""ProcessId"",""#text"":""0x134""},{""@Name"":""CommandLine"",""#text"":""C:\\WINDOWS\\System32\\UIEOrchestratorStub.exe /StartServer -Embedding""},{""@Name"":""TargetUserSid"",""#text"":""S-1-0-0""},{""@Name"":""TargetUserName"",""#text"":""-""},{""@Name"":""TargetDomainName"",""#text"":""-""},{""@Name"":""TargetLogonId"",""#text"":""0x0""},{""@Name"":""ParentProcessName"",""#text"":""C:\\Windows\\System32\\svchost.exe""},{""@Name"":""MandatoryLabel"",""#text"":""S-1-16-16384""}]}}"
32616,32616,2026-08-18 20:21:16.5388592,4688,LogAlways,Microsoft-Windows-Security-Auditing,Security,4,400,disstestbedvm,387,,A new process has been created,WORKGROUP\DISSTESTBEDVM$,,Parent process: C:\Windows\System32\UIEOrchestratorStub.exe,PID: 0x2B20,Parent PID: 0x13DC,Mandatory label: SECURITY_MANDATORY_SYSTEM_RID,Target User: -\-,,C:\Windows\UUS\amd64\UIEOrchestrator.exe /StartServer -Embedding,False,D:\UOW\SEM3\msc-diss-7csef001w\scenarios\scenario_8\artefacts\event_logs\Security.evtx,Audit success,0,"{""EventData"":{""Data"":[{""@Name"":""SubjectUserSid"",""#text"":""S-1-5-18""},{""@Name"":""SubjectUserName"",""#text"":""DISSTESTBEDVM$""},{""@Name"":""SubjectDomainName"",""#text"":""WORKGROUP""},{""@Name"":""SubjectLogonId"",""#text"":""0x3E7""},{""@Name"":""NewProcessId"",""#text"":""0x13DC""},{""@Name"":""NewProcessName"",""#text"":""C:\\Windows\\UUS\\amd64\\UIEOrchestrator.exe""},{""@Name"":""TokenElevationType"",""#text"":""%%1936""},{""@Name"":""ProcessId"",""#text"":""0x2B20""},{""@Name"":""CommandLine"",""#text"":""/StartServer -Embedding""},{""@Name"":""TargetUserSid"",""#text"":""S-1-0-0""},{""@Name"":""TargetUserName"",""#text"":""-""},{""@Name"":""TargetDomainName"",""#text"":""-""},{""@Name"":""TargetLogonId"",""#text"":""0x0""},{""@Name"":""ParentProcessName"",""#text"":""C:\\Windows\\System32\\UIEOrchestratorStub.exe""},{""@Name"":""MandatoryLabel"",""#text"":""S-1-16-16384""}]}}"
32617,32617,2026-08-18 20:21:16.6573628,4688,LogAlways,Microsoft-Windows-Security-Auditing,Security,4,9844,disstestbedvm,387,,A new process has been created,WORKGROUP\DISSTESTBEDVM$,,Parent process: C:\Windows\System32\svchost.exe,PID: 0x134,Parent PID: 0x1584,Mandatory label: SECURITY_MANDATORY_LOW_RID,Target User: disstestbedvm\dfanalyst,,"C:\Windows\System32\backgroundTaskHost.exe ""C:\WINDOWS\system32\BackgroundTaskHost.exe"" -ServerName:BackgroundTaskHost.WebAccountProvider",False,D:\UOW\SEM3\msc-diss-7csef001w\scenarios\scenario_8\artefacts\event_logs\Security.evtx,Audit success,0,"{""EventData"":{""Data"":[{""@Name"":""SubjectUserSid"",""#text"":""S-1-5-18""},{""@Name"":""SubjectUserName"",""#text"":""DISSTESTBEDVM$""},{""@Name"":""SubjectDomainName"",""#text"":""WORKGROUP""},{""@Name"":""SubjectLogonId"",""#text"":""0x3E7""},{""@Name"":""NewProcessId"",""#text"":""0x1584""},{""@Name"":""NewProcessName"",""#text"":""C:\\Windows\\System32\\backgroundTaskHost.exe""},{""@Name"":""TokenElevationType"",""#text"":""%%1938""},{""@Name"":""ProcessId"",""#text"":""0x134""},{""@Name"":""CommandLine"",""#text"":""\""C:\\WINDOWS\\system32\\BackgroundTaskHost.exe\"" -ServerName:BackgroundTaskHost.WebAccountProvider""},{""@Name"":""TargetUserSid"",""#text"":""S-1-5-21-4209295338-567392030-2519289182-1001""},{""@Name"":""TargetUserName"",""#text"":""dfanalyst""},{""@Name"":""TargetDomainName"",""#text"":""disstestbedvm""},{""@Name"":""TargetLogonId"",""#text"":""0x55C49""},{""@Name"":""ParentProcessName"",""#text"":""C:\\Windows\\System32\\svchost.exe""},{""@Name"":""MandatoryLabel"",""#text"":""S-1-16-4096""}]}}"
32618,32618,2026-08-18 20:21:16.7520467,4689,LogAlways,Microsoft-Windows-Security-Auditing,Security,4,400,disstestbedvm,387,,A process has exited,disstestbedvm\dfanalyst,,,PID: 0x1584,,,,,C:\Windows\System32\backgroundTaskHost.exe,False,D:\UOW\SEM3\msc-diss-7csef001w\scenarios\scenario_8\artefacts\event_logs\Security.evtx,Audit success,0,"{""EventData"":{""Data"":[{""@Name"":""SubjectUserSid"",""#text"":""S-1-5-21-4209295338-567392030-2519289182-1001""},{""@Name"":""SubjectUserName"",""#text"":""dfanalyst""},{""@Name"":""SubjectDomainName"",""#text"":""disstestbedvm""},{""@Name"":""SubjectLogonId"",""#text"":""0x55C49""},{""@Name"":""Status"",""#text"":""0x1""},{""@Name"":""ProcessId"",""#text"":""0x1584""},{""@Name"":""ProcessName"",""#text"":""C:\\Windows\\System32\\backgroundTaskHost.exe""}]}}"
32619,32619,2026-08-18 20:21:16.7959496,4689,LogAlways,Microsoft-Windows-Security-Auditing,Security,4,252,disstestbedvm,387,,A process has exited,WORKGROUP\DISSTESTBEDVM$,,,PID: 0x13DC,,,,,C:\Windows\UUS\amd64\UIEOrchestrator.exe,False,D:\UOW\SEM3\msc-diss-7csef001w\scenarios\scenario_8\artefacts\event_logs\Security.evtx,Audit success,0,"{""EventData"":{""Data"":[{""@Name"":""SubjectUserSid"",""#text"":""S-1-5-18""},{""@Name"":""SubjectUserName"",""#text"":""DISSTESTBEDVM$""},{""@Name"":""SubjectDomainName"",""#text"":""WORKGROUP""},{""@Name"":""SubjectLogonId"",""#text"":""0x3E7""},{""@Name"":""Status"",""#text"":""0x0""},{""@Name"":""ProcessId"",""#text"":""0x13DC""},{""@Name"":""ProcessName"",""#text"":""C:\\Windows\\UUS\\amd64\\UIEOrchestrator.exe""}]}}"
32620,32620,2026-08-18 20:21:16.7989825,4689,LogAlways,Microsoft-Windows-Security-Auditing,Security,4,9844,disstestbedvm,387,,A process has exited,WORKGROUP\DISSTESTBEDVM$,,,PID: 0x2B20,,,,,C:\Windows\System32\UIEOrchestratorStub.exe,False,D:\UOW\SEM3\msc-diss-7csef001w\scenarios\scenario_8\artefacts\event_logs\Security.evtx,Audit success,0,"{""EventData"":{""Data"":[{""@Name"":""SubjectUserSid"",""#text"":""S-1-5-18""},{""@Name"":""SubjectUserName"",""#text"":""DISSTESTBEDVM$""},{""@Name"":""SubjectDomainName"",""#text"":""WORKGROUP""},{""@Name"":""SubjectLogonId"",""#text"":""0x3E7""},{""@Name"":""Status"",""#text"":""0x0""},{""@Name"":""ProcessId"",""#text"":""0x2B20""},{""@Name"":""ProcessName"",""#text"":""C:\\Windows\\System32\\UIEOrchestratorStub.exe""}]}}"
32625,32625,2026-08-18 20:21:46.7643624,4689,LogAlways,Microsoft-Windows-Security-Auditing,Security,4,1968,disstestbedvm,387,,A process has exited,WORKGROUP\DISSTESTBEDVM$,,,PID: 0x99C,,,,,C:\Windows\System32\wbem\WmiPrvSE.exe,False,D:\UOW\SEM3\msc-diss-7csef001w\scenarios\scenario_8\artefacts\event_logs\Security.evtx,Audit success,0,"{""EventData"":{""Data"":[{""@Name"":""SubjectUserSid"",""#text"":""S-1-5-18""},{""@Name"":""SubjectUserName"",""#text"":""DISSTESTBEDVM$""},{""@Name"":""SubjectDomainName"",""#text"":""WORKGROUP""},{""@Name"":""SubjectLogonId"",""#text"":""0x3E7""},{""@Name"":""Status"",""#text"":""0x0""},{""@Name"":""ProcessId"",""#text"":""0x99C""},{""@Name"":""ProcessName"",""#text"":""C:\\Windows\\System32\\wbem\\WmiPrvSE.exe""}]}}"
32626,32626,2026-08-18 20:21:56.7748672,4689,LogAlways,Microsoft-Windows-Security-Auditing,Security,4,256,disstestbedvm,387,,A process has exited,disstestbedvm\dfanalyst,,,PID: 0x1658,,,,,C:\Windows\System32\RuntimeBroker.exe,False,D:\UOW\SEM3\msc-diss-7csef001w\scenarios\scenario_8\artefacts\event_logs\Security.evtx,Audit success,0,"{""EventData"":{""Data"":[{""@Name"":""SubjectUserSid"",""#text"":""S-1-5-21-4209295338-567392030-2519289182-1001""},{""@Name"":""SubjectUserName"",""#text"":""dfanalyst""},{""@Name"":""SubjectDomainName"",""#text"":""disstestbedvm""},{""@Name"":""SubjectLogonId"",""#text"":""0x55C49""},{""@Name"":""Status"",""#text"":""0x0""},{""@Name"":""ProcessId"",""#text"":""0x1658""},{""@Name"":""ProcessName"",""#text"":""C:\\Windows\\System32\\RuntimeBroker.exe""}]}}"
32627,32627,2026-08-18 20:22:10.5472939,4689,LogAlways,Microsoft-Windows-Security-Auditing,Security,4,6556,disstestbedvm,387,,A process has exited,WORKGROUP\DISSTESTBEDVM$,,,PID: 0x1CA0,,,,,C:\Program Files (x86)\Microsoft\EdgeWebView\Application\151.0.4129.93\Installer\setup.exe,False,D:\UOW\SEM3\msc-diss-7csef001w\scenarios\scenario_8\artefacts\event_logs\Security.evtx,Audit success,0,"{""EventData"":{""Data"":[{""@Name"":""SubjectUserSid"",""#text"":""S-1-5-18""},{""@Name"":""SubjectUserName"",""#text"":""DISSTESTBEDVM$""},{""@Name"":""SubjectDomainName"",""#text"":""WORKGROUP""},{""@Name"":""SubjectLogonId"",""#text"":""0x3E7""},{""@Name"":""Status"",""#text"":""0x3E""},{""@Name"":""ProcessId"",""#text"":""0x1CA0""},{""@Name"":""ProcessName"",""#text"":""C:\\Program Files (x86)\\Microsoft\\EdgeWebView\\Application\\151.0.4129.93\\Installer\\setup.exe""}]}}"
32628,32628,2026-08-18 20:22:16.9272533,4689,LogAlways,Microsoft-Windows-Security-Auditing,Security,4,1968,disstestbedvm,387,,A process has exited,WORKGROUP\DISSTESTBEDVM$,,,PID: 0x22F0,,,,,C:\Windows\System32\svchost.exe,False,D:\UOW\SEM3\msc-diss-7csef001w\scenarios\scenario_8\artefacts\event_logs\Security.evtx,Audit success,0,"{""EventData"":{""Data"":[{""@Name"":""SubjectUserSid"",""#text"":""S-1-5-18""},{""@Name"":""SubjectUserName"",""#text"":""DISSTESTBEDVM$""},{""@Name"":""SubjectDomainName"",""#text"":""WORKGROUP""},{""@Name"":""SubjectLogonId"",""#text"":""0x3E7""},{""@Name"":""Status"",""#text"":""0x0""},{""@Name"":""ProcessId"",""#text"":""0x22F0""},{""@Name"":""ProcessName"",""#text"":""C:\\Windows\\System32\\svchost.exe""}]}}"
32629,32629,2026-08-18 20:22:17.8414606,4689,LogAlways,Microsoft-Windows-Security-Auditing,Security,4,1968,disstestbedvm,387,,A process has exited,WORKGROUP\DISSTESTBEDVM$,,,PID: 0x24B4,,,,,C:\Windows\UUS\amd64\MoUsoCoreWorker.exe,False,D:\UOW\SEM3\msc-diss-7csef001w\scenarios\scenario_8\artefacts\event_logs\Security.evtx,Audit success,0,"{""EventData"":{""Data"":[{""@Name"":""SubjectUserSid"",""#text"":""S-1-5-18""},{""@Name"":""SubjectUserName"",""#text"":""DISSTESTBEDVM$""},{""@Name"":""SubjectDomainName"",""#text"":""WORKGROUP""},{""@Name"":""SubjectLogonId"",""#text"":""0x3E7""},{""@Name"":""Status"",""#text"":""0x0""},{""@Name"":""ProcessId"",""#text"":""0x24B4""},{""@Name"":""ProcessName"",""#text"":""C:\\Windows\\UUS\\amd64\\MoUsoCoreWorker.exe""}]}}"
32630,32630,2026-08-18 20:22:20.3100502,4689,LogAlways,Microsoft-Windows-Security-Auditing,Security,4,1968,disstestbedvm,387,,A process has exited,WORKGROUP\DISSTESTBEDVM$,,,PID: 0x2EA0,,,,,C:\Windows\WinSxS\amd64_microsoft-windows-servicingstack_31bf3856ad364e35_10.0.26100.8648_none_a50ef8e3775e8e5e\TiWorker.exe,False,D:\UOW\SEM3\msc-diss-7csef001w\scenarios\scenario_8\artefacts\event_logs\Security.evtx,Audit success,0,"{""EventData"":{""Data"":[{""@Name"":""SubjectUserSid"",""#text"":""S-1-5-18""},{""@Name"":""SubjectUserName"",""#text"":""DISSTESTBEDVM$""},{""@Name"":""SubjectDomainName"",""#text"":""WORKGROUP""},{""@Name"":""SubjectLogonId"",""#text"":""0x3E7""},{""@Name"":""Status"",""#text"":""0x0""},{""@Name"":""ProcessId"",""#text"":""0x2EA0""},{""@Name"":""ProcessName"",""#text"":""C:\\Windows\\WinSxS\\amd64_microsoft-windows-servicingstack_31bf3856ad364e35_10.0.26100.8648_none_a50ef8e3775e8e5e\\TiWorker.exe""}]}}"
32631,32631,2026-08-18 20:22:20.3165409,4689,LogAlways,Microsoft-Windows-Security-Auditing,Security,4,1968,disstestbedvm,387,,A process has exited,WORKGROUP\DISSTESTBEDVM$,,,PID: 0x1E4C,,,,,C:\Windows\servicing\TrustedInstaller.exe,False,D:\UOW\SEM3\msc-diss-7csef001w\scenarios\scenario_8\artefacts\event_logs\Security.evtx,Audit success,0,"{""EventData"":{""Data"":[{""@Name"":""SubjectUserSid"",""#text"":""S-1-5-18""},{""@Name"":""SubjectUserName"",""#text"":""DISSTESTBEDVM$""},{""@Name"":""SubjectDomainName"",""#text"":""WORKGROUP""},{""@Name"":""SubjectLogonId"",""#text"":""0x3E7""},{""@Name"":""Status"",""#text"":""0x0""},{""@Name"":""ProcessId"",""#text"":""0x1E4C""},{""@Name"":""ProcessName"",""#text"":""C:\\Windows\\servicing\\TrustedInstaller.exe""}]}}"
32632,32632,2026-08-18 20:22:53.0607014,4689,LogAlways,Microsoft-Windows-Security-Auditing,Security,4,420,disstestbedvm,387,,A process has exited,disstestbedvm\dfanalyst,,,PID: 0xF98,,,,,C:\Program Files\WindowsApps\Microsoft.WindowsTerminal_1.24.11911.0_x64__8wekyb3d8bbwe\WindowsTerminal.exe,False,D:\UOW\SEM3\msc-diss-7csef001w\scenarios\scenario_8\artefacts\event_logs\Security.evtx,Audit success,0,"{""EventData"":{""Data"":[{""@Name"":""SubjectUserSid"",""#text"":""S-1-5-21-4209295338-567392030-2519289182-1001""},{""@Name"":""SubjectUserName"",""#text"":""dfanalyst""},{""@Name"":""SubjectDomainName"",""#text"":""disstestbedvm""},{""@Name"":""SubjectLogonId"",""#text"":""0x55C49""},{""@Name"":""Status"",""#text"":""0x0""},{""@Name"":""ProcessId"",""#text"":""0xF98""},{""@Name"":""ProcessName"",""#text"":""C:\\Program Files\\WindowsApps\\Microsoft.WindowsTerminal_1.24.11911.0_x64__8wekyb3d8bbwe\\WindowsTerminal.exe""}]}}"
32633,32633,2026-08-18 20:22:53.0719105,4689,LogAlways,Microsoft-Windows-Security-Auditing,Security,4,256,disstestbedvm,387,,A process has exited,disstestbedvm\dfanalyst,,,PID: 0x102C,,,,,C:\Windows\System32\WindowsPowerShell\v1.0\powershell.exe,False,D:\UOW\SEM3\msc-diss-7csef001w\scenarios\scenario_8\artefacts\event_logs\Security.evtx,Audit success,0,"{""EventData"":{""Data"":[{""@Name"":""SubjectUserSid"",""#text"":""S-1-5-21-4209295338-567392030-2519289182-1001""},{""@Name"":""SubjectUserName"",""#text"":""dfanalyst""},{""@Name"":""SubjectDomainName"",""#text"":""disstestbedvm""},{""@Name"":""SubjectLogonId"",""#text"":""0x55C49""},{""@Name"":""Status"",""#text"":""0xC000013A""},{""@Name"":""ProcessId"",""#text"":""0x102C""},{""@Name"":""ProcessName"",""#text"":""C:\\Windows\\System32\\WindowsPowerShell\\v1.0\\powershell.exe""}]}}"
32634,32634,2026-08-18 20:22:53.0773995,4689,LogAlways,Microsoft-Windows-Security-Auditing,Security,4,256,disstestbedvm,387,,A process has exited,disstestbedvm\dfanalyst,,,PID: 0xC14,,,,,C:\Program Files\WindowsApps\Microsoft.WindowsTerminal_1.24.11911.0_x64__8wekyb3d8bbwe\OpenConsole.exe,False,D:\UOW\SEM3\msc-diss-7csef001w\scenarios\scenario_8\artefacts\event_logs\Security.evtx,Audit success,0,"{""EventData"":{""Data"":[{""@Name"":""SubjectUserSid"",""#text"":""S-1-5-21-4209295338-567392030-2519289182-1001""},{""@Name"":""SubjectUserName"",""#text"":""dfanalyst""},{""@Name"":""SubjectDomainName"",""#text"":""disstestbedvm""},{""@Name"":""SubjectLogonId"",""#text"":""0x55C49""},{""@Name"":""Status"",""#text"":""0x0""},{""@Name"":""ProcessId"",""#text"":""0xC14""},{""@Name"":""ProcessName"",""#text"":""C:\\Program Files\\WindowsApps\\Microsoft.WindowsTerminal_1.24.11911.0_x64__8wekyb3d8bbwe\\OpenConsole.exe""}]}}"
32635,32635,2026-08-18 20:22:53.0827905,4689,LogAlways,Microsoft-Windows-Security-Auditing,Security,4,420,disstestbedvm,387,,A process has exited,disstestbedvm\dfanalyst,,,PID: 0x2ECC,,,,,C:\Windows\System32\conhost.exe,False,D:\UOW\SEM3\msc-diss-7csef001w\scenarios\scenario_8\artefacts\event_logs\Security.evtx,Audit success,0,"{""EventData"":{""Data"":[{""@Name"":""SubjectUserSid"",""#text"":""S-1-5-21-4209295338-567392030-2519289182-1001""},{""@Name"":""SubjectUserName"",""#text"":""dfanalyst""},{""@Name"":""SubjectDomainName"",""#text"":""disstestbedvm""},{""@Name"":""SubjectLogonId"",""#text"":""0x55C49""},{""@Name"":""Status"",""#text"":""0x0""},{""@Name"":""ProcessId"",""#text"":""0x2ECC""},{""@Name"":""ProcessName"",""#text"":""C:\\Windows\\System32\\conhost.exe""}]}}"
