RecordNumber,EventRecordId,TimeCreated,EventId,Level,Provider,Channel,ProcessId,ThreadId,Computer,ChunkNumber,UserId,MapDescription,UserName,RemoteHost,PayloadData1,PayloadData2,PayloadData3,PayloadData4,PayloadData5,PayloadData6,ExecutableInfo,HiddenRecord,SourceFile,Keywords,ExtraDataOffset,Payload
1084,1084,2026-08-22 20:36:15.9577226,1001,Info,Windows Error Reporting,Application,7776,1976,disstestbedvm,20,S-1-5-18,Application Crash,,,,,,,,,,False,D:\UOW\SEM3\msc-diss-7csef001w\scenarios\scenario_4\run_2\artefacts\event_logs\Application.evtx,Classic,0,"{""EventData"":{""Data"":[{""@Name"":""Bucket""},{""@Name"":""BucketType"",""#text"":""0""},{""@Name"":""EventName"",""#text"":""LiveKernelEvent""},{""@Name"":""Response"",""#text"":""Not available""},{""@Name"":""CabId"",""#text"":""0""},{""@Name"":""P1"",""#text"":""1a8""},{""@Name"":""P2"",""#text"":""a""},{""@Name"":""P3"",""#text"":""0""},{""@Name"":""P4"",""#text"":""0""},{""@Name"":""P5"",""#text"":""0""},{""@Name"":""P6"",""#text"":""10_0_26200""},{""@Name"":""P7"",""#text"":""0_0""},{""@Name"":""P8"",""#text"":""256_1""},{""@Name"":""P9""},{""@Name"":""P10""},{""@Name"":""AttachedFiles"",""#text"":"", \\\\?\\C:\\WINDOWS\\LiveKernelReports\\WATCHDOG\\WATCHDOG-20260714-1100.dmp, \\\\?\\C:\\WINDOWS\\SystemTemp\\WER-134484-0.sysdata.xml, \\\\?\\C:\\ProgramData\\Microsoft\\Windows\\WER\\Temp\\WER.ef2d1131-73d3-4f17-8425-3a907ce3ce63.tmp.WERInternalMetadata.xml, \\\\?\\C:\\ProgramData\\Microsoft\\Windows\\WER\\Temp\\WER.63671d43-3ed9-442c-8d41-9b258c20954d.tmp.csv, \\\\?\\C:\\ProgramData\\Microsoft\\Windows\\WER\\Temp\\WER.995c5383-c12b-489f-81dd-9ec237b27e89.tmp.txt, \\\\?\\C:\\ProgramData\\Microsoft\\Windows\\WER\\Temp\\WER.3fbd675b-2f99-4220-94f6-31b882945912.tmp.xml""},{""@Name"":""StorePath"",""#text"":""\\\\?\\C:\\ProgramData\\Microsoft\\Windows\\WER\\ReportQueue\\Kernel_1a8_9d28cacebfd2e58c9d4bbe18d96b857e6f8d615_00000000_c8eef376-26c2-4fb0-b3fc-1c1383ba5f00""},{""@Name"":""AnalysisSymbol""},{""@Name"":""Rechecking"",""#text"":""0""},{""@Name"":""ReportId"",""#text"":""c8eef376-26c2-4fb0-b3fc-1c1383ba5f00""},{""@Name"":""ReportStatus"",""#text"":""2049""},{""@Name"":""HashedBucket""},{""@Name"":""CabGuid"",""#text"":""0""}]}}"
1085,1085,2026-08-22 20:36:17.8734512,16394,Info,Microsoft-Windows-Security-SPP,Application,1876,0,disstestbedvm,20,,,,,,,,,,,,False,D:\UOW\SEM3\msc-diss-7csef001w\scenarios\scenario_4\run_2\artefacts\event_logs\Application.evtx,0x80000000000000,0,"{""EventData"":{""Data"":"""",""Binary"":""""}}"
4,4,2026-08-22 20:33:50.0490118,1003,Info,Microsoft-Windows-DriverFrameworks-UserMode,Microsoft-Windows-DriverFrameworks-UserMode/Operational,872,988,disstestbedvm,0,S-1-5-18,,,,,,,,,,,False,D:\UOW\SEM3\msc-diss-7csef001w\scenarios\scenario_4\run_2\artefacts\event_logs\Microsoft-Windows-DriverFrameworks-UserMode%4Operational.evtx,Classic,0,"{""UserData"":{""UMDFDriverManagerHostCreateStart"":{""LifetimeId"":""e8851c34-d3e5-40ec-8757-deb6fa9fbcc7"",""HostGuid"":""{193a1820-d9ac-4997-8c55-be817523f6aa}"",""DeviceInstanceId"":""SWD.WPDBUSENUM._??_USBSTOR#DISK&amp;VEN_GENERAL&amp;PROD_UDISK&amp;REV_5.00#7&amp;372D5A41&amp;0&amp;_&amp;0#{53F56307-B6BF-11D0-94F2-00A0C91EFB8B}""}}}"
5,5,2026-08-22 20:33:50.0668312,2000,Info,Microsoft-Windows-DriverFrameworks-UserMode,Microsoft-Windows-DriverFrameworks-UserMode/Operational,1144,9504,disstestbedvm,0,S-1-5-19,,,,,,,,,,,False,D:\UOW\SEM3\msc-diss-7csef001w\scenarios\scenario_4\run_2\artefacts\event_logs\Microsoft-Windows-DriverFrameworks-UserMode%4Operational.evtx,Classic,0,"{""UserData"":{""UMDFHostStartupBegin"":{""LifetimeId"":""e8851c34-d3e5-40ec-8757-deb6fa9fbcc7""}}}"
6,6,2026-08-22 20:33:50.0697343,2001,Info,Microsoft-Windows-DriverFrameworks-UserMode,Microsoft-Windows-DriverFrameworks-UserMode/Operational,1144,9504,disstestbedvm,0,S-1-5-19,,,,,,,,,,,False,D:\UOW\SEM3\msc-diss-7csef001w\scenarios\scenario_4\run_2\artefacts\event_logs\Microsoft-Windows-DriverFrameworks-UserMode%4Operational.evtx,Classic,0,"{""UserData"":{""UMDFHostStartupEnd"":{""LifetimeId"":""e8851c34-d3e5-40ec-8757-deb6fa9fbcc7"",""FinalStatus"":""0""}}}"
7,7,2026-08-22 20:33:50.0840581,1004,Info,Microsoft-Windows-DriverFrameworks-UserMode,Microsoft-Windows-DriverFrameworks-UserMode/Operational,872,988,disstestbedvm,0,S-1-5-18,,,,,,,,,,,False,D:\UOW\SEM3\msc-diss-7csef001w\scenarios\scenario_4\run_2\artefacts\event_logs\Microsoft-Windows-DriverFrameworks-UserMode%4Operational.evtx,Classic,0,"{""UserData"":{""UMDFDriverManagerHostCreateEnd"":{""LifetimeId"":""e8851c34-d3e5-40ec-8757-deb6fa9fbcc7"",""FinalStatus"":""0""}}}"
8,8,2026-08-22 20:33:50.0903377,2003,Info,Microsoft-Windows-DriverFrameworks-UserMode,Microsoft-Windows-DriverFrameworks-UserMode/Operational,1144,6592,disstestbedvm,0,S-1-5-19,,,,,,,,,,,False,D:\UOW\SEM3\msc-diss-7csef001w\scenarios\scenario_4\run_2\artefacts\event_logs\Microsoft-Windows-DriverFrameworks-UserMode%4Operational.evtx,Classic,0,"{""UserData"":{""UMDFHostDeviceArrivalBegin"":{""LifetimeId"":""e8851c34-d3e5-40ec-8757-deb6fa9fbcc7"",""InstanceId"":""SWD\\WPDBUSENUM\\_??_USBSTOR#DISK&amp;VEN_GENERAL&amp;PROD_UDISK&amp;REV_5.00#7&amp;372D5A41&amp;0&amp;_&amp;0#{53F56307-B6BF-11D0-94F2-00A0C91EFB8B}""}}}"
9,9,2026-08-22 20:33:50.0906472,2010,Info,Microsoft-Windows-DriverFrameworks-UserMode,Microsoft-Windows-DriverFrameworks-UserMode/Operational,1144,6592,disstestbedvm,0,S-1-5-19,,,,,,,,,,,False,D:\UOW\SEM3\msc-diss-7csef001w\scenarios\scenario_4\run_2\artefacts\event_logs\Microsoft-Windows-DriverFrameworks-UserMode%4Operational.evtx,Classic,0,"{""UserData"":{""UMDFHostDeviceArrivalEnd"":{""LifetimeId"":""e8851c34-d3e5-40ec-8757-deb6fa9fbcc7"",""InstanceId"":""SWD\\WPDBUSENUM\\_??_USBSTOR#DISK&amp;VEN_GENERAL&amp;PROD_UDISK&amp;REV_5.00#7&amp;372D5A41&amp;0&amp;_&amp;0#{53F56307-B6BF-11D0-94F2-00A0C91EFB8B}"",""FinalStatus"":""0""}}}"
10,10,2026-08-22 20:33:50.0906664,2004,Verbose,Microsoft-Windows-DriverFrameworks-UserMode,Microsoft-Windows-DriverFrameworks-UserMode/Operational,1144,6592,disstestbedvm,0,S-1-5-19,,,,,,,,,,,False,D:\UOW\SEM3\msc-diss-7csef001w\scenarios\scenario_4\run_2\artefacts\event_logs\Microsoft-Windows-DriverFrameworks-UserMode%4Operational.evtx,Classic,0,"{""UserData"":{""UMDFHostAddDeviceBegin"":{""LifetimeId"":""e8851c34-d3e5-40ec-8757-deb6fa9fbcc7"",""InstanceId"":""SWD\\WPDBUSENUM\\_??_USBSTOR#DISK&amp;VEN_GENERAL&amp;PROD_UDISK&amp;REV_5.00#7&amp;372D5A41&amp;0&amp;_&amp;0#{53F56307-B6BF-11D0-94F2-00A0C91EFB8B}"",""Level"":""0"",""Service"":""WpdFs"",""DriverClsid"":""112de495-ac4c-46f8-b663-6a4266c53313""}}}"
11,11,2026-08-22 20:33:50.1360094,2005,Verbose,Microsoft-Windows-DriverFrameworks-UserMode,Microsoft-Windows-DriverFrameworks-UserMode/Operational,1144,6592,disstestbedvm,0,S-1-5-19,,,,,,,,,,,False,D:\UOW\SEM3\msc-diss-7csef001w\scenarios\scenario_4\run_2\artefacts\event_logs\Microsoft-Windows-DriverFrameworks-UserMode%4Operational.evtx,Classic,0,"{""UserData"":{""UMDFHostModuleLoad"":{""LifetimeId"":""e8851c34-d3e5-40ec-8757-deb6fa9fbcc7"",""InstanceId"":""NULL"",""ModulePath"":""C:\\Windows\\System32\\WUDFx.dll"",""CompanyName"":""Microsoft Corporation"",""FileDescription"":""WDF:UMDF Framework Library"",""FileVersion"":""10.0.26100.8521 (WinBuild.160101.0800)""}}}"
12,12,2026-08-22 20:33:50.1361131,2005,Verbose,Microsoft-Windows-DriverFrameworks-UserMode,Microsoft-Windows-DriverFrameworks-UserMode/Operational,1144,6592,disstestbedvm,0,S-1-5-19,,,,,,,,,,,False,D:\UOW\SEM3\msc-diss-7csef001w\scenarios\scenario_4\run_2\artefacts\event_logs\Microsoft-Windows-DriverFrameworks-UserMode%4Operational.evtx,Classic,0,"{""UserData"":{""UMDFHostModuleLoad"":{""LifetimeId"":""e8851c34-d3e5-40ec-8757-deb6fa9fbcc7"",""InstanceId"":""SWD\\WPDBUSENUM\\_??_USBSTOR#DISK&amp;VEN_GENERAL&amp;PROD_UDISK&amp;REV_5.00#7&amp;372D5A41&amp;0&amp;_&amp;0#{53F56307-B6BF-11D0-94F2-00A0C91EFB8B}"",""ModulePath"":""c:\\windows\\system32\\drivers\\umdf\\wpdfs.dll"",""CompanyName"":""Microsoft Corporation"",""FileDescription"":""Windows Portable Device File System Driver"",""FileVersion"":""10.0.26100.5074 (WinBuild.160101.0800)""}}}"
13,13,2026-08-22 20:33:50.1364673,2005,Verbose,Microsoft-Windows-DriverFrameworks-UserMode,Microsoft-Windows-DriverFrameworks-UserMode/Operational,1144,6592,disstestbedvm,0,S-1-5-19,,,,,,,,,,,False,D:\UOW\SEM3\msc-diss-7csef001w\scenarios\scenario_4\run_2\artefacts\event_logs\Microsoft-Windows-DriverFrameworks-UserMode%4Operational.evtx,Classic,0,"{""UserData"":{""UMDFHostModuleLoad"":{""LifetimeId"":""e8851c34-d3e5-40ec-8757-deb6fa9fbcc7"",""InstanceId"":""SWD\\WPDBUSENUM\\_??_USBSTOR#DISK&amp;VEN_GENERAL&amp;PROD_UDISK&amp;REV_5.00#7&amp;372D5A41&amp;0&amp;_&amp;0#{53F56307-B6BF-11D0-94F2-00A0C91EFB8B}"",""ModulePath"":""C:\\WINDOWS\\System32\\USER32.dll"",""CompanyName"":""Microsoft Corporation"",""FileDescription"":""Multi-User Windows USER API Client DLL"",""FileVersion"":""10.0.26100.8117 (WinBuild.160101.0800)""}}}"
14,14,2026-08-22 20:33:50.1365355,2005,Verbose,Microsoft-Windows-DriverFrameworks-UserMode,Microsoft-Windows-DriverFrameworks-UserMode/Operational,1144,6592,disstestbedvm,0,S-1-5-19,,,,,,,,,,,False,D:\UOW\SEM3\msc-diss-7csef001w\scenarios\scenario_4\run_2\artefacts\event_logs\Microsoft-Windows-DriverFrameworks-UserMode%4Operational.evtx,Classic,0,"{""UserData"":{""UMDFHostModuleLoad"":{""LifetimeId"":""e8851c34-d3e5-40ec-8757-deb6fa9fbcc7"",""InstanceId"":""SWD\\WPDBUSENUM\\_??_USBSTOR#DISK&amp;VEN_GENERAL&amp;PROD_UDISK&amp;REV_5.00#7&amp;372D5A41&amp;0&amp;_&amp;0#{53F56307-B6BF-11D0-94F2-00A0C91EFB8B}"",""ModulePath"":""C:\\WINDOWS\\System32\\win32u.dll"",""CompanyName"":""Microsoft Corporation"",""FileDescription"":""Win32u"",""FileVersion"":""10.0.26100.8655 (WinBuild.160101.0800)""}}}"
15,15,2026-08-22 20:33:50.1365871,2005,Verbose,Microsoft-Windows-DriverFrameworks-UserMode,Microsoft-Windows-DriverFrameworks-UserMode/Operational,1144,6592,disstestbedvm,0,S-1-5-19,,,,,,,,,,,False,D:\UOW\SEM3\msc-diss-7csef001w\scenarios\scenario_4\run_2\artefacts\event_logs\Microsoft-Windows-DriverFrameworks-UserMode%4Operational.evtx,Classic,0,"{""UserData"":{""UMDFHostModuleLoad"":{""LifetimeId"":""e8851c34-d3e5-40ec-8757-deb6fa9fbcc7"",""InstanceId"":""SWD\\WPDBUSENUM\\_??_USBSTOR#DISK&amp;VEN_GENERAL&amp;PROD_UDISK&amp;REV_5.00#7&amp;372D5A41&amp;0&amp;_&amp;0#{53F56307-B6BF-11D0-94F2-00A0C91EFB8B}"",""ModulePath"":""C:\\WINDOWS\\System32\\GDI32.dll"",""CompanyName"":""Microsoft Corporation"",""FileDescription"":""GDI Client DLL"",""FileVersion"":""10.0.26100.8328 (WinBuild.160101.0800)""}}}"
16,16,2026-08-22 20:33:50.1367244,2005,Verbose,Microsoft-Windows-DriverFrameworks-UserMode,Microsoft-Windows-DriverFrameworks-UserMode/Operational,1144,6592,disstestbedvm,0,S-1-5-19,,,,,,,,,,,False,D:\UOW\SEM3\msc-diss-7csef001w\scenarios\scenario_4\run_2\artefacts\event_logs\Microsoft-Windows-DriverFrameworks-UserMode%4Operational.evtx,Classic,0,"{""UserData"":{""UMDFHostModuleLoad"":{""LifetimeId"":""e8851c34-d3e5-40ec-8757-deb6fa9fbcc7"",""InstanceId"":""SWD\\WPDBUSENUM\\_??_USBSTOR#DISK&amp;VEN_GENERAL&amp;PROD_UDISK&amp;REV_5.00#7&amp;372D5A41&amp;0&amp;_&amp;0#{53F56307-B6BF-11D0-94F2-00A0C91EFB8B}"",""ModulePath"":""C:\\WINDOWS\\System32\\gdi32full.dll"",""CompanyName"":""Microsoft Corporation"",""FileDescription"":""GDI Client DLL"",""FileVersion"":""10.0.26100.8521 (WinBuild.160101.0800)""}}}"
17,17,2026-08-22 20:33:50.1369103,2005,Verbose,Microsoft-Windows-DriverFrameworks-UserMode,Microsoft-Windows-DriverFrameworks-UserMode/Operational,1144,6592,disstestbedvm,0,S-1-5-19,,,,,,,,,,,False,D:\UOW\SEM3\msc-diss-7csef001w\scenarios\scenario_4\run_2\artefacts\event_logs\Microsoft-Windows-DriverFrameworks-UserMode%4Operational.evtx,Classic,0,"{""UserData"":{""UMDFHostModuleLoad"":{""LifetimeId"":""e8851c34-d3e5-40ec-8757-deb6fa9fbcc7"",""InstanceId"":""SWD\\WPDBUSENUM\\_??_USBSTOR#DISK&amp;VEN_GENERAL&amp;PROD_UDISK&amp;REV_5.00#7&amp;372D5A41&amp;0&amp;_&amp;0#{53F56307-B6BF-11D0-94F2-00A0C91EFB8B}"",""ModulePath"":""C:\\WINDOWS\\System32\\msvcp_win.dll"",""CompanyName"":""Microsoft Corporation"",""FileDescription"":""Microsoft® C Runtime Library"",""FileVersion"":""10.0.26100.8521 (WinBuild.160101.0800)""}}}"
18,18,2026-08-22 20:33:50.1369654,2005,Verbose,Microsoft-Windows-DriverFrameworks-UserMode,Microsoft-Windows-DriverFrameworks-UserMode/Operational,1144,6592,disstestbedvm,0,S-1-5-19,,,,,,,,,,,False,D:\UOW\SEM3\msc-diss-7csef001w\scenarios\scenario_4\run_2\artefacts\event_logs\Microsoft-Windows-DriverFrameworks-UserMode%4Operational.evtx,Classic,0,"{""UserData"":{""UMDFHostModuleLoad"":{""LifetimeId"":""e8851c34-d3e5-40ec-8757-deb6fa9fbcc7"",""InstanceId"":""SWD\\WPDBUSENUM\\_??_USBSTOR#DISK&amp;VEN_GENERAL&amp;PROD_UDISK&amp;REV_5.00#7&amp;372D5A41&amp;0&amp;_&amp;0#{53F56307-B6BF-11D0-94F2-00A0C91EFB8B}"",""ModulePath"":""C:\\WINDOWS\\SYSTEM32\\wmvcore.dll"",""CompanyName"":""Microsoft Corporation"",""FileDescription"":""Windows Media Playback/Authoring DLL"",""FileVersion"":""12.0.26100.8521 (WinBuild.160101.0800)""}}}"
19,19,2026-08-22 20:33:50.1371109,2005,Verbose,Microsoft-Windows-DriverFrameworks-UserMode,Microsoft-Windows-DriverFrameworks-UserMode/Operational,1144,6592,disstestbedvm,0,S-1-5-19,,,,,,,,,,,False,D:\UOW\SEM3\msc-diss-7csef001w\scenarios\scenario_4\run_2\artefacts\event_logs\Microsoft-Windows-DriverFrameworks-UserMode%4Operational.evtx,Classic,0,"{""UserData"":{""UMDFHostModuleLoad"":{""LifetimeId"":""e8851c34-d3e5-40ec-8757-deb6fa9fbcc7"",""InstanceId"":""SWD\\WPDBUSENUM\\_??_USBSTOR#DISK&amp;VEN_GENERAL&amp;PROD_UDISK&amp;REV_5.00#7&amp;372D5A41&amp;0&amp;_&amp;0#{53F56307-B6BF-11D0-94F2-00A0C91EFB8B}"",""ModulePath"":""C:\\WINDOWS\\System32\\OLEAUT32.dll"",""CompanyName"":""Microsoft Corporation"",""FileDescription"":""OLEAUT32.DLL"",""FileVersion"":""10.0.26100.8655 (WinBuild.160101.0800)""}}}"
20,20,2026-08-22 20:33:50.1375810,2005,Verbose,Microsoft-Windows-DriverFrameworks-UserMode,Microsoft-Windows-DriverFrameworks-UserMode/Operational,1144,6592,disstestbedvm,0,S-1-5-19,,,,,,,,,,,False,D:\UOW\SEM3\msc-diss-7csef001w\scenarios\scenario_4\run_2\artefacts\event_logs\Microsoft-Windows-DriverFrameworks-UserMode%4Operational.evtx,Classic,0,"{""UserData"":{""UMDFHostModuleLoad"":{""LifetimeId"":""e8851c34-d3e5-40ec-8757-deb6fa9fbcc7"",""InstanceId"":""SWD\\WPDBUSENUM\\_??_USBSTOR#DISK&amp;VEN_GENERAL&amp;PROD_UDISK&amp;REV_5.00#7&amp;372D5A41&amp;0&amp;_&amp;0#{53F56307-B6BF-11D0-94F2-00A0C91EFB8B}"",""ModulePath"":""C:\\WINDOWS\\System32\\shcore.dll"",""CompanyName"":""Microsoft Corporation"",""FileDescription"":""SHCORE"",""FileVersion"":""10.0.26100.8117 (WinBuild.160101.0800)""}}}"
21,21,2026-08-22 20:33:50.1390331,2005,Verbose,Microsoft-Windows-DriverFrameworks-UserMode,Microsoft-Windows-DriverFrameworks-UserMode/Operational,1144,6592,disstestbedvm,0,S-1-5-19,,,,,,,,,,,False,D:\UOW\SEM3\msc-diss-7csef001w\scenarios\scenario_4\run_2\artefacts\event_logs\Microsoft-Windows-DriverFrameworks-UserMode%4Operational.evtx,Classic,0,"{""UserData"":{""UMDFHostModuleLoad"":{""LifetimeId"":""e8851c34-d3e5-40ec-8757-deb6fa9fbcc7"",""InstanceId"":""SWD\\WPDBUSENUM\\_??_USBSTOR#DISK&amp;VEN_GENERAL&amp;PROD_UDISK&amp;REV_5.00#7&amp;372D5A41&amp;0&amp;_&amp;0#{53F56307-B6BF-11D0-94F2-00A0C91EFB8B}"",""ModulePath"":""C:\\WINDOWS\\System32\\advapi32.dll"",""CompanyName"":""Microsoft Corporation"",""FileDescription"":""Advanced Windows 32 Base API"",""FileVersion"":""10.0.26100.3624 (WinBuild.160101.0800)""}}}"
22,22,2026-08-22 20:33:50.1390923,2005,Verbose,Microsoft-Windows-DriverFrameworks-UserMode,Microsoft-Windows-DriverFrameworks-UserMode/Operational,1144,6592,disstestbedvm,0,S-1-5-19,,,,,,,,,,,False,D:\UOW\SEM3\msc-diss-7csef001w\scenarios\scenario_4\run_2\artefacts\event_logs\Microsoft-Windows-DriverFrameworks-UserMode%4Operational.evtx,Classic,0,"{""UserData"":{""UMDFHostModuleLoad"":{""LifetimeId"":""e8851c34-d3e5-40ec-8757-deb6fa9fbcc7"",""InstanceId"":""SWD\\WPDBUSENUM\\_??_USBSTOR#DISK&amp;VEN_GENERAL&amp;PROD_UDISK&amp;REV_5.00#7&amp;372D5A41&amp;0&amp;_&amp;0#{53F56307-B6BF-11D0-94F2-00A0C91EFB8B}"",""ModulePath"":""C:\\WINDOWS\\SYSTEM32\\cryptsp.dll"",""CompanyName"":""Microsoft Corporation"",""FileDescription"":""Cryptographic Service Provider API"",""FileVersion"":""10.0.26100.8521 (WinBuild.160101.0800)""}}}"
23,23,2026-08-22 20:33:50.1391451,2005,Verbose,Microsoft-Windows-DriverFrameworks-UserMode,Microsoft-Windows-DriverFrameworks-UserMode/Operational,1144,6592,disstestbedvm,0,S-1-5-19,,,,,,,,,,,False,D:\UOW\SEM3\msc-diss-7csef001w\scenarios\scenario_4\run_2\artefacts\event_logs\Microsoft-Windows-DriverFrameworks-UserMode%4Operational.evtx,Classic,0,"{""UserData"":{""UMDFHostModuleLoad"":{""LifetimeId"":""e8851c34-d3e5-40ec-8757-deb6fa9fbcc7"",""InstanceId"":""SWD\\WPDBUSENUM\\_??_USBSTOR#DISK&amp;VEN_GENERAL&amp;PROD_UDISK&amp;REV_5.00#7&amp;372D5A41&amp;0&amp;_&amp;0#{53F56307-B6BF-11D0-94F2-00A0C91EFB8B}"",""ModulePath"":""C:\\WINDOWS\\SYSTEM32\\WMASF.DLL"",""CompanyName"":""Microsoft Corporation"",""FileDescription"":""Windows Media ASF DLL"",""FileVersion"":""12.0.26100.8521 (WinBuild.160101.0800)""}}}"
24,24,2026-08-22 20:33:50.1391913,2005,Verbose,Microsoft-Windows-DriverFrameworks-UserMode,Microsoft-Windows-DriverFrameworks-UserMode/Operational,1144,6592,disstestbedvm,0,S-1-5-19,,,,,,,,,,,False,D:\UOW\SEM3\msc-diss-7csef001w\scenarios\scenario_4\run_2\artefacts\event_logs\Microsoft-Windows-DriverFrameworks-UserMode%4Operational.evtx,Classic,0,"{""UserData"":{""UMDFHostModuleLoad"":{""LifetimeId"":""e8851c34-d3e5-40ec-8757-deb6fa9fbcc7"",""InstanceId"":""SWD\\WPDBUSENUM\\_??_USBSTOR#DISK&amp;VEN_GENERAL&amp;PROD_UDISK&amp;REV_5.00#7&amp;372D5A41&amp;0&amp;_&amp;0#{53F56307-B6BF-11D0-94F2-00A0C91EFB8B}"",""ModulePath"":""C:\\Windows\\System32\\WUDFx.dll"",""CompanyName"":""Microsoft Corporation"",""FileDescription"":""WDF:UMDF Framework Library"",""FileVersion"":""10.0.26100.8521 (WinBuild.160101.0800)""}}}"
25,25,2026-08-22 20:33:50.1400133,2006,Verbose,Microsoft-Windows-DriverFrameworks-UserMode,Microsoft-Windows-DriverFrameworks-UserMode/Operational,1144,6592,disstestbedvm,0,S-1-5-19,,,,,,,,,,,False,D:\UOW\SEM3\msc-diss-7csef001w\scenarios\scenario_4\run_2\artefacts\event_logs\Microsoft-Windows-DriverFrameworks-UserMode%4Operational.evtx,Classic,0,"{""UserData"":{""UMDFHostAddDeviceEnd"":{""LifetimeId"":""e8851c34-d3e5-40ec-8757-deb6fa9fbcc7"",""InstanceId"":""SWD\\WPDBUSENUM\\_??_USBSTOR#DISK&amp;VEN_GENERAL&amp;PROD_UDISK&amp;REV_5.00#7&amp;372D5A41&amp;0&amp;_&amp;0#{53F56307-B6BF-11D0-94F2-00A0C91EFB8B}"",""Level"":""0"",""FinalStatus"":""0""}}}"
26,26,2026-08-22 20:33:50.1406876,2100,Info,Microsoft-Windows-DriverFrameworks-UserMode,Microsoft-Windows-DriverFrameworks-UserMode/Operational,1144,6592,disstestbedvm,0,S-1-5-19,USB Connection,,,InstanceId: SWD\WPDBUSENUM\_??_USBSTOR#DISK&amp;VEN_GENERAL&amp;PROD_UDISK&amp;REV_5.00#7&amp;372D5A41&amp;0&amp;_&amp;0#{53F56307-B6BF-11D0-94F2-00A0C91EFB8B},LifetimeId: e8851c34-d3e5-40ec-8757-deb6fa9fbcc7,,,,,,False,D:\UOW\SEM3\msc-diss-7csef001w\scenarios\scenario_4\run_2\artefacts\event_logs\Microsoft-Windows-DriverFrameworks-UserMode%4Operational.evtx,Classic,0,"{""UserData"":{""UMDFHostDeviceRequest"":{""LifetimeId"":""e8851c34-d3e5-40ec-8757-deb6fa9fbcc7"",""InstanceId"":""SWD\\WPDBUSENUM\\_??_USBSTOR#DISK&amp;VEN_GENERAL&amp;PROD_UDISK&amp;REV_5.00#7&amp;372D5A41&amp;0&amp;_&amp;0#{53F56307-B6BF-11D0-94F2-00A0C91EFB8B}"",""RequestMajorCode"":""27"",""RequestMinorCode"":""0"",""Argument1"":""0x0"",""Argument2"":""0x0"",""Argument3"":""0x0"",""Argument4"":""0x0"",""Status"":""3221225659""}}}"
27,27,2026-08-22 20:33:50.1407210,2105,Info,Microsoft-Windows-DriverFrameworks-UserMode,Microsoft-Windows-DriverFrameworks-UserMode/Operational,1144,6592,disstestbedvm,0,S-1-5-19,,,,,,,,,,,False,D:\UOW\SEM3\msc-diss-7csef001w\scenarios\scenario_4\run_2\artefacts\event_logs\Microsoft-Windows-DriverFrameworks-UserMode%4Operational.evtx,Classic,0,"{""UserData"":{""UMDFHostDeviceRequest"":{""LifetimeId"":""e8851c34-d3e5-40ec-8757-deb6fa9fbcc7"",""InstanceId"":""SWD\\WPDBUSENUM\\_??_USBSTOR#DISK&amp;VEN_GENERAL&amp;PROD_UDISK&amp;REV_5.00#7&amp;372D5A41&amp;0&amp;_&amp;0#{53F56307-B6BF-11D0-94F2-00A0C91EFB8B}"",""RequestMajorCode"":""27"",""RequestMinorCode"":""0"",""Argument1"":""0x0"",""Argument2"":""0x0"",""Argument3"":""0x0"",""Argument4"":""0x0"",""Status"":""3221225659""}}}"
28,28,2026-08-22 20:33:50.1408054,2106,Info,Microsoft-Windows-DriverFrameworks-UserMode,Microsoft-Windows-DriverFrameworks-UserMode/Operational,1144,4996,disstestbedvm,0,S-1-5-19,,,,,,,,,,,False,D:\UOW\SEM3\msc-diss-7csef001w\scenarios\scenario_4\run_2\artefacts\event_logs\Microsoft-Windows-DriverFrameworks-UserMode%4Operational.evtx,Classic,0,"{""UserData"":{""UMDFHostDeviceRequest"":{""LifetimeId"":""e8851c34-d3e5-40ec-8757-deb6fa9fbcc7"",""InstanceId"":""SWD\\WPDBUSENUM\\_??_USBSTOR#DISK&amp;VEN_GENERAL&amp;PROD_UDISK&amp;REV_5.00#7&amp;372D5A41&amp;0&amp;_&amp;0#{53F56307-B6BF-11D0-94F2-00A0C91EFB8B}"",""RequestMajorCode"":""27"",""RequestMinorCode"":""0"",""Argument1"":""0x0"",""Argument2"":""0x0"",""Argument3"":""0x0"",""Argument4"":""0x0"",""Status"":""0""}}}"
29,29,2026-08-22 20:33:50.1616090,2101,Info,Microsoft-Windows-DriverFrameworks-UserMode,Microsoft-Windows-DriverFrameworks-UserMode/Operational,1144,4996,disstestbedvm,0,S-1-5-19,,,,,,,,,,,False,D:\UOW\SEM3\msc-diss-7csef001w\scenarios\scenario_4\run_2\artefacts\event_logs\Microsoft-Windows-DriverFrameworks-UserMode%4Operational.evtx,Classic,0,"{""UserData"":{""UMDFHostDeviceRequest"":{""LifetimeId"":""e8851c34-d3e5-40ec-8757-deb6fa9fbcc7"",""InstanceId"":""SWD\\WPDBUSENUM\\_??_USBSTOR#DISK&amp;VEN_GENERAL&amp;PROD_UDISK&amp;REV_5.00#7&amp;372D5A41&amp;0&amp;_&amp;0#{53F56307-B6BF-11D0-94F2-00A0C91EFB8B}"",""RequestMajorCode"":""27"",""RequestMinorCode"":""0"",""Argument1"":""0x0"",""Argument2"":""0x0"",""Argument3"":""0x0"",""Argument4"":""0x0"",""Status"":""0""}}}"
30,30,2026-08-22 20:33:50.1622751,2100,Info,Microsoft-Windows-DriverFrameworks-UserMode,Microsoft-Windows-DriverFrameworks-UserMode/Operational,1144,4440,disstestbedvm,0,S-1-5-19,USB Connection,,,InstanceId: SWD\WPDBUSENUM\_??_USBSTOR#DISK&amp;VEN_GENERAL&amp;PROD_UDISK&amp;REV_5.00#7&amp;372D5A41&amp;0&amp;_&amp;0#{53F56307-B6BF-11D0-94F2-00A0C91EFB8B},LifetimeId: e8851c34-d3e5-40ec-8757-deb6fa9fbcc7,,,,,,False,D:\UOW\SEM3\msc-diss-7csef001w\scenarios\scenario_4\run_2\artefacts\event_logs\Microsoft-Windows-DriverFrameworks-UserMode%4Operational.evtx,Classic,0,"{""UserData"":{""UMDFHostDeviceRequest"":{""LifetimeId"":""e8851c34-d3e5-40ec-8757-deb6fa9fbcc7"",""InstanceId"":""SWD\\WPDBUSENUM\\_??_USBSTOR#DISK&amp;VEN_GENERAL&amp;PROD_UDISK&amp;REV_5.00#7&amp;372D5A41&amp;0&amp;_&amp;0#{53F56307-B6BF-11D0-94F2-00A0C91EFB8B}"",""RequestMajorCode"":""27"",""RequestMinorCode"":""9"",""Argument1"":""0x10040"",""Argument2"":""0xFFFFFFFFFFFFFFFF"",""Argument3"":""0x0"",""Argument4"":""0x0"",""Status"":""3221225659""}}}"
31,31,2026-08-22 20:33:50.1623028,2105,Info,Microsoft-Windows-DriverFrameworks-UserMode,Microsoft-Windows-DriverFrameworks-UserMode/Operational,1144,4440,disstestbedvm,0,S-1-5-19,,,,,,,,,,,False,D:\UOW\SEM3\msc-diss-7csef001w\scenarios\scenario_4\run_2\artefacts\event_logs\Microsoft-Windows-DriverFrameworks-UserMode%4Operational.evtx,Classic,0,"{""UserData"":{""UMDFHostDeviceRequest"":{""LifetimeId"":""e8851c34-d3e5-40ec-8757-deb6fa9fbcc7"",""InstanceId"":""SWD\\WPDBUSENUM\\_??_USBSTOR#DISK&amp;VEN_GENERAL&amp;PROD_UDISK&amp;REV_5.00#7&amp;372D5A41&amp;0&amp;_&amp;0#{53F56307-B6BF-11D0-94F2-00A0C91EFB8B}"",""RequestMajorCode"":""27"",""RequestMinorCode"":""9"",""Argument1"":""0x10040"",""Argument2"":""0xFFFFFFFFFFFFFFFF"",""Argument3"":""0x0"",""Argument4"":""0x0"",""Status"":""3221225659""}}}"
32,32,2026-08-22 20:33:50.1623415,2106,Info,Microsoft-Windows-DriverFrameworks-UserMode,Microsoft-Windows-DriverFrameworks-UserMode/Operational,1144,4440,disstestbedvm,0,S-1-5-19,,,,,,,,,,,False,D:\UOW\SEM3\msc-diss-7csef001w\scenarios\scenario_4\run_2\artefacts\event_logs\Microsoft-Windows-DriverFrameworks-UserMode%4Operational.evtx,Classic,0,"{""UserData"":{""UMDFHostDeviceRequest"":{""LifetimeId"":""e8851c34-d3e5-40ec-8757-deb6fa9fbcc7"",""InstanceId"":""SWD\\WPDBUSENUM\\_??_USBSTOR#DISK&amp;VEN_GENERAL&amp;PROD_UDISK&amp;REV_5.00#7&amp;372D5A41&amp;0&amp;_&amp;0#{53F56307-B6BF-11D0-94F2-00A0C91EFB8B}"",""RequestMajorCode"":""27"",""RequestMinorCode"":""9"",""Argument1"":""0x10040"",""Argument2"":""0xFFFFFFFFFFFFFFFF"",""Argument3"":""0x0"",""Argument4"":""0x0"",""Status"":""0""}}}"
33,33,2026-08-22 20:33:50.1623451,2101,Info,Microsoft-Windows-DriverFrameworks-UserMode,Microsoft-Windows-DriverFrameworks-UserMode/Operational,1144,4440,disstestbedvm,0,S-1-5-19,,,,,,,,,,,False,D:\UOW\SEM3\msc-diss-7csef001w\scenarios\scenario_4\run_2\artefacts\event_logs\Microsoft-Windows-DriverFrameworks-UserMode%4Operational.evtx,Classic,0,"{""UserData"":{""UMDFHostDeviceRequest"":{""LifetimeId"":""e8851c34-d3e5-40ec-8757-deb6fa9fbcc7"",""InstanceId"":""SWD\\WPDBUSENUM\\_??_USBSTOR#DISK&amp;VEN_GENERAL&amp;PROD_UDISK&amp;REV_5.00#7&amp;372D5A41&amp;0&amp;_&amp;0#{53F56307-B6BF-11D0-94F2-00A0C91EFB8B}"",""RequestMajorCode"":""27"",""RequestMinorCode"":""9"",""Argument1"":""0x2C000010040"",""Argument2"":""0xFFFFFFFFFFFFFFFF"",""Argument3"":""0x100000000"",""Argument4"":""0x400000004"",""Status"":""0""}}}"
34,34,2026-08-22 20:33:50.1624349,2100,Info,Microsoft-Windows-DriverFrameworks-UserMode,Microsoft-Windows-DriverFrameworks-UserMode/Operational,1144,4996,disstestbedvm,0,S-1-5-19,USB Connection,,,InstanceId: SWD\WPDBUSENUM\_??_USBSTOR#DISK&amp;VEN_GENERAL&amp;PROD_UDISK&amp;REV_5.00#7&amp;372D5A41&amp;0&amp;_&amp;0#{53F56307-B6BF-11D0-94F2-00A0C91EFB8B},LifetimeId: e8851c34-d3e5-40ec-8757-deb6fa9fbcc7,,,,,,False,D:\UOW\SEM3\msc-diss-7csef001w\scenarios\scenario_4\run_2\artefacts\event_logs\Microsoft-Windows-DriverFrameworks-UserMode%4Operational.evtx,Classic,0,"{""UserData"":{""UMDFHostDeviceRequest"":{""LifetimeId"":""e8851c34-d3e5-40ec-8757-deb6fa9fbcc7"",""InstanceId"":""SWD\\WPDBUSENUM\\_??_USBSTOR#DISK&amp;VEN_GENERAL&amp;PROD_UDISK&amp;REV_5.00#7&amp;372D5A41&amp;0&amp;_&amp;0#{53F56307-B6BF-11D0-94F2-00A0C91EFB8B}"",""RequestMajorCode"":""27"",""RequestMinorCode"":""20"",""Argument1"":""0x0"",""Argument2"":""0x0"",""Argument3"":""0x0"",""Argument4"":""0x0"",""Status"":""3221225659""}}}"
35,35,2026-08-22 20:33:50.1624429,2105,Info,Microsoft-Windows-DriverFrameworks-UserMode,Microsoft-Windows-DriverFrameworks-UserMode/Operational,1144,4996,disstestbedvm,0,S-1-5-19,,,,,,,,,,,False,D:\UOW\SEM3\msc-diss-7csef001w\scenarios\scenario_4\run_2\artefacts\event_logs\Microsoft-Windows-DriverFrameworks-UserMode%4Operational.evtx,Classic,0,"{""UserData"":{""UMDFHostDeviceRequest"":{""LifetimeId"":""e8851c34-d3e5-40ec-8757-deb6fa9fbcc7"",""InstanceId"":""SWD\\WPDBUSENUM\\_??_USBSTOR#DISK&amp;VEN_GENERAL&amp;PROD_UDISK&amp;REV_5.00#7&amp;372D5A41&amp;0&amp;_&amp;0#{53F56307-B6BF-11D0-94F2-00A0C91EFB8B}"",""RequestMajorCode"":""27"",""RequestMinorCode"":""20"",""Argument1"":""0x0"",""Argument2"":""0x0"",""Argument3"":""0x0"",""Argument4"":""0x0"",""Status"":""3221225659""}}}"
36,36,2026-08-22 20:33:50.1624876,2106,Info,Microsoft-Windows-DriverFrameworks-UserMode,Microsoft-Windows-DriverFrameworks-UserMode/Operational,1144,4996,disstestbedvm,0,S-1-5-19,,,,,,,,,,,False,D:\UOW\SEM3\msc-diss-7csef001w\scenarios\scenario_4\run_2\artefacts\event_logs\Microsoft-Windows-DriverFrameworks-UserMode%4Operational.evtx,Classic,0,"{""UserData"":{""UMDFHostDeviceRequest"":{""LifetimeId"":""e8851c34-d3e5-40ec-8757-deb6fa9fbcc7"",""InstanceId"":""SWD\\WPDBUSENUM\\_??_USBSTOR#DISK&amp;VEN_GENERAL&amp;PROD_UDISK&amp;REV_5.00#7&amp;372D5A41&amp;0&amp;_&amp;0#{53F56307-B6BF-11D0-94F2-00A0C91EFB8B}"",""RequestMajorCode"":""27"",""RequestMinorCode"":""20"",""Argument1"":""0x0"",""Argument2"":""0x0"",""Argument3"":""0x0"",""Argument4"":""0x0"",""Status"":""0""}}}"
37,37,2026-08-22 20:33:50.1624960,2101,Info,Microsoft-Windows-DriverFrameworks-UserMode,Microsoft-Windows-DriverFrameworks-UserMode/Operational,1144,4996,disstestbedvm,0,S-1-5-19,,,,,,,,,,,False,D:\UOW\SEM3\msc-diss-7csef001w\scenarios\scenario_4\run_2\artefacts\event_logs\Microsoft-Windows-DriverFrameworks-UserMode%4Operational.evtx,Classic,0,"{""UserData"":{""UMDFHostDeviceRequest"":{""LifetimeId"":""e8851c34-d3e5-40ec-8757-deb6fa9fbcc7"",""InstanceId"":""SWD\\WPDBUSENUM\\_??_USBSTOR#DISK&amp;VEN_GENERAL&amp;PROD_UDISK&amp;REV_5.00#7&amp;372D5A41&amp;0&amp;_&amp;0#{53F56307-B6BF-11D0-94F2-00A0C91EFB8B}"",""RequestMajorCode"":""27"",""RequestMinorCode"":""20"",""Argument1"":""0x0"",""Argument2"":""0x141B"",""Argument3"":""0x0"",""Argument4"":""0x0"",""Status"":""0""}}}"
38,38,2026-08-22 20:36:53.7063936,2100,Info,Microsoft-Windows-DriverFrameworks-UserMode,Microsoft-Windows-DriverFrameworks-UserMode/Operational,1144,4996,disstestbedvm,0,S-1-5-19,USB Connection,,,InstanceId: SWD\WPDBUSENUM\_??_USBSTOR#DISK&amp;VEN_GENERAL&amp;PROD_UDISK&amp;REV_5.00#7&amp;372D5A41&amp;0&amp;_&amp;0#{53F56307-B6BF-11D0-94F2-00A0C91EFB8B},LifetimeId: e8851c34-d3e5-40ec-8757-deb6fa9fbcc7,,,,,,False,D:\UOW\SEM3\msc-diss-7csef001w\scenarios\scenario_4\run_2\artefacts\event_logs\Microsoft-Windows-DriverFrameworks-UserMode%4Operational.evtx,Classic,0,"{""UserData"":{""UMDFHostDeviceRequest"":{""LifetimeId"":""e8851c34-d3e5-40ec-8757-deb6fa9fbcc7"",""InstanceId"":""SWD\\WPDBUSENUM\\_??_USBSTOR#DISK&amp;VEN_GENERAL&amp;PROD_UDISK&amp;REV_5.00#7&amp;372D5A41&amp;0&amp;_&amp;0#{53F56307-B6BF-11D0-94F2-00A0C91EFB8B}"",""RequestMajorCode"":""27"",""RequestMinorCode"":""23"",""Argument1"":""0x0"",""Argument2"":""0x0"",""Argument3"":""0x0"",""Argument4"":""0x0"",""Status"":""0""}}}"
39,39,2026-08-22 20:36:53.7074078,2102,Info,Microsoft-Windows-DriverFrameworks-UserMode,Microsoft-Windows-DriverFrameworks-UserMode/Operational,1144,4996,disstestbedvm,0,S-1-5-19,,,,,,,,,,,False,D:\UOW\SEM3\msc-diss-7csef001w\scenarios\scenario_4\run_2\artefacts\event_logs\Microsoft-Windows-DriverFrameworks-UserMode%4Operational.evtx,Classic,0,"{""UserData"":{""UMDFHostDeviceRequest"":{""LifetimeId"":""e8851c34-d3e5-40ec-8757-deb6fa9fbcc7"",""InstanceId"":""SWD\\WPDBUSENUM\\_??_USBSTOR#DISK&amp;VEN_GENERAL&amp;PROD_UDISK&amp;REV_5.00#7&amp;372D5A41&amp;0&amp;_&amp;0#{53F56307-B6BF-11D0-94F2-00A0C91EFB8B}"",""RequestMajorCode"":""27"",""RequestMinorCode"":""23"",""Argument1"":""0x0"",""Argument2"":""0x0"",""Argument3"":""0x0"",""Argument4"":""0x0"",""Status"":""0""}}}"
40,40,2026-08-22 20:36:53.7142240,2100,Info,Microsoft-Windows-DriverFrameworks-UserMode,Microsoft-Windows-DriverFrameworks-UserMode/Operational,1144,4996,disstestbedvm,0,S-1-5-19,USB Connection,,,InstanceId: SWD\WPDBUSENUM\_??_USBSTOR#DISK&amp;VEN_GENERAL&amp;PROD_UDISK&amp;REV_5.00#7&amp;372D5A41&amp;0&amp;_&amp;0#{53F56307-B6BF-11D0-94F2-00A0C91EFB8B},LifetimeId: e8851c34-d3e5-40ec-8757-deb6fa9fbcc7,,,,,,False,D:\UOW\SEM3\msc-diss-7csef001w\scenarios\scenario_4\run_2\artefacts\event_logs\Microsoft-Windows-DriverFrameworks-UserMode%4Operational.evtx,Classic,0,"{""UserData"":{""UMDFHostDeviceRequest"":{""LifetimeId"":""e8851c34-d3e5-40ec-8757-deb6fa9fbcc7"",""InstanceId"":""SWD\\WPDBUSENUM\\_??_USBSTOR#DISK&amp;VEN_GENERAL&amp;PROD_UDISK&amp;REV_5.00#7&amp;372D5A41&amp;0&amp;_&amp;0#{53F56307-B6BF-11D0-94F2-00A0C91EFB8B}"",""RequestMajorCode"":""27"",""RequestMinorCode"":""2"",""Argument1"":""0x0"",""Argument2"":""0x0"",""Argument3"":""0x0"",""Argument4"":""0x0"",""Status"":""0""}}}"
41,41,2026-08-22 20:36:53.7142982,2102,Info,Microsoft-Windows-DriverFrameworks-UserMode,Microsoft-Windows-DriverFrameworks-UserMode/Operational,1144,4996,disstestbedvm,0,S-1-5-19,,,,,,,,,,,False,D:\UOW\SEM3\msc-diss-7csef001w\scenarios\scenario_4\run_2\artefacts\event_logs\Microsoft-Windows-DriverFrameworks-UserMode%4Operational.evtx,Classic,0,"{""UserData"":{""UMDFHostDeviceRequest"":{""LifetimeId"":""e8851c34-d3e5-40ec-8757-deb6fa9fbcc7"",""InstanceId"":""SWD\\WPDBUSENUM\\_??_USBSTOR#DISK&amp;VEN_GENERAL&amp;PROD_UDISK&amp;REV_5.00#7&amp;372D5A41&amp;0&amp;_&amp;0#{53F56307-B6BF-11D0-94F2-00A0C91EFB8B}"",""RequestMajorCode"":""27"",""RequestMinorCode"":""2"",""Argument1"":""0x0"",""Argument2"":""0x0"",""Argument3"":""0x0"",""Argument4"":""0x0"",""Status"":""0""}}}"
42,42,2026-08-22 20:36:53.7257311,1006,Info,Microsoft-Windows-DriverFrameworks-UserMode,Microsoft-Windows-DriverFrameworks-UserMode/Operational,872,988,disstestbedvm,0,S-1-5-18,,,,,,,,,,,False,D:\UOW\SEM3\msc-diss-7csef001w\scenarios\scenario_4\run_2\artefacts\event_logs\Microsoft-Windows-DriverFrameworks-UserMode%4Operational.evtx,Classic,0,"{""UserData"":{""UMDFDriverManagerHostShutdown"":{""LifetimeId"":""e8851c34-d3e5-40ec-8757-deb6fa9fbcc7""}}}"
43,43,2026-08-22 20:36:53.7259928,2900,Info,Microsoft-Windows-DriverFrameworks-UserMode,Microsoft-Windows-DriverFrameworks-UserMode/Operational,1144,4996,disstestbedvm,0,S-1-5-19,,,,,,,,,,,False,D:\UOW\SEM3\msc-diss-7csef001w\scenarios\scenario_4\run_2\artefacts\event_logs\Microsoft-Windows-DriverFrameworks-UserMode%4Operational.evtx,Classic,0,"{""UserData"":{""UMDFHostShutdown"":{""LifetimeId"":""e8851c34-d3e5-40ec-8757-deb6fa9fbcc7""}}}"
44,44,2026-08-22 20:36:53.7263914,2901,Info,Microsoft-Windows-DriverFrameworks-UserMode,Microsoft-Windows-DriverFrameworks-UserMode/Operational,1144,9504,disstestbedvm,0,S-1-5-19,,,,,,,,,,,False,D:\UOW\SEM3\msc-diss-7csef001w\scenarios\scenario_4\run_2\artefacts\event_logs\Microsoft-Windows-DriverFrameworks-UserMode%4Operational.evtx,Classic,0,"{""UserData"":{""UMDFHostShutdown"":{""LifetimeId"":""e8851c34-d3e5-40ec-8757-deb6fa9fbcc7""}}}"
45,45,2026-08-22 20:36:53.7342118,1008,Info,Microsoft-Windows-DriverFrameworks-UserMode,Microsoft-Windows-DriverFrameworks-UserMode/Operational,872,988,disstestbedvm,0,S-1-5-18,,,,,,,,,,,False,D:\UOW\SEM3\msc-diss-7csef001w\scenarios\scenario_4\run_2\artefacts\event_logs\Microsoft-Windows-DriverFrameworks-UserMode%4Operational.evtx,Classic,0,"{""UserData"":{""UMDFDriverManagerHostShutdown"":{""LifetimeId"":""e8851c34-d3e5-40ec-8757-deb6fa9fbcc7"",""TerminateStatus"":""0"",""ExitCode"":""0""}}}"
20,20,2026-08-22 20:33:49.5505399,1006,Info,Microsoft-Windows-Partition,Microsoft-Windows-Partition/Diagnostic,4,152,disstestbedvm,0,S-1-5-18,USB Insertion/Removal,,,Model: UDisk,Capacity: 4026531840,Manufacturer: General,"SCSI SerialNumber: ",RegistryId: 25f5ea77-9e68-11f1-841b-000c29740023,ParentId: USB\VID_ABCD&amp;PID_1234\6&amp;39d724fe&amp;0&amp;6,,False,D:\UOW\SEM3\msc-diss-7csef001w\scenarios\scenario_4\run_2\artefacts\event_logs\Microsoft-Windows-Partition%4Diagnostic.evtx,Classic,0,"{""EventData"":{""Data"":[{""@Name"":""DiskNumber"",""#text"":""1""},{""@Name"":""Flags"",""#text"":""8208""},{""@Name"":""Characteristics"",""#text"":""262401""},{""@Name"":""IsSystemCritical"",""#text"":""False""},{""@Name"":""PagingCount"",""#text"":""0""},{""@Name"":""HibernationCount"",""#text"":""0""},{""@Name"":""DumpCount"",""#text"":""0""},{""@Name"":""OfflineReason"",""#text"":""0""},{""@Name"":""Attributes"",""#text"":""0""},{""@Name"":""PersistentAttributes"",""#text"":""0""},{""@Name"":""Owner"",""#text"":""00000000-0000-0000-0000-000000000000""},{""@Name"":""BytesPerSector"",""#text"":""512""},{""@Name"":""Capacity"",""#text"":""4026531840""},{""@Name"":""BusType"",""#text"":""7""},{""@Name"":""Manufacturer"",""#text"":""General""},{""@Name"":""Model"",""#text"":""UDisk""},{""@Name"":""Revision"",""#text"":""5.00""},{""@Name"":""SerialNumber""},{""@Name"":""Location"",""#text"":""Integrated : Bus 0 : Device 0 : Function 6 : Adapter 0 : Port 0""},{""@Name"":""ParentId"",""#text"":""USB\\VID_ABCD&amp;PID_1234\\6&amp;39d724fe&amp;0&amp;6""},{""@Name"":""Socket"",""#text"":""-1""},{""@Name"":""Slot"",""#text"":""-1""},{""@Name"":""Bus"",""#text"":""0""},{""@Name"":""Device"",""#text"":""0""},{""@Name"":""Function"",""#text"":""6""},{""@Name"":""Adapter"",""#text"":""0""},{""@Name"":""Port"",""#text"":""0""},{""@Name"":""Target"",""#text"":""0""},{""@Name"":""Lun"",""#text"":""0""},{""@Name"":""IoctlSupport"",""#text"":""59649""},{""@Name"":""IdFlags"",""#text"":""0""},{""@Name"":""DiskId"",""#text"":""e981b5d9-d866-46a5-56c1-64ad46242587""},{""@Name"":""AdapterId"",""#text"":""00000000-0000-0000-0000-000000000000""},{""@Name"":""RegistryId"",""#text"":""25f5ea77-9e68-11f1-841b-000c29740023""},{""@Name"":""PoolId"",""#text"":""00000000-0000-0000-0000-000000000000""},{""@Name"":""FirmwareSupportsUpgrade"",""#text"":""False""},{""@Name"":""FirmwareSlotCount"",""#text"":""0""},{""@Name"":""StorageIdCount"",""#text"":""0""},{""@Name"":""StorageIdCodeSet"",""#text"":""0""},{""@Name"":""StorageIdType"",""#text"":""0""},{""@Name"":""StorageIdAssociation"",""#text"":""0""},{""@Name"":""StorageIdBytes"",""#text"":""0""},{""@Name"":""StorageId""},{""@Name"":""WriteCacheType"",""#text"":""0""},{""@Name"":""WriteCacheEnabled"",""#text"":""0""},{""@Name"":""WriteCacheChangeable"",""#text"":""0""},{""@Name"":""WriteThroughSupported"",""#text"":""0""},{""@Name"":""FlushCacheSupported"",""#text"":""False""},{""@Name"":""IsPowerProtected"",""#text"":""False""},{""@Name"":""NVCacheEnabled"",""#text"":""False""},{""@Name"":""BytesPerLogicalSector"",""#text"":""0""},{""@Name"":""BytesPerPhysicalSector"",""#text"":""0""},{""@Name"":""BytesOffsetForSectorAlignment"",""#text"":""0""},{""@Name"":""IncursSeekPenalty"",""#text"":""False""},{""@Name"":""IsTrimSupported"",""#text"":""False""},{""@Name"":""IsThinProvisioned"",""#text"":""False""},{""@Name"":""OptimalUnmapGranularity"",""#text"":""0""},{""@Name"":""UnmapAlignment"",""#text"":""0""},{""@Name"":""NumberOfLogicalCopies"",""#text"":""0""},{""@Name"":""NumberOfPhysicalCopies"",""#text"":""0""},{""@Name"":""FaultTolerance"",""#text"":""0""},{""@Name"":""NumberOfColumns"",""#text"":""0""},{""@Name"":""InterleaveBytes"",""#text"":""0""},{""@Name"":""HybridSupported"",""#text"":""False""},{""@Name"":""HybridCacheBytes"",""#text"":""0""},{""@Name"":""AdapterMaximumTransferBytes"",""#text"":""65536""},{""@Name"":""AdapterMaximumTransferPages"",""#text"":""17""},{""@Name"":""AdapterAlignmentMask"",""#text"":""0""},{""@Name"":""AdapterSerialNumber"",""#text"":""NULL""},{""@Name"":""PortDriver"",""#text"":""5""},{""@Name"":""UserRemovalPolicy"",""#text"":""True""},{""@Name"":""PartitionStyle"",""#text"":""0""},{""@Name"":""PartitionCount"",""#text"":""4""},{""@Name"":""PartitionTableBytes"",""#text"":""624""},{""@Name"":""PartitionTable"",""#text"":""00-00-00-00-04-00-00-00-B0-B1-1E-D1-E7-64-7F-CB-00-00-00-00-00-00-00-00-00-00-00-00-00-00-00-00-00-00-00-00-00-00-00-00-00-00-00-00-00-00-00-00-00-00-00-00-00-00-00-00-00-00-01-00-00-00-00-00-00-00-FF-EF-00-00-00-00-01-00-00-00-00-00-00-00-07-00-01-00-80-00-00-00-B0-B1-1E-D1-00-00-00-00-00-00-01-00-00-00-00-00-00-00-00-00-00-00-00-00-00-00-00-00-00-00-00-00-00-00-00-00-00-00-00-00-00-00-00-00-00-00-00-00-00-00-00-00-00-00-00-00-00-00-00-00-00-00-00-00-00-00-00-00-00-00-00-00-00-00-00-00-00-00-00-00-00-00-00-00-00-00-00-00-00-00-00-00-00-00-00-00-00-00-00-00-00-00-00-00-00-00-00-00-00-00-00-00-00-00-00-00-00-00-00-00-00-00-00-00-00-00-00-00-00-00-00-00-00-00-00-00-00-00-00-00-00-00-00-00-00-00-00-00-00-00-00-00-00-00-00-00-00-00-00-00-00-00-00-00-00-00-00-00-00-00-00-00-00-00-00-00-00-00-00-00-00-00-00-00-00-00-00-00-00-00-00-00-00-00-00-00-00-00-00-00-00-00-00-00-00-00-00-00-00-00-00-00-00-00-00-00-00-00-00-00-00-00-00-00-00-00-00-00-00-00-00-00-00-00-00-00-00-00-00-00-00-00-00-00-00-00-00-00-00-00-00-00-00-00-00-00-00-00-00-00-00-00-00-00-00-00-00-00-00-00-00-00-00-00-00-00-00-00-00-00-00-00-00-00-00-00-00-00-00-00-00-00-00-00-00-00-00-00-00-00-00-00-00-00-00-00-00-00-00-00-00-00-00-00-00-00-00-00-00-00-00-00-00-00-00-00-00-00-00-00-00-00-00-00-00-00-00-00-00-00-00-00-00-00-00-00-00-00-00-00-00-00-00-00-00-00-00-00-00-00-00-00-00-00-00-00-00-00-00-00-00-00-00-00-00-00-00-00-00-00-00-00-00-00-00-00-00-00-00-00-00-00-00-00-00-00-00-00-00-00-00-00-00-00-00-00-00-00-00-00-00-00-00-00-00-00-00-00-00-00-00-00-00-00-00-00-00-00-00-00-00-00-00-00-00-00-00-00-00-00-00-00-00-00-00-00-00-00-00-00-00-00-00-00-00-00-00-00-00-00-00-00-00-00-00-00-00-00-00-00-00-00-00-00-00-00-00-00-00-00-00-00-00-00-00-00-00-00-00-00-00-00-00-00-00-00-00-00-00-00-00-00-00-00-00-00-00-00-00-00-00-00-00-00-00-00-00-00-00-00-00-00-00-00-00-00-00-00-00-00-00-00-00-00-00-00""},{""@Name"":""MbrBytes"",""#text"":""512""},{""@Name"":""Mbr"",""#text"":""33-C0-8E-D0-BC-00-7C-8E-C0-8E-D8-BE-00-7C-BF-00-06-B9-00-02-FC-F3-A4-50-68-1C-06-CB-FB-B9-04-00-BD-BE-07-80-7E-00-00-7C-0B-0F-85-0E-01-83-C5-10-E2-F1-CD-18-88-56-00-55-C6-46-11-05-C6-46-10-00-B4-41-BB-AA-55-CD-13-5D-72-0F-81-FB-55-AA-75-09-F7-C1-01-00-74-03-FE-46-10-66-60-80-7E-10-00-74-26-66-68-00-00-00-00-66-FF-76-08-68-00-00-68-00-7C-68-01-00-68-10-00-B4-42-8A-56-00-8B-F4-CD-13-9F-83-C4-10-9E-EB-14-B8-01-02-BB-00-7C-8A-56-00-8A-76-01-8A-4E-02-8A-6E-03-CD-13-66-61-73-1C-FE-4E-11-75-0C-80-7E-00-80-0F-84-8A-00-B2-80-EB-84-55-32-E4-8A-56-00-CD-13-5D-EB-9E-81-3E-FE-7D-55-AA-75-6E-FF-76-00-E8-8D-00-75-17-FA-B0-D1-E6-64-E8-83-00-B0-DF-E6-60-E8-7C-00-B0-FF-E6-64-E8-75-00-FB-B8-00-BB-CD-1A-66-23-C0-75-3B-66-81-FB-54-43-50-41-75-32-81-F9-02-01-72-2C-66-68-07-BB-00-00-66-68-00-02-00-00-66-68-08-00-00-00-66-53-66-53-66-55-66-68-00-00-00-00-66-68-00-7C-00-00-66-61-68-00-00-07-CD-1A-5A-32-F6-EA-00-7C-00-00-CD-18-A0-B7-07-EB-08-A0-B6-07-EB-03-A0-B5-07-32-E4-05-00-07-8B-F0-AC-3C-00-74-09-BB-07-00-B4-0E-CD-10-EB-F2-F4-EB-FD-2B-C9-E4-64-EB-00-24-02-E0-F8-24-02-C3-49-6E-76-61-6C-69-64-20-70-61-72-74-69-74-69-6F-6E-20-74-61-62-6C-65-00-45-72-72-6F-72-20-6C-6F-61-64-69-6E-67-20-6F-70-65-72-61-74-69-6E-67-20-73-79-73-74-65-6D-00-4D-69-73-73-69-6E-67-20-6F-70-65-72-61-74-69-6E-67-20-73-79-73-74-65-6D-00-00-00-63-7B-9A-B0-B1-1E-D1-00-00-00-02-03-00-07-FE-7F-E8-80-00-00-00-80-FF-77-00-00-00-00-00-00-00-00-00-00-00-00-00-00-00-00-00-00-00-00-00-00-00-00-00-00-00-00-00-00-00-00-00-00-00-00-00-00-00-00-00-00-00-00-00-00-00-00-00-55-AA""},{""@Name"":""Ebr0Bytes"",""#text"":""0""},{""@Name"":""Ebr0""},{""@Name"":""Ebr1Bytes"",""#text"":""0""},{""@Name"":""Ebr1""},{""@Name"":""Ebr2Bytes"",""#text"":""0""},{""@Name"":""Ebr2""},{""@Name"":""Ebr3Size"",""#text"":""0""},{""@Name"":""Ebr3""}]}}"
21,21,2026-08-22 20:36:25.9126024,1006,Info,Microsoft-Windows-Partition,Microsoft-Windows-Partition/Diagnostic,4,152,disstestbedvm,0,S-1-5-18,USB Insertion/Removal,,,Model: UDisk,Capacity: 0,Manufacturer: General,"SCSI SerialNumber: ",RegistryId: 25f5ea77-9e68-11f1-841b-000c29740023,ParentId: USB\VID_ABCD&amp;PID_1234\6&amp;39d724fe&amp;0&amp;6,,False,D:\UOW\SEM3\msc-diss-7csef001w\scenarios\scenario_4\run_2\artefacts\event_logs\Microsoft-Windows-Partition%4Diagnostic.evtx,Classic,0,"{""EventData"":{""Data"":[{""@Name"":""DiskNumber"",""#text"":""1""},{""@Name"":""Flags"",""#text"":""8208""},{""@Name"":""Characteristics"",""#text"":""262401""},{""@Name"":""IsSystemCritical"",""#text"":""False""},{""@Name"":""PagingCount"",""#text"":""0""},{""@Name"":""HibernationCount"",""#text"":""0""},{""@Name"":""DumpCount"",""#text"":""0""},{""@Name"":""OfflineReason"",""#text"":""0""},{""@Name"":""Attributes"",""#text"":""0""},{""@Name"":""PersistentAttributes"",""#text"":""0""},{""@Name"":""Owner"",""#text"":""00000000-0000-0000-0000-000000000000""},{""@Name"":""BytesPerSector"",""#text"":""0""},{""@Name"":""Capacity"",""#text"":""0""},{""@Name"":""BusType"",""#text"":""7""},{""@Name"":""Manufacturer"",""#text"":""General""},{""@Name"":""Model"",""#text"":""UDisk""},{""@Name"":""Revision"",""#text"":""5.00""},{""@Name"":""SerialNumber""},{""@Name"":""Location"",""#text"":""Integrated : Bus 0 : Device 0 : Function 6 : Adapter 0 : Port 0""},{""@Name"":""ParentId"",""#text"":""USB\\VID_ABCD&amp;PID_1234\\6&amp;39d724fe&amp;0&amp;6""},{""@Name"":""Socket"",""#text"":""-1""},{""@Name"":""Slot"",""#text"":""-1""},{""@Name"":""Bus"",""#text"":""0""},{""@Name"":""Device"",""#text"":""0""},{""@Name"":""Function"",""#text"":""6""},{""@Name"":""Adapter"",""#text"":""0""},{""@Name"":""Port"",""#text"":""0""},{""@Name"":""Target"",""#text"":""0""},{""@Name"":""Lun"",""#text"":""0""},{""@Name"":""IoctlSupport"",""#text"":""59649""},{""@Name"":""IdFlags"",""#text"":""0""},{""@Name"":""DiskId"",""#text"":""e981b5d9-d866-46a5-56c1-64ad46242587""},{""@Name"":""AdapterId"",""#text"":""00000000-0000-0000-0000-000000000000""},{""@Name"":""RegistryId"",""#text"":""25f5ea77-9e68-11f1-841b-000c29740023""},{""@Name"":""PoolId"",""#text"":""00000000-0000-0000-0000-000000000000""},{""@Name"":""FirmwareSupportsUpgrade"",""#text"":""False""},{""@Name"":""FirmwareSlotCount"",""#text"":""0""},{""@Name"":""StorageIdCount"",""#text"":""0""},{""@Name"":""StorageIdCodeSet"",""#text"":""0""},{""@Name"":""StorageIdType"",""#text"":""0""},{""@Name"":""StorageIdAssociation"",""#text"":""0""},{""@Name"":""StorageIdBytes"",""#text"":""0""},{""@Name"":""StorageId""},{""@Name"":""WriteCacheType"",""#text"":""0""},{""@Name"":""WriteCacheEnabled"",""#text"":""0""},{""@Name"":""WriteCacheChangeable"",""#text"":""0""},{""@Name"":""WriteThroughSupported"",""#text"":""0""},{""@Name"":""FlushCacheSupported"",""#text"":""False""},{""@Name"":""IsPowerProtected"",""#text"":""False""},{""@Name"":""NVCacheEnabled"",""#text"":""False""},{""@Name"":""BytesPerLogicalSector"",""#text"":""0""},{""@Name"":""BytesPerPhysicalSector"",""#text"":""0""},{""@Name"":""BytesOffsetForSectorAlignment"",""#text"":""0""},{""@Name"":""IncursSeekPenalty"",""#text"":""False""},{""@Name"":""IsTrimSupported"",""#text"":""False""},{""@Name"":""IsThinProvisioned"",""#text"":""False""},{""@Name"":""OptimalUnmapGranularity"",""#text"":""0""},{""@Name"":""UnmapAlignment"",""#text"":""0""},{""@Name"":""NumberOfLogicalCopies"",""#text"":""0""},{""@Name"":""NumberOfPhysicalCopies"",""#text"":""0""},{""@Name"":""FaultTolerance"",""#text"":""0""},{""@Name"":""NumberOfColumns"",""#text"":""0""},{""@Name"":""InterleaveBytes"",""#text"":""0""},{""@Name"":""HybridSupported"",""#text"":""False""},{""@Name"":""HybridCacheBytes"",""#text"":""0""},{""@Name"":""AdapterMaximumTransferBytes"",""#text"":""65536""},{""@Name"":""AdapterMaximumTransferPages"",""#text"":""17""},{""@Name"":""AdapterAlignmentMask"",""#text"":""0""},{""@Name"":""AdapterSerialNumber"",""#text"":""NULL""},{""@Name"":""PortDriver"",""#text"":""5""},{""@Name"":""UserRemovalPolicy"",""#text"":""True""},{""@Name"":""PartitionStyle"",""#text"":""0""},{""@Name"":""PartitionCount"",""#text"":""1""},{""@Name"":""PartitionTableBytes"",""#text"":""192""},{""@Name"":""PartitionTable"",""#text"":""00-00-00-00-01-00-00-00-00-00-00-00-00-00-00-00-00-00-00-00-00-00-00-00-00-00-00-00-00-00-00-00-00-00-00-00-00-00-00-00-00-00-00-00-00-00-00-00-00-00-00-00-00-00-00-00-00-00-00-00-00-00-00-00-00-00-00-00-00-00-00-00-00-00-00-00-00-00-00-00-00-00-00-00-00-00-00-00-00-00-00-00-00-00-00-00-00-00-00-00-00-00-00-00-00-00-00-00-00-00-00-00-00-00-00-00-00-00-00-00-00-00-00-00-00-00-00-00-00-00-00-00-00-00-00-00-00-00-00-00-00-00-00-00-00-00-00-00-00-00-00-00-00-00-00-00-00-00-00-00-00-00-00-00-00-00-00-00-00-00-00-00-00-00-00-00-00-00-00-00-00-00-00-00-00-00-00-00-00-00-00-00""},{""@Name"":""MbrBytes"",""#text"":""0""},{""@Name"":""Mbr""},{""@Name"":""Ebr0Bytes"",""#text"":""0""},{""@Name"":""Ebr0""},{""@Name"":""Ebr1Bytes"",""#text"":""0""},{""@Name"":""Ebr1""},{""@Name"":""Ebr2Bytes"",""#text"":""0""},{""@Name"":""Ebr2""},{""@Name"":""Ebr3Size"",""#text"":""0""},{""@Name"":""Ebr3""}]}}"
22,22,2026-08-22 20:36:53.7013273,1006,Info,Microsoft-Windows-Partition,Microsoft-Windows-Partition/Diagnostic,4,152,disstestbedvm,0,S-1-5-18,USB Insertion/Removal,,,Model: UDisk,Capacity: 0,Manufacturer: General,"SCSI SerialNumber: ",RegistryId: 25f5ea77-9e68-11f1-841b-000c29740023,ParentId: USB\VID_ABCD&amp;PID_1234\6&amp;39d724fe&amp;0&amp;6,,False,D:\UOW\SEM3\msc-diss-7csef001w\scenarios\scenario_4\run_2\artefacts\event_logs\Microsoft-Windows-Partition%4Diagnostic.evtx,Classic,0,"{""EventData"":{""Data"":[{""@Name"":""DiskNumber"",""#text"":""1""},{""@Name"":""Flags"",""#text"":""8208""},{""@Name"":""Characteristics"",""#text"":""262401""},{""@Name"":""IsSystemCritical"",""#text"":""False""},{""@Name"":""PagingCount"",""#text"":""0""},{""@Name"":""HibernationCount"",""#text"":""0""},{""@Name"":""DumpCount"",""#text"":""0""},{""@Name"":""OfflineReason"",""#text"":""0""},{""@Name"":""Attributes"",""#text"":""0""},{""@Name"":""PersistentAttributes"",""#text"":""0""},{""@Name"":""Owner"",""#text"":""00000000-0000-0000-0000-000000000000""},{""@Name"":""BytesPerSector"",""#text"":""0""},{""@Name"":""Capacity"",""#text"":""0""},{""@Name"":""BusType"",""#text"":""7""},{""@Name"":""Manufacturer"",""#text"":""General""},{""@Name"":""Model"",""#text"":""UDisk""},{""@Name"":""Revision"",""#text"":""5.00""},{""@Name"":""SerialNumber""},{""@Name"":""Location"",""#text"":""Integrated : Bus 0 : Device 0 : Function 6 : Adapter 0 : Port 0""},{""@Name"":""ParentId"",""#text"":""USB\\VID_ABCD&amp;PID_1234\\6&amp;39d724fe&amp;0&amp;6""},{""@Name"":""Socket"",""#text"":""-1""},{""@Name"":""Slot"",""#text"":""-1""},{""@Name"":""Bus"",""#text"":""0""},{""@Name"":""Device"",""#text"":""0""},{""@Name"":""Function"",""#text"":""6""},{""@Name"":""Adapter"",""#text"":""0""},{""@Name"":""Port"",""#text"":""0""},{""@Name"":""Target"",""#text"":""0""},{""@Name"":""Lun"",""#text"":""0""},{""@Name"":""IoctlSupport"",""#text"":""76033""},{""@Name"":""IdFlags"",""#text"":""0""},{""@Name"":""DiskId"",""#text"":""e981b5d9-d866-46a5-56c1-64ad46242587""},{""@Name"":""AdapterId"",""#text"":""00000000-0000-0000-0000-000000000000""},{""@Name"":""RegistryId"",""#text"":""25f5ea77-9e68-11f1-841b-000c29740023""},{""@Name"":""PoolId"",""#text"":""00000000-0000-0000-0000-000000000000""},{""@Name"":""FirmwareSupportsUpgrade"",""#text"":""False""},{""@Name"":""FirmwareSlotCount"",""#text"":""0""},{""@Name"":""StorageIdCount"",""#text"":""0""},{""@Name"":""StorageIdCodeSet"",""#text"":""0""},{""@Name"":""StorageIdType"",""#text"":""0""},{""@Name"":""StorageIdAssociation"",""#text"":""0""},{""@Name"":""StorageIdBytes"",""#text"":""0""},{""@Name"":""StorageId""},{""@Name"":""WriteCacheType"",""#text"":""0""},{""@Name"":""WriteCacheEnabled"",""#text"":""0""},{""@Name"":""WriteCacheChangeable"",""#text"":""0""},{""@Name"":""WriteThroughSupported"",""#text"":""0""},{""@Name"":""FlushCacheSupported"",""#text"":""False""},{""@Name"":""IsPowerProtected"",""#text"":""False""},{""@Name"":""NVCacheEnabled"",""#text"":""False""},{""@Name"":""BytesPerLogicalSector"",""#text"":""0""},{""@Name"":""BytesPerPhysicalSector"",""#text"":""0""},{""@Name"":""BytesOffsetForSectorAlignment"",""#text"":""0""},{""@Name"":""IncursSeekPenalty"",""#text"":""False""},{""@Name"":""IsTrimSupported"",""#text"":""False""},{""@Name"":""IsThinProvisioned"",""#text"":""False""},{""@Name"":""OptimalUnmapGranularity"",""#text"":""0""},{""@Name"":""UnmapAlignment"",""#text"":""0""},{""@Name"":""NumberOfLogicalCopies"",""#text"":""0""},{""@Name"":""NumberOfPhysicalCopies"",""#text"":""0""},{""@Name"":""FaultTolerance"",""#text"":""0""},{""@Name"":""NumberOfColumns"",""#text"":""0""},{""@Name"":""InterleaveBytes"",""#text"":""0""},{""@Name"":""HybridSupported"",""#text"":""False""},{""@Name"":""HybridCacheBytes"",""#text"":""0""},{""@Name"":""AdapterMaximumTransferBytes"",""#text"":""65536""},{""@Name"":""AdapterMaximumTransferPages"",""#text"":""17""},{""@Name"":""AdapterAlignmentMask"",""#text"":""0""},{""@Name"":""AdapterSerialNumber"",""#text"":""NULL""},{""@Name"":""PortDriver"",""#text"":""5""},{""@Name"":""UserRemovalPolicy"",""#text"":""False""},{""@Name"":""PartitionStyle"",""#text"":""0""},{""@Name"":""PartitionCount"",""#text"":""0""},{""@Name"":""PartitionTableBytes"",""#text"":""0""},{""@Name"":""PartitionTable""},{""@Name"":""MbrBytes"",""#text"":""0""},{""@Name"":""Mbr""},{""@Name"":""Ebr0Bytes"",""#text"":""0""},{""@Name"":""Ebr0""},{""@Name"":""Ebr1Bytes"",""#text"":""0""},{""@Name"":""Ebr1""},{""@Name"":""Ebr2Bytes"",""#text"":""0""},{""@Name"":""Ebr2""},{""@Name"":""Ebr3Size"",""#text"":""0""},{""@Name"":""Ebr3""}]}}"
32388,32388,2026-08-22 20:33:43.1579538,4624,LogAlways,Microsoft-Windows-Security-Auditing,Security,892,980,disstestbedvm,384,,Successful logon,WORKGROUP\DISSTESTBEDVM$,- (-),Target: NT AUTHORITY\SYSTEM,LogonType 5,LogonId: 0x3E7,,,,C:\Windows\System32\services.exe,False,D:\UOW\SEM3\msc-diss-7csef001w\scenarios\scenario_4\run_2\artefacts\event_logs\Security.evtx,Audit success,0,"{""EventData"":{""Data"":[{""@Name"":""SubjectUserSid"",""#text"":""S-1-5-18""},{""@Name"":""SubjectUserName"",""#text"":""DISSTESTBEDVM$""},{""@Name"":""SubjectDomainName"",""#text"":""WORKGROUP""},{""@Name"":""SubjectLogonId"",""#text"":""0x3E7""},{""@Name"":""TargetUserSid"",""#text"":""S-1-5-18""},{""@Name"":""TargetUserName"",""#text"":""SYSTEM""},{""@Name"":""TargetDomainName"",""#text"":""NT AUTHORITY""},{""@Name"":""TargetLogonId"",""#text"":""0x3E7""},{""@Name"":""LogonType"",""#text"":""5""},{""@Name"":""LogonProcessName"",""#text"":""Advapi  ""},{""@Name"":""AuthenticationPackageName"",""#text"":""Negotiate""},{""@Name"":""WorkstationName"",""#text"":""-""},{""@Name"":""LogonGuid"",""#text"":""00000000-0000-0000-0000-000000000000""},{""@Name"":""TransmittedServices"",""#text"":""-""},{""@Name"":""LmPackageName"",""#text"":""-""},{""@Name"":""KeyLength"",""#text"":""0""},{""@Name"":""ProcessId"",""#text"":""0x368""},{""@Name"":""ProcessName"",""#text"":""C:\\Windows\\System32\\services.exe""},{""@Name"":""IpAddress"",""#text"":""-""},{""@Name"":""IpPort"",""#text"":""-""},{""@Name"":""ImpersonationLevel"",""#text"":""%%1833""},{""@Name"":""RestrictedAdminMode"",""#text"":""-""},{""@Name"":""RemoteCredentialGuard"",""#text"":""-""},{""@Name"":""TargetOutboundUserName"",""#text"":""-""},{""@Name"":""TargetOutboundDomainName"",""#text"":""-""},{""@Name"":""VirtualAccount"",""#text"":""%%1843""},{""@Name"":""TargetLinkedLogonId"",""#text"":""0x0""},{""@Name"":""ElevatedToken"",""#text"":""%%1842""}]}}"
32389,32389,2026-08-22 20:33:43.1579602,4672,LogAlways,Microsoft-Windows-Security-Auditing,Security,892,980,disstestbedvm,384,,Administrative logon,NT AUTHORITY\SYSTEM (S-1-5-18),,"PrivilegeList: SeAssignPrimaryTokenPrivilege, SeTcbPrivilege, SeSecurityPrivilege, SeTakeOwnershipPrivilege, SeLoadDriverPrivilege, SeBackupPrivilege, SeRestorePrivilege, SeDebugPrivilege, SeAuditPrivilege, SeSystemEnvironmentPrivilege, SeImpersonatePrivilege, SeDelegateSessionUserImpersonatePrivilege",LogonId: 0x3E7,,,,,,False,D:\UOW\SEM3\msc-diss-7csef001w\scenarios\scenario_4\run_2\artefacts\event_logs\Security.evtx,Audit success,0,"{""EventData"":{""Data"":[{""@Name"":""SubjectUserSid"",""#text"":""S-1-5-18""},{""@Name"":""SubjectUserName"",""#text"":""SYSTEM""},{""@Name"":""SubjectDomainName"",""#text"":""NT AUTHORITY""},{""@Name"":""SubjectLogonId"",""#text"":""0x3E7""},{""@Name"":""PrivilegeList"",""#text"":""SeAssignPrimaryTokenPrivilege, SeTcbPrivilege, SeSecurityPrivilege, SeTakeOwnershipPrivilege, SeLoadDriverPrivilege, SeBackupPrivilege, SeRestorePrivilege, SeDebugPrivilege, SeAuditPrivilege, SeSystemEnvironmentPrivilege, SeImpersonatePrivilege, SeDelegateSessionUserImpersonatePrivilege""}]}}"
32390,32390,2026-08-22 20:33:43.1595676,4688,LogAlways,Microsoft-Windows-Security-Auditing,Security,4,5896,disstestbedvm,384,,A new process has been created,WORKGROUP\DISSTESTBEDVM$,,Parent process: C:\Windows\System32\services.exe,PID: 0x368,Parent PID: 0x170C,Mandatory label: SECURITY_MANDATORY_SYSTEM_RID,Target User: -\-,,C:\Windows\System32\svchost.exe C:\WINDOWS\system32\svchost.exe -k netsvcs -p -s DsmSvc,False,D:\UOW\SEM3\msc-diss-7csef001w\scenarios\scenario_4\run_2\artefacts\event_logs\Security.evtx,Audit success,0,"{""EventData"":{""Data"":[{""@Name"":""SubjectUserSid"",""#text"":""S-1-5-18""},{""@Name"":""SubjectUserName"",""#text"":""DISSTESTBEDVM$""},{""@Name"":""SubjectDomainName"",""#text"":""WORKGROUP""},{""@Name"":""SubjectLogonId"",""#text"":""0x3E7""},{""@Name"":""NewProcessId"",""#text"":""0x170C""},{""@Name"":""NewProcessName"",""#text"":""C:\\Windows\\System32\\svchost.exe""},{""@Name"":""TokenElevationType"",""#text"":""%%1936""},{""@Name"":""ProcessId"",""#text"":""0x368""},{""@Name"":""CommandLine"",""#text"":""C:\\WINDOWS\\system32\\svchost.exe -k netsvcs -p -s DsmSvc""},{""@Name"":""TargetUserSid"",""#text"":""S-1-0-0""},{""@Name"":""TargetUserName"",""#text"":""-""},{""@Name"":""TargetDomainName"",""#text"":""-""},{""@Name"":""TargetLogonId"",""#text"":""0x0""},{""@Name"":""ParentProcessName"",""#text"":""C:\\Windows\\System32\\services.exe""},{""@Name"":""MandatoryLabel"",""#text"":""S-1-16-16384""}]}}"
32391,32391,2026-08-22 20:33:43.2460550,4688,LogAlways,Microsoft-Windows-Security-Auditing,Security,4,468,disstestbedvm,384,,A new process has been created,WORKGROUP\DISSTESTBEDVM$,,Parent process: C:\Windows\System32\svchost.exe,PID: 0x124,Parent PID: 0x2AA4,Mandatory label: SECURITY_MANDATORY_SYSTEM_RID,Target User: -\-,,C:\Windows\System32\dllhost.exe C:\WINDOWS\system32\DllHost.exe /Processid:{6C752774-29FB-4E50-8BB1-97098425A77C},False,D:\UOW\SEM3\msc-diss-7csef001w\scenarios\scenario_4\run_2\artefacts\event_logs\Security.evtx,Audit success,0,"{""EventData"":{""Data"":[{""@Name"":""SubjectUserSid"",""#text"":""S-1-5-18""},{""@Name"":""SubjectUserName"",""#text"":""DISSTESTBEDVM$""},{""@Name"":""SubjectDomainName"",""#text"":""WORKGROUP""},{""@Name"":""SubjectLogonId"",""#text"":""0x3E7""},{""@Name"":""NewProcessId"",""#text"":""0x2AA4""},{""@Name"":""NewProcessName"",""#text"":""C:\\Windows\\System32\\dllhost.exe""},{""@Name"":""TokenElevationType"",""#text"":""%%1936""},{""@Name"":""ProcessId"",""#text"":""0x124""},{""@Name"":""CommandLine"",""#text"":""C:\\WINDOWS\\system32\\DllHost.exe /Processid:{6C752774-29FB-4E50-8BB1-97098425A77C}""},{""@Name"":""TargetUserSid"",""#text"":""S-1-0-0""},{""@Name"":""TargetUserName"",""#text"":""-""},{""@Name"":""TargetDomainName"",""#text"":""-""},{""@Name"":""TargetLogonId"",""#text"":""0x0""},{""@Name"":""ParentProcessName"",""#text"":""C:\\Windows\\System32\\svchost.exe""},{""@Name"":""MandatoryLabel"",""#text"":""S-1-16-16384""}]}}"
32392,32392,2026-08-22 20:33:43.4585946,6416,LogAlways,Microsoft-Windows-Security-Auditing,Security,4,148,disstestbedvm,385,,A new external device was recognized by the system,WORKGROUP\DISSTESTBEDVM$ (S-1-5-18),,DeviceId: USB\VID_0E0F&amp;PID_0002\6&amp;39d724fe&amp;0&amp;7,DeviceName: Generic USB Hub,Class: USB (36fc9e60-c465-11cf-8056-444553540000),"VendorIds: , USB\VID_0E0F&amp;PID_0002&amp;REV_0100, USB\VID_0E0F&amp;PID_0002, ","LocationInformation: , Port_#0007.Hub_#0003, ",,,False,D:\UOW\SEM3\msc-diss-7csef001w\scenarios\scenario_4\run_2\artefacts\event_logs\Security.evtx,Audit success,0,"{""EventData"":{""Data"":[{""@Name"":""SubjectUserSid"",""#text"":""S-1-5-18""},{""@Name"":""SubjectUserName"",""#text"":""DISSTESTBEDVM$""},{""@Name"":""SubjectDomainName"",""#text"":""WORKGROUP""},{""@Name"":""SubjectLogonId"",""#text"":""0x3E7""},{""@Name"":""DeviceId"",""#text"":""USB\\VID_0E0F&amp;PID_0002\\6&amp;39d724fe&amp;0&amp;7""},{""@Name"":""DeviceDescription"",""#text"":""Generic USB Hub""},{""@Name"":""ClassId"",""#text"":""36fc9e60-c465-11cf-8056-444553540000""},{""@Name"":""ClassName"",""#text"":""USB""},{""@Name"":""VendorIds"",""#text"":"", USB\\VID_0E0F&amp;PID_0002&amp;REV_0100, USB\\VID_0E0F&amp;PID_0002, ""},{""@Name"":""CompatibleIds"",""#text"":"", USB\\USB20_HUB, ""},{""@Name"":""LocationInformation"",""#text"":"", Port_#0007.Hub_#0003, ""}]}}"
32393,32393,2026-08-22 20:33:43.7676220,6416,LogAlways,Microsoft-Windows-Security-Auditing,Security,4,148,disstestbedvm,385,,A new external device was recognized by the system,WORKGROUP\DISSTESTBEDVM$ (S-1-5-18),,DeviceId: USB\VID_0E0F&amp;PID_0002\6&amp;39d724fe&amp;0&amp;8,DeviceName: Generic USB Hub,Class: USB (36fc9e60-c465-11cf-8056-444553540000),"VendorIds: , USB\VID_0E0F&amp;PID_0002&amp;REV_0100, USB\VID_0E0F&amp;PID_0002, ","LocationInformation: , Port_#0008.Hub_#0003, ",,,False,D:\UOW\SEM3\msc-diss-7csef001w\scenarios\scenario_4\run_2\artefacts\event_logs\Security.evtx,Audit success,0,"{""EventData"":{""Data"":[{""@Name"":""SubjectUserSid"",""#text"":""S-1-5-18""},{""@Name"":""SubjectUserName"",""#text"":""DISSTESTBEDVM$""},{""@Name"":""SubjectDomainName"",""#text"":""WORKGROUP""},{""@Name"":""SubjectLogonId"",""#text"":""0x3E7""},{""@Name"":""DeviceId"",""#text"":""USB\\VID_0E0F&amp;PID_0002\\6&amp;39d724fe&amp;0&amp;8""},{""@Name"":""DeviceDescription"",""#text"":""Generic USB Hub""},{""@Name"":""ClassId"",""#text"":""36fc9e60-c465-11cf-8056-444553540000""},{""@Name"":""ClassName"",""#text"":""USB""},{""@Name"":""VendorIds"",""#text"":"", USB\\VID_0E0F&amp;PID_0002&amp;REV_0100, USB\\VID_0E0F&amp;PID_0002, ""},{""@Name"":""CompatibleIds"",""#text"":"", USB\\USB20_HUB, ""},{""@Name"":""LocationInformation"",""#text"":"", Port_#0008.Hub_#0003, ""}]}}"
32394,32394,2026-08-22 20:33:44.2850545,4798,LogAlways,Microsoft-Windows-Security-Auditing,Security,892,976,disstestbedvm,385,,A user's local group membership was enumerated,disstestbedvm\dfanalyst (S-1-5-21-4209295338-567392030-2519289182-1001),,Target: disstestbedvm\dfanalyst (S-1-5-21-4209295338-567392030-2519289182-1001),SubjectLogonId: 0x57494,CallerProcessName: C:\Windows\explorer.exe,CallerProcessId: 0x1630,,,,False,D:\UOW\SEM3\msc-diss-7csef001w\scenarios\scenario_4\run_2\artefacts\event_logs\Security.evtx,Audit success,0,"{""EventData"":{""Data"":[{""@Name"":""TargetUserName"",""#text"":""dfanalyst""},{""@Name"":""TargetDomainName"",""#text"":""disstestbedvm""},{""@Name"":""TargetSid"",""#text"":""S-1-5-21-4209295338-567392030-2519289182-1001""},{""@Name"":""SubjectUserSid"",""#text"":""S-1-5-21-4209295338-567392030-2519289182-1001""},{""@Name"":""SubjectUserName"",""#text"":""dfanalyst""},{""@Name"":""SubjectDomainName"",""#text"":""disstestbedvm""},{""@Name"":""SubjectLogonId"",""#text"":""0x57494""},{""@Name"":""CallerProcessId"",""#text"":""0x1630""},{""@Name"":""CallerProcessName"",""#text"":""C:\\Windows\\explorer.exe""}]}}"
32395,32395,2026-08-22 20:33:44.5822077,4688,LogAlways,Microsoft-Windows-Security-Auditing,Security,4,6688,disstestbedvm,385,,A new process has been created,WORKGROUP\DISSTESTBEDVM$,,Parent process: C:\Windows\System32\svchost.exe,PID: 0x124,Parent PID: 0x1DD8,Mandatory label: SECURITY_MANDATORY_MEDIUM_RID,Target User: disstestbedvm\dfanalyst,,C:\Windows\System32\dllhost.exe C:\WINDOWS\system32\DllHost.exe /Processid:{AB8902B4-09CA-4BB6-B78D-A8F59079A8D5},False,D:\UOW\SEM3\msc-diss-7csef001w\scenarios\scenario_4\run_2\artefacts\event_logs\Security.evtx,Audit success,0,"{""EventData"":{""Data"":[{""@Name"":""SubjectUserSid"",""#text"":""S-1-5-18""},{""@Name"":""SubjectUserName"",""#text"":""DISSTESTBEDVM$""},{""@Name"":""SubjectDomainName"",""#text"":""WORKGROUP""},{""@Name"":""SubjectLogonId"",""#text"":""0x3E7""},{""@Name"":""NewProcessId"",""#text"":""0x1DD8""},{""@Name"":""NewProcessName"",""#text"":""C:\\Windows\\System32\\dllhost.exe""},{""@Name"":""TokenElevationType"",""#text"":""%%1938""},{""@Name"":""ProcessId"",""#text"":""0x124""},{""@Name"":""CommandLine"",""#text"":""C:\\WINDOWS\\system32\\DllHost.exe /Processid:{AB8902B4-09CA-4BB6-B78D-A8F59079A8D5}""},{""@Name"":""TargetUserSid"",""#text"":""S-1-5-21-4209295338-567392030-2519289182-1001""},{""@Name"":""TargetUserName"",""#text"":""dfanalyst""},{""@Name"":""TargetDomainName"",""#text"":""disstestbedvm""},{""@Name"":""TargetLogonId"",""#text"":""0x57494""},{""@Name"":""ParentProcessName"",""#text"":""C:\\Windows\\System32\\svchost.exe""},{""@Name"":""MandatoryLabel"",""#text"":""S-1-16-8192""}]}}"
32396,32396,2026-08-22 20:33:47.1913409,4689,LogAlways,Microsoft-Windows-Security-Auditing,Security,4,5896,disstestbedvm,385,,A process has exited,WORKGROUP\DISSTESTBEDVM$,,,PID: 0x197C,,,,,C:\Windows\System32\SearchProtocolHost.exe,False,D:\UOW\SEM3\msc-diss-7csef001w\scenarios\scenario_4\run_2\artefacts\event_logs\Security.evtx,Audit success,0,"{""EventData"":{""Data"":[{""@Name"":""SubjectUserSid"",""#text"":""S-1-5-18""},{""@Name"":""SubjectUserName"",""#text"":""DISSTESTBEDVM$""},{""@Name"":""SubjectDomainName"",""#text"":""WORKGROUP""},{""@Name"":""SubjectLogonId"",""#text"":""0x3E7""},{""@Name"":""Status"",""#text"":""0x0""},{""@Name"":""ProcessId"",""#text"":""0x197C""},{""@Name"":""ProcessName"",""#text"":""C:\\Windows\\System32\\SearchProtocolHost.exe""}]}}"
32397,32397,2026-08-22 20:33:47.8310652,4688,LogAlways,Microsoft-Windows-Security-Auditing,Security,4,6688,disstestbedvm,385,,A new process has been created,WORKGROUP\DISSTESTBEDVM$,,Parent process: C:\Windows\System32\svchost.exe,PID: 0x124,Parent PID: 0x11F4,Mandatory label: SECURITY_MANDATORY_LOW_RID,Target User: disstestbedvm\dfanalyst,,"C:\Windows\System32\backgroundTaskHost.exe ""C:\WINDOWS\system32\backgroundTaskHost.exe"" -ServerName:App.AppXmtcan0h2tfbfy7k9kn8hbxb6dmzz1zh0.mca",False,D:\UOW\SEM3\msc-diss-7csef001w\scenarios\scenario_4\run_2\artefacts\event_logs\Security.evtx,Audit success,0,"{""EventData"":{""Data"":[{""@Name"":""SubjectUserSid"",""#text"":""S-1-5-18""},{""@Name"":""SubjectUserName"",""#text"":""DISSTESTBEDVM$""},{""@Name"":""SubjectDomainName"",""#text"":""WORKGROUP""},{""@Name"":""SubjectLogonId"",""#text"":""0x3E7""},{""@Name"":""NewProcessId"",""#text"":""0x11F4""},{""@Name"":""NewProcessName"",""#text"":""C:\\Windows\\System32\\backgroundTaskHost.exe""},{""@Name"":""TokenElevationType"",""#text"":""%%1938""},{""@Name"":""ProcessId"",""#text"":""0x124""},{""@Name"":""CommandLine"",""#text"":""\""C:\\WINDOWS\\system32\\backgroundTaskHost.exe\"" -ServerName:App.AppXmtcan0h2tfbfy7k9kn8hbxb6dmzz1zh0.mca""},{""@Name"":""TargetUserSid"",""#text"":""S-1-5-21-4209295338-567392030-2519289182-1001""},{""@Name"":""TargetUserName"",""#text"":""dfanalyst""},{""@Name"":""TargetDomainName"",""#text"":""disstestbedvm""},{""@Name"":""TargetLogonId"",""#text"":""0x57494""},{""@Name"":""ParentProcessName"",""#text"":""C:\\Windows\\System32\\svchost.exe""},{""@Name"":""MandatoryLabel"",""#text"":""S-1-16-4096""}]}}"
32398,32398,2026-08-22 20:33:49.4862747,6416,LogAlways,Microsoft-Windows-Security-Auditing,Security,4,2664,disstestbedvm,385,,A new external device was recognized by the system,WORKGROUP\DISSTESTBEDVM$ (S-1-5-18),,DeviceId: USB\VID_ABCD&amp;PID_1234\6&amp;39d724fe&amp;0&amp;6,DeviceName: USB Mass Storage Device,Class: USB (36fc9e60-c465-11cf-8056-444553540000),"VendorIds: , USB\VID_ABCD&amp;PID_1234&amp;REV_0100, USB\VID_ABCD&amp;PID_1234, ","LocationInformation: , Port_#0006.Hub_#0003, ",,,False,D:\UOW\SEM3\msc-diss-7csef001w\scenarios\scenario_4\run_2\artefacts\event_logs\Security.evtx,Audit success,0,"{""EventData"":{""Data"":[{""@Name"":""SubjectUserSid"",""#text"":""S-1-5-18""},{""@Name"":""SubjectUserName"",""#text"":""DISSTESTBEDVM$""},{""@Name"":""SubjectDomainName"",""#text"":""WORKGROUP""},{""@Name"":""SubjectLogonId"",""#text"":""0x3E7""},{""@Name"":""DeviceId"",""#text"":""USB\\VID_ABCD&amp;PID_1234\\6&amp;39d724fe&amp;0&amp;6""},{""@Name"":""DeviceDescription"",""#text"":""USB Mass Storage Device""},{""@Name"":""ClassId"",""#text"":""36fc9e60-c465-11cf-8056-444553540000""},{""@Name"":""ClassName"",""#text"":""USB""},{""@Name"":""VendorIds"",""#text"":"", USB\\VID_ABCD&amp;PID_1234&amp;REV_0100, USB\\VID_ABCD&amp;PID_1234, ""},{""@Name"":""CompatibleIds"",""#text"":"", USB\\COMPAT_VID_ABCD&amp;Class_08&amp;SubClass_06&amp;Prot_50, USB\\COMPAT_VID_ABCD&amp;Class_08&amp;SubClass_06, USB\\COMPAT_VID_ABCD&amp;Class_08, USB\\Class_08&amp;SubClass_06&amp;Prot_50, USB\\Class_08&amp;SubClass_06, USB\\Class_08, ""},{""@Name"":""LocationInformation"",""#text"":"", Port_#0006.Hub_#0003, ""}]}}"
32399,32399,2026-08-22 20:33:49.5480703,6416,LogAlways,Microsoft-Windows-Security-Auditing,Security,4,2664,disstestbedvm,385,,A new external device was recognized by the system,WORKGROUP\DISSTESTBEDVM$ (S-1-5-18),,DeviceId: USBSTOR\Disk&amp;Ven_General&amp;Prod_UDisk&amp;Rev_5.00\7&amp;372d5a41&amp;0&amp;_&amp;0,DeviceName: General UDisk USB Device,Class: DiskDrive (4d36e967-e325-11ce-bfc1-08002be10318),"VendorIds: , USBSTOR\DiskGeneral_UDisk___________5.00, USBSTOR\DiskGeneral_UDisk___________, USBSTOR\DiskGeneral_, USBSTOR\General_UDisk___________5, General_UDisk___________5, USBSTOR\GenDisk, GenDisk, ",LocationInformation: -,,,False,D:\UOW\SEM3\msc-diss-7csef001w\scenarios\scenario_4\run_2\artefacts\event_logs\Security.evtx,Audit success,0,"{""EventData"":{""Data"":[{""@Name"":""SubjectUserSid"",""#text"":""S-1-5-18""},{""@Name"":""SubjectUserName"",""#text"":""DISSTESTBEDVM$""},{""@Name"":""SubjectDomainName"",""#text"":""WORKGROUP""},{""@Name"":""SubjectLogonId"",""#text"":""0x3E7""},{""@Name"":""DeviceId"",""#text"":""USBSTOR\\Disk&amp;Ven_General&amp;Prod_UDisk&amp;Rev_5.00\\7&amp;372d5a41&amp;0&amp;_&amp;0""},{""@Name"":""DeviceDescription"",""#text"":""General UDisk USB Device""},{""@Name"":""ClassId"",""#text"":""4d36e967-e325-11ce-bfc1-08002be10318""},{""@Name"":""ClassName"",""#text"":""DiskDrive""},{""@Name"":""VendorIds"",""#text"":"", USBSTOR\\DiskGeneral_UDisk___________5.00, USBSTOR\\DiskGeneral_UDisk___________, USBSTOR\\DiskGeneral_, USBSTOR\\General_UDisk___________5, General_UDisk___________5, USBSTOR\\GenDisk, GenDisk, ""},{""@Name"":""CompatibleIds"",""#text"":"", USBSTOR\\Disk, USBSTOR\\RAW, GenDisk, ""},{""@Name"":""LocationInformation"",""#text"":""-""}]}}"
32400,32400,2026-08-22 20:33:49.5496476,4624,LogAlways,Microsoft-Windows-Security-Auditing,Security,892,976,disstestbedvm,385,,Successful logon,WORKGROUP\DISSTESTBEDVM$,- (-),Target: NT AUTHORITY\SYSTEM,LogonType 5,LogonId: 0x3E7,,,,C:\Windows\System32\services.exe,False,D:\UOW\SEM3\msc-diss-7csef001w\scenarios\scenario_4\run_2\artefacts\event_logs\Security.evtx,Audit success,0,"{""EventData"":{""Data"":[{""@Name"":""SubjectUserSid"",""#text"":""S-1-5-18""},{""@Name"":""SubjectUserName"",""#text"":""DISSTESTBEDVM$""},{""@Name"":""SubjectDomainName"",""#text"":""WORKGROUP""},{""@Name"":""SubjectLogonId"",""#text"":""0x3E7""},{""@Name"":""TargetUserSid"",""#text"":""S-1-5-18""},{""@Name"":""TargetUserName"",""#text"":""SYSTEM""},{""@Name"":""TargetDomainName"",""#text"":""NT AUTHORITY""},{""@Name"":""TargetLogonId"",""#text"":""0x3E7""},{""@Name"":""LogonType"",""#text"":""5""},{""@Name"":""LogonProcessName"",""#text"":""Advapi  ""},{""@Name"":""AuthenticationPackageName"",""#text"":""Negotiate""},{""@Name"":""WorkstationName"",""#text"":""-""},{""@Name"":""LogonGuid"",""#text"":""00000000-0000-0000-0000-000000000000""},{""@Name"":""TransmittedServices"",""#text"":""-""},{""@Name"":""LmPackageName"",""#text"":""-""},{""@Name"":""KeyLength"",""#text"":""0""},{""@Name"":""ProcessId"",""#text"":""0x368""},{""@Name"":""ProcessName"",""#text"":""C:\\Windows\\System32\\services.exe""},{""@Name"":""IpAddress"",""#text"":""-""},{""@Name"":""IpPort"",""#text"":""-""},{""@Name"":""ImpersonationLevel"",""#text"":""%%1833""},{""@Name"":""RestrictedAdminMode"",""#text"":""-""},{""@Name"":""RemoteCredentialGuard"",""#text"":""-""},{""@Name"":""TargetOutboundUserName"",""#text"":""-""},{""@Name"":""TargetOutboundDomainName"",""#text"":""-""},{""@Name"":""VirtualAccount"",""#text"":""%%1843""},{""@Name"":""TargetLinkedLogonId"",""#text"":""0x0""},{""@Name"":""ElevatedToken"",""#text"":""%%1842""}]}}"
32401,32401,2026-08-22 20:33:49.5501300,4672,LogAlways,Microsoft-Windows-Security-Auditing,Security,892,976,disstestbedvm,385,,Administrative logon,NT AUTHORITY\SYSTEM (S-1-5-18),,"PrivilegeList: SeAssignPrimaryTokenPrivilege, SeTcbPrivilege, SeSecurityPrivilege, SeTakeOwnershipPrivilege, SeLoadDriverPrivilege, SeBackupPrivilege, SeRestorePrivilege, SeDebugPrivilege, SeAuditPrivilege, SeSystemEnvironmentPrivilege, SeImpersonatePrivilege, SeDelegateSessionUserImpersonatePrivilege",LogonId: 0x3E7,,,,,,False,D:\UOW\SEM3\msc-diss-7csef001w\scenarios\scenario_4\run_2\artefacts\event_logs\Security.evtx,Audit success,0,"{""EventData"":{""Data"":[{""@Name"":""SubjectUserSid"",""#text"":""S-1-5-18""},{""@Name"":""SubjectUserName"",""#text"":""SYSTEM""},{""@Name"":""SubjectDomainName"",""#text"":""NT AUTHORITY""},{""@Name"":""SubjectLogonId"",""#text"":""0x3E7""},{""@Name"":""PrivilegeList"",""#text"":""SeAssignPrimaryTokenPrivilege, SeTcbPrivilege, SeSecurityPrivilege, SeTakeOwnershipPrivilege, SeLoadDriverPrivilege, SeBackupPrivilege, SeRestorePrivilege, SeDebugPrivilege, SeAuditPrivilege, SeSystemEnvironmentPrivilege, SeImpersonatePrivilege, SeDelegateSessionUserImpersonatePrivilege""}]}}"
32402,32402,2026-08-22 20:33:49.5525740,4688,LogAlways,Microsoft-Windows-Security-Auditing,Security,4,5896,disstestbedvm,385,,A new process has been created,WORKGROUP\DISSTESTBEDVM$,,Parent process: C:\Windows\System32\services.exe,PID: 0x368,Parent PID: 0x1F24,Mandatory label: SECURITY_MANDATORY_SYSTEM_RID,Target User: -\-,,C:\Windows\System32\svchost.exe C:\WINDOWS\system32\svchost.exe -k LocalSystemNetworkRestricted -s WPDBusEnum,False,D:\UOW\SEM3\msc-diss-7csef001w\scenarios\scenario_4\run_2\artefacts\event_logs\Security.evtx,Audit success,0,"{""EventData"":{""Data"":[{""@Name"":""SubjectUserSid"",""#text"":""S-1-5-18""},{""@Name"":""SubjectUserName"",""#text"":""DISSTESTBEDVM$""},{""@Name"":""SubjectDomainName"",""#text"":""WORKGROUP""},{""@Name"":""SubjectLogonId"",""#text"":""0x3E7""},{""@Name"":""NewProcessId"",""#text"":""0x1F24""},{""@Name"":""NewProcessName"",""#text"":""C:\\Windows\\System32\\svchost.exe""},{""@Name"":""TokenElevationType"",""#text"":""%%1936""},{""@Name"":""ProcessId"",""#text"":""0x368""},{""@Name"":""CommandLine"",""#text"":""C:\\WINDOWS\\system32\\svchost.exe -k LocalSystemNetworkRestricted -s WPDBusEnum""},{""@Name"":""TargetUserSid"",""#text"":""S-1-0-0""},{""@Name"":""TargetUserName"",""#text"":""-""},{""@Name"":""TargetDomainName"",""#text"":""-""},{""@Name"":""TargetLogonId"",""#text"":""0x0""},{""@Name"":""ParentProcessName"",""#text"":""C:\\Windows\\System32\\services.exe""},{""@Name"":""MandatoryLabel"",""#text"":""S-1-16-16384""}]}}"
32403,32403,2026-08-22 20:33:49.5631216,6416,LogAlways,Microsoft-Windows-Security-Auditing,Security,4,2664,disstestbedvm,385,,A new external device was recognized by the system,WORKGROUP\DISSTESTBEDVM$ (S-1-5-18),,DeviceId: STORAGE\Volume\_??_USBSTOR#Disk&amp;Ven_General&amp;Prod_UDisk&amp;Rev_5.00#7&amp;372d5a41&amp;0&amp;_&amp;0#{53f56307-b6bf-11d0-94f2-00a0c91efb8b},DeviceName: Volume,Class: Volume (71a27cdd-812a-11d0-bec7-08002be2092f),"VendorIds: , STORAGE\Volume, ",LocationInformation: -,,,False,D:\UOW\SEM3\msc-diss-7csef001w\scenarios\scenario_4\run_2\artefacts\event_logs\Security.evtx,Audit success,0,"{""EventData"":{""Data"":[{""@Name"":""SubjectUserSid"",""#text"":""S-1-5-18""},{""@Name"":""SubjectUserName"",""#text"":""DISSTESTBEDVM$""},{""@Name"":""SubjectDomainName"",""#text"":""WORKGROUP""},{""@Name"":""SubjectLogonId"",""#text"":""0x3E7""},{""@Name"":""DeviceId"",""#text"":""STORAGE\\Volume\\_??_USBSTOR#Disk&amp;Ven_General&amp;Prod_UDisk&amp;Rev_5.00#7&amp;372d5a41&amp;0&amp;_&amp;0#{53f56307-b6bf-11d0-94f2-00a0c91efb8b}""},{""@Name"":""DeviceDescription"",""#text"":""Volume""},{""@Name"":""ClassId"",""#text"":""71a27cdd-812a-11d0-bec7-08002be2092f""},{""@Name"":""ClassName"",""#text"":""Volume""},{""@Name"":""VendorIds"",""#text"":"", STORAGE\\Volume, ""},{""@Name"":""CompatibleIds"",""#text"":""-""},{""@Name"":""LocationInformation"",""#text"":""-""}]}}"
32404,32404,2026-08-22 20:33:49.6196836,4624,LogAlways,Microsoft-Windows-Security-Auditing,Security,892,976,disstestbedvm,385,,Successful logon,WORKGROUP\DISSTESTBEDVM$,- (-),Target: NT AUTHORITY\SYSTEM,LogonType 5,LogonId: 0x3E7,,,,C:\Windows\System32\services.exe,False,D:\UOW\SEM3\msc-diss-7csef001w\scenarios\scenario_4\run_2\artefacts\event_logs\Security.evtx,Audit success,0,"{""EventData"":{""Data"":[{""@Name"":""SubjectUserSid"",""#text"":""S-1-5-18""},{""@Name"":""SubjectUserName"",""#text"":""DISSTESTBEDVM$""},{""@Name"":""SubjectDomainName"",""#text"":""WORKGROUP""},{""@Name"":""SubjectLogonId"",""#text"":""0x3E7""},{""@Name"":""TargetUserSid"",""#text"":""S-1-5-18""},{""@Name"":""TargetUserName"",""#text"":""SYSTEM""},{""@Name"":""TargetDomainName"",""#text"":""NT AUTHORITY""},{""@Name"":""TargetLogonId"",""#text"":""0x3E7""},{""@Name"":""LogonType"",""#text"":""5""},{""@Name"":""LogonProcessName"",""#text"":""Advapi  ""},{""@Name"":""AuthenticationPackageName"",""#text"":""Negotiate""},{""@Name"":""WorkstationName"",""#text"":""-""},{""@Name"":""LogonGuid"",""#text"":""00000000-0000-0000-0000-000000000000""},{""@Name"":""TransmittedServices"",""#text"":""-""},{""@Name"":""LmPackageName"",""#text"":""-""},{""@Name"":""KeyLength"",""#text"":""0""},{""@Name"":""ProcessId"",""#text"":""0x368""},{""@Name"":""ProcessName"",""#text"":""C:\\Windows\\System32\\services.exe""},{""@Name"":""IpAddress"",""#text"":""-""},{""@Name"":""IpPort"",""#text"":""-""},{""@Name"":""ImpersonationLevel"",""#text"":""%%1833""},{""@Name"":""RestrictedAdminMode"",""#text"":""-""},{""@Name"":""RemoteCredentialGuard"",""#text"":""-""},{""@Name"":""TargetOutboundUserName"",""#text"":""-""},{""@Name"":""TargetOutboundDomainName"",""#text"":""-""},{""@Name"":""VirtualAccount"",""#text"":""%%1843""},{""@Name"":""TargetLinkedLogonId"",""#text"":""0x0""},{""@Name"":""ElevatedToken"",""#text"":""%%1842""}]}}"
32405,32405,2026-08-22 20:33:49.6196899,4672,LogAlways,Microsoft-Windows-Security-Auditing,Security,892,976,disstestbedvm,385,,Administrative logon,NT AUTHORITY\SYSTEM (S-1-5-18),,"PrivilegeList: SeAssignPrimaryTokenPrivilege, SeTcbPrivilege, SeSecurityPrivilege, SeTakeOwnershipPrivilege, SeLoadDriverPrivilege, SeBackupPrivilege, SeRestorePrivilege, SeDebugPrivilege, SeAuditPrivilege, SeSystemEnvironmentPrivilege, SeImpersonatePrivilege, SeDelegateSessionUserImpersonatePrivilege",LogonId: 0x3E7,,,,,,False,D:\UOW\SEM3\msc-diss-7csef001w\scenarios\scenario_4\run_2\artefacts\event_logs\Security.evtx,Audit success,0,"{""EventData"":{""Data"":[{""@Name"":""SubjectUserSid"",""#text"":""S-1-5-18""},{""@Name"":""SubjectUserName"",""#text"":""SYSTEM""},{""@Name"":""SubjectDomainName"",""#text"":""NT AUTHORITY""},{""@Name"":""SubjectLogonId"",""#text"":""0x3E7""},{""@Name"":""PrivilegeList"",""#text"":""SeAssignPrimaryTokenPrivilege, SeTcbPrivilege, SeSecurityPrivilege, SeTakeOwnershipPrivilege, SeLoadDriverPrivilege, SeBackupPrivilege, SeRestorePrivilege, SeDebugPrivilege, SeAuditPrivilege, SeSystemEnvironmentPrivilege, SeImpersonatePrivilege, SeDelegateSessionUserImpersonatePrivilege""}]}}"
32406,32406,2026-08-22 20:33:49.6211929,4688,LogAlways,Microsoft-Windows-Security-Auditing,Security,4,5896,disstestbedvm,385,,A new process has been created,WORKGROUP\DISSTESTBEDVM$,,Parent process: C:\Windows\System32\services.exe,PID: 0x368,Parent PID: 0x1B80,Mandatory label: SECURITY_MANDATORY_SYSTEM_RID,Target User: -\-,,C:\Windows\System32\svchost.exe C:\WINDOWS\system32\svchost.exe -k DcomLaunch -p -s DeviceInstall,False,D:\UOW\SEM3\msc-diss-7csef001w\scenarios\scenario_4\run_2\artefacts\event_logs\Security.evtx,Audit success,0,"{""EventData"":{""Data"":[{""@Name"":""SubjectUserSid"",""#text"":""S-1-5-18""},{""@Name"":""SubjectUserName"",""#text"":""DISSTESTBEDVM$""},{""@Name"":""SubjectDomainName"",""#text"":""WORKGROUP""},{""@Name"":""SubjectLogonId"",""#text"":""0x3E7""},{""@Name"":""NewProcessId"",""#text"":""0x1B80""},{""@Name"":""NewProcessName"",""#text"":""C:\\Windows\\System32\\svchost.exe""},{""@Name"":""TokenElevationType"",""#text"":""%%1936""},{""@Name"":""ProcessId"",""#text"":""0x368""},{""@Name"":""CommandLine"",""#text"":""C:\\WINDOWS\\system32\\svchost.exe -k DcomLaunch -p -s DeviceInstall""},{""@Name"":""TargetUserSid"",""#text"":""S-1-0-0""},{""@Name"":""TargetUserName"",""#text"":""-""},{""@Name"":""TargetDomainName"",""#text"":""-""},{""@Name"":""TargetLogonId"",""#text"":""0x0""},{""@Name"":""ParentProcessName"",""#text"":""C:\\Windows\\System32\\services.exe""},{""@Name"":""MandatoryLabel"",""#text"":""S-1-16-16384""}]}}"
32407,32407,2026-08-22 20:33:49.6660577,4689,LogAlways,Microsoft-Windows-Security-Auditing,Security,4,5896,disstestbedvm,385,,A process has exited,disstestbedvm\dfanalyst,,,PID: 0x1DD8,,,,,C:\Windows\System32\dllhost.exe,False,D:\UOW\SEM3\msc-diss-7csef001w\scenarios\scenario_4\run_2\artefacts\event_logs\Security.evtx,Audit success,0,"{""EventData"":{""Data"":[{""@Name"":""SubjectUserSid"",""#text"":""S-1-5-21-4209295338-567392030-2519289182-1001""},{""@Name"":""SubjectUserName"",""#text"":""dfanalyst""},{""@Name"":""SubjectDomainName"",""#text"":""disstestbedvm""},{""@Name"":""SubjectLogonId"",""#text"":""0x57494""},{""@Name"":""Status"",""#text"":""0x0""},{""@Name"":""ProcessId"",""#text"":""0x1DD8""},{""@Name"":""ProcessName"",""#text"":""C:\\Windows\\System32\\dllhost.exe""}]}}"
32408,32408,2026-08-22 20:33:49.6923910,4688,LogAlways,Microsoft-Windows-Security-Auditing,Security,4,6692,disstestbedvm,385,,A new process has been created,WORKGROUP\DISSTESTBEDVM$,,Parent process: C:\Windows\System32\svchost.exe,PID: 0x1B80,Parent PID: 0x1B3C,Mandatory label: SECURITY_MANDATORY_SYSTEM_RID,Target User: -\-,,"C:\Windows\System32\drvinst.exe DrvInst.exe ""1"" ""0"" ""SWD\WPDBUSENUM\_??_USBSTOR#Disk&amp;Ven_General&amp;Prod_UDisk&amp;Rev_5.00#7&amp;372d5a41&amp;0&amp;_&amp;0#{53f56307-b6bf-11d0-94f2-00a0c91efb8b}"" """" """" ""437ee41cf"" ""0000000000000000"" ""20f3""",False,D:\UOW\SEM3\msc-diss-7csef001w\scenarios\scenario_4\run_2\artefacts\event_logs\Security.evtx,Audit success,0,"{""EventData"":{""Data"":[{""@Name"":""SubjectUserSid"",""#text"":""S-1-5-18""},{""@Name"":""SubjectUserName"",""#text"":""DISSTESTBEDVM$""},{""@Name"":""SubjectDomainName"",""#text"":""WORKGROUP""},{""@Name"":""SubjectLogonId"",""#text"":""0x3E7""},{""@Name"":""NewProcessId"",""#text"":""0x1B3C""},{""@Name"":""NewProcessName"",""#text"":""C:\\Windows\\System32\\drvinst.exe""},{""@Name"":""TokenElevationType"",""#text"":""%%1936""},{""@Name"":""ProcessId"",""#text"":""0x1B80""},{""@Name"":""CommandLine"",""#text"":""DrvInst.exe \""1\"" \""0\"" \""SWD\\WPDBUSENUM\\_??_USBSTOR#Disk&amp;Ven_General&amp;Prod_UDisk&amp;Rev_5.00#7&amp;372d5a41&amp;0&amp;_&amp;0#{53f56307-b6bf-11d0-94f2-00a0c91efb8b}\"" \""\"" \""\"" \""437ee41cf\"" \""0000000000000000\"" \""20f3\""""},{""@Name"":""TargetUserSid"",""#text"":""S-1-0-0""},{""@Name"":""TargetUserName"",""#text"":""-""},{""@Name"":""TargetDomainName"",""#text"":""-""},{""@Name"":""TargetLogonId"",""#text"":""0x0""},{""@Name"":""ParentProcessName"",""#text"":""C:\\Windows\\System32\\svchost.exe""},{""@Name"":""MandatoryLabel"",""#text"":""S-1-16-16384""}]}}"
32409,32409,2026-08-22 20:33:49.7218450,4688,LogAlways,Microsoft-Windows-Security-Auditing,Security,4,5896,disstestbedvm,385,,A new process has been created,WORKGROUP\DISSTESTBEDVM$,,Parent process: C:\Windows\System32\svchost.exe,PID: 0x124,Parent PID: 0x18BC,Mandatory label: SECURITY_MANDATORY_MEDIUM_RID,Target User: disstestbedvm\dfanalyst,,C:\Windows\System32\BdeUISrv.exe C:\WINDOWS\System32\BdeUISrv.exe -Embedding,False,D:\UOW\SEM3\msc-diss-7csef001w\scenarios\scenario_4\run_2\artefacts\event_logs\Security.evtx,Audit success,0,"{""EventData"":{""Data"":[{""@Name"":""SubjectUserSid"",""#text"":""S-1-5-18""},{""@Name"":""SubjectUserName"",""#text"":""DISSTESTBEDVM$""},{""@Name"":""SubjectDomainName"",""#text"":""WORKGROUP""},{""@Name"":""SubjectLogonId"",""#text"":""0x3E7""},{""@Name"":""NewProcessId"",""#text"":""0x18BC""},{""@Name"":""NewProcessName"",""#text"":""C:\\Windows\\System32\\BdeUISrv.exe""},{""@Name"":""TokenElevationType"",""#text"":""%%1938""},{""@Name"":""ProcessId"",""#text"":""0x124""},{""@Name"":""CommandLine"",""#text"":""C:\\WINDOWS\\System32\\BdeUISrv.exe -Embedding""},{""@Name"":""TargetUserSid"",""#text"":""S-1-5-21-4209295338-567392030-2519289182-1001""},{""@Name"":""TargetUserName"",""#text"":""dfanalyst""},{""@Name"":""TargetDomainName"",""#text"":""disstestbedvm""},{""@Name"":""TargetLogonId"",""#text"":""0x57494""},{""@Name"":""ParentProcessName"",""#text"":""C:\\Windows\\System32\\svchost.exe""},{""@Name"":""MandatoryLabel"",""#text"":""S-1-16-8192""}]}}"
32410,32410,2026-08-22 20:33:50.0556545,4688,LogAlways,Microsoft-Windows-Security-Auditing,Security,4,10128,disstestbedvm,385,,A new process has been created,WORKGROUP\DISSTESTBEDVM$,,Parent process: C:\Windows\System32\services.exe,PID: 0x368,Parent PID: 0x478,Mandatory label: SECURITY_MANDATORY_SYSTEM_RID,Target User: NT AUTHORITY\LOCAL SERVICE,,"C:\Windows\System32\WUDFHost.exe ""C:\Windows\System32\WUDFHost.exe"" -HostGUID:{193a1820-d9ac-4997-8c55-be817523f6aa} -IoEventPortName:\UMDFCommunicationPorts\WUDF\HostProcess-5f4b08ac-6b91-4801-8bee-594c93a147f4 -SystemEventPortName:\UMDFCommunicationPorts\WUDF\HostProcess-a7966ef0-b050-44e4-8369-2f9813747f2a -IoCancelEventPortName:\UMDFCommunicationPorts\WUDF\HostProcess-db9d9b1a-24ad-4353-b72d-c9aa85009bf3 -NonStateChangingEventPortName:\UMDFCommunicationPorts\WUDF\HostProcess-496b90f0-9a49-45f4-a7da-a97b87866c73 -LifetimeId:e8851c34-d3e5-40ec-8757-deb6fa9fbcc7 -DeviceGroupId:WpdFsGroup -HostArg:0",False,D:\UOW\SEM3\msc-diss-7csef001w\scenarios\scenario_4\run_2\artefacts\event_logs\Security.evtx,Audit success,0,"{""EventData"":{""Data"":[{""@Name"":""SubjectUserSid"",""#text"":""S-1-5-18""},{""@Name"":""SubjectUserName"",""#text"":""DISSTESTBEDVM$""},{""@Name"":""SubjectDomainName"",""#text"":""WORKGROUP""},{""@Name"":""SubjectLogonId"",""#text"":""0x3E7""},{""@Name"":""NewProcessId"",""#text"":""0x478""},{""@Name"":""NewProcessName"",""#text"":""C:\\Windows\\System32\\WUDFHost.exe""},{""@Name"":""TokenElevationType"",""#text"":""%%1936""},{""@Name"":""ProcessId"",""#text"":""0x368""},{""@Name"":""CommandLine"",""#text"":""\""C:\\Windows\\System32\\WUDFHost.exe\"" -HostGUID:{193a1820-d9ac-4997-8c55-be817523f6aa} -IoEventPortName:\\UMDFCommunicationPorts\\WUDF\\HostProcess-5f4b08ac-6b91-4801-8bee-594c93a147f4 -SystemEventPortName:\\UMDFCommunicationPorts\\WUDF\\HostProcess-a7966ef0-b050-44e4-8369-2f9813747f2a -IoCancelEventPortName:\\UMDFCommunicationPorts\\WUDF\\HostProcess-db9d9b1a-24ad-4353-b72d-c9aa85009bf3 -NonStateChangingEventPortName:\\UMDFCommunicationPorts\\WUDF\\HostProcess-496b90f0-9a49-45f4-a7da-a97b87866c73 -LifetimeId:e8851c34-d3e5-40ec-8757-deb6fa9fbcc7 -DeviceGroupId:WpdFsGroup -HostArg:0""},{""@Name"":""TargetUserSid"",""#text"":""S-1-5-19""},{""@Name"":""TargetUserName"",""#text"":""LOCAL SERVICE""},{""@Name"":""TargetDomainName"",""#text"":""NT AUTHORITY""},{""@Name"":""TargetLogonId"",""#text"":""0x3E5""},{""@Name"":""ParentProcessName"",""#text"":""C:\\Windows\\System32\\services.exe""},{""@Name"":""MandatoryLabel"",""#text"":""S-1-16-16384""}]}}"
32411,32411,2026-08-22 20:33:50.1017336,4798,LogAlways,Microsoft-Windows-Security-Auditing,Security,892,932,disstestbedvm,385,,A user's local group membership was enumerated,disstestbedvm\dfanalyst (S-1-5-21-4209295338-567392030-2519289182-1001),,Target: disstestbedvm\dfanalyst (S-1-5-21-4209295338-567392030-2519289182-1001),SubjectLogonId: 0x57494,CallerProcessName: C:\Windows\explorer.exe,CallerProcessId: 0x1630,,,,False,D:\UOW\SEM3\msc-diss-7csef001w\scenarios\scenario_4\run_2\artefacts\event_logs\Security.evtx,Audit success,0,"{""EventData"":{""Data"":[{""@Name"":""TargetUserName"",""#text"":""dfanalyst""},{""@Name"":""TargetDomainName"",""#text"":""disstestbedvm""},{""@Name"":""TargetSid"",""#text"":""S-1-5-21-4209295338-567392030-2519289182-1001""},{""@Name"":""SubjectUserSid"",""#text"":""S-1-5-21-4209295338-567392030-2519289182-1001""},{""@Name"":""SubjectUserName"",""#text"":""dfanalyst""},{""@Name"":""SubjectDomainName"",""#text"":""disstestbedvm""},{""@Name"":""SubjectLogonId"",""#text"":""0x57494""},{""@Name"":""CallerProcessId"",""#text"":""0x1630""},{""@Name"":""CallerProcessName"",""#text"":""C:\\Windows\\explorer.exe""}]}}"
32412,32412,2026-08-22 20:33:50.1626688,6416,LogAlways,Microsoft-Windows-Security-Auditing,Security,4,2664,disstestbedvm,385,,A new external device was recognized by the system,WORKGROUP\DISSTESTBEDVM$ (S-1-5-18),,DeviceId: SWD\WPDBUSENUM\_??_USBSTOR#Disk&amp;Ven_General&amp;Prod_UDisk&amp;Rev_5.00#7&amp;372d5a41&amp;0&amp;_&amp;0#{53f56307-b6bf-11d0-94f2-00a0c91efb8b},DeviceName: DISS-USB,Class: WPD (eec5ad98-8080-425f-922a-dabf3de3f69a),VendorIds: -,LocationInformation: -,,,False,D:\UOW\SEM3\msc-diss-7csef001w\scenarios\scenario_4\run_2\artefacts\event_logs\Security.evtx,Audit success,0,"{""EventData"":{""Data"":[{""@Name"":""SubjectUserSid"",""#text"":""S-1-5-18""},{""@Name"":""SubjectUserName"",""#text"":""DISSTESTBEDVM$""},{""@Name"":""SubjectDomainName"",""#text"":""WORKGROUP""},{""@Name"":""SubjectLogonId"",""#text"":""0x3E7""},{""@Name"":""DeviceId"",""#text"":""SWD\\WPDBUSENUM\\_??_USBSTOR#Disk&amp;Ven_General&amp;Prod_UDisk&amp;Rev_5.00#7&amp;372d5a41&amp;0&amp;_&amp;0#{53f56307-b6bf-11d0-94f2-00a0c91efb8b}""},{""@Name"":""DeviceDescription"",""#text"":""DISS-USB""},{""@Name"":""ClassId"",""#text"":""eec5ad98-8080-425f-922a-dabf3de3f69a""},{""@Name"":""ClassName"",""#text"":""WPD""},{""@Name"":""VendorIds"",""#text"":""-""},{""@Name"":""CompatibleIds"",""#text"":"", wpdbusenum\\fs, SWD\\Generic, ""},{""@Name"":""LocationInformation"",""#text"":""-""}]}}"
32413,32413,2026-08-22 20:33:50.2527079,4689,LogAlways,Microsoft-Windows-Security-Auditing,Security,4,6688,disstestbedvm,385,,A process has exited,WORKGROUP\DISSTESTBEDVM$,,,PID: 0x1B3C,,,,,C:\Windows\System32\drvinst.exe,False,D:\UOW\SEM3\msc-diss-7csef001w\scenarios\scenario_4\run_2\artefacts\event_logs\Security.evtx,Audit success,0,"{""EventData"":{""Data"":[{""@Name"":""SubjectUserSid"",""#text"":""S-1-5-18""},{""@Name"":""SubjectUserName"",""#text"":""DISSTESTBEDVM$""},{""@Name"":""SubjectDomainName"",""#text"":""WORKGROUP""},{""@Name"":""SubjectLogonId"",""#text"":""0x3E7""},{""@Name"":""Status"",""#text"":""0x0""},{""@Name"":""ProcessId"",""#text"":""0x1B3C""},{""@Name"":""ProcessName"",""#text"":""C:\\Windows\\System32\\drvinst.exe""}]}}"
32414,32414,2026-08-22 20:33:50.2535253,4798,LogAlways,Microsoft-Windows-Security-Auditing,Security,892,976,disstestbedvm,385,,A user's local group membership was enumerated,disstestbedvm\dfanalyst (S-1-5-21-4209295338-567392030-2519289182-1001),,Target: disstestbedvm\dfanalyst (S-1-5-21-4209295338-567392030-2519289182-1001),SubjectLogonId: 0x57494,CallerProcessName: C:\Windows\explorer.exe,CallerProcessId: 0x1630,,,,False,D:\UOW\SEM3\msc-diss-7csef001w\scenarios\scenario_4\run_2\artefacts\event_logs\Security.evtx,Audit success,0,"{""EventData"":{""Data"":[{""@Name"":""TargetUserName"",""#text"":""dfanalyst""},{""@Name"":""TargetDomainName"",""#text"":""disstestbedvm""},{""@Name"":""TargetSid"",""#text"":""S-1-5-21-4209295338-567392030-2519289182-1001""},{""@Name"":""SubjectUserSid"",""#text"":""S-1-5-21-4209295338-567392030-2519289182-1001""},{""@Name"":""SubjectUserName"",""#text"":""dfanalyst""},{""@Name"":""SubjectDomainName"",""#text"":""disstestbedvm""},{""@Name"":""SubjectLogonId"",""#text"":""0x57494""},{""@Name"":""CallerProcessId"",""#text"":""0x1630""},{""@Name"":""CallerProcessName"",""#text"":""C:\\Windows\\explorer.exe""}]}}"
32415,32415,2026-08-22 20:33:50.3660695,4688,LogAlways,Microsoft-Windows-Security-Auditing,Security,4,6688,disstestbedvm,385,,A new process has been created,WORKGROUP\DISSTESTBEDVM$,,Parent process: C:\Windows\System32\svchost.exe,PID: 0x124,Parent PID: 0x11D0,Mandatory label: SECURITY_MANDATORY_LOW_RID,Target User: disstestbedvm\dfanalyst,,"C:\Windows\SystemApps\ShellExperienceHost_cw5n1h2txyewy\ShellExperienceHost.exe ""C:\WINDOWS\SystemApps\ShellExperienceHost_cw5n1h2txyewy\ShellExperienceHost.exe"" -ServerName:App.AppXtk181tbxbce2qsex02s8tw7hfxa9xb3t.mca",False,D:\UOW\SEM3\msc-diss-7csef001w\scenarios\scenario_4\run_2\artefacts\event_logs\Security.evtx,Audit success,0,"{""EventData"":{""Data"":[{""@Name"":""SubjectUserSid"",""#text"":""S-1-5-18""},{""@Name"":""SubjectUserName"",""#text"":""DISSTESTBEDVM$""},{""@Name"":""SubjectDomainName"",""#text"":""WORKGROUP""},{""@Name"":""SubjectLogonId"",""#text"":""0x3E7""},{""@Name"":""NewProcessId"",""#text"":""0x11D0""},{""@Name"":""NewProcessName"",""#text"":""C:\\Windows\\SystemApps\\ShellExperienceHost_cw5n1h2txyewy\\ShellExperienceHost.exe""},{""@Name"":""TokenElevationType"",""#text"":""%%1938""},{""@Name"":""ProcessId"",""#text"":""0x124""},{""@Name"":""CommandLine"",""#text"":""\""C:\\WINDOWS\\SystemApps\\ShellExperienceHost_cw5n1h2txyewy\\ShellExperienceHost.exe\"" -ServerName:App.AppXtk181tbxbce2qsex02s8tw7hfxa9xb3t.mca""},{""@Name"":""TargetUserSid"",""#text"":""S-1-5-21-4209295338-567392030-2519289182-1001""},{""@Name"":""TargetUserName"",""#text"":""dfanalyst""},{""@Name"":""TargetDomainName"",""#text"":""disstestbedvm""},{""@Name"":""TargetLogonId"",""#text"":""0x57494""},{""@Name"":""ParentProcessName"",""#text"":""C:\\Windows\\System32\\svchost.exe""},{""@Name"":""MandatoryLabel"",""#text"":""S-1-16-4096""}]}}"
32416,32416,2026-08-22 20:33:50.5107472,4688,LogAlways,Microsoft-Windows-Security-Auditing,Security,4,10120,disstestbedvm,385,,A new process has been created,WORKGROUP\DISSTESTBEDVM$,,Parent process: C:\Windows\System32\svchost.exe,PID: 0x124,Parent PID: 0x2A14,Mandatory label: SECURITY_MANDATORY_MEDIUM_RID,Target User: disstestbedvm\dfanalyst,,C:\Windows\System32\dllhost.exe C:\WINDOWS\system32\DllHost.exe /Processid:{AB8902B4-09CA-4BB6-B78D-A8F59079A8D5},False,D:\UOW\SEM3\msc-diss-7csef001w\scenarios\scenario_4\run_2\artefacts\event_logs\Security.evtx,Audit success,0,"{""EventData"":{""Data"":[{""@Name"":""SubjectUserSid"",""#text"":""S-1-5-18""},{""@Name"":""SubjectUserName"",""#text"":""DISSTESTBEDVM$""},{""@Name"":""SubjectDomainName"",""#text"":""WORKGROUP""},{""@Name"":""SubjectLogonId"",""#text"":""0x3E7""},{""@Name"":""NewProcessId"",""#text"":""0x2A14""},{""@Name"":""NewProcessName"",""#text"":""C:\\Windows\\System32\\dllhost.exe""},{""@Name"":""TokenElevationType"",""#text"":""%%1938""},{""@Name"":""ProcessId"",""#text"":""0x124""},{""@Name"":""CommandLine"",""#text"":""C:\\WINDOWS\\system32\\DllHost.exe /Processid:{AB8902B4-09CA-4BB6-B78D-A8F59079A8D5}""},{""@Name"":""TargetUserSid"",""#text"":""S-1-5-21-4209295338-567392030-2519289182-1001""},{""@Name"":""TargetUserName"",""#text"":""dfanalyst""},{""@Name"":""TargetDomainName"",""#text"":""disstestbedvm""},{""@Name"":""TargetLogonId"",""#text"":""0x57494""},{""@Name"":""ParentProcessName"",""#text"":""C:\\Windows\\System32\\svchost.exe""},{""@Name"":""MandatoryLabel"",""#text"":""S-1-16-8192""}]}}"
32417,32417,2026-08-22 20:33:50.7013811,4688,LogAlways,Microsoft-Windows-Security-Auditing,Security,4,2664,disstestbedvm,385,,A new process has been created,WORKGROUP\DISSTESTBEDVM$,,Parent process: C:\Windows\System32\svchost.exe,PID: 0x124,Parent PID: 0xF7C,Mandatory label: SECURITY_MANDATORY_MEDIUM_RID,Target User: disstestbedvm\dfanalyst,,C:\Windows\System32\RuntimeBroker.exe C:\Windows\System32\RuntimeBroker.exe -Embedding,False,D:\UOW\SEM3\msc-diss-7csef001w\scenarios\scenario_4\run_2\artefacts\event_logs\Security.evtx,Audit success,0,"{""EventData"":{""Data"":[{""@Name"":""SubjectUserSid"",""#text"":""S-1-5-18""},{""@Name"":""SubjectUserName"",""#text"":""DISSTESTBEDVM$""},{""@Name"":""SubjectDomainName"",""#text"":""WORKGROUP""},{""@Name"":""SubjectLogonId"",""#text"":""0x3E7""},{""@Name"":""NewProcessId"",""#text"":""0xF7C""},{""@Name"":""NewProcessName"",""#text"":""C:\\Windows\\System32\\RuntimeBroker.exe""},{""@Name"":""TokenElevationType"",""#text"":""%%1938""},{""@Name"":""ProcessId"",""#text"":""0x124""},{""@Name"":""CommandLine"",""#text"":""C:\\Windows\\System32\\RuntimeBroker.exe -Embedding""},{""@Name"":""TargetUserSid"",""#text"":""S-1-5-21-4209295338-567392030-2519289182-1001""},{""@Name"":""TargetUserName"",""#text"":""dfanalyst""},{""@Name"":""TargetDomainName"",""#text"":""disstestbedvm""},{""@Name"":""TargetLogonId"",""#text"":""0x57494""},{""@Name"":""ParentProcessName"",""#text"":""C:\\Windows\\System32\\svchost.exe""},{""@Name"":""MandatoryLabel"",""#text"":""S-1-16-8192""}]}}"
32418,32418,2026-08-22 20:33:55.5555706,4689,LogAlways,Microsoft-Windows-Security-Auditing,Security,4,6692,disstestbedvm,385,,A process has exited,disstestbedvm\dfanalyst,,,PID: 0x2A14,,,,,C:\Windows\System32\dllhost.exe,False,D:\UOW\SEM3\msc-diss-7csef001w\scenarios\scenario_4\run_2\artefacts\event_logs\Security.evtx,Audit success,0,"{""EventData"":{""Data"":[{""@Name"":""SubjectUserSid"",""#text"":""S-1-5-21-4209295338-567392030-2519289182-1001""},{""@Name"":""SubjectUserName"",""#text"":""dfanalyst""},{""@Name"":""SubjectDomainName"",""#text"":""disstestbedvm""},{""@Name"":""SubjectLogonId"",""#text"":""0x57494""},{""@Name"":""Status"",""#text"":""0x0""},{""@Name"":""ProcessId"",""#text"":""0x2A14""},{""@Name"":""ProcessName"",""#text"":""C:\\Windows\\System32\\dllhost.exe""}]}}"
32419,32419,2026-08-22 20:33:55.7949362,4689,LogAlways,Microsoft-Windows-Security-Auditing,Security,4,2664,disstestbedvm,385,,A process has exited,disstestbedvm\dfanalyst,,,PID: 0x18BC,,,,,C:\Windows\System32\BdeUISrv.exe,False,D:\UOW\SEM3\msc-diss-7csef001w\scenarios\scenario_4\run_2\artefacts\event_logs\Security.evtx,Audit success,0,"{""EventData"":{""Data"":[{""@Name"":""SubjectUserSid"",""#text"":""S-1-5-21-4209295338-567392030-2519289182-1001""},{""@Name"":""SubjectUserName"",""#text"":""dfanalyst""},{""@Name"":""SubjectDomainName"",""#text"":""disstestbedvm""},{""@Name"":""SubjectLogonId"",""#text"":""0x57494""},{""@Name"":""Status"",""#text"":""0x0""},{""@Name"":""ProcessId"",""#text"":""0x18BC""},{""@Name"":""ProcessName"",""#text"":""C:\\Windows\\System32\\BdeUISrv.exe""}]}}"
32420,32420,2026-08-22 20:33:56.4076787,4689,LogAlways,Microsoft-Windows-Security-Auditing,Security,4,468,disstestbedvm,385,,A process has exited,WORKGROUP\DISSTESTBEDVM$,,,PID: 0x2BB8,,,,,C:\Windows\System32\svchost.exe,False,D:\UOW\SEM3\msc-diss-7csef001w\scenarios\scenario_4\run_2\artefacts\event_logs\Security.evtx,Audit success,0,"{""EventData"":{""Data"":[{""@Name"":""SubjectUserSid"",""#text"":""S-1-5-18""},{""@Name"":""SubjectUserName"",""#text"":""DISSTESTBEDVM$""},{""@Name"":""SubjectDomainName"",""#text"":""WORKGROUP""},{""@Name"":""SubjectLogonId"",""#text"":""0x3E7""},{""@Name"":""Status"",""#text"":""0x0""},{""@Name"":""ProcessId"",""#text"":""0x2BB8""},{""@Name"":""ProcessName"",""#text"":""C:\\Windows\\System32\\svchost.exe""}]}}"
32421,32421,2026-08-22 20:34:01.9241875,4689,LogAlways,Microsoft-Windows-Security-Auditing,Security,4,2664,disstestbedvm,385,,A process has exited,disstestbedvm\dfanalyst,,,PID: 0x21F8,,,,,C:\Windows\System32\RuntimeBroker.exe,False,D:\UOW\SEM3\msc-diss-7csef001w\scenarios\scenario_4\run_2\artefacts\event_logs\Security.evtx,Audit success,0,"{""EventData"":{""Data"":[{""@Name"":""SubjectUserSid"",""#text"":""S-1-5-21-4209295338-567392030-2519289182-1001""},{""@Name"":""SubjectUserName"",""#text"":""dfanalyst""},{""@Name"":""SubjectDomainName"",""#text"":""disstestbedvm""},{""@Name"":""SubjectLogonId"",""#text"":""0x57494""},{""@Name"":""Status"",""#text"":""0x0""},{""@Name"":""ProcessId"",""#text"":""0x21F8""},{""@Name"":""ProcessName"",""#text"":""C:\\Windows\\System32\\RuntimeBroker.exe""}]}}"
32422,32422,2026-08-22 20:34:05.0038943,4689,LogAlways,Microsoft-Windows-Security-Auditing,Security,4,6692,disstestbedvm,385,,A process has exited,WORKGROUP\DISSTESTBEDVM$,,,PID: 0x2310,,,,,C:\Windows\System32\wbem\WMIADAP.exe,False,D:\UOW\SEM3\msc-diss-7csef001w\scenarios\scenario_4\run_2\artefacts\event_logs\Security.evtx,Audit success,0,"{""EventData"":{""Data"":[{""@Name"":""SubjectUserSid"",""#text"":""S-1-5-18""},{""@Name"":""SubjectUserName"",""#text"":""DISSTESTBEDVM$""},{""@Name"":""SubjectDomainName"",""#text"":""WORKGROUP""},{""@Name"":""SubjectLogonId"",""#text"":""0x3E7""},{""@Name"":""Status"",""#text"":""0x0""},{""@Name"":""ProcessId"",""#text"":""0x2310""},{""@Name"":""ProcessName"",""#text"":""C:\\Windows\\System32\\wbem\\WMIADAP.exe""}]}}"
32423,32423,2026-08-22 20:34:08.4974929,4689,LogAlways,Microsoft-Windows-Security-Auditing,Security,4,10132,disstestbedvm,385,,A process has exited,disstestbedvm\dfanalyst,,,PID: 0x2478,,,,,C:\Program Files\WindowsApps\Microsoft.WindowsStore_22606.1401.3.0_x64__8wekyb3d8bbwe\StoreDesktopExtension.exe,False,D:\UOW\SEM3\msc-diss-7csef001w\scenarios\scenario_4\run_2\artefacts\event_logs\Security.evtx,Audit success,0,"{""EventData"":{""Data"":[{""@Name"":""SubjectUserSid"",""#text"":""S-1-5-21-4209295338-567392030-2519289182-1001""},{""@Name"":""SubjectUserName"",""#text"":""dfanalyst""},{""@Name"":""SubjectDomainName"",""#text"":""disstestbedvm""},{""@Name"":""SubjectLogonId"",""#text"":""0x57494""},{""@Name"":""Status"",""#text"":""0x0""},{""@Name"":""ProcessId"",""#text"":""0x2478""},{""@Name"":""ProcessName"",""#text"":""C:\\Program Files\\WindowsApps\\Microsoft.WindowsStore_22606.1401.3.0_x64__8wekyb3d8bbwe\\StoreDesktopExtension.exe""}]}}"
32424,32424,2026-08-22 20:34:08.6332559,4689,LogAlways,Microsoft-Windows-Security-Auditing,Security,4,10128,disstestbedvm,385,,A process has exited,disstestbedvm\dfanalyst,,,PID: 0x16FC,,,,,C:\Windows\System32\backgroundTaskHost.exe,False,D:\UOW\SEM3\msc-diss-7csef001w\scenarios\scenario_4\run_2\artefacts\event_logs\Security.evtx,Audit success,0,"{""EventData"":{""Data"":[{""@Name"":""SubjectUserSid"",""#text"":""S-1-5-21-4209295338-567392030-2519289182-1001""},{""@Name"":""SubjectUserName"",""#text"":""dfanalyst""},{""@Name"":""SubjectDomainName"",""#text"":""disstestbedvm""},{""@Name"":""SubjectLogonId"",""#text"":""0x57494""},{""@Name"":""Status"",""#text"":""0x1""},{""@Name"":""ProcessId"",""#text"":""0x16FC""},{""@Name"":""ProcessName"",""#text"":""C:\\Windows\\System32\\backgroundTaskHost.exe""}]}}"
32425,32425,2026-08-22 20:34:08.7771143,4689,LogAlways,Microsoft-Windows-Security-Auditing,Security,4,10128,disstestbedvm,385,,A process has exited,disstestbedvm\dfanalyst,,,PID: 0x4B0,,,,,C:\Windows\System32\backgroundTaskHost.exe,False,D:\UOW\SEM3\msc-diss-7csef001w\scenarios\scenario_4\run_2\artefacts\event_logs\Security.evtx,Audit success,0,"{""EventData"":{""Data"":[{""@Name"":""SubjectUserSid"",""#text"":""S-1-5-21-4209295338-567392030-2519289182-1001""},{""@Name"":""SubjectUserName"",""#text"":""dfanalyst""},{""@Name"":""SubjectDomainName"",""#text"":""disstestbedvm""},{""@Name"":""SubjectLogonId"",""#text"":""0x57494""},{""@Name"":""Status"",""#text"":""0x1""},{""@Name"":""ProcessId"",""#text"":""0x4B0""},{""@Name"":""ProcessName"",""#text"":""C:\\Windows\\System32\\backgroundTaskHost.exe""}]}}"
32432,32432,2026-08-22 20:34:35.3100995,4689,LogAlways,Microsoft-Windows-Security-Auditing,Security,4,10128,disstestbedvm,385,,A process has exited,WORKGROUP\DISSTESTBEDVM$,,,PID: 0x170C,,,,,C:\Windows\System32\svchost.exe,False,D:\UOW\SEM3\msc-diss-7csef001w\scenarios\scenario_4\run_2\artefacts\event_logs\Security.evtx,Audit success,0,"{""EventData"":{""Data"":[{""@Name"":""SubjectUserSid"",""#text"":""S-1-5-18""},{""@Name"":""SubjectUserName"",""#text"":""DISSTESTBEDVM$""},{""@Name"":""SubjectDomainName"",""#text"":""WORKGROUP""},{""@Name"":""SubjectLogonId"",""#text"":""0x3E7""},{""@Name"":""Status"",""#text"":""0x0""},{""@Name"":""ProcessId"",""#text"":""0x170C""},{""@Name"":""ProcessName"",""#text"":""C:\\Windows\\System32\\svchost.exe""}]}}"
32433,32433,2026-08-22 20:34:35.7175838,4688,LogAlways,Microsoft-Windows-Security-Auditing,Security,4,468,disstestbedvm,385,,A new process has been created,WORKGROUP\DISSTESTBEDVM$,,Parent process: C:\Windows\System32\svchost.exe,PID: 0x124,Parent PID: 0x2328,Mandatory label: SECURITY_MANDATORY_LOW_RID,Target User: disstestbedvm\dfanalyst,,"C:\Windows\System32\backgroundTaskHost.exe ""C:\WINDOWS\system32\BackgroundTaskHost.exe"" -ServerName:BackgroundTaskHost.WebAccountProvider",False,D:\UOW\SEM3\msc-diss-7csef001w\scenarios\scenario_4\run_2\artefacts\event_logs\Security.evtx,Audit success,0,"{""EventData"":{""Data"":[{""@Name"":""SubjectUserSid"",""#text"":""S-1-5-18""},{""@Name"":""SubjectUserName"",""#text"":""DISSTESTBEDVM$""},{""@Name"":""SubjectDomainName"",""#text"":""WORKGROUP""},{""@Name"":""SubjectLogonId"",""#text"":""0x3E7""},{""@Name"":""NewProcessId"",""#text"":""0x2328""},{""@Name"":""NewProcessName"",""#text"":""C:\\Windows\\System32\\backgroundTaskHost.exe""},{""@Name"":""TokenElevationType"",""#text"":""%%1938""},{""@Name"":""ProcessId"",""#text"":""0x124""},{""@Name"":""CommandLine"",""#text"":""\""C:\\WINDOWS\\system32\\BackgroundTaskHost.exe\"" -ServerName:BackgroundTaskHost.WebAccountProvider""},{""@Name"":""TargetUserSid"",""#text"":""S-1-5-21-4209295338-567392030-2519289182-1001""},{""@Name"":""TargetUserName"",""#text"":""dfanalyst""},{""@Name"":""TargetDomainName"",""#text"":""disstestbedvm""},{""@Name"":""TargetLogonId"",""#text"":""0x57494""},{""@Name"":""ParentProcessName"",""#text"":""C:\\Windows\\System32\\svchost.exe""},{""@Name"":""MandatoryLabel"",""#text"":""S-1-16-4096""}]}}"
32434,32434,2026-08-22 20:34:35.7294684,4688,LogAlways,Microsoft-Windows-Security-Auditing,Security,4,10144,disstestbedvm,385,,A new process has been created,WORKGROUP\DISSTESTBEDVM$,,Parent process: C:\Windows\System32\svchost.exe,PID: 0x80C,Parent PID: 0x2894,Mandatory label: SECURITY_MANDATORY_MEDIUM_RID,Target User: disstestbedvm\dfanalyst,,C:\Windows\System32\taskhostw.exe taskhostw.exe Logon,False,D:\UOW\SEM3\msc-diss-7csef001w\scenarios\scenario_4\run_2\artefacts\event_logs\Security.evtx,Audit success,0,"{""EventData"":{""Data"":[{""@Name"":""SubjectUserSid"",""#text"":""S-1-5-18""},{""@Name"":""SubjectUserName"",""#text"":""DISSTESTBEDVM$""},{""@Name"":""SubjectDomainName"",""#text"":""WORKGROUP""},{""@Name"":""SubjectLogonId"",""#text"":""0x3E7""},{""@Name"":""NewProcessId"",""#text"":""0x2894""},{""@Name"":""NewProcessName"",""#text"":""C:\\Windows\\System32\\taskhostw.exe""},{""@Name"":""TokenElevationType"",""#text"":""%%1938""},{""@Name"":""ProcessId"",""#text"":""0x80C""},{""@Name"":""CommandLine"",""#text"":""taskhostw.exe Logon""},{""@Name"":""TargetUserSid"",""#text"":""S-1-5-21-4209295338-567392030-2519289182-1001""},{""@Name"":""TargetUserName"",""#text"":""dfanalyst""},{""@Name"":""TargetDomainName"",""#text"":""disstestbedvm""},{""@Name"":""TargetLogonId"",""#text"":""0x57494""},{""@Name"":""ParentProcessName"",""#text"":""C:\\Windows\\System32\\svchost.exe""},{""@Name"":""MandatoryLabel"",""#text"":""S-1-16-8192""}]}}"
32435,32435,2026-08-22 20:34:35.8165290,4689,LogAlways,Microsoft-Windows-Security-Auditing,Security,4,10132,disstestbedvm,385,,A process has exited,disstestbedvm\dfanalyst,,,PID: 0x2894,,,,,C:\Windows\System32\taskhostw.exe,False,D:\UOW\SEM3\msc-diss-7csef001w\scenarios\scenario_4\run_2\artefacts\event_logs\Security.evtx,Audit success,0,"{""EventData"":{""Data"":[{""@Name"":""SubjectUserSid"",""#text"":""S-1-5-21-4209295338-567392030-2519289182-1001""},{""@Name"":""SubjectUserName"",""#text"":""dfanalyst""},{""@Name"":""SubjectDomainName"",""#text"":""disstestbedvm""},{""@Name"":""SubjectLogonId"",""#text"":""0x57494""},{""@Name"":""Status"",""#text"":""0x0""},{""@Name"":""ProcessId"",""#text"":""0x2894""},{""@Name"":""ProcessName"",""#text"":""C:\\Windows\\System32\\taskhostw.exe""}]}}"
32436,32436,2026-08-22 20:34:35.9098344,4689,LogAlways,Microsoft-Windows-Security-Auditing,Security,4,10132,disstestbedvm,385,,A process has exited,disstestbedvm\dfanalyst,,,PID: 0x2328,,,,,C:\Windows\System32\backgroundTaskHost.exe,False,D:\UOW\SEM3\msc-diss-7csef001w\scenarios\scenario_4\run_2\artefacts\event_logs\Security.evtx,Audit success,0,"{""EventData"":{""Data"":[{""@Name"":""SubjectUserSid"",""#text"":""S-1-5-21-4209295338-567392030-2519289182-1001""},{""@Name"":""SubjectUserName"",""#text"":""dfanalyst""},{""@Name"":""SubjectDomainName"",""#text"":""disstestbedvm""},{""@Name"":""SubjectLogonId"",""#text"":""0x57494""},{""@Name"":""Status"",""#text"":""0x1""},{""@Name"":""ProcessId"",""#text"":""0x2328""},{""@Name"":""ProcessName"",""#text"":""C:\\Windows\\System32\\backgroundTaskHost.exe""}]}}"
32437,32437,2026-08-22 20:34:36.3968326,4663,LogAlways,Microsoft-Windows-Security-Auditing,Security,4,148,disstestbedvm,385,,Attempt was made to access an object,disstestbedvm\dfanalyst,,ObjectServer: Security,ObjectType: File,ObjectName: \Device\CdRom0\setup.exe,"AccessList: Unknown code (%%4416, )",,,C:\Windows\explorer.exe,False,D:\UOW\SEM3\msc-diss-7csef001w\scenarios\scenario_4\run_2\artefacts\event_logs\Security.evtx,Audit success,0,"{""EventData"":{""Data"":[{""@Name"":""SubjectUserSid"",""#text"":""S-1-5-21-4209295338-567392030-2519289182-1001""},{""@Name"":""SubjectUserName"",""#text"":""dfanalyst""},{""@Name"":""SubjectDomainName"",""#text"":""disstestbedvm""},{""@Name"":""SubjectLogonId"",""#text"":""0x57494""},{""@Name"":""ObjectServer"",""#text"":""Security""},{""@Name"":""ObjectType"",""#text"":""File""},{""@Name"":""ObjectName"",""#text"":""\\Device\\CdRom0\\setup.exe""},{""@Name"":""HandleId"",""#text"":""0x41C4""},{""@Name"":""AccessList"",""#text"":""%%4416, ""},{""@Name"":""AccessMask"",""#text"":""0x1""},{""@Name"":""ProcessId"",""#text"":""0x1630""},{""@Name"":""ProcessName"",""#text"":""C:\\Windows\\explorer.exe""},{""@Name"":""ResourceAttributes""}]}}"
32438,32438,2026-08-22 20:34:36.4592667,4663,LogAlways,Microsoft-Windows-Security-Auditing,Security,4,10132,disstestbedvm,385,,Attempt was made to access an object,disstestbedvm\dfanalyst,,ObjectServer: Security,ObjectType: File,ObjectName: \Device\CdRom0\,"AccessList: Unknown code (%%4416, )",,,C:\Windows\explorer.exe,False,D:\UOW\SEM3\msc-diss-7csef001w\scenarios\scenario_4\run_2\artefacts\event_logs\Security.evtx,Audit success,0,"{""EventData"":{""Data"":[{""@Name"":""SubjectUserSid"",""#text"":""S-1-5-21-4209295338-567392030-2519289182-1001""},{""@Name"":""SubjectUserName"",""#text"":""dfanalyst""},{""@Name"":""SubjectDomainName"",""#text"":""disstestbedvm""},{""@Name"":""SubjectLogonId"",""#text"":""0x57494""},{""@Name"":""ObjectServer"",""#text"":""Security""},{""@Name"":""ObjectType"",""#text"":""File""},{""@Name"":""ObjectName"",""#text"":""\\Device\\CdRom0\\""},{""@Name"":""HandleId"",""#text"":""0x411C""},{""@Name"":""AccessList"",""#text"":""%%4416, ""},{""@Name"":""AccessMask"",""#text"":""0x1""},{""@Name"":""ProcessId"",""#text"":""0x1630""},{""@Name"":""ProcessName"",""#text"":""C:\\Windows\\explorer.exe""},{""@Name"":""ResourceAttributes""}]}}"
32439,32439,2026-08-22 20:34:36.4601250,4663,LogAlways,Microsoft-Windows-Security-Auditing,Security,4,10132,disstestbedvm,385,,Attempt was made to access an object,disstestbedvm\dfanalyst,,ObjectServer: Security,ObjectType: File,ObjectName: \Device\CdRom0\,"AccessList: Unknown code (%%4416, )",,,C:\Windows\explorer.exe,False,D:\UOW\SEM3\msc-diss-7csef001w\scenarios\scenario_4\run_2\artefacts\event_logs\Security.evtx,Audit success,0,"{""EventData"":{""Data"":[{""@Name"":""SubjectUserSid"",""#text"":""S-1-5-21-4209295338-567392030-2519289182-1001""},{""@Name"":""SubjectUserName"",""#text"":""dfanalyst""},{""@Name"":""SubjectDomainName"",""#text"":""disstestbedvm""},{""@Name"":""SubjectLogonId"",""#text"":""0x57494""},{""@Name"":""ObjectServer"",""#text"":""Security""},{""@Name"":""ObjectType"",""#text"":""File""},{""@Name"":""ObjectName"",""#text"":""\\Device\\CdRom0\\""},{""@Name"":""HandleId"",""#text"":""0x41B8""},{""@Name"":""AccessList"",""#text"":""%%4416, ""},{""@Name"":""AccessMask"",""#text"":""0x1""},{""@Name"":""ProcessId"",""#text"":""0x1630""},{""@Name"":""ProcessName"",""#text"":""C:\\Windows\\explorer.exe""},{""@Name"":""ResourceAttributes""}]}}"
32440,32440,2026-08-22 20:34:38.1485844,4688,LogAlways,Microsoft-Windows-Security-Auditing,Security,4,148,disstestbedvm,385,,A new process has been created,WORKGROUP\DISSTESTBEDVM$,,Parent process: C:\Windows\System32\svchost.exe,PID: 0x80C,Parent PID: 0x18BC,Mandatory label: SECURITY_MANDATORY_SYSTEM_RID,Target User: -\-,,C:\Windows\System32\taskhostw.exe taskhostw.exe,False,D:\UOW\SEM3\msc-diss-7csef001w\scenarios\scenario_4\run_2\artefacts\event_logs\Security.evtx,Audit success,0,"{""EventData"":{""Data"":[{""@Name"":""SubjectUserSid"",""#text"":""S-1-5-18""},{""@Name"":""SubjectUserName"",""#text"":""DISSTESTBEDVM$""},{""@Name"":""SubjectDomainName"",""#text"":""WORKGROUP""},{""@Name"":""SubjectLogonId"",""#text"":""0x3E7""},{""@Name"":""NewProcessId"",""#text"":""0x18BC""},{""@Name"":""NewProcessName"",""#text"":""C:\\Windows\\System32\\taskhostw.exe""},{""@Name"":""TokenElevationType"",""#text"":""%%1936""},{""@Name"":""ProcessId"",""#text"":""0x80C""},{""@Name"":""CommandLine"",""#text"":""taskhostw.exe""},{""@Name"":""TargetUserSid"",""#text"":""S-1-0-0""},{""@Name"":""TargetUserName"",""#text"":""-""},{""@Name"":""TargetDomainName"",""#text"":""-""},{""@Name"":""TargetLogonId"",""#text"":""0x0""},{""@Name"":""ParentProcessName"",""#text"":""C:\\Windows\\System32\\svchost.exe""},{""@Name"":""MandatoryLabel"",""#text"":""S-1-16-16384""}]}}"
32441,32441,2026-08-22 20:34:38.1728959,4689,LogAlways,Microsoft-Windows-Security-Auditing,Security,4,148,disstestbedvm,385,,A process has exited,WORKGROUP\DISSTESTBEDVM$,,,PID: 0x18BC,,,,,C:\Windows\System32\taskhostw.exe,False,D:\UOW\SEM3\msc-diss-7csef001w\scenarios\scenario_4\run_2\artefacts\event_logs\Security.evtx,Audit success,0,"{""EventData"":{""Data"":[{""@Name"":""SubjectUserSid"",""#text"":""S-1-5-18""},{""@Name"":""SubjectUserName"",""#text"":""DISSTESTBEDVM$""},{""@Name"":""SubjectDomainName"",""#text"":""WORKGROUP""},{""@Name"":""SubjectLogonId"",""#text"":""0x3E7""},{""@Name"":""Status"",""#text"":""0x0""},{""@Name"":""ProcessId"",""#text"":""0x18BC""},{""@Name"":""ProcessName"",""#text"":""C:\\Windows\\System32\\taskhostw.exe""}]}}"
32442,32442,2026-08-22 20:34:38.6423272,4689,LogAlways,Microsoft-Windows-Security-Auditing,Security,4,2664,disstestbedvm,385,,A process has exited,disstestbedvm\dfanalyst,,,PID: 0x182C,,,,,C:\Windows\System32\RuntimeBroker.exe,False,D:\UOW\SEM3\msc-diss-7csef001w\scenarios\scenario_4\run_2\artefacts\event_logs\Security.evtx,Audit success,0,"{""EventData"":{""Data"":[{""@Name"":""SubjectUserSid"",""#text"":""S-1-5-21-4209295338-567392030-2519289182-1001""},{""@Name"":""SubjectUserName"",""#text"":""dfanalyst""},{""@Name"":""SubjectDomainName"",""#text"":""disstestbedvm""},{""@Name"":""SubjectLogonId"",""#text"":""0x57494""},{""@Name"":""Status"",""#text"":""0x0""},{""@Name"":""ProcessId"",""#text"":""0x182C""},{""@Name"":""ProcessName"",""#text"":""C:\\Windows\\System32\\RuntimeBroker.exe""}]}}"
32443,32443,2026-08-22 20:34:38.7849425,4689,LogAlways,Microsoft-Windows-Security-Auditing,Security,4,148,disstestbedvm,385,,A process has exited,disstestbedvm\dfanalyst,,,PID: 0x1C18,,,,,C:\Windows\System32\RuntimeBroker.exe,False,D:\UOW\SEM3\msc-diss-7csef001w\scenarios\scenario_4\run_2\artefacts\event_logs\Security.evtx,Audit success,0,"{""EventData"":{""Data"":[{""@Name"":""SubjectUserSid"",""#text"":""S-1-5-21-4209295338-567392030-2519289182-1001""},{""@Name"":""SubjectUserName"",""#text"":""dfanalyst""},{""@Name"":""SubjectDomainName"",""#text"":""disstestbedvm""},{""@Name"":""SubjectLogonId"",""#text"":""0x57494""},{""@Name"":""Status"",""#text"":""0x0""},{""@Name"":""ProcessId"",""#text"":""0x1C18""},{""@Name"":""ProcessName"",""#text"":""C:\\Windows\\System32\\RuntimeBroker.exe""}]}}"
32444,32444,2026-08-22 20:34:40.3109784,4689,LogAlways,Microsoft-Windows-Security-Auditing,Security,4,148,disstestbedvm,385,,A process has exited,WORKGROUP\DISSTESTBEDVM$,,,PID: 0x2AA4,,,,,C:\Windows\System32\dllhost.exe,False,D:\UOW\SEM3\msc-diss-7csef001w\scenarios\scenario_4\run_2\artefacts\event_logs\Security.evtx,Audit success,0,"{""EventData"":{""Data"":[{""@Name"":""SubjectUserSid"",""#text"":""S-1-5-18""},{""@Name"":""SubjectUserName"",""#text"":""DISSTESTBEDVM$""},{""@Name"":""SubjectDomainName"",""#text"":""WORKGROUP""},{""@Name"":""SubjectLogonId"",""#text"":""0x3E7""},{""@Name"":""Status"",""#text"":""0x0""},{""@Name"":""ProcessId"",""#text"":""0x2AA4""},{""@Name"":""ProcessName"",""#text"":""C:\\Windows\\System32\\dllhost.exe""}]}}"
32447,32447,2026-08-22 20:35:19.7147992,4688,LogAlways,Microsoft-Windows-Security-Auditing,Security,4,5896,disstestbedvm,385,,A new process has been created,WORKGROUP\DISSTESTBEDVM$,,Parent process: C:\Windows\System32\svchost.exe,PID: 0x80C,Parent PID: 0x22A4,Mandatory label: SECURITY_MANDATORY_SYSTEM_RID,Target User: -\-,,"C:\Program Files (x86)\Microsoft\EdgeUpdate\MicrosoftEdgeUpdate.exe ""C:\Program Files (x86)\Microsoft\EdgeUpdate\MicrosoftEdgeUpdate.exe"" /ua /installsource scheduler",False,D:\UOW\SEM3\msc-diss-7csef001w\scenarios\scenario_4\run_2\artefacts\event_logs\Security.evtx,Audit success,0,"{""EventData"":{""Data"":[{""@Name"":""SubjectUserSid"",""#text"":""S-1-5-18""},{""@Name"":""SubjectUserName"",""#text"":""DISSTESTBEDVM$""},{""@Name"":""SubjectDomainName"",""#text"":""WORKGROUP""},{""@Name"":""SubjectLogonId"",""#text"":""0x3E7""},{""@Name"":""NewProcessId"",""#text"":""0x22A4""},{""@Name"":""NewProcessName"",""#text"":""C:\\Program Files (x86)\\Microsoft\\EdgeUpdate\\MicrosoftEdgeUpdate.exe""},{""@Name"":""TokenElevationType"",""#text"":""%%1936""},{""@Name"":""ProcessId"",""#text"":""0x80C""},{""@Name"":""CommandLine"",""#text"":""\""C:\\Program Files (x86)\\Microsoft\\EdgeUpdate\\MicrosoftEdgeUpdate.exe\"" /ua /installsource scheduler""},{""@Name"":""TargetUserSid"",""#text"":""S-1-0-0""},{""@Name"":""TargetUserName"",""#text"":""-""},{""@Name"":""TargetDomainName"",""#text"":""-""},{""@Name"":""TargetLogonId"",""#text"":""0x0""},{""@Name"":""ParentProcessName"",""#text"":""C:\\Windows\\System32\\svchost.exe""},{""@Name"":""MandatoryLabel"",""#text"":""S-1-16-16384""}]}}"
32448,32448,2026-08-22 20:35:19.8283443,4689,LogAlways,Microsoft-Windows-Security-Auditing,Security,4,10128,disstestbedvm,385,,A process has exited,WORKGROUP\DISSTESTBEDVM$,,,PID: 0x22A4,,,,,C:\Program Files (x86)\Microsoft\EdgeUpdate\MicrosoftEdgeUpdate.exe,False,D:\UOW\SEM3\msc-diss-7csef001w\scenarios\scenario_4\run_2\artefacts\event_logs\Security.evtx,Audit success,0,"{""EventData"":{""Data"":[{""@Name"":""SubjectUserSid"",""#text"":""S-1-5-18""},{""@Name"":""SubjectUserName"",""#text"":""DISSTESTBEDVM$""},{""@Name"":""SubjectDomainName"",""#text"":""WORKGROUP""},{""@Name"":""SubjectLogonId"",""#text"":""0x3E7""},{""@Name"":""Status"",""#text"":""0x0""},{""@Name"":""ProcessId"",""#text"":""0x22A4""},{""@Name"":""ProcessName"",""#text"":""C:\\Program Files (x86)\\Microsoft\\EdgeUpdate\\MicrosoftEdgeUpdate.exe""}]}}"
32449,32449,2026-08-22 20:35:24.4401011,4688,LogAlways,Microsoft-Windows-Security-Auditing,Security,4,5896,disstestbedvm,385,,A new process has been created,WORKGROUP\DISSTESTBEDVM$,,Parent process: C:\Windows\System32\svchost.exe,PID: 0x124,Parent PID: 0xC74,Mandatory label: SECURITY_MANDATORY_MEDIUM_RID,Target User: disstestbedvm\dfanalyst,,"C:\Windows\System32\rundll32.exe C:\WINDOWS\System32\rundll32.exe C:\WINDOWS\System32\shell32.dll,SHCreateLocalServerRunDll {9aa46009-3ce0-458a-a354-715610a075e6} -Embedding",False,D:\UOW\SEM3\msc-diss-7csef001w\scenarios\scenario_4\run_2\artefacts\event_logs\Security.evtx,Audit success,0,"{""EventData"":{""Data"":[{""@Name"":""SubjectUserSid"",""#text"":""S-1-5-18""},{""@Name"":""SubjectUserName"",""#text"":""DISSTESTBEDVM$""},{""@Name"":""SubjectDomainName"",""#text"":""WORKGROUP""},{""@Name"":""SubjectLogonId"",""#text"":""0x3E7""},{""@Name"":""NewProcessId"",""#text"":""0xC74""},{""@Name"":""NewProcessName"",""#text"":""C:\\Windows\\System32\\rundll32.exe""},{""@Name"":""TokenElevationType"",""#text"":""%%1938""},{""@Name"":""ProcessId"",""#text"":""0x124""},{""@Name"":""CommandLine"",""#text"":""C:\\WINDOWS\\System32\\rundll32.exe C:\\WINDOWS\\System32\\shell32.dll,SHCreateLocalServerRunDll {9aa46009-3ce0-458a-a354-715610a075e6} -Embedding""},{""@Name"":""TargetUserSid"",""#text"":""S-1-5-21-4209295338-567392030-2519289182-1001""},{""@Name"":""TargetUserName"",""#text"":""dfanalyst""},{""@Name"":""TargetDomainName"",""#text"":""disstestbedvm""},{""@Name"":""TargetLogonId"",""#text"":""0x57494""},{""@Name"":""ParentProcessName"",""#text"":""C:\\Windows\\System32\\svchost.exe""},{""@Name"":""MandatoryLabel"",""#text"":""S-1-16-8192""}]}}"
32450,32450,2026-08-22 20:35:24.4859492,4689,LogAlways,Microsoft-Windows-Security-Auditing,Security,4,468,disstestbedvm,385,,A process has exited,disstestbedvm\dfanalyst,,,PID: 0xC74,,,,,C:\Windows\System32\rundll32.exe,False,D:\UOW\SEM3\msc-diss-7csef001w\scenarios\scenario_4\run_2\artefacts\event_logs\Security.evtx,Audit success,480,"{""EventData"":{""Data"":[{""@Name"":""SubjectUserSid"",""#text"":""S-1-5-21-4209295338-567392030-2519289182-1001""},{""@Name"":""SubjectUserName"",""#text"":""dfanalyst""},{""@Name"":""SubjectDomainName"",""#text"":""disstestbedvm""},{""@Name"":""SubjectLogonId"",""#text"":""0x57494""},{""@Name"":""Status"",""#text"":""0x0""},{""@Name"":""ProcessId"",""#text"":""0xC74""},{""@Name"":""ProcessName"",""#text"":""C:\\Windows\\System32\\rundll32.exe""}]}}"
32451,32451,2026-08-22 20:35:47.2258728,4688,LogAlways,Microsoft-Windows-Security-Auditing,Security,4,5896,disstestbedvm,385,,A new process has been created,disstestbedvm\dfanalyst,,Parent process: C:\Windows\explorer.exe,PID: 0x1630,Parent PID: 0x1554,Mandatory label: SECURITY_MANDATORY_MEDIUM_RID,Target User: -\-,,"\Device\HarddiskVolume5\PORTABLE\HelloWorld.exe ""E:\PORTABLE\HelloWorld.exe"" ",False,D:\UOW\SEM3\msc-diss-7csef001w\scenarios\scenario_4\run_2\artefacts\event_logs\Security.evtx,Audit success,0,"{""EventData"":{""Data"":[{""@Name"":""SubjectUserSid"",""#text"":""S-1-5-21-4209295338-567392030-2519289182-1001""},{""@Name"":""SubjectUserName"",""#text"":""dfanalyst""},{""@Name"":""SubjectDomainName"",""#text"":""disstestbedvm""},{""@Name"":""SubjectLogonId"",""#text"":""0x57494""},{""@Name"":""NewProcessId"",""#text"":""0x1554""},{""@Name"":""NewProcessName"",""#text"":""\\Device\\HarddiskVolume5\\PORTABLE\\HelloWorld.exe""},{""@Name"":""TokenElevationType"",""#text"":""%%1938""},{""@Name"":""ProcessId"",""#text"":""0x1630""},{""@Name"":""CommandLine"",""#text"":""\""E:\\PORTABLE\\HelloWorld.exe\"" ""},{""@Name"":""TargetUserSid"",""#text"":""S-1-0-0""},{""@Name"":""TargetUserName"",""#text"":""-""},{""@Name"":""TargetDomainName"",""#text"":""-""},{""@Name"":""TargetLogonId"",""#text"":""0x0""},{""@Name"":""ParentProcessName"",""#text"":""C:\\Windows\\explorer.exe""},{""@Name"":""MandatoryLabel"",""#text"":""S-1-16-8192""}]}}"
32452,32452,2026-08-22 20:35:47.2472828,4688,LogAlways,Microsoft-Windows-Security-Auditing,Security,4,2664,disstestbedvm,385,,A new process has been created,disstestbedvm\dfanalyst,,Parent process: \Device\HarddiskVolume5\PORTABLE\HelloWorld.exe,PID: 0x1554,Parent PID: 0x2034,Mandatory label: SECURITY_MANDATORY_MEDIUM_RID,Target User: -\-,,C:\Windows\System32\conhost.exe \??\C:\WINDOWS\system32\conhost.exe 0xffffffff -ForceV1,False,D:\UOW\SEM3\msc-diss-7csef001w\scenarios\scenario_4\run_2\artefacts\event_logs\Security.evtx,Audit success,0,"{""EventData"":{""Data"":[{""@Name"":""SubjectUserSid"",""#text"":""S-1-5-21-4209295338-567392030-2519289182-1001""},{""@Name"":""SubjectUserName"",""#text"":""dfanalyst""},{""@Name"":""SubjectDomainName"",""#text"":""disstestbedvm""},{""@Name"":""SubjectLogonId"",""#text"":""0x57494""},{""@Name"":""NewProcessId"",""#text"":""0x2034""},{""@Name"":""NewProcessName"",""#text"":""C:\\Windows\\System32\\conhost.exe""},{""@Name"":""TokenElevationType"",""#text"":""%%1938""},{""@Name"":""ProcessId"",""#text"":""0x1554""},{""@Name"":""CommandLine"",""#text"":""\\??\\C:\\WINDOWS\\system32\\conhost.exe 0xffffffff -ForceV1""},{""@Name"":""TargetUserSid"",""#text"":""S-1-0-0""},{""@Name"":""TargetUserName"",""#text"":""-""},{""@Name"":""TargetDomainName"",""#text"":""-""},{""@Name"":""TargetLogonId"",""#text"":""0x0""},{""@Name"":""ParentProcessName"",""#text"":""\\Device\\HarddiskVolume5\\PORTABLE\\HelloWorld.exe""},{""@Name"":""MandatoryLabel"",""#text"":""S-1-16-8192""}]}}"
32453,32453,2026-08-22 20:35:47.2742485,4688,LogAlways,Microsoft-Windows-Security-Auditing,Security,4,2664,disstestbedvm,385,,A new process has been created,WORKGROUP\DISSTESTBEDVM$,,Parent process: C:\Windows\System32\svchost.exe,PID: 0x124,Parent PID: 0x2144,Mandatory label: SECURITY_MANDATORY_MEDIUM_RID,Target User: disstestbedvm\dfanalyst,,"C:\Program Files\WindowsApps\Microsoft.WindowsTerminal_1.24.11911.0_x64__8wekyb3d8bbwe\OpenConsole.exe ""C:\Program Files\WindowsApps\Microsoft.WindowsTerminal_1.24.11911.0_x64__8wekyb3d8bbwe\OpenConsole.exe"" -Embedding",False,D:\UOW\SEM3\msc-diss-7csef001w\scenarios\scenario_4\run_2\artefacts\event_logs\Security.evtx,Audit success,0,"{""EventData"":{""Data"":[{""@Name"":""SubjectUserSid"",""#text"":""S-1-5-18""},{""@Name"":""SubjectUserName"",""#text"":""DISSTESTBEDVM$""},{""@Name"":""SubjectDomainName"",""#text"":""WORKGROUP""},{""@Name"":""SubjectLogonId"",""#text"":""0x3E7""},{""@Name"":""NewProcessId"",""#text"":""0x2144""},{""@Name"":""NewProcessName"",""#text"":""C:\\Program Files\\WindowsApps\\Microsoft.WindowsTerminal_1.24.11911.0_x64__8wekyb3d8bbwe\\OpenConsole.exe""},{""@Name"":""TokenElevationType"",""#text"":""%%1938""},{""@Name"":""ProcessId"",""#text"":""0x124""},{""@Name"":""CommandLine"",""#text"":""\""C:\\Program Files\\WindowsApps\\Microsoft.WindowsTerminal_1.24.11911.0_x64__8wekyb3d8bbwe\\OpenConsole.exe\"" -Embedding""},{""@Name"":""TargetUserSid"",""#text"":""S-1-5-21-4209295338-567392030-2519289182-1001""},{""@Name"":""TargetUserName"",""#text"":""dfanalyst""},{""@Name"":""TargetDomainName"",""#text"":""disstestbedvm""},{""@Name"":""TargetLogonId"",""#text"":""0x57494""},{""@Name"":""ParentProcessName"",""#text"":""C:\\Windows\\System32\\svchost.exe""},{""@Name"":""MandatoryLabel"",""#text"":""S-1-16-8192""}]}}"
32454,32454,2026-08-22 20:35:47.3728907,4688,LogAlways,Microsoft-Windows-Security-Auditing,Security,4,2664,disstestbedvm,385,,A new process has been created,WORKGROUP\DISSTESTBEDVM$,,Parent process: C:\Windows\System32\svchost.exe,PID: 0x124,Parent PID: 0x28B4,Mandatory label: SECURITY_MANDATORY_MEDIUM_RID,Target User: disstestbedvm\dfanalyst,,"C:\Program Files\WindowsApps\Microsoft.WindowsTerminal_1.24.11911.0_x64__8wekyb3d8bbwe\WindowsTerminal.exe ""C:\Program Files\WindowsApps\Microsoft.WindowsTerminal_1.24.11911.0_x64__8wekyb3d8bbwe\WindowsTerminal.exe"" -Embedding",False,D:\UOW\SEM3\msc-diss-7csef001w\scenarios\scenario_4\run_2\artefacts\event_logs\Security.evtx,Audit success,0,"{""EventData"":{""Data"":[{""@Name"":""SubjectUserSid"",""#text"":""S-1-5-18""},{""@Name"":""SubjectUserName"",""#text"":""DISSTESTBEDVM$""},{""@Name"":""SubjectDomainName"",""#text"":""WORKGROUP""},{""@Name"":""SubjectLogonId"",""#text"":""0x3E7""},{""@Name"":""NewProcessId"",""#text"":""0x28B4""},{""@Name"":""NewProcessName"",""#text"":""C:\\Program Files\\WindowsApps\\Microsoft.WindowsTerminal_1.24.11911.0_x64__8wekyb3d8bbwe\\WindowsTerminal.exe""},{""@Name"":""TokenElevationType"",""#text"":""%%1938""},{""@Name"":""ProcessId"",""#text"":""0x124""},{""@Name"":""CommandLine"",""#text"":""\""C:\\Program Files\\WindowsApps\\Microsoft.WindowsTerminal_1.24.11911.0_x64__8wekyb3d8bbwe\\WindowsTerminal.exe\"" -Embedding""},{""@Name"":""TargetUserSid"",""#text"":""S-1-5-21-4209295338-567392030-2519289182-1001""},{""@Name"":""TargetUserName"",""#text"":""dfanalyst""},{""@Name"":""TargetDomainName"",""#text"":""disstestbedvm""},{""@Name"":""TargetLogonId"",""#text"":""0x57494""},{""@Name"":""ParentProcessName"",""#text"":""C:\\Windows\\System32\\svchost.exe""},{""@Name"":""MandatoryLabel"",""#text"":""S-1-16-8192""}]}}"
32455,32455,2026-08-22 20:35:50.2375444,4689,LogAlways,Microsoft-Windows-Security-Auditing,Security,4,10128,disstestbedvm,385,,A process has exited,WORKGROUP\DISSTESTBEDVM$,,,PID: 0x1F24,,,,,C:\Windows\System32\svchost.exe,False,D:\UOW\SEM3\msc-diss-7csef001w\scenarios\scenario_4\run_2\artefacts\event_logs\Security.evtx,Audit success,0,"{""EventData"":{""Data"":[{""@Name"":""SubjectUserSid"",""#text"":""S-1-5-18""},{""@Name"":""SubjectUserName"",""#text"":""DISSTESTBEDVM$""},{""@Name"":""SubjectDomainName"",""#text"":""WORKGROUP""},{""@Name"":""SubjectLogonId"",""#text"":""0x3E7""},{""@Name"":""Status"",""#text"":""0x0""},{""@Name"":""ProcessId"",""#text"":""0x1F24""},{""@Name"":""ProcessName"",""#text"":""C:\\Windows\\System32\\svchost.exe""}]}}"
32456,32456,2026-08-22 20:36:15.3586312,4688,LogAlways,Microsoft-Windows-Security-Auditing,Security,4,468,disstestbedvm,385,,A new process has been created,WORKGROUP\DISSTESTBEDVM$,,Parent process: C:\Windows\System32\svchost.exe,PID: 0x80C,Parent PID: 0x1E60,Mandatory label: SECURITY_MANDATORY_SYSTEM_RID,Target User: -\-,,"C:\Windows\System32\wermgr.exe ""C:\WINDOWS\system32\wermgr.exe"" -upload",False,D:\UOW\SEM3\msc-diss-7csef001w\scenarios\scenario_4\run_2\artefacts\event_logs\Security.evtx,Audit success,0,"{""EventData"":{""Data"":[{""@Name"":""SubjectUserSid"",""#text"":""S-1-5-18""},{""@Name"":""SubjectUserName"",""#text"":""DISSTESTBEDVM$""},{""@Name"":""SubjectDomainName"",""#text"":""WORKGROUP""},{""@Name"":""SubjectLogonId"",""#text"":""0x3E7""},{""@Name"":""NewProcessId"",""#text"":""0x1E60""},{""@Name"":""NewProcessName"",""#text"":""C:\\Windows\\System32\\wermgr.exe""},{""@Name"":""TokenElevationType"",""#text"":""%%1936""},{""@Name"":""ProcessId"",""#text"":""0x80C""},{""@Name"":""CommandLine"",""#text"":""\""C:\\WINDOWS\\system32\\wermgr.exe\"" -upload""},{""@Name"":""TargetUserSid"",""#text"":""S-1-0-0""},{""@Name"":""TargetUserName"",""#text"":""-""},{""@Name"":""TargetDomainName"",""#text"":""-""},{""@Name"":""TargetLogonId"",""#text"":""0x0""},{""@Name"":""ParentProcessName"",""#text"":""C:\\Windows\\System32\\svchost.exe""},{""@Name"":""MandatoryLabel"",""#text"":""S-1-16-16384""}]}}"
32457,32457,2026-08-22 20:36:15.3591114,4688,LogAlways,Microsoft-Windows-Security-Auditing,Security,4,10132,disstestbedvm,385,,A new process has been created,WORKGROUP\DISSTESTBEDVM$,,Parent process: C:\Windows\System32\svchost.exe,PID: 0x80C,Parent PID: 0x214C,Mandatory label: SECURITY_MANDATORY_MEDIUM_RID,Target User: disstestbedvm\dfanalyst,,C:\Windows\System32\taskhostw.exe taskhostw.exe,False,D:\UOW\SEM3\msc-diss-7csef001w\scenarios\scenario_4\run_2\artefacts\event_logs\Security.evtx,Audit success,0,"{""EventData"":{""Data"":[{""@Name"":""SubjectUserSid"",""#text"":""S-1-5-18""},{""@Name"":""SubjectUserName"",""#text"":""DISSTESTBEDVM$""},{""@Name"":""SubjectDomainName"",""#text"":""WORKGROUP""},{""@Name"":""SubjectLogonId"",""#text"":""0x3E7""},{""@Name"":""NewProcessId"",""#text"":""0x214C""},{""@Name"":""NewProcessName"",""#text"":""C:\\Windows\\System32\\taskhostw.exe""},{""@Name"":""TokenElevationType"",""#text"":""%%1938""},{""@Name"":""ProcessId"",""#text"":""0x80C""},{""@Name"":""CommandLine"",""#text"":""taskhostw.exe""},{""@Name"":""TargetUserSid"",""#text"":""S-1-5-21-4209295338-567392030-2519289182-1001""},{""@Name"":""TargetUserName"",""#text"":""dfanalyst""},{""@Name"":""TargetDomainName"",""#text"":""disstestbedvm""},{""@Name"":""TargetLogonId"",""#text"":""0x57494""},{""@Name"":""ParentProcessName"",""#text"":""C:\\Windows\\System32\\svchost.exe""},{""@Name"":""MandatoryLabel"",""#text"":""S-1-16-8192""}]}}"
32458,32458,2026-08-22 20:36:15.3619749,4688,LogAlways,Microsoft-Windows-Security-Auditing,Security,4,468,disstestbedvm,385,,A new process has been created,WORKGROUP\DISSTESTBEDVM$,,Parent process: C:\Windows\System32\svchost.exe,PID: 0x80C,Parent PID: 0x25E8,Mandatory label: SECURITY_MANDATORY_SYSTEM_RID,Target User: -\-,,C:\Windows\System32\taskhostw.exe taskhostw.exe,False,D:\UOW\SEM3\msc-diss-7csef001w\scenarios\scenario_4\run_2\artefacts\event_logs\Security.evtx,Audit success,0,"{""EventData"":{""Data"":[{""@Name"":""SubjectUserSid"",""#text"":""S-1-5-18""},{""@Name"":""SubjectUserName"",""#text"":""DISSTESTBEDVM$""},{""@Name"":""SubjectDomainName"",""#text"":""WORKGROUP""},{""@Name"":""SubjectLogonId"",""#text"":""0x3E7""},{""@Name"":""NewProcessId"",""#text"":""0x25E8""},{""@Name"":""NewProcessName"",""#text"":""C:\\Windows\\System32\\taskhostw.exe""},{""@Name"":""TokenElevationType"",""#text"":""%%1936""},{""@Name"":""ProcessId"",""#text"":""0x80C""},{""@Name"":""CommandLine"",""#text"":""taskhostw.exe""},{""@Name"":""TargetUserSid"",""#text"":""S-1-0-0""},{""@Name"":""TargetUserName"",""#text"":""-""},{""@Name"":""TargetDomainName"",""#text"":""-""},{""@Name"":""TargetLogonId"",""#text"":""0x0""},{""@Name"":""ParentProcessName"",""#text"":""C:\\Windows\\System32\\svchost.exe""},{""@Name"":""MandatoryLabel"",""#text"":""S-1-16-16384""}]}}"
32459,32459,2026-08-22 20:36:15.3631660,4688,LogAlways,Microsoft-Windows-Security-Auditing,Security,4,6692,disstestbedvm,385,,A new process has been created,WORKGROUP\DISSTESTBEDVM$,,Parent process: C:\Windows\System32\svchost.exe,PID: 0x80C,Parent PID: 0x23A8,Mandatory label: SECURITY_MANDATORY_SYSTEM_RID,Target User: -\-,,"C:\Windows\System32\sc.exe ""C:\WINDOWS\system32\sc.exe"" start pushtoinstall registration",False,D:\UOW\SEM3\msc-diss-7csef001w\scenarios\scenario_4\run_2\artefacts\event_logs\Security.evtx,Audit success,0,"{""EventData"":{""Data"":[{""@Name"":""SubjectUserSid"",""#text"":""S-1-5-18""},{""@Name"":""SubjectUserName"",""#text"":""DISSTESTBEDVM$""},{""@Name"":""SubjectDomainName"",""#text"":""WORKGROUP""},{""@Name"":""SubjectLogonId"",""#text"":""0x3E7""},{""@Name"":""NewProcessId"",""#text"":""0x23A8""},{""@Name"":""NewProcessName"",""#text"":""C:\\Windows\\System32\\sc.exe""},{""@Name"":""TokenElevationType"",""#text"":""%%1936""},{""@Name"":""ProcessId"",""#text"":""0x80C""},{""@Name"":""CommandLine"",""#text"":""\""C:\\WINDOWS\\system32\\sc.exe\"" start pushtoinstall registration""},{""@Name"":""TargetUserSid"",""#text"":""S-1-0-0""},{""@Name"":""TargetUserName"",""#text"":""-""},{""@Name"":""TargetDomainName"",""#text"":""-""},{""@Name"":""TargetLogonId"",""#text"":""0x0""},{""@Name"":""ParentProcessName"",""#text"":""C:\\Windows\\System32\\svchost.exe""},{""@Name"":""MandatoryLabel"",""#text"":""S-1-16-16384""}]}}"
32460,32460,2026-08-22 20:36:15.3658544,4688,LogAlways,Microsoft-Windows-Security-Auditing,Security,4,6692,disstestbedvm,385,,A new process has been created,WORKGROUP\DISSTESTBEDVM$,,Parent process: C:\Windows\System32\svchost.exe,PID: 0x80C,Parent PID: 0x1018,Mandatory label: SECURITY_MANDATORY_SYSTEM_RID,Target User: -\-,,"C:\Windows\System32\Microsoft.Data.UsageAndQualityInsights.MaintenanceTask.exe ""C:\WINDOWS\System32\Microsoft.Data.UsageAndQualityInsights.MaintenanceTask.exe""",False,D:\UOW\SEM3\msc-diss-7csef001w\scenarios\scenario_4\run_2\artefacts\event_logs\Security.evtx,Audit success,0,"{""EventData"":{""Data"":[{""@Name"":""SubjectUserSid"",""#text"":""S-1-5-18""},{""@Name"":""SubjectUserName"",""#text"":""DISSTESTBEDVM$""},{""@Name"":""SubjectDomainName"",""#text"":""WORKGROUP""},{""@Name"":""SubjectLogonId"",""#text"":""0x3E7""},{""@Name"":""NewProcessId"",""#text"":""0x1018""},{""@Name"":""NewProcessName"",""#text"":""C:\\Windows\\System32\\Microsoft.Data.UsageAndQualityInsights.MaintenanceTask.exe""},{""@Name"":""TokenElevationType"",""#text"":""%%1936""},{""@Name"":""ProcessId"",""#text"":""0x80C""},{""@Name"":""CommandLine"",""#text"":""\""C:\\WINDOWS\\System32\\Microsoft.Data.UsageAndQualityInsights.MaintenanceTask.exe\""""},{""@Name"":""TargetUserSid"",""#text"":""S-1-0-0""},{""@Name"":""TargetUserName"",""#text"":""-""},{""@Name"":""TargetDomainName"",""#text"":""-""},{""@Name"":""TargetLogonId"",""#text"":""0x0""},{""@Name"":""ParentProcessName"",""#text"":""C:\\Windows\\System32\\svchost.exe""},{""@Name"":""MandatoryLabel"",""#text"":""S-1-16-16384""}]}}"
32461,32461,2026-08-22 20:36:15.3720147,4688,LogAlways,Microsoft-Windows-Security-Auditing,Security,4,6692,disstestbedvm,385,,A new process has been created,WORKGROUP\DISSTESTBEDVM$,,Parent process: C:\Windows\System32\svchost.exe,PID: 0x80C,Parent PID: 0x15DC,Mandatory label: SECURITY_MANDATORY_SYSTEM_RID,Target User: -\-,,"C:\Windows\System32\wsqmcons.exe ""C:\WINDOWS\System32\wsqmcons.exe""",False,D:\UOW\SEM3\msc-diss-7csef001w\scenarios\scenario_4\run_2\artefacts\event_logs\Security.evtx,Audit success,0,"{""EventData"":{""Data"":[{""@Name"":""SubjectUserSid"",""#text"":""S-1-5-18""},{""@Name"":""SubjectUserName"",""#text"":""DISSTESTBEDVM$""},{""@Name"":""SubjectDomainName"",""#text"":""WORKGROUP""},{""@Name"":""SubjectLogonId"",""#text"":""0x3E7""},{""@Name"":""NewProcessId"",""#text"":""0x15DC""},{""@Name"":""NewProcessName"",""#text"":""C:\\Windows\\System32\\wsqmcons.exe""},{""@Name"":""TokenElevationType"",""#text"":""%%1936""},{""@Name"":""ProcessId"",""#text"":""0x80C""},{""@Name"":""CommandLine"",""#text"":""\""C:\\WINDOWS\\System32\\wsqmcons.exe\""""},{""@Name"":""TargetUserSid"",""#text"":""S-1-0-0""},{""@Name"":""TargetUserName"",""#text"":""-""},{""@Name"":""TargetDomainName"",""#text"":""-""},{""@Name"":""TargetLogonId"",""#text"":""0x0""},{""@Name"":""ParentProcessName"",""#text"":""C:\\Windows\\System32\\svchost.exe""},{""@Name"":""MandatoryLabel"",""#text"":""S-1-16-16384""}]}}"
32462,32462,2026-08-22 20:36:15.3722526,4688,LogAlways,Microsoft-Windows-Security-Auditing,Security,4,6692,disstestbedvm,385,,A new process has been created,WORKGROUP\DISSTESTBEDVM$,,Parent process: C:\Windows\System32\svchost.exe,PID: 0x80C,Parent PID: 0x1F84,Mandatory label: SECURITY_MANDATORY_SYSTEM_RID,Target User: -\-,,"C:\Windows\System32\DeviceCensus.exe ""C:\WINDOWS\system32\devicecensus.exe"" SystemCxt",False,D:\UOW\SEM3\msc-diss-7csef001w\scenarios\scenario_4\run_2\artefacts\event_logs\Security.evtx,Audit success,0,"{""EventData"":{""Data"":[{""@Name"":""SubjectUserSid"",""#text"":""S-1-5-18""},{""@Name"":""SubjectUserName"",""#text"":""DISSTESTBEDVM$""},{""@Name"":""SubjectDomainName"",""#text"":""WORKGROUP""},{""@Name"":""SubjectLogonId"",""#text"":""0x3E7""},{""@Name"":""NewProcessId"",""#text"":""0x1F84""},{""@Name"":""NewProcessName"",""#text"":""C:\\Windows\\System32\\DeviceCensus.exe""},{""@Name"":""TokenElevationType"",""#text"":""%%1936""},{""@Name"":""ProcessId"",""#text"":""0x80C""},{""@Name"":""CommandLine"",""#text"":""\""C:\\WINDOWS\\system32\\devicecensus.exe\"" SystemCxt""},{""@Name"":""TargetUserSid"",""#text"":""S-1-0-0""},{""@Name"":""TargetUserName"",""#text"":""-""},{""@Name"":""TargetDomainName"",""#text"":""-""},{""@Name"":""TargetLogonId"",""#text"":""0x0""},{""@Name"":""ParentProcessName"",""#text"":""C:\\Windows\\System32\\svchost.exe""},{""@Name"":""MandatoryLabel"",""#text"":""S-1-16-16384""}]}}"
32463,32463,2026-08-22 20:36:15.3775089,4688,LogAlways,Microsoft-Windows-Security-Auditing,Security,4,6692,disstestbedvm,385,,A new process has been created,WORKGROUP\DISSTESTBEDVM$,,Parent process: C:\Windows\System32\svchost.exe,PID: 0x80C,Parent PID: 0x14E4,Mandatory label: SECURITY_MANDATORY_SYSTEM_RID,Target User: -\-,,"C:\Windows\System32\rundll32.exe ""C:\WINDOWS\system32\rundll32.exe"" C:\WINDOWS\system32\PcaSvc.dll,PcaPatchSdbTask",False,D:\UOW\SEM3\msc-diss-7csef001w\scenarios\scenario_4\run_2\artefacts\event_logs\Security.evtx,Audit success,0,"{""EventData"":{""Data"":[{""@Name"":""SubjectUserSid"",""#text"":""S-1-5-18""},{""@Name"":""SubjectUserName"",""#text"":""DISSTESTBEDVM$""},{""@Name"":""SubjectDomainName"",""#text"":""WORKGROUP""},{""@Name"":""SubjectLogonId"",""#text"":""0x3E7""},{""@Name"":""NewProcessId"",""#text"":""0x14E4""},{""@Name"":""NewProcessName"",""#text"":""C:\\Windows\\System32\\rundll32.exe""},{""@Name"":""TokenElevationType"",""#text"":""%%1936""},{""@Name"":""ProcessId"",""#text"":""0x80C""},{""@Name"":""CommandLine"",""#text"":""\""C:\\WINDOWS\\system32\\rundll32.exe\"" C:\\WINDOWS\\system32\\PcaSvc.dll,PcaPatchSdbTask""},{""@Name"":""TargetUserSid"",""#text"":""S-1-0-0""},{""@Name"":""TargetUserName"",""#text"":""-""},{""@Name"":""TargetDomainName"",""#text"":""-""},{""@Name"":""TargetLogonId"",""#text"":""0x0""},{""@Name"":""ParentProcessName"",""#text"":""C:\\Windows\\System32\\svchost.exe""},{""@Name"":""MandatoryLabel"",""#text"":""S-1-16-16384""}]}}"
32464,32464,2026-08-22 20:36:15.3791614,4688,LogAlways,Microsoft-Windows-Security-Auditing,Security,4,10132,disstestbedvm,385,,A new process has been created,WORKGROUP\DISSTESTBEDVM$,,Parent process: C:\Windows\System32\svchost.exe,PID: 0x80C,Parent PID: 0x1BF4,Mandatory label: SECURITY_MANDATORY_SYSTEM_RID,Target User: -\-,,"C:\Windows\System32\UsoClient.exe ""C:\WINDOWS\system32\usoclient.exe"" StartScan",False,D:\UOW\SEM3\msc-diss-7csef001w\scenarios\scenario_4\run_2\artefacts\event_logs\Security.evtx,Audit success,0,"{""EventData"":{""Data"":[{""@Name"":""SubjectUserSid"",""#text"":""S-1-5-18""},{""@Name"":""SubjectUserName"",""#text"":""DISSTESTBEDVM$""},{""@Name"":""SubjectDomainName"",""#text"":""WORKGROUP""},{""@Name"":""SubjectLogonId"",""#text"":""0x3E7""},{""@Name"":""NewProcessId"",""#text"":""0x1BF4""},{""@Name"":""NewProcessName"",""#text"":""C:\\Windows\\System32\\UsoClient.exe""},{""@Name"":""TokenElevationType"",""#text"":""%%1936""},{""@Name"":""ProcessId"",""#text"":""0x80C""},{""@Name"":""CommandLine"",""#text"":""\""C:\\WINDOWS\\system32\\usoclient.exe\"" StartScan""},{""@Name"":""TargetUserSid"",""#text"":""S-1-0-0""},{""@Name"":""TargetUserName"",""#text"":""-""},{""@Name"":""TargetDomainName"",""#text"":""-""},{""@Name"":""TargetLogonId"",""#text"":""0x0""},{""@Name"":""ParentProcessName"",""#text"":""C:\\Windows\\System32\\svchost.exe""},{""@Name"":""MandatoryLabel"",""#text"":""S-1-16-16384""}]}}"
32465,32465,2026-08-22 20:36:15.3826497,4688,LogAlways,Microsoft-Windows-Security-Auditing,Security,4,10132,disstestbedvm,385,,A new process has been created,WORKGROUP\DISSTESTBEDVM$,,Parent process: C:\Windows\System32\svchost.exe,PID: 0x80C,Parent PID: 0x12C4,Mandatory label: SECURITY_MANDATORY_SYSTEM_RID,Target User: -\-,,"C:\Windows\System32\UIEOrchestratorStub.exe ""C:\WINDOWS\system32\UIEOrchestratorStub.exe"" /SendHeartbeat",False,D:\UOW\SEM3\msc-diss-7csef001w\scenarios\scenario_4\run_2\artefacts\event_logs\Security.evtx,Audit success,0,"{""EventData"":{""Data"":[{""@Name"":""SubjectUserSid"",""#text"":""S-1-5-18""},{""@Name"":""SubjectUserName"",""#text"":""DISSTESTBEDVM$""},{""@Name"":""SubjectDomainName"",""#text"":""WORKGROUP""},{""@Name"":""SubjectLogonId"",""#text"":""0x3E7""},{""@Name"":""NewProcessId"",""#text"":""0x12C4""},{""@Name"":""NewProcessName"",""#text"":""C:\\Windows\\System32\\UIEOrchestratorStub.exe""},{""@Name"":""TokenElevationType"",""#text"":""%%1936""},{""@Name"":""ProcessId"",""#text"":""0x80C""},{""@Name"":""CommandLine"",""#text"":""\""C:\\WINDOWS\\system32\\UIEOrchestratorStub.exe\"" /SendHeartbeat""},{""@Name"":""TargetUserSid"",""#text"":""S-1-0-0""},{""@Name"":""TargetUserName"",""#text"":""-""},{""@Name"":""TargetDomainName"",""#text"":""-""},{""@Name"":""TargetLogonId"",""#text"":""0x0""},{""@Name"":""ParentProcessName"",""#text"":""C:\\Windows\\System32\\svchost.exe""},{""@Name"":""MandatoryLabel"",""#text"":""S-1-16-16384""}]}}"
32466,32466,2026-08-22 20:36:15.4039802,4688,LogAlways,Microsoft-Windows-Security-Auditing,Security,4,2664,disstestbedvm,385,,A new process has been created,WORKGROUP\DISSTESTBEDVM$,,Parent process: C:\Windows\System32\svchost.exe,PID: 0x124,Parent PID: 0x8FC,Mandatory label: SECURITY_MANDATORY_MEDIUM_RID,Target User: disstestbedvm\dfanalyst,,"C:\Windows\SystemApps\MicrosoftWindows.Client.CBS_cw5n1h2txyewy\SoftLandingTask\SoftLandingTask.exe ""C:\WINDOWS\SystemApps\MicrosoftWindows.Client.CBS_cw5n1h2txyewy\SoftLandingTask\SoftLandingTask.exe"" -Embedding",False,D:\UOW\SEM3\msc-diss-7csef001w\scenarios\scenario_4\run_2\artefacts\event_logs\Security.evtx,Audit success,0,"{""EventData"":{""Data"":[{""@Name"":""SubjectUserSid"",""#text"":""S-1-5-18""},{""@Name"":""SubjectUserName"",""#text"":""DISSTESTBEDVM$""},{""@Name"":""SubjectDomainName"",""#text"":""WORKGROUP""},{""@Name"":""SubjectLogonId"",""#text"":""0x3E7""},{""@Name"":""NewProcessId"",""#text"":""0x8FC""},{""@Name"":""NewProcessName"",""#text"":""C:\\Windows\\SystemApps\\MicrosoftWindows.Client.CBS_cw5n1h2txyewy\\SoftLandingTask\\SoftLandingTask.exe""},{""@Name"":""TokenElevationType"",""#text"":""%%1938""},{""@Name"":""ProcessId"",""#text"":""0x124""},{""@Name"":""CommandLine"",""#text"":""\""C:\\WINDOWS\\SystemApps\\MicrosoftWindows.Client.CBS_cw5n1h2txyewy\\SoftLandingTask\\SoftLandingTask.exe\"" -Embedding""},{""@Name"":""TargetUserSid"",""#text"":""S-1-5-21-4209295338-567392030-2519289182-1001""},{""@Name"":""TargetUserName"",""#text"":""dfanalyst""},{""@Name"":""TargetDomainName"",""#text"":""disstestbedvm""},{""@Name"":""TargetLogonId"",""#text"":""0x57494""},{""@Name"":""ParentProcessName"",""#text"":""C:\\Windows\\System32\\svchost.exe""},{""@Name"":""MandatoryLabel"",""#text"":""S-1-16-8192""}]}}"
32467,32467,2026-08-22 20:36:15.4513395,4688,LogAlways,Microsoft-Windows-Security-Auditing,Security,4,468,disstestbedvm,385,,A new process has been created,WORKGROUP\DISSTESTBEDVM$,,Parent process: C:\Windows\System32\sc.exe,PID: 0x23A8,Parent PID: 0x2418,Mandatory label: SECURITY_MANDATORY_SYSTEM_RID,Target User: -\-,,C:\Windows\System32\conhost.exe \??\C:\WINDOWS\system32\conhost.exe 0xffffffff -ForceV1,False,D:\UOW\SEM3\msc-diss-7csef001w\scenarios\scenario_4\run_2\artefacts\event_logs\Security.evtx,Audit success,0,"{""EventData"":{""Data"":[{""@Name"":""SubjectUserSid"",""#text"":""S-1-5-18""},{""@Name"":""SubjectUserName"",""#text"":""DISSTESTBEDVM$""},{""@Name"":""SubjectDomainName"",""#text"":""WORKGROUP""},{""@Name"":""SubjectLogonId"",""#text"":""0x3E7""},{""@Name"":""NewProcessId"",""#text"":""0x2418""},{""@Name"":""NewProcessName"",""#text"":""C:\\Windows\\System32\\conhost.exe""},{""@Name"":""TokenElevationType"",""#text"":""%%1936""},{""@Name"":""ProcessId"",""#text"":""0x23A8""},{""@Name"":""CommandLine"",""#text"":""\\??\\C:\\WINDOWS\\system32\\conhost.exe 0xffffffff -ForceV1""},{""@Name"":""TargetUserSid"",""#text"":""S-1-0-0""},{""@Name"":""TargetUserName"",""#text"":""-""},{""@Name"":""TargetDomainName"",""#text"":""-""},{""@Name"":""TargetLogonId"",""#text"":""0x0""},{""@Name"":""ParentProcessName"",""#text"":""C:\\Windows\\System32\\sc.exe""},{""@Name"":""MandatoryLabel"",""#text"":""S-1-16-16384""}]}}"
32468,32468,2026-08-22 20:36:15.4730045,4688,LogAlways,Microsoft-Windows-Security-Auditing,Security,4,468,disstestbedvm,385,,A new process has been created,WORKGROUP\DISSTESTBEDVM$,,Parent process: C:\Windows\System32\svchost.exe,PID: 0x124,Parent PID: 0x2524,Mandatory label: SECURITY_MANDATORY_MEDIUM_RID,Target User: disstestbedvm\dfanalyst,,C:\Windows\System32\dllhost.exe C:\WINDOWS\system32\DllHost.exe /Processid:{722D0F89-B69C-4700-AE8C-4A44350E4876},False,D:\UOW\SEM3\msc-diss-7csef001w\scenarios\scenario_4\run_2\artefacts\event_logs\Security.evtx,Audit success,0,"{""EventData"":{""Data"":[{""@Name"":""SubjectUserSid"",""#text"":""S-1-5-18""},{""@Name"":""SubjectUserName"",""#text"":""DISSTESTBEDVM$""},{""@Name"":""SubjectDomainName"",""#text"":""WORKGROUP""},{""@Name"":""SubjectLogonId"",""#text"":""0x3E7""},{""@Name"":""NewProcessId"",""#text"":""0x2524""},{""@Name"":""NewProcessName"",""#text"":""C:\\Windows\\System32\\dllhost.exe""},{""@Name"":""TokenElevationType"",""#text"":""%%1938""},{""@Name"":""ProcessId"",""#text"":""0x124""},{""@Name"":""CommandLine"",""#text"":""C:\\WINDOWS\\system32\\DllHost.exe /Processid:{722D0F89-B69C-4700-AE8C-4A44350E4876}""},{""@Name"":""TargetUserSid"",""#text"":""S-1-5-21-4209295338-567392030-2519289182-1001""},{""@Name"":""TargetUserName"",""#text"":""dfanalyst""},{""@Name"":""TargetDomainName"",""#text"":""disstestbedvm""},{""@Name"":""TargetLogonId"",""#text"":""0x57494""},{""@Name"":""ParentProcessName"",""#text"":""C:\\Windows\\System32\\svchost.exe""},{""@Name"":""MandatoryLabel"",""#text"":""S-1-16-8192""}]}}"
32469,32469,2026-08-22 20:36:15.6809788,4689,LogAlways,Microsoft-Windows-Security-Auditing,Security,4,6692,disstestbedvm,385,,A process has exited,WORKGROUP\DISSTESTBEDVM$,,,PID: 0x1018,,,,,C:\Windows\System32\Microsoft.Data.UsageAndQualityInsights.MaintenanceTask.exe,False,D:\UOW\SEM3\msc-diss-7csef001w\scenarios\scenario_4\run_2\artefacts\event_logs\Security.evtx,Audit success,0,"{""EventData"":{""Data"":[{""@Name"":""SubjectUserSid"",""#text"":""S-1-5-18""},{""@Name"":""SubjectUserName"",""#text"":""DISSTESTBEDVM$""},{""@Name"":""SubjectDomainName"",""#text"":""WORKGROUP""},{""@Name"":""SubjectLogonId"",""#text"":""0x3E7""},{""@Name"":""Status"",""#text"":""0x0""},{""@Name"":""ProcessId"",""#text"":""0x1018""},{""@Name"":""ProcessName"",""#text"":""C:\\Windows\\System32\\Microsoft.Data.UsageAndQualityInsights.MaintenanceTask.exe""}]}}"
32470,32470,2026-08-22 20:36:15.6851894,4689,LogAlways,Microsoft-Windows-Security-Auditing,Security,4,2664,disstestbedvm,385,,A process has exited,disstestbedvm\dfanalyst,,,PID: 0x214C,,,,,C:\Windows\System32\taskhostw.exe,False,D:\UOW\SEM3\msc-diss-7csef001w\scenarios\scenario_4\run_2\artefacts\event_logs\Security.evtx,Audit success,0,"{""EventData"":{""Data"":[{""@Name"":""SubjectUserSid"",""#text"":""S-1-5-21-4209295338-567392030-2519289182-1001""},{""@Name"":""SubjectUserName"",""#text"":""dfanalyst""},{""@Name"":""SubjectDomainName"",""#text"":""disstestbedvm""},{""@Name"":""SubjectLogonId"",""#text"":""0x57494""},{""@Name"":""Status"",""#text"":""0x0""},{""@Name"":""ProcessId"",""#text"":""0x214C""},{""@Name"":""ProcessName"",""#text"":""C:\\Windows\\System32\\taskhostw.exe""}]}}"
32471,32471,2026-08-22 20:36:15.6858931,4688,LogAlways,Microsoft-Windows-Security-Auditing,Security,4,2664,disstestbedvm,385,,A new process has been created,WORKGROUP\DISSTESTBEDVM$,,Parent process: C:\Windows\System32\svchost.exe,PID: 0x2634,Parent PID: 0x22E8,Mandatory label: SECURITY_MANDATORY_SYSTEM_RID,Target User: -\-,,"C:\Windows\UUS\amd64\MoUsoCoreWorker.exe ""C:\WINDOWS\uus\AMD64\MoUsoCoreWorker.exe"" useprivatenamespaces",False,D:\UOW\SEM3\msc-diss-7csef001w\scenarios\scenario_4\run_2\artefacts\event_logs\Security.evtx,Audit success,0,"{""EventData"":{""Data"":[{""@Name"":""SubjectUserSid"",""#text"":""S-1-5-18""},{""@Name"":""SubjectUserName"",""#text"":""DISSTESTBEDVM$""},{""@Name"":""SubjectDomainName"",""#text"":""WORKGROUP""},{""@Name"":""SubjectLogonId"",""#text"":""0x3E7""},{""@Name"":""NewProcessId"",""#text"":""0x22E8""},{""@Name"":""NewProcessName"",""#text"":""C:\\Windows\\UUS\\amd64\\MoUsoCoreWorker.exe""},{""@Name"":""TokenElevationType"",""#text"":""%%1936""},{""@Name"":""ProcessId"",""#text"":""0x2634""},{""@Name"":""CommandLine"",""#text"":""\""C:\\WINDOWS\\uus\\AMD64\\MoUsoCoreWorker.exe\"" useprivatenamespaces""},{""@Name"":""TargetUserSid"",""#text"":""S-1-0-0""},{""@Name"":""TargetUserName"",""#text"":""-""},{""@Name"":""TargetDomainName"",""#text"":""-""},{""@Name"":""TargetLogonId"",""#text"":""0x0""},{""@Name"":""ParentProcessName"",""#text"":""C:\\Windows\\System32\\svchost.exe""},{""@Name"":""MandatoryLabel"",""#text"":""S-1-16-16384""}]}}"
32472,32472,2026-08-22 20:36:15.6900399,4624,LogAlways,Microsoft-Windows-Security-Auditing,Security,892,980,disstestbedvm,385,,Successful logon,WORKGROUP\DISSTESTBEDVM$,- (-),Target: NT AUTHORITY\SYSTEM,LogonType 5,LogonId: 0x3E7,,,,C:\Windows\System32\services.exe,False,D:\UOW\SEM3\msc-diss-7csef001w\scenarios\scenario_4\run_2\artefacts\event_logs\Security.evtx,Audit success,0,"{""EventData"":{""Data"":[{""@Name"":""SubjectUserSid"",""#text"":""S-1-5-18""},{""@Name"":""SubjectUserName"",""#text"":""DISSTESTBEDVM$""},{""@Name"":""SubjectDomainName"",""#text"":""WORKGROUP""},{""@Name"":""SubjectLogonId"",""#text"":""0x3E7""},{""@Name"":""TargetUserSid"",""#text"":""S-1-5-18""},{""@Name"":""TargetUserName"",""#text"":""SYSTEM""},{""@Name"":""TargetDomainName"",""#text"":""NT AUTHORITY""},{""@Name"":""TargetLogonId"",""#text"":""0x3E7""},{""@Name"":""LogonType"",""#text"":""5""},{""@Name"":""LogonProcessName"",""#text"":""Advapi  ""},{""@Name"":""AuthenticationPackageName"",""#text"":""Negotiate""},{""@Name"":""WorkstationName"",""#text"":""-""},{""@Name"":""LogonGuid"",""#text"":""00000000-0000-0000-0000-000000000000""},{""@Name"":""TransmittedServices"",""#text"":""-""},{""@Name"":""LmPackageName"",""#text"":""-""},{""@Name"":""KeyLength"",""#text"":""0""},{""@Name"":""ProcessId"",""#text"":""0x368""},{""@Name"":""ProcessName"",""#text"":""C:\\Windows\\System32\\services.exe""},{""@Name"":""IpAddress"",""#text"":""-""},{""@Name"":""IpPort"",""#text"":""-""},{""@Name"":""ImpersonationLevel"",""#text"":""%%1833""},{""@Name"":""RestrictedAdminMode"",""#text"":""-""},{""@Name"":""RemoteCredentialGuard"",""#text"":""-""},{""@Name"":""TargetOutboundUserName"",""#text"":""-""},{""@Name"":""TargetOutboundDomainName"",""#text"":""-""},{""@Name"":""VirtualAccount"",""#text"":""%%1843""},{""@Name"":""TargetLinkedLogonId"",""#text"":""0x0""},{""@Name"":""ElevatedToken"",""#text"":""%%1842""}]}}"
32473,32473,2026-08-22 20:36:15.6900479,4672,LogAlways,Microsoft-Windows-Security-Auditing,Security,892,980,disstestbedvm,385,,Administrative logon,NT AUTHORITY\SYSTEM (S-1-5-18),,"PrivilegeList: SeAssignPrimaryTokenPrivilege, SeTcbPrivilege, SeSecurityPrivilege, SeTakeOwnershipPrivilege, SeLoadDriverPrivilege, SeBackupPrivilege, SeRestorePrivilege, SeDebugPrivilege, SeAuditPrivilege, SeSystemEnvironmentPrivilege, SeImpersonatePrivilege, SeDelegateSessionUserImpersonatePrivilege",LogonId: 0x3E7,,,,,,False,D:\UOW\SEM3\msc-diss-7csef001w\scenarios\scenario_4\run_2\artefacts\event_logs\Security.evtx,Audit success,0,"{""EventData"":{""Data"":[{""@Name"":""SubjectUserSid"",""#text"":""S-1-5-18""},{""@Name"":""SubjectUserName"",""#text"":""SYSTEM""},{""@Name"":""SubjectDomainName"",""#text"":""NT AUTHORITY""},{""@Name"":""SubjectLogonId"",""#text"":""0x3E7""},{""@Name"":""PrivilegeList"",""#text"":""SeAssignPrimaryTokenPrivilege, SeTcbPrivilege, SeSecurityPrivilege, SeTakeOwnershipPrivilege, SeLoadDriverPrivilege, SeBackupPrivilege, SeRestorePrivilege, SeDebugPrivilege, SeAuditPrivilege, SeSystemEnvironmentPrivilege, SeImpersonatePrivilege, SeDelegateSessionUserImpersonatePrivilege""}]}}"
32474,32474,2026-08-22 20:36:15.6931739,4688,LogAlways,Microsoft-Windows-Security-Auditing,Security,4,10132,disstestbedvm,386,,A new process has been created,WORKGROUP\DISSTESTBEDVM$,,Parent process: C:\Windows\System32\services.exe,PID: 0x368,Parent PID: 0x1938,Mandatory label: SECURITY_MANDATORY_SYSTEM_RID,Target User: -\-,,C:\Windows\System32\svchost.exe C:\WINDOWS\system32\svchost.exe -k wusvcs -p -s WaaSMedicSvc,False,D:\UOW\SEM3\msc-diss-7csef001w\scenarios\scenario_4\run_2\artefacts\event_logs\Security.evtx,Audit success,0,"{""EventData"":{""Data"":[{""@Name"":""SubjectUserSid"",""#text"":""S-1-5-18""},{""@Name"":""SubjectUserName"",""#text"":""DISSTESTBEDVM$""},{""@Name"":""SubjectDomainName"",""#text"":""WORKGROUP""},{""@Name"":""SubjectLogonId"",""#text"":""0x3E7""},{""@Name"":""NewProcessId"",""#text"":""0x1938""},{""@Name"":""NewProcessName"",""#text"":""C:\\Windows\\System32\\svchost.exe""},{""@Name"":""TokenElevationType"",""#text"":""%%1936""},{""@Name"":""ProcessId"",""#text"":""0x368""},{""@Name"":""CommandLine"",""#text"":""C:\\WINDOWS\\system32\\svchost.exe -k wusvcs -p -s WaaSMedicSvc""},{""@Name"":""TargetUserSid"",""#text"":""S-1-0-0""},{""@Name"":""TargetUserName"",""#text"":""-""},{""@Name"":""TargetDomainName"",""#text"":""-""},{""@Name"":""TargetLogonId"",""#text"":""0x0""},{""@Name"":""ParentProcessName"",""#text"":""C:\\Windows\\System32\\services.exe""},{""@Name"":""MandatoryLabel"",""#text"":""S-1-16-16384""}]}}"
32475,32475,2026-08-22 20:36:15.7494121,4688,LogAlways,Microsoft-Windows-Security-Auditing,Security,4,468,disstestbedvm,386,,A new process has been created,WORKGROUP\DISSTESTBEDVM$,,Parent process: C:\Windows\System32\UIEOrchestratorStub.exe,PID: 0x12C4,Parent PID: 0x2A8C,Mandatory label: SECURITY_MANDATORY_SYSTEM_RID,Target User: -\-,,C:\Windows\UUS\amd64\UIEOrchestrator.exe /SendHeartbeat,False,D:\UOW\SEM3\msc-diss-7csef001w\scenarios\scenario_4\run_2\artefacts\event_logs\Security.evtx,Audit success,0,"{""EventData"":{""Data"":[{""@Name"":""SubjectUserSid"",""#text"":""S-1-5-18""},{""@Name"":""SubjectUserName"",""#text"":""DISSTESTBEDVM$""},{""@Name"":""SubjectDomainName"",""#text"":""WORKGROUP""},{""@Name"":""SubjectLogonId"",""#text"":""0x3E7""},{""@Name"":""NewProcessId"",""#text"":""0x2A8C""},{""@Name"":""NewProcessName"",""#text"":""C:\\Windows\\UUS\\amd64\\UIEOrchestrator.exe""},{""@Name"":""TokenElevationType"",""#text"":""%%1936""},{""@Name"":""ProcessId"",""#text"":""0x12C4""},{""@Name"":""CommandLine"",""#text"":""/SendHeartbeat""},{""@Name"":""TargetUserSid"",""#text"":""S-1-0-0""},{""@Name"":""TargetUserName"",""#text"":""-""},{""@Name"":""TargetDomainName"",""#text"":""-""},{""@Name"":""TargetLogonId"",""#text"":""0x0""},{""@Name"":""ParentProcessName"",""#text"":""C:\\Windows\\System32\\UIEOrchestratorStub.exe""},{""@Name"":""MandatoryLabel"",""#text"":""S-1-16-16384""}]}}"
32476,32476,2026-08-22 20:36:15.8382716,4688,LogAlways,Microsoft-Windows-Security-Auditing,Security,4,2664,disstestbedvm,386,,A new process has been created,WORKGROUP\DISSTESTBEDVM$,,Parent process: C:\Windows\System32\svchost.exe,PID: 0x80C,Parent PID: 0x2574,Mandatory label: SECURITY_MANDATORY_MEDIUM_RID,Target User: disstestbedvm\dfanalyst,,"C:\Users\dfanalyst\AppData\Local\Microsoft\OneDrive\OneDriveStandaloneUpdater.exe ""C:\Users\dfanalyst\AppData\Local\Microsoft\OneDrive\OneDriveStandaloneUpdater.exe"" /reporting",False,D:\UOW\SEM3\msc-diss-7csef001w\scenarios\scenario_4\run_2\artefacts\event_logs\Security.evtx,Audit success,0,"{""EventData"":{""Data"":[{""@Name"":""SubjectUserSid"",""#text"":""S-1-5-18""},{""@Name"":""SubjectUserName"",""#text"":""DISSTESTBEDVM$""},{""@Name"":""SubjectDomainName"",""#text"":""WORKGROUP""},{""@Name"":""SubjectLogonId"",""#text"":""0x3E7""},{""@Name"":""NewProcessId"",""#text"":""0x2574""},{""@Name"":""NewProcessName"",""#text"":""C:\\Users\\dfanalyst\\AppData\\Local\\Microsoft\\OneDrive\\OneDriveStandaloneUpdater.exe""},{""@Name"":""TokenElevationType"",""#text"":""%%1938""},{""@Name"":""ProcessId"",""#text"":""0x80C""},{""@Name"":""CommandLine"",""#text"":""\""C:\\Users\\dfanalyst\\AppData\\Local\\Microsoft\\OneDrive\\OneDriveStandaloneUpdater.exe\"" /reporting""},{""@Name"":""TargetUserSid"",""#text"":""S-1-5-21-4209295338-567392030-2519289182-1001""},{""@Name"":""TargetUserName"",""#text"":""dfanalyst""},{""@Name"":""TargetDomainName"",""#text"":""disstestbedvm""},{""@Name"":""TargetLogonId"",""#text"":""0x57494""},{""@Name"":""ParentProcessName"",""#text"":""C:\\Windows\\System32\\svchost.exe""},{""@Name"":""MandatoryLabel"",""#text"":""S-1-16-8192""}]}}"
32477,32477,2026-08-22 20:36:15.8942113,4689,LogAlways,Microsoft-Windows-Security-Auditing,Security,4,5896,disstestbedvm,386,,A process has exited,WORKGROUP\DISSTESTBEDVM$,,,PID: 0x1BF4,,,,,C:\Windows\System32\UsoClient.exe,False,D:\UOW\SEM3\msc-diss-7csef001w\scenarios\scenario_4\run_2\artefacts\event_logs\Security.evtx,Audit success,0,"{""EventData"":{""Data"":[{""@Name"":""SubjectUserSid"",""#text"":""S-1-5-18""},{""@Name"":""SubjectUserName"",""#text"":""DISSTESTBEDVM$""},{""@Name"":""SubjectDomainName"",""#text"":""WORKGROUP""},{""@Name"":""SubjectLogonId"",""#text"":""0x3E7""},{""@Name"":""Status"",""#text"":""0x0""},{""@Name"":""ProcessId"",""#text"":""0x1BF4""},{""@Name"":""ProcessName"",""#text"":""C:\\Windows\\System32\\UsoClient.exe""}]}}"
32478,32478,2026-08-22 20:36:15.9442562,4688,LogAlways,Microsoft-Windows-Security-Auditing,Security,4,6688,disstestbedvm,386,,A new process has been created,WORKGROUP\DISSTESTBEDVM$,,Parent process: C:\Windows\System32\svchost.exe,PID: 0x124,Parent PID: 0x640,Mandatory label: SECURITY_MANDATORY_LOW_RID,Target User: disstestbedvm\dfanalyst,,"C:\Windows\System32\backgroundTaskHost.exe ""C:\WINDOWS\system32\BackgroundTaskHost.exe"" -ServerName:BackgroundTaskHost.WebAccountProvider",False,D:\UOW\SEM3\msc-diss-7csef001w\scenarios\scenario_4\run_2\artefacts\event_logs\Security.evtx,Audit success,0,"{""EventData"":{""Data"":[{""@Name"":""SubjectUserSid"",""#text"":""S-1-5-18""},{""@Name"":""SubjectUserName"",""#text"":""DISSTESTBEDVM$""},{""@Name"":""SubjectDomainName"",""#text"":""WORKGROUP""},{""@Name"":""SubjectLogonId"",""#text"":""0x3E7""},{""@Name"":""NewProcessId"",""#text"":""0x640""},{""@Name"":""NewProcessName"",""#text"":""C:\\Windows\\System32\\backgroundTaskHost.exe""},{""@Name"":""TokenElevationType"",""#text"":""%%1938""},{""@Name"":""ProcessId"",""#text"":""0x124""},{""@Name"":""CommandLine"",""#text"":""\""C:\\WINDOWS\\system32\\BackgroundTaskHost.exe\"" -ServerName:BackgroundTaskHost.WebAccountProvider""},{""@Name"":""TargetUserSid"",""#text"":""S-1-5-21-4209295338-567392030-2519289182-1001""},{""@Name"":""TargetUserName"",""#text"":""dfanalyst""},{""@Name"":""TargetDomainName"",""#text"":""disstestbedvm""},{""@Name"":""TargetLogonId"",""#text"":""0x57494""},{""@Name"":""ParentProcessName"",""#text"":""C:\\Windows\\System32\\svchost.exe""},{""@Name"":""MandatoryLabel"",""#text"":""S-1-16-4096""}]}}"
32479,32479,2026-08-22 20:36:15.9820559,4624,LogAlways,Microsoft-Windows-Security-Auditing,Security,892,932,disstestbedvm,386,,Successful logon,WORKGROUP\DISSTESTBEDVM$,- (-),Target: NT AUTHORITY\SYSTEM,LogonType 5,LogonId: 0x3E7,,,,C:\Windows\System32\services.exe,False,D:\UOW\SEM3\msc-diss-7csef001w\scenarios\scenario_4\run_2\artefacts\event_logs\Security.evtx,Audit success,0,"{""EventData"":{""Data"":[{""@Name"":""SubjectUserSid"",""#text"":""S-1-5-18""},{""@Name"":""SubjectUserName"",""#text"":""DISSTESTBEDVM$""},{""@Name"":""SubjectDomainName"",""#text"":""WORKGROUP""},{""@Name"":""SubjectLogonId"",""#text"":""0x3E7""},{""@Name"":""TargetUserSid"",""#text"":""S-1-5-18""},{""@Name"":""TargetUserName"",""#text"":""SYSTEM""},{""@Name"":""TargetDomainName"",""#text"":""NT AUTHORITY""},{""@Name"":""TargetLogonId"",""#text"":""0x3E7""},{""@Name"":""LogonType"",""#text"":""5""},{""@Name"":""LogonProcessName"",""#text"":""Advapi  ""},{""@Name"":""AuthenticationPackageName"",""#text"":""Negotiate""},{""@Name"":""WorkstationName"",""#text"":""-""},{""@Name"":""LogonGuid"",""#text"":""00000000-0000-0000-0000-000000000000""},{""@Name"":""TransmittedServices"",""#text"":""-""},{""@Name"":""LmPackageName"",""#text"":""-""},{""@Name"":""KeyLength"",""#text"":""0""},{""@Name"":""ProcessId"",""#text"":""0x368""},{""@Name"":""ProcessName"",""#text"":""C:\\Windows\\System32\\services.exe""},{""@Name"":""IpAddress"",""#text"":""-""},{""@Name"":""IpPort"",""#text"":""-""},{""@Name"":""ImpersonationLevel"",""#text"":""%%1833""},{""@Name"":""RestrictedAdminMode"",""#text"":""-""},{""@Name"":""RemoteCredentialGuard"",""#text"":""-""},{""@Name"":""TargetOutboundUserName"",""#text"":""-""},{""@Name"":""TargetOutboundDomainName"",""#text"":""-""},{""@Name"":""VirtualAccount"",""#text"":""%%1843""},{""@Name"":""TargetLinkedLogonId"",""#text"":""0x0""},{""@Name"":""ElevatedToken"",""#text"":""%%1842""}]}}"
32480,32480,2026-08-22 20:36:15.9820630,4672,LogAlways,Microsoft-Windows-Security-Auditing,Security,892,932,disstestbedvm,386,,Administrative logon,NT AUTHORITY\SYSTEM (S-1-5-18),,"PrivilegeList: SeAssignPrimaryTokenPrivilege, SeTcbPrivilege, SeSecurityPrivilege, SeTakeOwnershipPrivilege, SeLoadDriverPrivilege, SeBackupPrivilege, SeRestorePrivilege, SeDebugPrivilege, SeAuditPrivilege, SeSystemEnvironmentPrivilege, SeImpersonatePrivilege, SeDelegateSessionUserImpersonatePrivilege",LogonId: 0x3E7,,,,,,False,D:\UOW\SEM3\msc-diss-7csef001w\scenarios\scenario_4\run_2\artefacts\event_logs\Security.evtx,Audit success,0,"{""EventData"":{""Data"":[{""@Name"":""SubjectUserSid"",""#text"":""S-1-5-18""},{""@Name"":""SubjectUserName"",""#text"":""SYSTEM""},{""@Name"":""SubjectDomainName"",""#text"":""NT AUTHORITY""},{""@Name"":""SubjectLogonId"",""#text"":""0x3E7""},{""@Name"":""PrivilegeList"",""#text"":""SeAssignPrimaryTokenPrivilege, SeTcbPrivilege, SeSecurityPrivilege, SeTakeOwnershipPrivilege, SeLoadDriverPrivilege, SeBackupPrivilege, SeRestorePrivilege, SeDebugPrivilege, SeAuditPrivilege, SeSystemEnvironmentPrivilege, SeImpersonatePrivilege, SeDelegateSessionUserImpersonatePrivilege""}]}}"
32481,32481,2026-08-22 20:36:15.9835915,4688,LogAlways,Microsoft-Windows-Security-Auditing,Security,4,2664,disstestbedvm,386,,A new process has been created,WORKGROUP\DISSTESTBEDVM$,,Parent process: C:\Windows\System32\services.exe,PID: 0x368,Parent PID: 0x7D8,Mandatory label: SECURITY_MANDATORY_SYSTEM_RID,Target User: -\-,,C:\Windows\System32\svchost.exe C:\WINDOWS\System32\svchost.exe -k netsvcs -p -s PushToInstall,False,D:\UOW\SEM3\msc-diss-7csef001w\scenarios\scenario_4\run_2\artefacts\event_logs\Security.evtx,Audit success,0,"{""EventData"":{""Data"":[{""@Name"":""SubjectUserSid"",""#text"":""S-1-5-18""},{""@Name"":""SubjectUserName"",""#text"":""DISSTESTBEDVM$""},{""@Name"":""SubjectDomainName"",""#text"":""WORKGROUP""},{""@Name"":""SubjectLogonId"",""#text"":""0x3E7""},{""@Name"":""NewProcessId"",""#text"":""0x7D8""},{""@Name"":""NewProcessName"",""#text"":""C:\\Windows\\System32\\svchost.exe""},{""@Name"":""TokenElevationType"",""#text"":""%%1936""},{""@Name"":""ProcessId"",""#text"":""0x368""},{""@Name"":""CommandLine"",""#text"":""C:\\WINDOWS\\System32\\svchost.exe -k netsvcs -p -s PushToInstall""},{""@Name"":""TargetUserSid"",""#text"":""S-1-0-0""},{""@Name"":""TargetUserName"",""#text"":""-""},{""@Name"":""TargetDomainName"",""#text"":""-""},{""@Name"":""TargetLogonId"",""#text"":""0x0""},{""@Name"":""ParentProcessName"",""#text"":""C:\\Windows\\System32\\services.exe""},{""@Name"":""MandatoryLabel"",""#text"":""S-1-16-16384""}]}}"
32482,32482,2026-08-22 20:36:15.9990041,4663,LogAlways,Microsoft-Windows-Security-Auditing,Security,4,6688,disstestbedvm,386,,Attempt was made to access an object,WORKGROUP\DISSTESTBEDVM$,,ObjectServer: Security,ObjectType: File,ObjectName: \Device\CdRom0,"AccessList: Unknown code (%%4416, )",,,C:\Windows\System32\DeviceCensus.exe,False,D:\UOW\SEM3\msc-diss-7csef001w\scenarios\scenario_4\run_2\artefacts\event_logs\Security.evtx,Audit success,0,"{""EventData"":{""Data"":[{""@Name"":""SubjectUserSid"",""#text"":""S-1-5-18""},{""@Name"":""SubjectUserName"",""#text"":""DISSTESTBEDVM$""},{""@Name"":""SubjectDomainName"",""#text"":""WORKGROUP""},{""@Name"":""SubjectLogonId"",""#text"":""0x3E7""},{""@Name"":""ObjectServer"",""#text"":""Security""},{""@Name"":""ObjectType"",""#text"":""File""},{""@Name"":""ObjectName"",""#text"":""\\Device\\CdRom0""},{""@Name"":""HandleId"",""#text"":""0x204""},{""@Name"":""AccessList"",""#text"":""%%4416, ""},{""@Name"":""AccessMask"",""#text"":""0x1""},{""@Name"":""ProcessId"",""#text"":""0x1F84""},{""@Name"":""ProcessName"",""#text"":""C:\\Windows\\System32\\DeviceCensus.exe""},{""@Name"":""ResourceAttributes"",""#text"":""S:""}]}}"
32483,32483,2026-08-22 20:36:16.0203505,4688,LogAlways,Microsoft-Windows-Security-Auditing,Security,4,468,disstestbedvm,386,,A new process has been created,WORKGROUP\DISSTESTBEDVM$,,Parent process: C:\Windows\System32\svchost.exe,PID: 0x124,Parent PID: 0xB8C,Mandatory label: SECURITY_MANDATORY_MEDIUM_RID,Target User: disstestbedvm\dfanalyst,,C:\Windows\System32\RuntimeBroker.exe C:\Windows\System32\RuntimeBroker.exe -Embedding,False,D:\UOW\SEM3\msc-diss-7csef001w\scenarios\scenario_4\run_2\artefacts\event_logs\Security.evtx,Audit success,0,"{""EventData"":{""Data"":[{""@Name"":""SubjectUserSid"",""#text"":""S-1-5-18""},{""@Name"":""SubjectUserName"",""#text"":""DISSTESTBEDVM$""},{""@Name"":""SubjectDomainName"",""#text"":""WORKGROUP""},{""@Name"":""SubjectLogonId"",""#text"":""0x3E7""},{""@Name"":""NewProcessId"",""#text"":""0xB8C""},{""@Name"":""NewProcessName"",""#text"":""C:\\Windows\\System32\\RuntimeBroker.exe""},{""@Name"":""TokenElevationType"",""#text"":""%%1938""},{""@Name"":""ProcessId"",""#text"":""0x124""},{""@Name"":""CommandLine"",""#text"":""C:\\Windows\\System32\\RuntimeBroker.exe -Embedding""},{""@Name"":""TargetUserSid"",""#text"":""S-1-5-21-4209295338-567392030-2519289182-1001""},{""@Name"":""TargetUserName"",""#text"":""dfanalyst""},{""@Name"":""TargetDomainName"",""#text"":""disstestbedvm""},{""@Name"":""TargetLogonId"",""#text"":""0x57494""},{""@Name"":""ParentProcessName"",""#text"":""C:\\Windows\\System32\\svchost.exe""},{""@Name"":""MandatoryLabel"",""#text"":""S-1-16-8192""}]}}"
32484,32484,2026-08-22 20:36:16.0663496,4624,LogAlways,Microsoft-Windows-Security-Auditing,Security,892,932,disstestbedvm,386,,Successful logon,WORKGROUP\DISSTESTBEDVM$,- (-),Target: NT AUTHORITY\SYSTEM,LogonType 5,LogonId: 0x3E7,,,,C:\Windows\System32\services.exe,False,D:\UOW\SEM3\msc-diss-7csef001w\scenarios\scenario_4\run_2\artefacts\event_logs\Security.evtx,Audit success,0,"{""EventData"":{""Data"":[{""@Name"":""SubjectUserSid"",""#text"":""S-1-5-18""},{""@Name"":""SubjectUserName"",""#text"":""DISSTESTBEDVM$""},{""@Name"":""SubjectDomainName"",""#text"":""WORKGROUP""},{""@Name"":""SubjectLogonId"",""#text"":""0x3E7""},{""@Name"":""TargetUserSid"",""#text"":""S-1-5-18""},{""@Name"":""TargetUserName"",""#text"":""SYSTEM""},{""@Name"":""TargetDomainName"",""#text"":""NT AUTHORITY""},{""@Name"":""TargetLogonId"",""#text"":""0x3E7""},{""@Name"":""LogonType"",""#text"":""5""},{""@Name"":""LogonProcessName"",""#text"":""Advapi  ""},{""@Name"":""AuthenticationPackageName"",""#text"":""Negotiate""},{""@Name"":""WorkstationName"",""#text"":""-""},{""@Name"":""LogonGuid"",""#text"":""00000000-0000-0000-0000-000000000000""},{""@Name"":""TransmittedServices"",""#text"":""-""},{""@Name"":""LmPackageName"",""#text"":""-""},{""@Name"":""KeyLength"",""#text"":""0""},{""@Name"":""ProcessId"",""#text"":""0x368""},{""@Name"":""ProcessName"",""#text"":""C:\\Windows\\System32\\services.exe""},{""@Name"":""IpAddress"",""#text"":""-""},{""@Name"":""IpPort"",""#text"":""-""},{""@Name"":""ImpersonationLevel"",""#text"":""%%1833""},{""@Name"":""RestrictedAdminMode"",""#text"":""-""},{""@Name"":""RemoteCredentialGuard"",""#text"":""-""},{""@Name"":""TargetOutboundUserName"",""#text"":""-""},{""@Name"":""TargetOutboundDomainName"",""#text"":""-""},{""@Name"":""VirtualAccount"",""#text"":""%%1843""},{""@Name"":""TargetLinkedLogonId"",""#text"":""0x0""},{""@Name"":""ElevatedToken"",""#text"":""%%1842""}]}}"
32485,32485,2026-08-22 20:36:16.0663557,4672,LogAlways,Microsoft-Windows-Security-Auditing,Security,892,932,disstestbedvm,386,,Administrative logon,NT AUTHORITY\SYSTEM (S-1-5-18),,"PrivilegeList: SeAssignPrimaryTokenPrivilege, SeTcbPrivilege, SeSecurityPrivilege, SeTakeOwnershipPrivilege, SeLoadDriverPrivilege, SeBackupPrivilege, SeRestorePrivilege, SeDebugPrivilege, SeAuditPrivilege, SeSystemEnvironmentPrivilege, SeImpersonatePrivilege, SeDelegateSessionUserImpersonatePrivilege",LogonId: 0x3E7,,,,,,False,D:\UOW\SEM3\msc-diss-7csef001w\scenarios\scenario_4\run_2\artefacts\event_logs\Security.evtx,Audit success,0,"{""EventData"":{""Data"":[{""@Name"":""SubjectUserSid"",""#text"":""S-1-5-18""},{""@Name"":""SubjectUserName"",""#text"":""SYSTEM""},{""@Name"":""SubjectDomainName"",""#text"":""NT AUTHORITY""},{""@Name"":""SubjectLogonId"",""#text"":""0x3E7""},{""@Name"":""PrivilegeList"",""#text"":""SeAssignPrimaryTokenPrivilege, SeTcbPrivilege, SeSecurityPrivilege, SeTakeOwnershipPrivilege, SeLoadDriverPrivilege, SeBackupPrivilege, SeRestorePrivilege, SeDebugPrivilege, SeAuditPrivilege, SeSystemEnvironmentPrivilege, SeImpersonatePrivilege, SeDelegateSessionUserImpersonatePrivilege""}]}}"
32486,32486,2026-08-22 20:36:16.0680250,4688,LogAlways,Microsoft-Windows-Security-Auditing,Security,4,6688,disstestbedvm,386,,A new process has been created,WORKGROUP\DISSTESTBEDVM$,,Parent process: C:\Windows\System32\services.exe,PID: 0x368,Parent PID: 0x28CC,Mandatory label: SECURITY_MANDATORY_SYSTEM_RID,Target User: -\-,,C:\Windows\System32\svchost.exe C:\WINDOWS\System32\svchost.exe -k netsvcs -p -s BITS,False,D:\UOW\SEM3\msc-diss-7csef001w\scenarios\scenario_4\run_2\artefacts\event_logs\Security.evtx,Audit success,0,"{""EventData"":{""Data"":[{""@Name"":""SubjectUserSid"",""#text"":""S-1-5-18""},{""@Name"":""SubjectUserName"",""#text"":""DISSTESTBEDVM$""},{""@Name"":""SubjectDomainName"",""#text"":""WORKGROUP""},{""@Name"":""SubjectLogonId"",""#text"":""0x3E7""},{""@Name"":""NewProcessId"",""#text"":""0x28CC""},{""@Name"":""NewProcessName"",""#text"":""C:\\Windows\\System32\\svchost.exe""},{""@Name"":""TokenElevationType"",""#text"":""%%1936""},{""@Name"":""ProcessId"",""#text"":""0x368""},{""@Name"":""CommandLine"",""#text"":""C:\\WINDOWS\\System32\\svchost.exe -k netsvcs -p -s BITS""},{""@Name"":""TargetUserSid"",""#text"":""S-1-0-0""},{""@Name"":""TargetUserName"",""#text"":""-""},{""@Name"":""TargetDomainName"",""#text"":""-""},{""@Name"":""TargetLogonId"",""#text"":""0x0""},{""@Name"":""ParentProcessName"",""#text"":""C:\\Windows\\System32\\services.exe""},{""@Name"":""MandatoryLabel"",""#text"":""S-1-16-16384""}]}}"
32487,32487,2026-08-22 20:36:16.0993984,4689,LogAlways,Microsoft-Windows-Security-Auditing,Security,4,6692,disstestbedvm,386,,A process has exited,disstestbedvm\dfanalyst,,,PID: 0x640,,,,,C:\Windows\System32\backgroundTaskHost.exe,False,D:\UOW\SEM3\msc-diss-7csef001w\scenarios\scenario_4\run_2\artefacts\event_logs\Security.evtx,Audit success,0,"{""EventData"":{""Data"":[{""@Name"":""SubjectUserSid"",""#text"":""S-1-5-21-4209295338-567392030-2519289182-1001""},{""@Name"":""SubjectUserName"",""#text"":""dfanalyst""},{""@Name"":""SubjectDomainName"",""#text"":""disstestbedvm""},{""@Name"":""SubjectLogonId"",""#text"":""0x57494""},{""@Name"":""Status"",""#text"":""0x1""},{""@Name"":""ProcessId"",""#text"":""0x640""},{""@Name"":""ProcessName"",""#text"":""C:\\Windows\\System32\\backgroundTaskHost.exe""}]}}"
32488,32488,2026-08-22 20:36:16.2621834,5379,LogAlways,Microsoft-Windows-Security-Auditing,Security,892,932,disstestbedvm,386,,,,,,,,,,,,False,D:\UOW\SEM3\msc-diss-7csef001w\scenarios\scenario_4\run_2\artefacts\event_logs\Security.evtx,Audit success,0,"{""EventData"":{""Data"":[{""@Name"":""SubjectUserSid"",""#text"":""S-1-5-18""},{""@Name"":""SubjectUserName"",""#text"":""DISSTESTBEDVM$""},{""@Name"":""SubjectDomainName"",""#text"":""WORKGROUP""},{""@Name"":""SubjectLogonId"",""#text"":""0x3E7""},{""@Name"":""TargetName"",""#text"":""MicrosoftAccount:user=02ifhfvyqmtyqxuj""},{""@Name"":""Type"",""#text"":""0""},{""@Name"":""CountOfCredentialsReturned"",""#text"":""0""},{""@Name"":""ReadOperation"",""#text"":""%%8100""},{""@Name"":""ReturnCode"",""#text"":""3221226021""},{""@Name"":""ProcessCreationTime"",""#text"":""2026-08-22 20:29:32.4749731""},{""@Name"":""ClientProcessId"",""#text"":""4608""}]}}"
32489,32489,2026-08-22 20:36:16.2623833,5379,LogAlways,Microsoft-Windows-Security-Auditing,Security,892,932,disstestbedvm,386,,,,,,,,,,,,False,D:\UOW\SEM3\msc-diss-7csef001w\scenarios\scenario_4\run_2\artefacts\event_logs\Security.evtx,Audit success,0,"{""EventData"":{""Data"":[{""@Name"":""SubjectUserSid"",""#text"":""S-1-5-18""},{""@Name"":""SubjectUserName"",""#text"":""DISSTESTBEDVM$""},{""@Name"":""SubjectDomainName"",""#text"":""WORKGROUP""},{""@Name"":""SubjectLogonId"",""#text"":""0x3E7""},{""@Name"":""TargetName"",""#text"":""WindowsLive:(token):name=02ifhfvyqmtyqxuj;serviceuri=*""},{""@Name"":""Type"",""#text"":""0""},{""@Name"":""CountOfCredentialsReturned"",""#text"":""0""},{""@Name"":""ReadOperation"",""#text"":""%%8100""},{""@Name"":""ReturnCode"",""#text"":""3221226021""},{""@Name"":""ProcessCreationTime"",""#text"":""2026-08-22 20:29:32.4749731""},{""@Name"":""ClientProcessId"",""#text"":""4608""}]}}"
32490,32490,2026-08-22 20:36:16.2633269,5379,LogAlways,Microsoft-Windows-Security-Auditing,Security,892,932,disstestbedvm,386,,,,,,,,,,,,False,D:\UOW\SEM3\msc-diss-7csef001w\scenarios\scenario_4\run_2\artefacts\event_logs\Security.evtx,Audit success,0,"{""EventData"":{""Data"":[{""@Name"":""SubjectUserSid"",""#text"":""S-1-5-18""},{""@Name"":""SubjectUserName"",""#text"":""DISSTESTBEDVM$""},{""@Name"":""SubjectDomainName"",""#text"":""WORKGROUP""},{""@Name"":""SubjectLogonId"",""#text"":""0x3E7""},{""@Name"":""TargetName"",""#text"":""WindowsLive:(cert):name=02ifhfvyqmtyqxuj;serviceuri=*""},{""@Name"":""Type"",""#text"":""0""},{""@Name"":""CountOfCredentialsReturned"",""#text"":""0""},{""@Name"":""ReadOperation"",""#text"":""%%8100""},{""@Name"":""ReturnCode"",""#text"":""3221226021""},{""@Name"":""ProcessCreationTime"",""#text"":""2026-08-22 20:29:32.4749731""},{""@Name"":""ClientProcessId"",""#text"":""4608""}]}}"
32491,32491,2026-08-22 20:36:16.2835005,4689,LogAlways,Microsoft-Windows-Security-Auditing,Security,4,468,disstestbedvm,386,,A process has exited,WORKGROUP\DISSTESTBEDVM$,,,PID: 0x1E60,,,,,C:\Windows\System32\wermgr.exe,False,D:\UOW\SEM3\msc-diss-7csef001w\scenarios\scenario_4\run_2\artefacts\event_logs\Security.evtx,Audit success,464,"{""EventData"":{""Data"":[{""@Name"":""SubjectUserSid"",""#text"":""S-1-5-18""},{""@Name"":""SubjectUserName"",""#text"":""DISSTESTBEDVM$""},{""@Name"":""SubjectDomainName"",""#text"":""WORKGROUP""},{""@Name"":""SubjectLogonId"",""#text"":""0x3E7""},{""@Name"":""Status"",""#text"":""0x0""},{""@Name"":""ProcessId"",""#text"":""0x1E60""},{""@Name"":""ProcessName"",""#text"":""C:\\Windows\\System32\\wermgr.exe""}]}}"
32492,32492,2026-08-22 20:36:16.2880437,4689,LogAlways,Microsoft-Windows-Security-Auditing,Security,4,2664,disstestbedvm,386,,A process has exited,WORKGROUP\DISSTESTBEDVM$,,,PID: 0x23A8,,,,,C:\Windows\System32\sc.exe,False,D:\UOW\SEM3\msc-diss-7csef001w\scenarios\scenario_4\run_2\artefacts\event_logs\Security.evtx,Audit success,0,"{""EventData"":{""Data"":[{""@Name"":""SubjectUserSid"",""#text"":""S-1-5-18""},{""@Name"":""SubjectUserName"",""#text"":""DISSTESTBEDVM$""},{""@Name"":""SubjectDomainName"",""#text"":""WORKGROUP""},{""@Name"":""SubjectLogonId"",""#text"":""0x3E7""},{""@Name"":""Status"",""#text"":""0x0""},{""@Name"":""ProcessId"",""#text"":""0x23A8""},{""@Name"":""ProcessName"",""#text"":""C:\\Windows\\System32\\sc.exe""}]}}"
32493,32493,2026-08-22 20:36:16.3094871,4689,LogAlways,Microsoft-Windows-Security-Auditing,Security,4,10144,disstestbedvm,386,,A process has exited,WORKGROUP\DISSTESTBEDVM$,,,PID: 0x2418,,,,,C:\Windows\System32\conhost.exe,False,D:\UOW\SEM3\msc-diss-7csef001w\scenarios\scenario_4\run_2\artefacts\event_logs\Security.evtx,Audit success,0,"{""EventData"":{""Data"":[{""@Name"":""SubjectUserSid"",""#text"":""S-1-5-18""},{""@Name"":""SubjectUserName"",""#text"":""DISSTESTBEDVM$""},{""@Name"":""SubjectDomainName"",""#text"":""WORKGROUP""},{""@Name"":""SubjectLogonId"",""#text"":""0x3E7""},{""@Name"":""Status"",""#text"":""0x0""},{""@Name"":""ProcessId"",""#text"":""0x2418""},{""@Name"":""ProcessName"",""#text"":""C:\\Windows\\System32\\conhost.exe""}]}}"
32494,32494,2026-08-22 20:36:16.3124503,4689,LogAlways,Microsoft-Windows-Security-Auditing,Security,4,10144,disstestbedvm,386,,A process has exited,WORKGROUP\DISSTESTBEDVM$,,,PID: 0x15DC,,,,,C:\Windows\System32\wsqmcons.exe,False,D:\UOW\SEM3\msc-diss-7csef001w\scenarios\scenario_4\run_2\artefacts\event_logs\Security.evtx,Audit success,0,"{""EventData"":{""Data"":[{""@Name"":""SubjectUserSid"",""#text"":""S-1-5-18""},{""@Name"":""SubjectUserName"",""#text"":""DISSTESTBEDVM$""},{""@Name"":""SubjectDomainName"",""#text"":""WORKGROUP""},{""@Name"":""SubjectLogonId"",""#text"":""0x3E7""},{""@Name"":""Status"",""#text"":""0x0""},{""@Name"":""ProcessId"",""#text"":""0x15DC""},{""@Name"":""ProcessName"",""#text"":""C:\\Windows\\System32\\wsqmcons.exe""}]}}"
32495,32495,2026-08-22 20:36:16.4490944,4689,LogAlways,Microsoft-Windows-Security-Auditing,Security,4,468,disstestbedvm,386,,A process has exited,WORKGROUP\DISSTESTBEDVM$,,,PID: 0x2A8C,,,,,C:\Windows\UUS\amd64\UIEOrchestrator.exe,False,D:\UOW\SEM3\msc-diss-7csef001w\scenarios\scenario_4\run_2\artefacts\event_logs\Security.evtx,Audit success,0,"{""EventData"":{""Data"":[{""@Name"":""SubjectUserSid"",""#text"":""S-1-5-18""},{""@Name"":""SubjectUserName"",""#text"":""DISSTESTBEDVM$""},{""@Name"":""SubjectDomainName"",""#text"":""WORKGROUP""},{""@Name"":""SubjectLogonId"",""#text"":""0x3E7""},{""@Name"":""Status"",""#text"":""0x0""},{""@Name"":""ProcessId"",""#text"":""0x2A8C""},{""@Name"":""ProcessName"",""#text"":""C:\\Windows\\UUS\\amd64\\UIEOrchestrator.exe""}]}}"
32496,32496,2026-08-22 20:36:16.4533748,4689,LogAlways,Microsoft-Windows-Security-Auditing,Security,4,468,disstestbedvm,386,,A process has exited,WORKGROUP\DISSTESTBEDVM$,,,PID: 0x12C4,,,,,C:\Windows\System32\UIEOrchestratorStub.exe,False,D:\UOW\SEM3\msc-diss-7csef001w\scenarios\scenario_4\run_2\artefacts\event_logs\Security.evtx,Audit success,0,"{""EventData"":{""Data"":[{""@Name"":""SubjectUserSid"",""#text"":""S-1-5-18""},{""@Name"":""SubjectUserName"",""#text"":""DISSTESTBEDVM$""},{""@Name"":""SubjectDomainName"",""#text"":""WORKGROUP""},{""@Name"":""SubjectLogonId"",""#text"":""0x3E7""},{""@Name"":""Status"",""#text"":""0x0""},{""@Name"":""ProcessId"",""#text"":""0x12C4""},{""@Name"":""ProcessName"",""#text"":""C:\\Windows\\System32\\UIEOrchestratorStub.exe""}]}}"
32497,32497,2026-08-22 20:36:16.5240229,5379,LogAlways,Microsoft-Windows-Security-Auditing,Security,892,976,disstestbedvm,386,,,,,,,,,,,,False,D:\UOW\SEM3\msc-diss-7csef001w\scenarios\scenario_4\run_2\artefacts\event_logs\Security.evtx,Audit success,0,"{""EventData"":{""Data"":[{""@Name"":""SubjectUserSid"",""#text"":""S-1-5-18""},{""@Name"":""SubjectUserName"",""#text"":""DISSTESTBEDVM$""},{""@Name"":""SubjectDomainName"",""#text"":""WORKGROUP""},{""@Name"":""SubjectLogonId"",""#text"":""0x3E7""},{""@Name"":""TargetName"",""#text"":""MicrosoftAccount:user=02ifhfvyqmtyqxuj""},{""@Name"":""Type"",""#text"":""0""},{""@Name"":""CountOfCredentialsReturned"",""#text"":""0""},{""@Name"":""ReadOperation"",""#text"":""%%8100""},{""@Name"":""ReturnCode"",""#text"":""3221226021""},{""@Name"":""ProcessCreationTime"",""#text"":""2026-08-22 20:29:32.4749731""},{""@Name"":""ClientProcessId"",""#text"":""4608""}]}}"
32498,32498,2026-08-22 20:36:16.5244109,5379,LogAlways,Microsoft-Windows-Security-Auditing,Security,892,976,disstestbedvm,386,,,,,,,,,,,,False,D:\UOW\SEM3\msc-diss-7csef001w\scenarios\scenario_4\run_2\artefacts\event_logs\Security.evtx,Audit success,0,"{""EventData"":{""Data"":[{""@Name"":""SubjectUserSid"",""#text"":""S-1-5-18""},{""@Name"":""SubjectUserName"",""#text"":""DISSTESTBEDVM$""},{""@Name"":""SubjectDomainName"",""#text"":""WORKGROUP""},{""@Name"":""SubjectLogonId"",""#text"":""0x3E7""},{""@Name"":""TargetName"",""#text"":""MicrosoftAccount:user=02ifhfvyqmtyqxuj""},{""@Name"":""Type"",""#text"":""0""},{""@Name"":""CountOfCredentialsReturned"",""#text"":""0""},{""@Name"":""ReadOperation"",""#text"":""%%8100""},{""@Name"":""ReturnCode"",""#text"":""3221226021""},{""@Name"":""ProcessCreationTime"",""#text"":""2026-08-22 20:29:32.4749731""},{""@Name"":""ClientProcessId"",""#text"":""4608""}]}}"
32499,32499,2026-08-22 20:36:16.5273969,5379,LogAlways,Microsoft-Windows-Security-Auditing,Security,892,976,disstestbedvm,386,,,,,,,,,,,,False,D:\UOW\SEM3\msc-diss-7csef001w\scenarios\scenario_4\run_2\artefacts\event_logs\Security.evtx,Audit success,0,"{""EventData"":{""Data"":[{""@Name"":""SubjectUserSid"",""#text"":""S-1-5-18""},{""@Name"":""SubjectUserName"",""#text"":""DISSTESTBEDVM$""},{""@Name"":""SubjectDomainName"",""#text"":""WORKGROUP""},{""@Name"":""SubjectLogonId"",""#text"":""0x3E7""},{""@Name"":""TargetName"",""#text"":""MicrosoftAccount:user=02ifhfvyqmtyqxuj""},{""@Name"":""Type"",""#text"":""0""},{""@Name"":""CountOfCredentialsReturned"",""#text"":""0""},{""@Name"":""ReadOperation"",""#text"":""%%8100""},{""@Name"":""ReturnCode"",""#text"":""3221226021""},{""@Name"":""ProcessCreationTime"",""#text"":""2026-08-22 20:29:32.4749731""},{""@Name"":""ClientProcessId"",""#text"":""4608""}]}}"
32500,32500,2026-08-22 20:36:16.5274561,5379,LogAlways,Microsoft-Windows-Security-Auditing,Security,892,932,disstestbedvm,386,,,,,,,,,,,,False,D:\UOW\SEM3\msc-diss-7csef001w\scenarios\scenario_4\run_2\artefacts\event_logs\Security.evtx,Audit success,0,"{""EventData"":{""Data"":[{""@Name"":""SubjectUserSid"",""#text"":""S-1-5-18""},{""@Name"":""SubjectUserName"",""#text"":""DISSTESTBEDVM$""},{""@Name"":""SubjectDomainName"",""#text"":""WORKGROUP""},{""@Name"":""SubjectLogonId"",""#text"":""0x3E7""},{""@Name"":""TargetName"",""#text"":""MicrosoftAccount:user=02ifhfvyqmtyqxuj""},{""@Name"":""Type"",""#text"":""0""},{""@Name"":""CountOfCredentialsReturned"",""#text"":""0""},{""@Name"":""ReadOperation"",""#text"":""%%8100""},{""@Name"":""ReturnCode"",""#text"":""3221226021""},{""@Name"":""ProcessCreationTime"",""#text"":""2026-08-22 20:29:32.4749731""},{""@Name"":""ClientProcessId"",""#text"":""4608""}]}}"
32501,32501,2026-08-22 20:36:16.5455751,4624,LogAlways,Microsoft-Windows-Security-Auditing,Security,892,932,disstestbedvm,386,,Successful logon,WORKGROUP\DISSTESTBEDVM$,- (-),Target: NT AUTHORITY\SYSTEM,LogonType 5,LogonId: 0x3E7,,,,C:\Windows\System32\services.exe,False,D:\UOW\SEM3\msc-diss-7csef001w\scenarios\scenario_4\run_2\artefacts\event_logs\Security.evtx,Audit success,0,"{""EventData"":{""Data"":[{""@Name"":""SubjectUserSid"",""#text"":""S-1-5-18""},{""@Name"":""SubjectUserName"",""#text"":""DISSTESTBEDVM$""},{""@Name"":""SubjectDomainName"",""#text"":""WORKGROUP""},{""@Name"":""SubjectLogonId"",""#text"":""0x3E7""},{""@Name"":""TargetUserSid"",""#text"":""S-1-5-18""},{""@Name"":""TargetUserName"",""#text"":""SYSTEM""},{""@Name"":""TargetDomainName"",""#text"":""NT AUTHORITY""},{""@Name"":""TargetLogonId"",""#text"":""0x3E7""},{""@Name"":""LogonType"",""#text"":""5""},{""@Name"":""LogonProcessName"",""#text"":""Advapi  ""},{""@Name"":""AuthenticationPackageName"",""#text"":""Negotiate""},{""@Name"":""WorkstationName"",""#text"":""-""},{""@Name"":""LogonGuid"",""#text"":""00000000-0000-0000-0000-000000000000""},{""@Name"":""TransmittedServices"",""#text"":""-""},{""@Name"":""LmPackageName"",""#text"":""-""},{""@Name"":""KeyLength"",""#text"":""0""},{""@Name"":""ProcessId"",""#text"":""0x368""},{""@Name"":""ProcessName"",""#text"":""C:\\Windows\\System32\\services.exe""},{""@Name"":""IpAddress"",""#text"":""-""},{""@Name"":""IpPort"",""#text"":""-""},{""@Name"":""ImpersonationLevel"",""#text"":""%%1833""},{""@Name"":""RestrictedAdminMode"",""#text"":""-""},{""@Name"":""RemoteCredentialGuard"",""#text"":""-""},{""@Name"":""TargetOutboundUserName"",""#text"":""-""},{""@Name"":""TargetOutboundDomainName"",""#text"":""-""},{""@Name"":""VirtualAccount"",""#text"":""%%1843""},{""@Name"":""TargetLinkedLogonId"",""#text"":""0x0""},{""@Name"":""ElevatedToken"",""#text"":""%%1842""}]}}"
32502,32502,2026-08-22 20:36:16.5455823,4672,LogAlways,Microsoft-Windows-Security-Auditing,Security,892,932,disstestbedvm,386,,Administrative logon,NT AUTHORITY\SYSTEM (S-1-5-18),,"PrivilegeList: SeAssignPrimaryTokenPrivilege, SeTcbPrivilege, SeSecurityPrivilege, SeTakeOwnershipPrivilege, SeLoadDriverPrivilege, SeBackupPrivilege, SeRestorePrivilege, SeDebugPrivilege, SeAuditPrivilege, SeSystemEnvironmentPrivilege, SeImpersonatePrivilege, SeDelegateSessionUserImpersonatePrivilege",LogonId: 0x3E7,,,,,,False,D:\UOW\SEM3\msc-diss-7csef001w\scenarios\scenario_4\run_2\artefacts\event_logs\Security.evtx,Audit success,0,"{""EventData"":{""Data"":[{""@Name"":""SubjectUserSid"",""#text"":""S-1-5-18""},{""@Name"":""SubjectUserName"",""#text"":""SYSTEM""},{""@Name"":""SubjectDomainName"",""#text"":""NT AUTHORITY""},{""@Name"":""SubjectLogonId"",""#text"":""0x3E7""},{""@Name"":""PrivilegeList"",""#text"":""SeAssignPrimaryTokenPrivilege, SeTcbPrivilege, SeSecurityPrivilege, SeTakeOwnershipPrivilege, SeLoadDriverPrivilege, SeBackupPrivilege, SeRestorePrivilege, SeDebugPrivilege, SeAuditPrivilege, SeSystemEnvironmentPrivilege, SeImpersonatePrivilege, SeDelegateSessionUserImpersonatePrivilege""}]}}"
32503,32503,2026-08-22 20:36:16.5472784,4688,LogAlways,Microsoft-Windows-Security-Auditing,Security,4,6692,disstestbedvm,386,,A new process has been created,WORKGROUP\DISSTESTBEDVM$,,Parent process: C:\Windows\System32\services.exe,PID: 0x368,Parent PID: 0xEA4,Mandatory label: SECURITY_MANDATORY_SYSTEM_RID,Target User: -\-,,C:\Windows\System32\svchost.exe C:\WINDOWS\system32\svchost.exe -k WbioSvcGroup -s WbioSrvc,False,D:\UOW\SEM3\msc-diss-7csef001w\scenarios\scenario_4\run_2\artefacts\event_logs\Security.evtx,Audit success,0,"{""EventData"":{""Data"":[{""@Name"":""SubjectUserSid"",""#text"":""S-1-5-18""},{""@Name"":""SubjectUserName"",""#text"":""DISSTESTBEDVM$""},{""@Name"":""SubjectDomainName"",""#text"":""WORKGROUP""},{""@Name"":""SubjectLogonId"",""#text"":""0x3E7""},{""@Name"":""NewProcessId"",""#text"":""0xEA4""},{""@Name"":""NewProcessName"",""#text"":""C:\\Windows\\System32\\svchost.exe""},{""@Name"":""TokenElevationType"",""#text"":""%%1936""},{""@Name"":""ProcessId"",""#text"":""0x368""},{""@Name"":""CommandLine"",""#text"":""C:\\WINDOWS\\system32\\svchost.exe -k WbioSvcGroup -s WbioSrvc""},{""@Name"":""TargetUserSid"",""#text"":""S-1-0-0""},{""@Name"":""TargetUserName"",""#text"":""-""},{""@Name"":""TargetDomainName"",""#text"":""-""},{""@Name"":""TargetLogonId"",""#text"":""0x0""},{""@Name"":""ParentProcessName"",""#text"":""C:\\Windows\\System32\\services.exe""},{""@Name"":""MandatoryLabel"",""#text"":""S-1-16-16384""}]}}"
32504,32504,2026-08-22 20:36:16.6103634,4624,LogAlways,Microsoft-Windows-Security-Auditing,Security,892,932,disstestbedvm,386,,Successful logon,WORKGROUP\DISSTESTBEDVM$,- (-),Target: NT AUTHORITY\SYSTEM,LogonType 5,LogonId: 0x3E7,,,,C:\Windows\System32\services.exe,False,D:\UOW\SEM3\msc-diss-7csef001w\scenarios\scenario_4\run_2\artefacts\event_logs\Security.evtx,Audit success,0,"{""EventData"":{""Data"":[{""@Name"":""SubjectUserSid"",""#text"":""S-1-5-18""},{""@Name"":""SubjectUserName"",""#text"":""DISSTESTBEDVM$""},{""@Name"":""SubjectDomainName"",""#text"":""WORKGROUP""},{""@Name"":""SubjectLogonId"",""#text"":""0x3E7""},{""@Name"":""TargetUserSid"",""#text"":""S-1-5-18""},{""@Name"":""TargetUserName"",""#text"":""SYSTEM""},{""@Name"":""TargetDomainName"",""#text"":""NT AUTHORITY""},{""@Name"":""TargetLogonId"",""#text"":""0x3E7""},{""@Name"":""LogonType"",""#text"":""5""},{""@Name"":""LogonProcessName"",""#text"":""Advapi  ""},{""@Name"":""AuthenticationPackageName"",""#text"":""Negotiate""},{""@Name"":""WorkstationName"",""#text"":""-""},{""@Name"":""LogonGuid"",""#text"":""00000000-0000-0000-0000-000000000000""},{""@Name"":""TransmittedServices"",""#text"":""-""},{""@Name"":""LmPackageName"",""#text"":""-""},{""@Name"":""KeyLength"",""#text"":""0""},{""@Name"":""ProcessId"",""#text"":""0x368""},{""@Name"":""ProcessName"",""#text"":""C:\\Windows\\System32\\services.exe""},{""@Name"":""IpAddress"",""#text"":""-""},{""@Name"":""IpPort"",""#text"":""-""},{""@Name"":""ImpersonationLevel"",""#text"":""%%1833""},{""@Name"":""RestrictedAdminMode"",""#text"":""-""},{""@Name"":""RemoteCredentialGuard"",""#text"":""-""},{""@Name"":""TargetOutboundUserName"",""#text"":""-""},{""@Name"":""TargetOutboundDomainName"",""#text"":""-""},{""@Name"":""VirtualAccount"",""#text"":""%%1843""},{""@Name"":""TargetLinkedLogonId"",""#text"":""0x0""},{""@Name"":""ElevatedToken"",""#text"":""%%1842""}]}}"
32505,32505,2026-08-22 20:36:16.6103705,4672,LogAlways,Microsoft-Windows-Security-Auditing,Security,892,932,disstestbedvm,386,,Administrative logon,NT AUTHORITY\SYSTEM (S-1-5-18),,"PrivilegeList: SeAssignPrimaryTokenPrivilege, SeTcbPrivilege, SeSecurityPrivilege, SeTakeOwnershipPrivilege, SeLoadDriverPrivilege, SeBackupPrivilege, SeRestorePrivilege, SeDebugPrivilege, SeAuditPrivilege, SeSystemEnvironmentPrivilege, SeImpersonatePrivilege, SeDelegateSessionUserImpersonatePrivilege",LogonId: 0x3E7,,,,,,False,D:\UOW\SEM3\msc-diss-7csef001w\scenarios\scenario_4\run_2\artefacts\event_logs\Security.evtx,Audit success,0,"{""EventData"":{""Data"":[{""@Name"":""SubjectUserSid"",""#text"":""S-1-5-18""},{""@Name"":""SubjectUserName"",""#text"":""SYSTEM""},{""@Name"":""SubjectDomainName"",""#text"":""NT AUTHORITY""},{""@Name"":""SubjectLogonId"",""#text"":""0x3E7""},{""@Name"":""PrivilegeList"",""#text"":""SeAssignPrimaryTokenPrivilege, SeTcbPrivilege, SeSecurityPrivilege, SeTakeOwnershipPrivilege, SeLoadDriverPrivilege, SeBackupPrivilege, SeRestorePrivilege, SeDebugPrivilege, SeAuditPrivilege, SeSystemEnvironmentPrivilege, SeImpersonatePrivilege, SeDelegateSessionUserImpersonatePrivilege""}]}}"
32506,32506,2026-08-22 20:36:16.6119908,4688,LogAlways,Microsoft-Windows-Security-Auditing,Security,4,2664,disstestbedvm,386,,A new process has been created,WORKGROUP\DISSTESTBEDVM$,,Parent process: C:\Windows\System32\services.exe,PID: 0x368,Parent PID: 0x2B48,Mandatory label: SECURITY_MANDATORY_SYSTEM_RID,Target User: -\-,,C:\Windows\System32\svchost.exe C:\WINDOWS\system32\svchost.exe -k LocalSystemNetworkRestricted -p -s NgcSvc,False,D:\UOW\SEM3\msc-diss-7csef001w\scenarios\scenario_4\run_2\artefacts\event_logs\Security.evtx,Audit success,0,"{""EventData"":{""Data"":[{""@Name"":""SubjectUserSid"",""#text"":""S-1-5-18""},{""@Name"":""SubjectUserName"",""#text"":""DISSTESTBEDVM$""},{""@Name"":""SubjectDomainName"",""#text"":""WORKGROUP""},{""@Name"":""SubjectLogonId"",""#text"":""0x3E7""},{""@Name"":""NewProcessId"",""#text"":""0x2B48""},{""@Name"":""NewProcessName"",""#text"":""C:\\Windows\\System32\\svchost.exe""},{""@Name"":""TokenElevationType"",""#text"":""%%1936""},{""@Name"":""ProcessId"",""#text"":""0x368""},{""@Name"":""CommandLine"",""#text"":""C:\\WINDOWS\\system32\\svchost.exe -k LocalSystemNetworkRestricted -p -s NgcSvc""},{""@Name"":""TargetUserSid"",""#text"":""S-1-0-0""},{""@Name"":""TargetUserName"",""#text"":""-""},{""@Name"":""TargetDomainName"",""#text"":""-""},{""@Name"":""TargetLogonId"",""#text"":""0x0""},{""@Name"":""ParentProcessName"",""#text"":""C:\\Windows\\System32\\services.exe""},{""@Name"":""MandatoryLabel"",""#text"":""S-1-16-16384""}]}}"
32507,32507,2026-08-22 20:36:16.6645701,4689,LogAlways,Microsoft-Windows-Security-Auditing,Security,4,10144,disstestbedvm,386,,A process has exited,WORKGROUP\DISSTESTBEDVM$,,,PID: 0x14E4,,,,,C:\Windows\System32\rundll32.exe,False,D:\UOW\SEM3\msc-diss-7csef001w\scenarios\scenario_4\run_2\artefacts\event_logs\Security.evtx,Audit success,0,"{""EventData"":{""Data"":[{""@Name"":""SubjectUserSid"",""#text"":""S-1-5-18""},{""@Name"":""SubjectUserName"",""#text"":""DISSTESTBEDVM$""},{""@Name"":""SubjectDomainName"",""#text"":""WORKGROUP""},{""@Name"":""SubjectLogonId"",""#text"":""0x3E7""},{""@Name"":""Status"",""#text"":""0x0""},{""@Name"":""ProcessId"",""#text"":""0x14E4""},{""@Name"":""ProcessName"",""#text"":""C:\\Windows\\System32\\rundll32.exe""}]}}"
32508,32508,2026-08-22 20:36:16.6765143,4688,LogAlways,Microsoft-Windows-Security-Auditing,Security,4,10144,disstestbedvm,386,,A new process has been created,WORKGROUP\DISSTESTBEDVM$,,Parent process: C:\Windows\System32\services.exe,PID: 0x368,Parent PID: 0x15E4,Mandatory label: SECURITY_MANDATORY_SYSTEM_RID,Target User: NT AUTHORITY\LOCAL SERVICE,,C:\Windows\System32\svchost.exe C:\WINDOWS\system32\svchost.exe -k LocalServiceNetworkRestricted -p,False,D:\UOW\SEM3\msc-diss-7csef001w\scenarios\scenario_4\run_2\artefacts\event_logs\Security.evtx,Audit success,0,"{""EventData"":{""Data"":[{""@Name"":""SubjectUserSid"",""#text"":""S-1-5-18""},{""@Name"":""SubjectUserName"",""#text"":""DISSTESTBEDVM$""},{""@Name"":""SubjectDomainName"",""#text"":""WORKGROUP""},{""@Name"":""SubjectLogonId"",""#text"":""0x3E7""},{""@Name"":""NewProcessId"",""#text"":""0x15E4""},{""@Name"":""NewProcessName"",""#text"":""C:\\Windows\\System32\\svchost.exe""},{""@Name"":""TokenElevationType"",""#text"":""%%1936""},{""@Name"":""ProcessId"",""#text"":""0x368""},{""@Name"":""CommandLine"",""#text"":""C:\\WINDOWS\\system32\\svchost.exe -k LocalServiceNetworkRestricted -p""},{""@Name"":""TargetUserSid"",""#text"":""S-1-5-19""},{""@Name"":""TargetUserName"",""#text"":""LOCAL SERVICE""},{""@Name"":""TargetDomainName"",""#text"":""NT AUTHORITY""},{""@Name"":""TargetLogonId"",""#text"":""0x3E5""},{""@Name"":""ParentProcessName"",""#text"":""C:\\Windows\\System32\\services.exe""},{""@Name"":""MandatoryLabel"",""#text"":""S-1-16-16384""}]}}"
32509,32509,2026-08-22 20:36:16.7598519,4798,LogAlways,Microsoft-Windows-Security-Auditing,Security,892,980,disstestbedvm,386,,A user's local group membership was enumerated,WORKGROUP\DISSTESTBEDVM$ (S-1-5-18),,Target: disstestbedvm\dfanalyst (S-1-5-21-4209295338-567392030-2519289182-1001),SubjectLogonId: 0x3E7,CallerProcessName: C:\Windows\System32\DeviceCensus.exe,CallerProcessId: 0x1F84,,,,False,D:\UOW\SEM3\msc-diss-7csef001w\scenarios\scenario_4\run_2\artefacts\event_logs\Security.evtx,Audit success,0,"{""EventData"":{""Data"":[{""@Name"":""TargetUserName"",""#text"":""dfanalyst""},{""@Name"":""TargetDomainName"",""#text"":""disstestbedvm""},{""@Name"":""TargetSid"",""#text"":""S-1-5-21-4209295338-567392030-2519289182-1001""},{""@Name"":""SubjectUserSid"",""#text"":""S-1-5-18""},{""@Name"":""SubjectUserName"",""#text"":""DISSTESTBEDVM$""},{""@Name"":""SubjectDomainName"",""#text"":""WORKGROUP""},{""@Name"":""SubjectLogonId"",""#text"":""0x3E7""},{""@Name"":""CallerProcessId"",""#text"":""0x1F84""},{""@Name"":""CallerProcessName"",""#text"":""C:\\Windows\\System32\\DeviceCensus.exe""}]}}"
32510,32510,2026-08-22 20:36:17.2946445,5382,LogAlways,Microsoft-Windows-Security-Auditing,Security,892,932,disstestbedvm,386,,,,,,,,,,,,False,D:\UOW\SEM3\msc-diss-7csef001w\scenarios\scenario_4\run_2\artefacts\event_logs\Security.evtx,Audit success,0,"{""EventData"":{""Data"":[{""@Name"":""SubjectUserSid"",""#text"":""S-1-5-18""},{""@Name"":""SubjectUserName"",""#text"":""DISSTESTBEDVM$""},{""@Name"":""SubjectDomainName"",""#text"":""WORKGROUP""},{""@Name"":""SubjectLogonId"",""#text"":""0x3E7""},{""@Name"":""SchemaFriendlyName"",""#text"":""NGC Local Accoount Logon Vault Resource Schema""},{""@Name"":""Schema"",""#text"":""1d4350a3-330d-4af9-b3ff-a927a45998ac""},{""@Name"":""Resource"",""#text"":""NGC Local Accoount Logon Vault Resource""},{""@Name"":""Identity"",""#text"":""010500000000000515000000EABFE4FA1EB7D1215E4D2996E9030000""},{""@Name"":""PackageSid""},{""@Name"":""Flags"",""#text"":""0""},{""@Name"":""ReturnCode"",""#text"":""1168""},{""@Name"":""ProcessCreationTime"",""#text"":""2026-08-22 20:36:16.6119163""},{""@Name"":""ClientProcessId"",""#text"":""11080""}]}}"
32511,32511,2026-08-22 20:36:17.7903870,4688,LogAlways,Microsoft-Windows-Security-Auditing,Security,4,2664,disstestbedvm,386,,A new process has been created,WORKGROUP\DISSTESTBEDVM$,,Parent process: C:\Windows\System32\services.exe,PID: 0x368,Parent PID: 0x754,Mandatory label: SECURITY_MANDATORY_SYSTEM_RID,Target User: WORKGROUP\DISSTESTBEDVM$,,C:\Windows\System32\sppsvc.exe C:\WINDOWS\system32\sppsvc.exe,False,D:\UOW\SEM3\msc-diss-7csef001w\scenarios\scenario_4\run_2\artefacts\event_logs\Security.evtx,Audit success,0,"{""EventData"":{""Data"":[{""@Name"":""SubjectUserSid"",""#text"":""S-1-5-18""},{""@Name"":""SubjectUserName"",""#text"":""DISSTESTBEDVM$""},{""@Name"":""SubjectDomainName"",""#text"":""WORKGROUP""},{""@Name"":""SubjectLogonId"",""#text"":""0x3E7""},{""@Name"":""NewProcessId"",""#text"":""0x754""},{""@Name"":""NewProcessName"",""#text"":""C:\\Windows\\System32\\sppsvc.exe""},{""@Name"":""TokenElevationType"",""#text"":""%%1936""},{""@Name"":""ProcessId"",""#text"":""0x368""},{""@Name"":""CommandLine"",""#text"":""C:\\WINDOWS\\system32\\sppsvc.exe""},{""@Name"":""TargetUserSid"",""#text"":""S-1-0-0""},{""@Name"":""TargetUserName"",""#text"":""DISSTESTBEDVM$""},{""@Name"":""TargetDomainName"",""#text"":""WORKGROUP""},{""@Name"":""TargetLogonId"",""#text"":""0x3E4""},{""@Name"":""ParentProcessName"",""#text"":""C:\\Windows\\System32\\services.exe""},{""@Name"":""MandatoryLabel"",""#text"":""S-1-16-16384""}]}}"
32512,32512,2026-08-22 20:36:18.4809349,4689,LogAlways,Microsoft-Windows-Security-Auditing,Security,4,148,disstestbedvm,386,,A process has exited,WORKGROUP\DISSTESTBEDVM$,,,PID: 0x1F84,,,,,C:\Windows\System32\DeviceCensus.exe,False,D:\UOW\SEM3\msc-diss-7csef001w\scenarios\scenario_4\run_2\artefacts\event_logs\Security.evtx,Audit success,0,"{""EventData"":{""Data"":[{""@Name"":""SubjectUserSid"",""#text"":""S-1-5-18""},{""@Name"":""SubjectUserName"",""#text"":""DISSTESTBEDVM$""},{""@Name"":""SubjectDomainName"",""#text"":""WORKGROUP""},{""@Name"":""SubjectLogonId"",""#text"":""0x3E7""},{""@Name"":""Status"",""#text"":""0x0""},{""@Name"":""ProcessId"",""#text"":""0x1F84""},{""@Name"":""ProcessName"",""#text"":""C:\\Windows\\System32\\DeviceCensus.exe""}]}}"
32513,32513,2026-08-22 20:36:19.0601211,4689,LogAlways,Microsoft-Windows-Security-Auditing,Security,4,10128,disstestbedvm,386,,A process has exited,disstestbedvm\dfanalyst,,,PID: 0x28B4,,,,,C:\Program Files\WindowsApps\Microsoft.WindowsTerminal_1.24.11911.0_x64__8wekyb3d8bbwe\WindowsTerminal.exe,False,D:\UOW\SEM3\msc-diss-7csef001w\scenarios\scenario_4\run_2\artefacts\event_logs\Security.evtx,Audit success,0,"{""EventData"":{""Data"":[{""@Name"":""SubjectUserSid"",""#text"":""S-1-5-21-4209295338-567392030-2519289182-1001""},{""@Name"":""SubjectUserName"",""#text"":""dfanalyst""},{""@Name"":""SubjectDomainName"",""#text"":""disstestbedvm""},{""@Name"":""SubjectLogonId"",""#text"":""0x57494""},{""@Name"":""Status"",""#text"":""0x0""},{""@Name"":""ProcessId"",""#text"":""0x28B4""},{""@Name"":""ProcessName"",""#text"":""C:\\Program Files\\WindowsApps\\Microsoft.WindowsTerminal_1.24.11911.0_x64__8wekyb3d8bbwe\\WindowsTerminal.exe""}]}}"
32514,32514,2026-08-22 20:36:19.0628885,4689,LogAlways,Microsoft-Windows-Security-Auditing,Security,4,2664,disstestbedvm,386,,A process has exited,disstestbedvm\dfanalyst,,,PID: 0x1554,,,,,\Device\HarddiskVolume5\PORTABLE\HelloWorld.exe,False,D:\UOW\SEM3\msc-diss-7csef001w\scenarios\scenario_4\run_2\artefacts\event_logs\Security.evtx,Audit success,0,"{""EventData"":{""Data"":[{""@Name"":""SubjectUserSid"",""#text"":""S-1-5-21-4209295338-567392030-2519289182-1001""},{""@Name"":""SubjectUserName"",""#text"":""dfanalyst""},{""@Name"":""SubjectDomainName"",""#text"":""disstestbedvm""},{""@Name"":""SubjectLogonId"",""#text"":""0x57494""},{""@Name"":""Status"",""#text"":""0xC000013A""},{""@Name"":""ProcessId"",""#text"":""0x1554""},{""@Name"":""ProcessName"",""#text"":""\\Device\\HarddiskVolume5\\PORTABLE\\HelloWorld.exe""}]}}"
32515,32515,2026-08-22 20:36:19.0657792,4689,LogAlways,Microsoft-Windows-Security-Auditing,Security,4,148,disstestbedvm,386,,A process has exited,disstestbedvm\dfanalyst,,,PID: 0x2144,,,,,C:\Program Files\WindowsApps\Microsoft.WindowsTerminal_1.24.11911.0_x64__8wekyb3d8bbwe\OpenConsole.exe,False,D:\UOW\SEM3\msc-diss-7csef001w\scenarios\scenario_4\run_2\artefacts\event_logs\Security.evtx,Audit success,0,"{""EventData"":{""Data"":[{""@Name"":""SubjectUserSid"",""#text"":""S-1-5-21-4209295338-567392030-2519289182-1001""},{""@Name"":""SubjectUserName"",""#text"":""dfanalyst""},{""@Name"":""SubjectDomainName"",""#text"":""disstestbedvm""},{""@Name"":""SubjectLogonId"",""#text"":""0x57494""},{""@Name"":""Status"",""#text"":""0x0""},{""@Name"":""ProcessId"",""#text"":""0x2144""},{""@Name"":""ProcessName"",""#text"":""C:\\Program Files\\WindowsApps\\Microsoft.WindowsTerminal_1.24.11911.0_x64__8wekyb3d8bbwe\\OpenConsole.exe""}]}}"
32516,32516,2026-08-22 20:36:19.0679641,4689,LogAlways,Microsoft-Windows-Security-Auditing,Security,4,148,disstestbedvm,386,,A process has exited,disstestbedvm\dfanalyst,,,PID: 0x2034,,,,,C:\Windows\System32\conhost.exe,False,D:\UOW\SEM3\msc-diss-7csef001w\scenarios\scenario_4\run_2\artefacts\event_logs\Security.evtx,Audit success,0,"{""EventData"":{""Data"":[{""@Name"":""SubjectUserSid"",""#text"":""S-1-5-21-4209295338-567392030-2519289182-1001""},{""@Name"":""SubjectUserName"",""#text"":""dfanalyst""},{""@Name"":""SubjectDomainName"",""#text"":""disstestbedvm""},{""@Name"":""SubjectLogonId"",""#text"":""0x57494""},{""@Name"":""Status"",""#text"":""0x6D""},{""@Name"":""ProcessId"",""#text"":""0x2034""},{""@Name"":""ProcessName"",""#text"":""C:\\Windows\\System32\\conhost.exe""}]}}"
32517,32517,2026-08-22 20:36:19.6990355,4689,LogAlways,Microsoft-Windows-Security-Auditing,Security,4,148,disstestbedvm,386,,A process has exited,WORKGROUP\DISSTESTBEDVM$,,,PID: 0x1B80,,,,,C:\Windows\System32\svchost.exe,False,D:\UOW\SEM3\msc-diss-7csef001w\scenarios\scenario_4\run_2\artefacts\event_logs\Security.evtx,Audit success,0,"{""EventData"":{""Data"":[{""@Name"":""SubjectUserSid"",""#text"":""S-1-5-18""},{""@Name"":""SubjectUserName"",""#text"":""DISSTESTBEDVM$""},{""@Name"":""SubjectDomainName"",""#text"":""WORKGROUP""},{""@Name"":""SubjectLogonId"",""#text"":""0x3E7""},{""@Name"":""Status"",""#text"":""0x0""},{""@Name"":""ProcessId"",""#text"":""0x1B80""},{""@Name"":""ProcessName"",""#text"":""C:\\Windows\\System32\\svchost.exe""}]}}"
32518,32518,2026-08-22 20:36:20.3653837,4799,LogAlways,Microsoft-Windows-Security-Auditing,Security,892,932,disstestbedvm,386,,A security-enabled local group membership was enumerated,WORKGROUP\DISSTESTBEDVM$ (S-1-5-18),,Target: Builtin\Administrators (S-1-5-32-544),SubjectLogonId: 0x3E7,CallerProcessName: C:\Windows\System32\svchost.exe,CallerProcessId: 0x28CC,,,,False,D:\UOW\SEM3\msc-diss-7csef001w\scenarios\scenario_4\run_2\artefacts\event_logs\Security.evtx,Audit success,0,"{""EventData"":{""Data"":[{""@Name"":""TargetUserName"",""#text"":""Administrators""},{""@Name"":""TargetDomainName"",""#text"":""Builtin""},{""@Name"":""TargetSid"",""#text"":""S-1-5-32-544""},{""@Name"":""SubjectUserSid"",""#text"":""S-1-5-18""},{""@Name"":""SubjectUserName"",""#text"":""DISSTESTBEDVM$""},{""@Name"":""SubjectDomainName"",""#text"":""WORKGROUP""},{""@Name"":""SubjectLogonId"",""#text"":""0x3E7""},{""@Name"":""CallerProcessId"",""#text"":""0x28CC""},{""@Name"":""CallerProcessName"",""#text"":""C:\\Windows\\System32\\svchost.exe""}]}}"
32519,32519,2026-08-22 20:36:20.3666048,4799,LogAlways,Microsoft-Windows-Security-Auditing,Security,892,932,disstestbedvm,386,,A security-enabled local group membership was enumerated,WORKGROUP\DISSTESTBEDVM$ (S-1-5-18),,Target: Builtin\Backup Operators (S-1-5-32-551),SubjectLogonId: 0x3E7,CallerProcessName: C:\Windows\System32\svchost.exe,CallerProcessId: 0x28CC,,,,False,D:\UOW\SEM3\msc-diss-7csef001w\scenarios\scenario_4\run_2\artefacts\event_logs\Security.evtx,Audit success,0,"{""EventData"":{""Data"":[{""@Name"":""TargetUserName"",""#text"":""Backup Operators""},{""@Name"":""TargetDomainName"",""#text"":""Builtin""},{""@Name"":""TargetSid"",""#text"":""S-1-5-32-551""},{""@Name"":""SubjectUserSid"",""#text"":""S-1-5-18""},{""@Name"":""SubjectUserName"",""#text"":""DISSTESTBEDVM$""},{""@Name"":""SubjectDomainName"",""#text"":""WORKGROUP""},{""@Name"":""SubjectLogonId"",""#text"":""0x3E7""},{""@Name"":""CallerProcessId"",""#text"":""0x28CC""},{""@Name"":""CallerProcessName"",""#text"":""C:\\Windows\\System32\\svchost.exe""}]}}"
32520,32520,2026-08-22 20:36:20.5465873,4689,LogAlways,Microsoft-Windows-Security-Auditing,Security,4,148,disstestbedvm,386,,A process has exited,disstestbedvm\dfanalyst,,,PID: 0x2524,,,,,C:\Windows\System32\dllhost.exe,False,D:\UOW\SEM3\msc-diss-7csef001w\scenarios\scenario_4\run_2\artefacts\event_logs\Security.evtx,Audit success,0,"{""EventData"":{""Data"":[{""@Name"":""SubjectUserSid"",""#text"":""S-1-5-21-4209295338-567392030-2519289182-1001""},{""@Name"":""SubjectUserName"",""#text"":""dfanalyst""},{""@Name"":""SubjectDomainName"",""#text"":""disstestbedvm""},{""@Name"":""SubjectLogonId"",""#text"":""0x57494""},{""@Name"":""Status"",""#text"":""0x0""},{""@Name"":""ProcessId"",""#text"":""0x2524""},{""@Name"":""ProcessName"",""#text"":""C:\\Windows\\System32\\dllhost.exe""}]}}"
32521,32521,2026-08-22 20:36:21.5436999,4663,LogAlways,Microsoft-Windows-Security-Auditing,Security,4,2664,disstestbedvm,386,,Attempt was made to access an object,disstestbedvm\dfanalyst,,ObjectServer: Security,ObjectType: File,ObjectName: \Device\CdRom0\setup.exe,"AccessList: Unknown code (%%4416, )",,,C:\Windows\explorer.exe,False,D:\UOW\SEM3\msc-diss-7csef001w\scenarios\scenario_4\run_2\artefacts\event_logs\Security.evtx,Audit success,0,"{""EventData"":{""Data"":[{""@Name"":""SubjectUserSid"",""#text"":""S-1-5-21-4209295338-567392030-2519289182-1001""},{""@Name"":""SubjectUserName"",""#text"":""dfanalyst""},{""@Name"":""SubjectDomainName"",""#text"":""disstestbedvm""},{""@Name"":""SubjectLogonId"",""#text"":""0x57494""},{""@Name"":""ObjectServer"",""#text"":""Security""},{""@Name"":""ObjectType"",""#text"":""File""},{""@Name"":""ObjectName"",""#text"":""\\Device\\CdRom0\\setup.exe""},{""@Name"":""HandleId"",""#text"":""0x4BF8""},{""@Name"":""AccessList"",""#text"":""%%4416, ""},{""@Name"":""AccessMask"",""#text"":""0x1""},{""@Name"":""ProcessId"",""#text"":""0x1630""},{""@Name"":""ProcessName"",""#text"":""C:\\Windows\\explorer.exe""},{""@Name"":""ResourceAttributes""}]}}"
32522,32522,2026-08-22 20:36:21.5496370,4688,LogAlways,Microsoft-Windows-Security-Auditing,Security,4,2664,disstestbedvm,386,,A new process has been created,WORKGROUP\DISSTESTBEDVM$,,Parent process: C:\Windows\System32\svchost.exe,PID: 0x124,Parent PID: 0x28DC,Mandatory label: SECURITY_MANDATORY_MEDIUM_RID,Target User: disstestbedvm\dfanalyst,,C:\Windows\System32\dllhost.exe C:\WINDOWS\system32\DllHost.exe /Processid:{AB8902B4-09CA-4BB6-B78D-A8F59079A8D5},False,D:\UOW\SEM3\msc-diss-7csef001w\scenarios\scenario_4\run_2\artefacts\event_logs\Security.evtx,Audit success,0,"{""EventData"":{""Data"":[{""@Name"":""SubjectUserSid"",""#text"":""S-1-5-18""},{""@Name"":""SubjectUserName"",""#text"":""DISSTESTBEDVM$""},{""@Name"":""SubjectDomainName"",""#text"":""WORKGROUP""},{""@Name"":""SubjectLogonId"",""#text"":""0x3E7""},{""@Name"":""NewProcessId"",""#text"":""0x28DC""},{""@Name"":""NewProcessName"",""#text"":""C:\\Windows\\System32\\dllhost.exe""},{""@Name"":""TokenElevationType"",""#text"":""%%1938""},{""@Name"":""ProcessId"",""#text"":""0x124""},{""@Name"":""CommandLine"",""#text"":""C:\\WINDOWS\\system32\\DllHost.exe /Processid:{AB8902B4-09CA-4BB6-B78D-A8F59079A8D5}""},{""@Name"":""TargetUserSid"",""#text"":""S-1-5-21-4209295338-567392030-2519289182-1001""},{""@Name"":""TargetUserName"",""#text"":""dfanalyst""},{""@Name"":""TargetDomainName"",""#text"":""disstestbedvm""},{""@Name"":""TargetLogonId"",""#text"":""0x57494""},{""@Name"":""ParentProcessName"",""#text"":""C:\\Windows\\System32\\svchost.exe""},{""@Name"":""MandatoryLabel"",""#text"":""S-1-16-8192""}]}}"
32523,32523,2026-08-22 20:36:21.5926228,4689,LogAlways,Microsoft-Windows-Security-Auditing,Security,4,10128,disstestbedvm,386,,A process has exited,WORKGROUP\DISSTESTBEDVM$,,,PID: 0x7D8,,,,,C:\Windows\System32\svchost.exe,False,D:\UOW\SEM3\msc-diss-7csef001w\scenarios\scenario_4\run_2\artefacts\event_logs\Security.evtx,Audit success,0,"{""EventData"":{""Data"":[{""@Name"":""SubjectUserSid"",""#text"":""S-1-5-18""},{""@Name"":""SubjectUserName"",""#text"":""DISSTESTBEDVM$""},{""@Name"":""SubjectDomainName"",""#text"":""WORKGROUP""},{""@Name"":""SubjectLogonId"",""#text"":""0x3E7""},{""@Name"":""Status"",""#text"":""0x0""},{""@Name"":""ProcessId"",""#text"":""0x7D8""},{""@Name"":""ProcessName"",""#text"":""C:\\Windows\\System32\\svchost.exe""}]}}"
32524,32524,2026-08-22 20:36:22.6255585,4797,LogAlways,Microsoft-Windows-Security-Auditing,Security,892,932,disstestbedvm,386,,An attempt was made to query the existence of a blank password for an account,disstestbedvm\dfanalyst (S-1-5-21-4209295338-567392030-2519289182-1001),,Target: disstestbedvm\Administrator,SubjectLogonId: 0x57494,Workstation: DISSTESTBEDVM,,,,,False,D:\UOW\SEM3\msc-diss-7csef001w\scenarios\scenario_4\run_2\artefacts\event_logs\Security.evtx,Audit success,0,"{""EventData"":{""Data"":[{""@Name"":""SubjectUserSid"",""#text"":""S-1-5-21-4209295338-567392030-2519289182-1001""},{""@Name"":""SubjectUserName"",""#text"":""dfanalyst""},{""@Name"":""SubjectDomainName"",""#text"":""disstestbedvm""},{""@Name"":""SubjectLogonId"",""#text"":""0x57494""},{""@Name"":""Workstation"",""#text"":""DISSTESTBEDVM""},{""@Name"":""TargetUserName"",""#text"":""Administrator""},{""@Name"":""TargetDomainName"",""#text"":""disstestbedvm""}]}}"
32525,32525,2026-08-22 20:36:22.6263734,4797,LogAlways,Microsoft-Windows-Security-Auditing,Security,892,932,disstestbedvm,386,,An attempt was made to query the existence of a blank password for an account,disstestbedvm\dfanalyst (S-1-5-21-4209295338-567392030-2519289182-1001),,Target: disstestbedvm\DefaultAccount,SubjectLogonId: 0x57494,Workstation: DISSTESTBEDVM,,,,,False,D:\UOW\SEM3\msc-diss-7csef001w\scenarios\scenario_4\run_2\artefacts\event_logs\Security.evtx,Audit success,0,"{""EventData"":{""Data"":[{""@Name"":""SubjectUserSid"",""#text"":""S-1-5-21-4209295338-567392030-2519289182-1001""},{""@Name"":""SubjectUserName"",""#text"":""dfanalyst""},{""@Name"":""SubjectDomainName"",""#text"":""disstestbedvm""},{""@Name"":""SubjectLogonId"",""#text"":""0x57494""},{""@Name"":""Workstation"",""#text"":""DISSTESTBEDVM""},{""@Name"":""TargetUserName"",""#text"":""DefaultAccount""},{""@Name"":""TargetDomainName"",""#text"":""disstestbedvm""}]}}"
32526,32526,2026-08-22 20:36:22.6286122,4797,LogAlways,Microsoft-Windows-Security-Auditing,Security,892,932,disstestbedvm,386,,An attempt was made to query the existence of a blank password for an account,disstestbedvm\dfanalyst (S-1-5-21-4209295338-567392030-2519289182-1001),,Target: disstestbedvm\Guest,SubjectLogonId: 0x57494,Workstation: DISSTESTBEDVM,,,,,False,D:\UOW\SEM3\msc-diss-7csef001w\scenarios\scenario_4\run_2\artefacts\event_logs\Security.evtx,Audit success,0,"{""EventData"":{""Data"":[{""@Name"":""SubjectUserSid"",""#text"":""S-1-5-21-4209295338-567392030-2519289182-1001""},{""@Name"":""SubjectUserName"",""#text"":""dfanalyst""},{""@Name"":""SubjectDomainName"",""#text"":""disstestbedvm""},{""@Name"":""SubjectLogonId"",""#text"":""0x57494""},{""@Name"":""Workstation"",""#text"":""DISSTESTBEDVM""},{""@Name"":""TargetUserName"",""#text"":""Guest""},{""@Name"":""TargetDomainName"",""#text"":""disstestbedvm""}]}}"
32527,32527,2026-08-22 20:36:22.6295234,4797,LogAlways,Microsoft-Windows-Security-Auditing,Security,892,932,disstestbedvm,386,,An attempt was made to query the existence of a blank password for an account,disstestbedvm\dfanalyst (S-1-5-21-4209295338-567392030-2519289182-1001),,Target: disstestbedvm\WDAGUtilityAccount,SubjectLogonId: 0x57494,Workstation: DISSTESTBEDVM,,,,,False,D:\UOW\SEM3\msc-diss-7csef001w\scenarios\scenario_4\run_2\artefacts\event_logs\Security.evtx,Audit success,0,"{""EventData"":{""Data"":[{""@Name"":""SubjectUserSid"",""#text"":""S-1-5-21-4209295338-567392030-2519289182-1001""},{""@Name"":""SubjectUserName"",""#text"":""dfanalyst""},{""@Name"":""SubjectDomainName"",""#text"":""disstestbedvm""},{""@Name"":""SubjectLogonId"",""#text"":""0x57494""},{""@Name"":""Workstation"",""#text"":""DISSTESTBEDVM""},{""@Name"":""TargetUserName"",""#text"":""WDAGUtilityAccount""},{""@Name"":""TargetDomainName"",""#text"":""disstestbedvm""}]}}"
32528,32528,2026-08-22 20:36:24.9970248,4688,LogAlways,Microsoft-Windows-Security-Auditing,Security,4,10128,disstestbedvm,386,,A new process has been created,disstestbedvm\dfanalyst,,Parent process: C:\Windows\explorer.exe,PID: 0x1630,Parent PID: 0x1754,Mandatory label: SECURITY_MANDATORY_MEDIUM_RID,Target User: -\-,,"C:\Windows\System32\rundll32.exe ""C:\WINDOWS\System32\RunDll32.exe"" C:\WINDOWS\system32\hotplug.dll,HotPlugSafeRemovalDriveNotification DISS-USB (E:)",False,D:\UOW\SEM3\msc-diss-7csef001w\scenarios\scenario_4\run_2\artefacts\event_logs\Security.evtx,Audit success,0,"{""EventData"":{""Data"":[{""@Name"":""SubjectUserSid"",""#text"":""S-1-5-21-4209295338-567392030-2519289182-1001""},{""@Name"":""SubjectUserName"",""#text"":""dfanalyst""},{""@Name"":""SubjectDomainName"",""#text"":""disstestbedvm""},{""@Name"":""SubjectLogonId"",""#text"":""0x57494""},{""@Name"":""NewProcessId"",""#text"":""0x1754""},{""@Name"":""NewProcessName"",""#text"":""C:\\Windows\\System32\\rundll32.exe""},{""@Name"":""TokenElevationType"",""#text"":""%%1938""},{""@Name"":""ProcessId"",""#text"":""0x1630""},{""@Name"":""CommandLine"",""#text"":""\""C:\\WINDOWS\\System32\\RunDll32.exe\"" C:\\WINDOWS\\system32\\hotplug.dll,HotPlugSafeRemovalDriveNotification DISS-USB (E:)""},{""@Name"":""TargetUserSid"",""#text"":""S-1-0-0""},{""@Name"":""TargetUserName"",""#text"":""-""},{""@Name"":""TargetDomainName"",""#text"":""-""},{""@Name"":""TargetLogonId"",""#text"":""0x0""},{""@Name"":""ParentProcessName"",""#text"":""C:\\Windows\\explorer.exe""},{""@Name"":""MandatoryLabel"",""#text"":""S-1-16-8192""}]}}"
32529,32529,2026-08-22 20:36:25.9195930,4688,LogAlways,Microsoft-Windows-Security-Auditing,Security,4,10144,disstestbedvm,386,,A new process has been created,WORKGROUP\DISSTESTBEDVM$,,Parent process: C:\Windows\System32\svchost.exe,PID: 0x124,Parent PID: 0x9B4,Mandatory label: SECURITY_MANDATORY_MEDIUM_RID,Target User: disstestbedvm\dfanalyst,,"C:\Windows\System32\rundll32.exe C:\WINDOWS\System32\rundll32.exe C:\WINDOWS\System32\shell32.dll,SHCreateLocalServerRunDll {995C996E-D918-4a8c-A302-45719A6F4EA7} -Embedding",False,D:\UOW\SEM3\msc-diss-7csef001w\scenarios\scenario_4\run_2\artefacts\event_logs\Security.evtx,Audit success,0,"{""EventData"":{""Data"":[{""@Name"":""SubjectUserSid"",""#text"":""S-1-5-18""},{""@Name"":""SubjectUserName"",""#text"":""DISSTESTBEDVM$""},{""@Name"":""SubjectDomainName"",""#text"":""WORKGROUP""},{""@Name"":""SubjectLogonId"",""#text"":""0x3E7""},{""@Name"":""NewProcessId"",""#text"":""0x9B4""},{""@Name"":""NewProcessName"",""#text"":""C:\\Windows\\System32\\rundll32.exe""},{""@Name"":""TokenElevationType"",""#text"":""%%1938""},{""@Name"":""ProcessId"",""#text"":""0x124""},{""@Name"":""CommandLine"",""#text"":""C:\\WINDOWS\\System32\\rundll32.exe C:\\WINDOWS\\System32\\shell32.dll,SHCreateLocalServerRunDll {995C996E-D918-4a8c-A302-45719A6F4EA7} -Embedding""},{""@Name"":""TargetUserSid"",""#text"":""S-1-5-21-4209295338-567392030-2519289182-1001""},{""@Name"":""TargetUserName"",""#text"":""dfanalyst""},{""@Name"":""TargetDomainName"",""#text"":""disstestbedvm""},{""@Name"":""TargetLogonId"",""#text"":""0x57494""},{""@Name"":""ParentProcessName"",""#text"":""C:\\Windows\\System32\\svchost.exe""},{""@Name"":""MandatoryLabel"",""#text"":""S-1-16-8192""}]}}"
32530,32530,2026-08-22 20:36:25.9579399,4689,LogAlways,Microsoft-Windows-Security-Auditing,Security,4,10144,disstestbedvm,386,,A process has exited,disstestbedvm\dfanalyst,,,PID: 0x9B4,,,,,C:\Windows\System32\rundll32.exe,False,D:\UOW\SEM3\msc-diss-7csef001w\scenarios\scenario_4\run_2\artefacts\event_logs\Security.evtx,Audit success,0,"{""EventData"":{""Data"":[{""@Name"":""SubjectUserSid"",""#text"":""S-1-5-21-4209295338-567392030-2519289182-1001""},{""@Name"":""SubjectUserName"",""#text"":""dfanalyst""},{""@Name"":""SubjectDomainName"",""#text"":""disstestbedvm""},{""@Name"":""SubjectLogonId"",""#text"":""0x57494""},{""@Name"":""Status"",""#text"":""0x0""},{""@Name"":""ProcessId"",""#text"":""0x9B4""},{""@Name"":""ProcessName"",""#text"":""C:\\Windows\\System32\\rundll32.exe""}]}}"
32531,32531,2026-08-22 20:36:26.0529862,4624,LogAlways,Microsoft-Windows-Security-Auditing,Security,892,976,disstestbedvm,386,,Successful logon,WORKGROUP\DISSTESTBEDVM$,- (-),Target: NT AUTHORITY\SYSTEM,LogonType 5,LogonId: 0x3E7,,,,C:\Windows\System32\services.exe,False,D:\UOW\SEM3\msc-diss-7csef001w\scenarios\scenario_4\run_2\artefacts\event_logs\Security.evtx,Audit success,0,"{""EventData"":{""Data"":[{""@Name"":""SubjectUserSid"",""#text"":""S-1-5-18""},{""@Name"":""SubjectUserName"",""#text"":""DISSTESTBEDVM$""},{""@Name"":""SubjectDomainName"",""#text"":""WORKGROUP""},{""@Name"":""SubjectLogonId"",""#text"":""0x3E7""},{""@Name"":""TargetUserSid"",""#text"":""S-1-5-18""},{""@Name"":""TargetUserName"",""#text"":""SYSTEM""},{""@Name"":""TargetDomainName"",""#text"":""NT AUTHORITY""},{""@Name"":""TargetLogonId"",""#text"":""0x3E7""},{""@Name"":""LogonType"",""#text"":""5""},{""@Name"":""LogonProcessName"",""#text"":""Advapi  ""},{""@Name"":""AuthenticationPackageName"",""#text"":""Negotiate""},{""@Name"":""WorkstationName"",""#text"":""-""},{""@Name"":""LogonGuid"",""#text"":""00000000-0000-0000-0000-000000000000""},{""@Name"":""TransmittedServices"",""#text"":""-""},{""@Name"":""LmPackageName"",""#text"":""-""},{""@Name"":""KeyLength"",""#text"":""0""},{""@Name"":""ProcessId"",""#text"":""0x368""},{""@Name"":""ProcessName"",""#text"":""C:\\Windows\\System32\\services.exe""},{""@Name"":""IpAddress"",""#text"":""-""},{""@Name"":""IpPort"",""#text"":""-""},{""@Name"":""ImpersonationLevel"",""#text"":""%%1833""},{""@Name"":""RestrictedAdminMode"",""#text"":""-""},{""@Name"":""RemoteCredentialGuard"",""#text"":""-""},{""@Name"":""TargetOutboundUserName"",""#text"":""-""},{""@Name"":""TargetOutboundDomainName"",""#text"":""-""},{""@Name"":""VirtualAccount"",""#text"":""%%1843""},{""@Name"":""TargetLinkedLogonId"",""#text"":""0x0""},{""@Name"":""ElevatedToken"",""#text"":""%%1842""}]}}"
32532,32532,2026-08-22 20:36:26.0529923,4672,LogAlways,Microsoft-Windows-Security-Auditing,Security,892,976,disstestbedvm,386,,Administrative logon,NT AUTHORITY\SYSTEM (S-1-5-18),,"PrivilegeList: SeAssignPrimaryTokenPrivilege, SeTcbPrivilege, SeSecurityPrivilege, SeTakeOwnershipPrivilege, SeLoadDriverPrivilege, SeBackupPrivilege, SeRestorePrivilege, SeDebugPrivilege, SeAuditPrivilege, SeSystemEnvironmentPrivilege, SeImpersonatePrivilege, SeDelegateSessionUserImpersonatePrivilege",LogonId: 0x3E7,,,,,,False,D:\UOW\SEM3\msc-diss-7csef001w\scenarios\scenario_4\run_2\artefacts\event_logs\Security.evtx,Audit success,0,"{""EventData"":{""Data"":[{""@Name"":""SubjectUserSid"",""#text"":""S-1-5-18""},{""@Name"":""SubjectUserName"",""#text"":""SYSTEM""},{""@Name"":""SubjectDomainName"",""#text"":""NT AUTHORITY""},{""@Name"":""SubjectLogonId"",""#text"":""0x3E7""},{""@Name"":""PrivilegeList"",""#text"":""SeAssignPrimaryTokenPrivilege, SeTcbPrivilege, SeSecurityPrivilege, SeTakeOwnershipPrivilege, SeLoadDriverPrivilege, SeBackupPrivilege, SeRestorePrivilege, SeDebugPrivilege, SeAuditPrivilege, SeSystemEnvironmentPrivilege, SeImpersonatePrivilege, SeDelegateSessionUserImpersonatePrivilege""}]}}"
32533,32533,2026-08-22 20:36:26.0544769,4688,LogAlways,Microsoft-Windows-Security-Auditing,Security,4,10144,disstestbedvm,386,,A new process has been created,WORKGROUP\DISSTESTBEDVM$,,Parent process: C:\Windows\System32\services.exe,PID: 0x368,Parent PID: 0x22C4,Mandatory label: SECURITY_MANDATORY_SYSTEM_RID,Target User: -\-,,C:\Windows\System32\svchost.exe C:\WINDOWS\system32\svchost.exe -k netsvcs -p -s wisvc,False,D:\UOW\SEM3\msc-diss-7csef001w\scenarios\scenario_4\run_2\artefacts\event_logs\Security.evtx,Audit success,0,"{""EventData"":{""Data"":[{""@Name"":""SubjectUserSid"",""#text"":""S-1-5-18""},{""@Name"":""SubjectUserName"",""#text"":""DISSTESTBEDVM$""},{""@Name"":""SubjectDomainName"",""#text"":""WORKGROUP""},{""@Name"":""SubjectLogonId"",""#text"":""0x3E7""},{""@Name"":""NewProcessId"",""#text"":""0x22C4""},{""@Name"":""NewProcessName"",""#text"":""C:\\Windows\\System32\\svchost.exe""},{""@Name"":""TokenElevationType"",""#text"":""%%1936""},{""@Name"":""ProcessId"",""#text"":""0x368""},{""@Name"":""CommandLine"",""#text"":""C:\\WINDOWS\\system32\\svchost.exe -k netsvcs -p -s wisvc""},{""@Name"":""TargetUserSid"",""#text"":""S-1-0-0""},{""@Name"":""TargetUserName"",""#text"":""-""},{""@Name"":""TargetDomainName"",""#text"":""-""},{""@Name"":""TargetLogonId"",""#text"":""0x0""},{""@Name"":""ParentProcessName"",""#text"":""C:\\Windows\\System32\\services.exe""},{""@Name"":""MandatoryLabel"",""#text"":""S-1-16-16384""}]}}"
32534,32534,2026-08-22 20:36:26.0967959,4688,LogAlways,Microsoft-Windows-Security-Auditing,Security,4,10132,disstestbedvm,386,,A new process has been created,WORKGROUP\DISSTESTBEDVM$,,Parent process: C:\Windows\System32\services.exe,PID: 0x368,Parent PID: 0x131C,Mandatory label: SECURITY_MANDATORY_SYSTEM_RID,Target User: NT AUTHORITY\LOCAL SERVICE,,C:\Windows\System32\svchost.exe C:\WINDOWS\system32\svchost.exe -k WuqiSvcGroup -p -s wuqisvc,False,D:\UOW\SEM3\msc-diss-7csef001w\scenarios\scenario_4\run_2\artefacts\event_logs\Security.evtx,Audit success,0,"{""EventData"":{""Data"":[{""@Name"":""SubjectUserSid"",""#text"":""S-1-5-18""},{""@Name"":""SubjectUserName"",""#text"":""DISSTESTBEDVM$""},{""@Name"":""SubjectDomainName"",""#text"":""WORKGROUP""},{""@Name"":""SubjectLogonId"",""#text"":""0x3E7""},{""@Name"":""NewProcessId"",""#text"":""0x131C""},{""@Name"":""NewProcessName"",""#text"":""C:\\Windows\\System32\\svchost.exe""},{""@Name"":""TokenElevationType"",""#text"":""%%1936""},{""@Name"":""ProcessId"",""#text"":""0x368""},{""@Name"":""CommandLine"",""#text"":""C:\\WINDOWS\\system32\\svchost.exe -k WuqiSvcGroup -p -s wuqisvc""},{""@Name"":""TargetUserSid"",""#text"":""S-1-5-19""},{""@Name"":""TargetUserName"",""#text"":""LOCAL SERVICE""},{""@Name"":""TargetDomainName"",""#text"":""NT AUTHORITY""},{""@Name"":""TargetLogonId"",""#text"":""0x3E5""},{""@Name"":""ParentProcessName"",""#text"":""C:\\Windows\\System32\\services.exe""},{""@Name"":""MandatoryLabel"",""#text"":""S-1-16-16384""}]}}"
32535,32535,2026-08-22 20:36:26.4733557,4798,LogAlways,Microsoft-Windows-Security-Auditing,Security,892,980,disstestbedvm,386,,A user's local group membership was enumerated,disstestbedvm\dfanalyst (S-1-5-21-4209295338-567392030-2519289182-1001),,Target: disstestbedvm\dfanalyst (S-1-5-21-4209295338-567392030-2519289182-1001),SubjectLogonId: 0x57494,CallerProcessName: C:\Windows\explorer.exe,CallerProcessId: 0x1630,,,,False,D:\UOW\SEM3\msc-diss-7csef001w\scenarios\scenario_4\run_2\artefacts\event_logs\Security.evtx,Audit success,544,"{""EventData"":{""Data"":[{""@Name"":""TargetUserName"",""#text"":""dfanalyst""},{""@Name"":""TargetDomainName"",""#text"":""disstestbedvm""},{""@Name"":""TargetSid"",""#text"":""S-1-5-21-4209295338-567392030-2519289182-1001""},{""@Name"":""SubjectUserSid"",""#text"":""S-1-5-21-4209295338-567392030-2519289182-1001""},{""@Name"":""SubjectUserName"",""#text"":""dfanalyst""},{""@Name"":""SubjectDomainName"",""#text"":""disstestbedvm""},{""@Name"":""SubjectLogonId"",""#text"":""0x57494""},{""@Name"":""CallerProcessId"",""#text"":""0x1630""},{""@Name"":""CallerProcessName"",""#text"":""C:\\Windows\\explorer.exe""}]}}"
32536,32536,2026-08-22 20:36:26.5968105,4689,LogAlways,Microsoft-Windows-Security-Auditing,Security,4,5896,disstestbedvm,386,,A process has exited,disstestbedvm\dfanalyst,,,PID: 0x28DC,,,,,C:\Windows\System32\dllhost.exe,False,D:\UOW\SEM3\msc-diss-7csef001w\scenarios\scenario_4\run_2\artefacts\event_logs\Security.evtx,Audit success,0,"{""EventData"":{""Data"":[{""@Name"":""SubjectUserSid"",""#text"":""S-1-5-21-4209295338-567392030-2519289182-1001""},{""@Name"":""SubjectUserName"",""#text"":""dfanalyst""},{""@Name"":""SubjectDomainName"",""#text"":""disstestbedvm""},{""@Name"":""SubjectLogonId"",""#text"":""0x57494""},{""@Name"":""Status"",""#text"":""0x0""},{""@Name"":""ProcessId"",""#text"":""0x28DC""},{""@Name"":""ProcessName"",""#text"":""C:\\Windows\\System32\\dllhost.exe""}]}}"
32537,32537,2026-08-22 20:36:26.6145842,4688,LogAlways,Microsoft-Windows-Security-Auditing,Security,4,10144,disstestbedvm,386,,A new process has been created,WORKGROUP\DISSTESTBEDVM$,,Parent process: C:\Windows\System32\svchost.exe,PID: 0x124,Parent PID: 0x1014,Mandatory label: SECURITY_MANDATORY_MEDIUM_RID,Target User: disstestbedvm\dfanalyst,,C:\Windows\System32\dllhost.exe C:\WINDOWS\system32\DllHost.exe /Processid:{AB8902B4-09CA-4BB6-B78D-A8F59079A8D5},False,D:\UOW\SEM3\msc-diss-7csef001w\scenarios\scenario_4\run_2\artefacts\event_logs\Security.evtx,Audit success,0,"{""EventData"":{""Data"":[{""@Name"":""SubjectUserSid"",""#text"":""S-1-5-18""},{""@Name"":""SubjectUserName"",""#text"":""DISSTESTBEDVM$""},{""@Name"":""SubjectDomainName"",""#text"":""WORKGROUP""},{""@Name"":""SubjectLogonId"",""#text"":""0x3E7""},{""@Name"":""NewProcessId"",""#text"":""0x1014""},{""@Name"":""NewProcessName"",""#text"":""C:\\Windows\\System32\\dllhost.exe""},{""@Name"":""TokenElevationType"",""#text"":""%%1938""},{""@Name"":""ProcessId"",""#text"":""0x124""},{""@Name"":""CommandLine"",""#text"":""C:\\WINDOWS\\system32\\DllHost.exe /Processid:{AB8902B4-09CA-4BB6-B78D-A8F59079A8D5}""},{""@Name"":""TargetUserSid"",""#text"":""S-1-5-21-4209295338-567392030-2519289182-1001""},{""@Name"":""TargetUserName"",""#text"":""dfanalyst""},{""@Name"":""TargetDomainName"",""#text"":""disstestbedvm""},{""@Name"":""TargetLogonId"",""#text"":""0x57494""},{""@Name"":""ParentProcessName"",""#text"":""C:\\Windows\\System32\\svchost.exe""},{""@Name"":""MandatoryLabel"",""#text"":""S-1-16-8192""}]}}"
32538,32538,2026-08-22 20:36:30.7090435,4689,LogAlways,Microsoft-Windows-Security-Auditing,Security,4,10144,disstestbedvm,386,,A process has exited,WORKGROUP\DISSTESTBEDVM$,,,PID: 0x11C4,,,,,C:\Windows\System32\svchost.exe,False,D:\UOW\SEM3\msc-diss-7csef001w\scenarios\scenario_4\run_2\artefacts\event_logs\Security.evtx,Audit success,0,"{""EventData"":{""Data"":[{""@Name"":""SubjectUserSid"",""#text"":""S-1-5-18""},{""@Name"":""SubjectUserName"",""#text"":""DISSTESTBEDVM$""},{""@Name"":""SubjectDomainName"",""#text"":""WORKGROUP""},{""@Name"":""SubjectLogonId"",""#text"":""0x3E7""},{""@Name"":""Status"",""#text"":""0x0""},{""@Name"":""ProcessId"",""#text"":""0x11C4""},{""@Name"":""ProcessName"",""#text"":""C:\\Windows\\System32\\svchost.exe""}]}}"
32539,32539,2026-08-22 20:36:30.9095820,4624,LogAlways,Microsoft-Windows-Security-Auditing,Security,892,980,disstestbedvm,386,,Successful logon,WORKGROUP\DISSTESTBEDVM$,- (-),Target: NT AUTHORITY\SYSTEM,LogonType 5,LogonId: 0x3E7,,,,C:\Windows\System32\services.exe,False,D:\UOW\SEM3\msc-diss-7csef001w\scenarios\scenario_4\run_2\artefacts\event_logs\Security.evtx,Audit success,0,"{""EventData"":{""Data"":[{""@Name"":""SubjectUserSid"",""#text"":""S-1-5-18""},{""@Name"":""SubjectUserName"",""#text"":""DISSTESTBEDVM$""},{""@Name"":""SubjectDomainName"",""#text"":""WORKGROUP""},{""@Name"":""SubjectLogonId"",""#text"":""0x3E7""},{""@Name"":""TargetUserSid"",""#text"":""S-1-5-18""},{""@Name"":""TargetUserName"",""#text"":""SYSTEM""},{""@Name"":""TargetDomainName"",""#text"":""NT AUTHORITY""},{""@Name"":""TargetLogonId"",""#text"":""0x3E7""},{""@Name"":""LogonType"",""#text"":""5""},{""@Name"":""LogonProcessName"",""#text"":""Advapi  ""},{""@Name"":""AuthenticationPackageName"",""#text"":""Negotiate""},{""@Name"":""WorkstationName"",""#text"":""-""},{""@Name"":""LogonGuid"",""#text"":""00000000-0000-0000-0000-000000000000""},{""@Name"":""TransmittedServices"",""#text"":""-""},{""@Name"":""LmPackageName"",""#text"":""-""},{""@Name"":""KeyLength"",""#text"":""0""},{""@Name"":""ProcessId"",""#text"":""0x368""},{""@Name"":""ProcessName"",""#text"":""C:\\Windows\\System32\\services.exe""},{""@Name"":""IpAddress"",""#text"":""-""},{""@Name"":""IpPort"",""#text"":""-""},{""@Name"":""ImpersonationLevel"",""#text"":""%%1833""},{""@Name"":""RestrictedAdminMode"",""#text"":""-""},{""@Name"":""RemoteCredentialGuard"",""#text"":""-""},{""@Name"":""TargetOutboundUserName"",""#text"":""-""},{""@Name"":""TargetOutboundDomainName"",""#text"":""-""},{""@Name"":""VirtualAccount"",""#text"":""%%1843""},{""@Name"":""TargetLinkedLogonId"",""#text"":""0x0""},{""@Name"":""ElevatedToken"",""#text"":""%%1842""}]}}"
32540,32540,2026-08-22 20:36:30.9095872,4672,LogAlways,Microsoft-Windows-Security-Auditing,Security,892,980,disstestbedvm,386,,Administrative logon,NT AUTHORITY\SYSTEM (S-1-5-18),,"PrivilegeList: SeAssignPrimaryTokenPrivilege, SeTcbPrivilege, SeSecurityPrivilege, SeTakeOwnershipPrivilege, SeLoadDriverPrivilege, SeBackupPrivilege, SeRestorePrivilege, SeDebugPrivilege, SeAuditPrivilege, SeSystemEnvironmentPrivilege, SeImpersonatePrivilege, SeDelegateSessionUserImpersonatePrivilege",LogonId: 0x3E7,,,,,,False,D:\UOW\SEM3\msc-diss-7csef001w\scenarios\scenario_4\run_2\artefacts\event_logs\Security.evtx,Audit success,0,"{""EventData"":{""Data"":[{""@Name"":""SubjectUserSid"",""#text"":""S-1-5-18""},{""@Name"":""SubjectUserName"",""#text"":""SYSTEM""},{""@Name"":""SubjectDomainName"",""#text"":""NT AUTHORITY""},{""@Name"":""SubjectLogonId"",""#text"":""0x3E7""},{""@Name"":""PrivilegeList"",""#text"":""SeAssignPrimaryTokenPrivilege, SeTcbPrivilege, SeSecurityPrivilege, SeTakeOwnershipPrivilege, SeLoadDriverPrivilege, SeBackupPrivilege, SeRestorePrivilege, SeDebugPrivilege, SeAuditPrivilege, SeSystemEnvironmentPrivilege, SeImpersonatePrivilege, SeDelegateSessionUserImpersonatePrivilege""}]}}"
32541,32541,2026-08-22 20:36:30.9109484,4688,LogAlways,Microsoft-Windows-Security-Auditing,Security,4,10144,disstestbedvm,386,,A new process has been created,WORKGROUP\DISSTESTBEDVM$,,Parent process: C:\Windows\System32\services.exe,PID: 0x368,Parent PID: 0x3AC,Mandatory label: SECURITY_MANDATORY_SYSTEM_RID,Target User: -\-,,C:\Windows\servicing\TrustedInstaller.exe C:\WINDOWS\servicing\TrustedInstaller.exe,False,D:\UOW\SEM3\msc-diss-7csef001w\scenarios\scenario_4\run_2\artefacts\event_logs\Security.evtx,Audit success,0,"{""EventData"":{""Data"":[{""@Name"":""SubjectUserSid"",""#text"":""S-1-5-18""},{""@Name"":""SubjectUserName"",""#text"":""DISSTESTBEDVM$""},{""@Name"":""SubjectDomainName"",""#text"":""WORKGROUP""},{""@Name"":""SubjectLogonId"",""#text"":""0x3E7""},{""@Name"":""NewProcessId"",""#text"":""0x3AC""},{""@Name"":""NewProcessName"",""#text"":""C:\\Windows\\servicing\\TrustedInstaller.exe""},{""@Name"":""TokenElevationType"",""#text"":""%%1936""},{""@Name"":""ProcessId"",""#text"":""0x368""},{""@Name"":""CommandLine"",""#text"":""C:\\WINDOWS\\servicing\\TrustedInstaller.exe""},{""@Name"":""TargetUserSid"",""#text"":""S-1-0-0""},{""@Name"":""TargetUserName"",""#text"":""-""},{""@Name"":""TargetDomainName"",""#text"":""-""},{""@Name"":""TargetLogonId"",""#text"":""0x0""},{""@Name"":""ParentProcessName"",""#text"":""C:\\Windows\\System32\\services.exe""},{""@Name"":""MandatoryLabel"",""#text"":""S-1-16-16384""}]}}"
32542,32542,2026-08-22 20:36:30.9524188,4688,LogAlways,Microsoft-Windows-Security-Auditing,Security,4,6692,disstestbedvm,386,,A new process has been created,WORKGROUP\DISSTESTBEDVM$,,Parent process: C:\Windows\System32\svchost.exe,PID: 0x124,Parent PID: 0x23A8,Mandatory label: SECURITY_MANDATORY_SYSTEM_RID,Target User: -\-,,C:\Windows\WinSxS\amd64_microsoft-windows-servicingstack_31bf3856ad364e35_10.0.26100.8648_none_a50ef8e3775e8e5e\TiWorker.exe C:\WINDOWS\winsxs\amd64_microsoft-windows-servicingstack_31bf3856ad364e35_10.0.26100.8648_none_a50ef8e3775e8e5e\TiWorker.exe -Embedding,False,D:\UOW\SEM3\msc-diss-7csef001w\scenarios\scenario_4\run_2\artefacts\event_logs\Security.evtx,Audit success,0,"{""EventData"":{""Data"":[{""@Name"":""SubjectUserSid"",""#text"":""S-1-5-18""},{""@Name"":""SubjectUserName"",""#text"":""DISSTESTBEDVM$""},{""@Name"":""SubjectDomainName"",""#text"":""WORKGROUP""},{""@Name"":""SubjectLogonId"",""#text"":""0x3E7""},{""@Name"":""NewProcessId"",""#text"":""0x23A8""},{""@Name"":""NewProcessName"",""#text"":""C:\\Windows\\WinSxS\\amd64_microsoft-windows-servicingstack_31bf3856ad364e35_10.0.26100.8648_none_a50ef8e3775e8e5e\\TiWorker.exe""},{""@Name"":""TokenElevationType"",""#text"":""%%1936""},{""@Name"":""ProcessId"",""#text"":""0x124""},{""@Name"":""CommandLine"",""#text"":""C:\\WINDOWS\\winsxs\\amd64_microsoft-windows-servicingstack_31bf3856ad364e35_10.0.26100.8648_none_a50ef8e3775e8e5e\\TiWorker.exe -Embedding""},{""@Name"":""TargetUserSid"",""#text"":""S-1-0-0""},{""@Name"":""TargetUserName"",""#text"":""-""},{""@Name"":""TargetDomainName"",""#text"":""-""},{""@Name"":""TargetLogonId"",""#text"":""0x0""},{""@Name"":""ParentProcessName"",""#text"":""C:\\Windows\\System32\\svchost.exe""},{""@Name"":""MandatoryLabel"",""#text"":""S-1-16-16384""}]}}"
32543,32543,2026-08-22 20:36:31.5663528,4689,LogAlways,Microsoft-Windows-Security-Auditing,Security,4,2664,disstestbedvm,386,,A process has exited,disstestbedvm\dfanalyst,,,PID: 0x1754,,,,,C:\Windows\System32\rundll32.exe,False,D:\UOW\SEM3\msc-diss-7csef001w\scenarios\scenario_4\run_2\artefacts\event_logs\Security.evtx,Audit success,0,"{""EventData"":{""Data"":[{""@Name"":""SubjectUserSid"",""#text"":""S-1-5-21-4209295338-567392030-2519289182-1001""},{""@Name"":""SubjectUserName"",""#text"":""dfanalyst""},{""@Name"":""SubjectDomainName"",""#text"":""disstestbedvm""},{""@Name"":""SubjectLogonId"",""#text"":""0x57494""},{""@Name"":""Status"",""#text"":""0x0""},{""@Name"":""ProcessId"",""#text"":""0x1754""},{""@Name"":""ProcessName"",""#text"":""C:\\Windows\\System32\\rundll32.exe""}]}}"
32544,32544,2026-08-22 20:36:31.7630943,4689,LogAlways,Microsoft-Windows-Security-Auditing,Security,4,6688,disstestbedvm,386,,A process has exited,disstestbedvm\dfanalyst,,,PID: 0x1014,,,,,C:\Windows\System32\dllhost.exe,False,D:\UOW\SEM3\msc-diss-7csef001w\scenarios\scenario_4\run_2\artefacts\event_logs\Security.evtx,Audit success,0,"{""EventData"":{""Data"":[{""@Name"":""SubjectUserSid"",""#text"":""S-1-5-21-4209295338-567392030-2519289182-1001""},{""@Name"":""SubjectUserName"",""#text"":""dfanalyst""},{""@Name"":""SubjectDomainName"",""#text"":""disstestbedvm""},{""@Name"":""SubjectLogonId"",""#text"":""0x57494""},{""@Name"":""Status"",""#text"":""0x0""},{""@Name"":""ProcessId"",""#text"":""0x1014""},{""@Name"":""ProcessName"",""#text"":""C:\\Windows\\System32\\dllhost.exe""}]}}"
32546,32546,2026-08-22 20:36:45.3271964,4689,LogAlways,Microsoft-Windows-Security-Auditing,Security,4,6692,disstestbedvm,386,,A process has exited,WORKGROUP\DISSTESTBEDVM$,,,PID: 0x498,,,,,C:\Windows\System32\UCConfigTask.exe,False,D:\UOW\SEM3\msc-diss-7csef001w\scenarios\scenario_4\run_2\artefacts\event_logs\Security.evtx,Audit success,0,"{""EventData"":{""Data"":[{""@Name"":""SubjectUserSid"",""#text"":""S-1-5-18""},{""@Name"":""SubjectUserName"",""#text"":""DISSTESTBEDVM$""},{""@Name"":""SubjectDomainName"",""#text"":""WORKGROUP""},{""@Name"":""SubjectLogonId"",""#text"":""0x3E7""},{""@Name"":""Status"",""#text"":""0x0""},{""@Name"":""ProcessId"",""#text"":""0x498""},{""@Name"":""ProcessName"",""#text"":""C:\\Windows\\System32\\UCConfigTask.exe""}]}}"
32547,32547,2026-08-22 20:36:48.0973513,4689,LogAlways,Microsoft-Windows-Security-Auditing,Security,4,6688,disstestbedvm,386,,A process has exited,WORKGROUP\DISSTESTBEDVM$,,,PID: 0x25E8,,,,,C:\Windows\System32\taskhostw.exe,False,D:\UOW\SEM3\msc-diss-7csef001w\scenarios\scenario_4\run_2\artefacts\event_logs\Security.evtx,Audit success,0,"{""EventData"":{""Data"":[{""@Name"":""SubjectUserSid"",""#text"":""S-1-5-18""},{""@Name"":""SubjectUserName"",""#text"":""DISSTESTBEDVM$""},{""@Name"":""SubjectDomainName"",""#text"":""WORKGROUP""},{""@Name"":""SubjectLogonId"",""#text"":""0x3E7""},{""@Name"":""Status"",""#text"":""0x0""},{""@Name"":""ProcessId"",""#text"":""0x25E8""},{""@Name"":""ProcessName"",""#text"":""C:\\Windows\\System32\\taskhostw.exe""}]}}"
32548,32548,2026-08-22 20:36:53.7176194,4688,LogAlways,Microsoft-Windows-Security-Auditing,Security,4,148,disstestbedvm,386,,A new process has been created,WORKGROUP\DISSTESTBEDVM$,,Parent process: C:\Windows\System32\svchost.exe,PID: 0x80C,Parent PID: 0xA08,Mandatory label: SECURITY_MANDATORY_SYSTEM_RID,Target User: -\-,,C:\Windows\System32\taskhostw.exe taskhostw.exe,False,D:\UOW\SEM3\msc-diss-7csef001w\scenarios\scenario_4\run_2\artefacts\event_logs\Security.evtx,Audit success,0,"{""EventData"":{""Data"":[{""@Name"":""SubjectUserSid"",""#text"":""S-1-5-18""},{""@Name"":""SubjectUserName"",""#text"":""DISSTESTBEDVM$""},{""@Name"":""SubjectDomainName"",""#text"":""WORKGROUP""},{""@Name"":""SubjectLogonId"",""#text"":""0x3E7""},{""@Name"":""NewProcessId"",""#text"":""0xA08""},{""@Name"":""NewProcessName"",""#text"":""C:\\Windows\\System32\\taskhostw.exe""},{""@Name"":""TokenElevationType"",""#text"":""%%1936""},{""@Name"":""ProcessId"",""#text"":""0x80C""},{""@Name"":""CommandLine"",""#text"":""taskhostw.exe""},{""@Name"":""TargetUserSid"",""#text"":""S-1-0-0""},{""@Name"":""TargetUserName"",""#text"":""-""},{""@Name"":""TargetDomainName"",""#text"":""-""},{""@Name"":""TargetLogonId"",""#text"":""0x0""},{""@Name"":""ParentProcessName"",""#text"":""C:\\Windows\\System32\\svchost.exe""},{""@Name"":""MandatoryLabel"",""#text"":""S-1-16-16384""}]}}"
32549,32549,2026-08-22 20:36:53.7316124,4689,LogAlways,Microsoft-Windows-Security-Auditing,Security,4,10128,disstestbedvm,386,,A process has exited,NT AUTHORITY\LOCAL SERVICE,,,PID: 0x478,,,,,C:\Windows\System32\WUDFHost.exe,False,D:\UOW\SEM3\msc-diss-7csef001w\scenarios\scenario_4\run_2\artefacts\event_logs\Security.evtx,Audit success,0,"{""EventData"":{""Data"":[{""@Name"":""SubjectUserSid"",""#text"":""S-1-5-19""},{""@Name"":""SubjectUserName"",""#text"":""LOCAL SERVICE""},{""@Name"":""SubjectDomainName"",""#text"":""NT AUTHORITY""},{""@Name"":""SubjectLogonId"",""#text"":""0x3E5""},{""@Name"":""Status"",""#text"":""0x0""},{""@Name"":""ProcessId"",""#text"":""0x478""},{""@Name"":""ProcessName"",""#text"":""C:\\Windows\\System32\\WUDFHost.exe""}]}}"
32550,32550,2026-08-22 20:36:53.7906817,4798,LogAlways,Microsoft-Windows-Security-Auditing,Security,892,976,disstestbedvm,386,,A user's local group membership was enumerated,disstestbedvm\dfanalyst (S-1-5-21-4209295338-567392030-2519289182-1001),,Target: disstestbedvm\dfanalyst (S-1-5-21-4209295338-567392030-2519289182-1001),SubjectLogonId: 0x57494,CallerProcessName: C:\Windows\explorer.exe,CallerProcessId: 0x1630,,,,False,D:\UOW\SEM3\msc-diss-7csef001w\scenarios\scenario_4\run_2\artefacts\event_logs\Security.evtx,Audit success,0,"{""EventData"":{""Data"":[{""@Name"":""TargetUserName"",""#text"":""dfanalyst""},{""@Name"":""TargetDomainName"",""#text"":""disstestbedvm""},{""@Name"":""TargetSid"",""#text"":""S-1-5-21-4209295338-567392030-2519289182-1001""},{""@Name"":""SubjectUserSid"",""#text"":""S-1-5-21-4209295338-567392030-2519289182-1001""},{""@Name"":""SubjectUserName"",""#text"":""dfanalyst""},{""@Name"":""SubjectDomainName"",""#text"":""disstestbedvm""},{""@Name"":""SubjectLogonId"",""#text"":""0x57494""},{""@Name"":""CallerProcessId"",""#text"":""0x1630""},{""@Name"":""CallerProcessName"",""#text"":""C:\\Windows\\explorer.exe""}]}}"
32551,32551,2026-08-22 20:36:53.8577375,4688,LogAlways,Microsoft-Windows-Security-Auditing,Security,4,408,disstestbedvm,386,,A new process has been created,WORKGROUP\DISSTESTBEDVM$,,Parent process: C:\Windows\System32\svchost.exe,PID: 0x124,Parent PID: 0x202C,Mandatory label: SECURITY_MANDATORY_MEDIUM_RID,Target User: disstestbedvm\dfanalyst,,C:\Windows\System32\dllhost.exe C:\WINDOWS\system32\DllHost.exe /Processid:{AB8902B4-09CA-4BB6-B78D-A8F59079A8D5},False,D:\UOW\SEM3\msc-diss-7csef001w\scenarios\scenario_4\run_2\artefacts\event_logs\Security.evtx,Audit success,0,"{""EventData"":{""Data"":[{""@Name"":""SubjectUserSid"",""#text"":""S-1-5-18""},{""@Name"":""SubjectUserName"",""#text"":""DISSTESTBEDVM$""},{""@Name"":""SubjectDomainName"",""#text"":""WORKGROUP""},{""@Name"":""SubjectLogonId"",""#text"":""0x3E7""},{""@Name"":""NewProcessId"",""#text"":""0x202C""},{""@Name"":""NewProcessName"",""#text"":""C:\\Windows\\System32\\dllhost.exe""},{""@Name"":""TokenElevationType"",""#text"":""%%1938""},{""@Name"":""ProcessId"",""#text"":""0x124""},{""@Name"":""CommandLine"",""#text"":""C:\\WINDOWS\\system32\\DllHost.exe /Processid:{AB8902B4-09CA-4BB6-B78D-A8F59079A8D5}""},{""@Name"":""TargetUserSid"",""#text"":""S-1-5-21-4209295338-567392030-2519289182-1001""},{""@Name"":""TargetUserName"",""#text"":""dfanalyst""},{""@Name"":""TargetDomainName"",""#text"":""disstestbedvm""},{""@Name"":""TargetLogonId"",""#text"":""0x57494""},{""@Name"":""ParentProcessName"",""#text"":""C:\\Windows\\System32\\svchost.exe""},{""@Name"":""MandatoryLabel"",""#text"":""S-1-16-8192""}]}}"
32552,32552,2026-08-22 20:36:54.7229551,4689,LogAlways,Microsoft-Windows-Security-Auditing,Security,4,468,disstestbedvm,386,,A process has exited,WORKGROUP\DISSTESTBEDVM$,,,PID: 0xA08,,,,,C:\Windows\System32\taskhostw.exe,False,D:\UOW\SEM3\msc-diss-7csef001w\scenarios\scenario_4\run_2\artefacts\event_logs\Security.evtx,Audit success,0,"{""EventData"":{""Data"":[{""@Name"":""SubjectUserSid"",""#text"":""S-1-5-18""},{""@Name"":""SubjectUserName"",""#text"":""DISSTESTBEDVM$""},{""@Name"":""SubjectDomainName"",""#text"":""WORKGROUP""},{""@Name"":""SubjectLogonId"",""#text"":""0x3E7""},{""@Name"":""Status"",""#text"":""0x0""},{""@Name"":""ProcessId"",""#text"":""0xA08""},{""@Name"":""ProcessName"",""#text"":""C:\\Windows\\System32\\taskhostw.exe""}]}}"
32553,32553,2026-08-22 20:36:59.0610581,4689,LogAlways,Microsoft-Windows-Security-Auditing,Security,4,6692,disstestbedvm,386,,A process has exited,disstestbedvm\dfanalyst,,,PID: 0x202C,,,,,C:\Windows\System32\dllhost.exe,False,D:\UOW\SEM3\msc-diss-7csef001w\scenarios\scenario_4\run_2\artefacts\event_logs\Security.evtx,Audit success,0,"{""EventData"":{""Data"":[{""@Name"":""SubjectUserSid"",""#text"":""S-1-5-21-4209295338-567392030-2519289182-1001""},{""@Name"":""SubjectUserName"",""#text"":""dfanalyst""},{""@Name"":""SubjectDomainName"",""#text"":""disstestbedvm""},{""@Name"":""SubjectLogonId"",""#text"":""0x57494""},{""@Name"":""Status"",""#text"":""0x0""},{""@Name"":""ProcessId"",""#text"":""0x202C""},{""@Name"":""ProcessName"",""#text"":""C:\\Windows\\System32\\dllhost.exe""}]}}"
32554,32554,2026-08-22 20:37:01.6098067,4689,LogAlways,Microsoft-Windows-Security-Auditing,Security,4,6692,disstestbedvm,386,,A process has exited,disstestbedvm\dfanalyst,,,PID: 0xB8C,,,,,C:\Windows\System32\RuntimeBroker.exe,False,D:\UOW\SEM3\msc-diss-7csef001w\scenarios\scenario_4\run_2\artefacts\event_logs\Security.evtx,Audit success,0,"{""EventData"":{""Data"":[{""@Name"":""SubjectUserSid"",""#text"":""S-1-5-21-4209295338-567392030-2519289182-1001""},{""@Name"":""SubjectUserName"",""#text"":""dfanalyst""},{""@Name"":""SubjectDomainName"",""#text"":""disstestbedvm""},{""@Name"":""SubjectLogonId"",""#text"":""0x57494""},{""@Name"":""Status"",""#text"":""0x0""},{""@Name"":""ProcessId"",""#text"":""0xB8C""},{""@Name"":""ProcessName"",""#text"":""C:\\Windows\\System32\\RuntimeBroker.exe""}]}}"
2196,2196,2026-08-22 20:33:50.1659255,24576,Info,Microsoft-Windows-WPDClassInstaller,System,6972,0,disstestbedvm,17,,,,,,,,,,,,False,D:\UOW\SEM3\msc-diss-7csef001w\scenarios\scenario_4\run_2\artefacts\event_logs\System.evtx,0x80000000000000,0,"{""EventData"":{""Data"":""WPD Device"",""Binary"":""""}}"
2197,2197,2026-08-22 20:33:50.2200731,24577,Info,Microsoft-Windows-WPDClassInstaller,System,6972,0,disstestbedvm,17,,,,,,,,,,,,False,D:\UOW\SEM3\msc-diss-7csef001w\scenarios\scenario_4\run_2\artefacts\event_logs\System.evtx,0x80000000000000,0,"{""EventData"":{""Data"":"""",""Binary"":""""}}"
2198,2198,2026-08-22 20:33:50.2208879,24579,Info,Microsoft-Windows-WPDClassInstaller,System,6972,0,disstestbedvm,17,,,,,,,,,,,,False,D:\UOW\SEM3\msc-diss-7csef001w\scenarios\scenario_4\run_2\artefacts\event_logs\System.evtx,0x80000000000000,0,"{""EventData"":{""Data"":"""",""Binary"":""""}}"
2199,2199,2026-08-22 20:33:49.9729884,10000,Info,Microsoft-Windows-DriverFrameworks-UserMode,System,6972,2676,disstestbedvm,17,S-1-5-18,Device driver installations begins (Device connection),,,DeviceId: SWD\WPDBUSENUM\_??_USBSTOR#DISK&amp;VEN_GENERAL&amp;PROD_UDISK&amp;REV_5.00#7&amp;372D5A41&amp;0&amp;_&amp;0#{53F56307-B6BF-11D0-94F2-00A0C91EFB8B},,,,,,,False,D:\UOW\SEM3\msc-diss-7csef001w\scenarios\scenario_4\run_2\artefacts\event_logs\System.evtx,0x2000000000000000,0,"{""UserData"":{""UMDFDeviceInstallBegin"":{""DeviceId"":""SWD\\WPDBUSENUM\\_??_USBSTOR#DISK&amp;VEN_GENERAL&amp;PROD_UDISK&amp;REV_5.00#7&amp;372D5A41&amp;0&amp;_&amp;0#{53F56307-B6BF-11D0-94F2-00A0C91EFB8B}"",""FrameworkVersion"":""2.35.0""}}}"
2200,2200,2026-08-22 20:33:49.9783776,10001,Info,Microsoft-Windows-DriverFrameworks-UserMode,System,6972,2676,disstestbedvm,17,S-1-5-18,,,,,,,,,,,False,D:\UOW\SEM3\msc-diss-7csef001w\scenarios\scenario_4\run_2\artefacts\event_logs\System.evtx,0x2000000000000000,0,"{""UserData"":{""UMDFServiceInstall"":{""ServiceName"":""WpdFs"",""CLSID"":""112de495-ac4c-46f8-b663-6a4266c53313"",""MinimumFxVersion"":""2.35.0"",""Upgrade"":""False""}}}"
2201,2201,2026-08-22 20:33:49.9817645,10100,Info,Microsoft-Windows-DriverFrameworks-UserMode,System,6972,2676,disstestbedvm,17,S-1-5-18,,,,,,,,,,,False,D:\UOW\SEM3\msc-diss-7csef001w\scenarios\scenario_4\run_2\artefacts\event_logs\System.evtx,0x2000000000000000,0,"{""UserData"":{""UMDFDeviceInstallEnd"":{""FinalStatus"":""0""}}}"
2202,2202,2026-08-22 20:33:50.0101230,7045,Info,Service Control Manager,System,872,4272,disstestbedvm,17,S-1-5-18,A new service was installed in the system,,,Name: WPD File System driver,StartType: demand start,"Account: ",,,,\SystemRoot\system32\DRIVERS\WUDFRd.sys,False,D:\UOW\SEM3\msc-diss-7csef001w\scenarios\scenario_4\run_2\artefacts\event_logs\System.evtx,"Audit success, classic",0,"{""EventData"":{""Data"":[{""@Name"":""ServiceName"",""#text"":""WPD File System driver""},{""@Name"":""ImagePath"",""#text"":""\\SystemRoot\\system32\\DRIVERS\\WUDFRd.sys""},{""@Name"":""ServiceType"",""#text"":""kernel mode driver""},{""@Name"":""StartType"",""#text"":""demand start""},{""@Name"":""AccountName""}]}}"
2203,2203,2026-08-22 20:33:50.0160378,20003,Info,Microsoft-Windows-UserPnp,System,6972,2676,disstestbedvm,17,S-1-5-18,Service installation,,,ServiceName: WUDFWpdFs,AddServiceStatus: Unknown code (0),,UpdateService: False,PrimaryService: True,DeviceInstanceID: SWD\WPDBUSENUM\_??_USBSTOR#DISK&amp;VEN_GENERAL&amp;PROD_UDISK&amp;REV_5.00#7&amp;372D5A41&amp;0&amp;_&amp;0#{53F56307-B6BF-11D0-94F2-00A0C91EFB8B},\SystemRoot\system32\DRIVERS\WUDFRd.sys,False,D:\UOW\SEM3\msc-diss-7csef001w\scenarios\scenario_4\run_2\artefacts\event_logs\System.evtx,Classic,0,"{""UserData"":{""AddServiceID"":{""ServiceName"":""WUDFWpdFs"",""DriverFileName"":""\\SystemRoot\\system32\\DRIVERS\\WUDFRd.sys"",""DeviceInstanceID"":""SWD\\WPDBUSENUM\\_??_USBSTOR#DISK&amp;VEN_GENERAL&amp;PROD_UDISK&amp;REV_5.00#7&amp;372D5A41&amp;0&amp;_&amp;0#{53F56307-B6BF-11D0-94F2-00A0C91EFB8B}"",""PrimaryService"":""True"",""UpdateService"":""False"",""AddServiceStatus"":""0""}}}"
2204,2204,2026-08-22 20:33:56.3379966,7040,Info,Service Control Manager,System,872,2876,disstestbedvm,17,S-1-5-18,Start type of a service has changed,,,The start type of the Background Intelligent Transfer Service was changed from auto start to demand start,,,,,,BITS,False,D:\UOW\SEM3\msc-diss-7csef001w\scenarios\scenario_4\run_2\artefacts\event_logs\System.evtx,"Audit success, classic",0,"{""EventData"":{""Data"":[{""@Name"":""param1"",""#text"":""Background Intelligent Transfer Service""},{""@Name"":""param2"",""#text"":""auto start""},{""@Name"":""param3"",""#text"":""demand start""},{""@Name"":""param4"",""#text"":""BITS""}]}}"
2205,2205,2026-08-22 20:36:16.1665960,7040,Info,Service Control Manager,System,872,8984,disstestbedvm,17,S-1-5-18,Start type of a service has changed,,,The start type of the Background Intelligent Transfer Service was changed from demand start to auto start,,,,,,BITS,False,D:\UOW\SEM3\msc-diss-7csef001w\scenarios\scenario_4\run_2\artefacts\event_logs\System.evtx,"Audit success, classic",0,"{""EventData"":{""Data"":[{""@Name"":""param1"",""#text"":""Background Intelligent Transfer Service""},{""@Name"":""param2"",""#text"":""demand start""},{""@Name"":""param3"",""#text"":""auto start""},{""@Name"":""param4"",""#text"":""BITS""}]}}"
2206,2206,2026-08-22 20:36:31.6066311,16,Info,Microsoft-Windows-Kernel-General,System,9128,5588,disstestbedvm,17,S-1-5-18,,,,,,,,,,,False,D:\UOW\SEM3\msc-diss-7csef001w\scenarios\scenario_4\run_2\artefacts\event_logs\System.evtx,Classic,0,"{""EventData"":{""Data"":[{""@Name"":""HiveNameLength"",""#text"":""52""},{""@Name"":""HiveName"",""#text"":""\\??\\C:\\WINDOWS\\System32\\SMI\\Store\\Machine\\schema.dat""},{""@Name"":""KeysUpdated"",""#text"":""14882""},{""@Name"":""DirtyPages"",""#text"":""2529""}]}}"
