RecordNumber,EventRecordId,TimeCreated,EventId,Level,Provider,Channel,ProcessId,ThreadId,Computer,ChunkNumber,UserId,MapDescription,UserName,RemoteHost,PayloadData1,PayloadData2,PayloadData3,PayloadData4,PayloadData5,PayloadData6,ExecutableInfo,HiddenRecord,SourceFile,Keywords,ExtraDataOffset,Payload
1096,1096,2026-08-22 11:47:10.0520602,16394,Info,Microsoft-Windows-Security-SPP,Application,5608,0,disstestbedvm,20,,,,,,,,,,,,False,D:\UOW\SEM3\msc-diss-7csef001w\scenarios\scenario_4\run_1\artefacts\event_logs\Application.evtx,0x80000000000000,0,"{""EventData"":{""Data"":"""",""Binary"":""""}}"
1100,1100,2026-08-22 11:49:50.7213854,1001,Info,Windows Error Reporting,Application,8472,8292,disstestbedvm,20,S-1-5-18,Application Crash,,,,,,,,,,False,D:\UOW\SEM3\msc-diss-7csef001w\scenarios\scenario_4\run_1\artefacts\event_logs\Application.evtx,Classic,0,"{""EventData"":{""Data"":[{""@Name"":""Bucket""},{""@Name"":""BucketType"",""#text"":""0""},{""@Name"":""EventName"",""#text"":""WindowsWcpOtherFailure3""},{""@Name"":""Response"",""#text"":""Not available""},{""@Name"":""CabId"",""#text"":""0""},{""@Name"":""P1"",""#text"":""10.0.26100.8648:1""},{""@Name"":""P2"",""#text"":""wcp\\componentstore\\scavenge.cpp""},{""@Name"":""P3"",""#text"":""ComponentStore::CRawStoreLayout::RetainFileAsVersion""},{""@Name"":""P4"",""#text"":""1834""},{""@Name"":""P5"",""#text"":""c015001b""},{""@Name"":""P6"",""#text"":""0xf0a2a010""},{""@Name"":""P7""},{""@Name"":""P8""},{""@Name"":""P9""},{""@Name"":""P10""},{""@Name"":""AttachedFiles""},{""@Name"":""StorePath"",""#text"":""\\\\?\\C:\\ProgramData\\Microsoft\\Windows\\WER\\ReportQueue\\Critical_10.0.26100.8648__7bf5cbd24b686f3481cef45735464e06e62ad8b_00000000_4542f17a-f82d-4c2d-8195-a2ef479c9942""},{""@Name"":""AnalysisSymbol""},{""@Name"":""Rechecking"",""#text"":""0""},{""@Name"":""ReportId"",""#text"":""4542f17a-f82d-4c2d-8195-a2ef479c9942""},{""@Name"":""ReportStatus"",""#text"":""4""},{""@Name"":""HashedBucket""},{""@Name"":""CabGuid"",""#text"":""0""}]}}"
1101,1101,2026-08-22 11:49:50.7246869,1001,Info,Windows Error Reporting,Application,10540,4716,disstestbedvm,20,S-1-5-18,Application Crash,,,,,,,,,,False,D:\UOW\SEM3\msc-diss-7csef001w\scenarios\scenario_4\run_1\artefacts\event_logs\Application.evtx,Classic,0,"{""EventData"":{""Data"":[{""@Name"":""Bucket""},{""@Name"":""BucketType"",""#text"":""0""},{""@Name"":""EventName"",""#text"":""WindowsWcpOtherFailure3""},{""@Name"":""Response"",""#text"":""Not available""},{""@Name"":""CabId"",""#text"":""0""},{""@Name"":""P1"",""#text"":""10.0.26100.8648:1""},{""@Name"":""P2"",""#text"":""wcp\\componentstore\\scavenge.cpp""},{""@Name"":""P3"",""#text"":""ComponentStore::CRawStoreLayout::RetainFileAsVersion""},{""@Name"":""P4"",""#text"":""1834""},{""@Name"":""P5"",""#text"":""c015001b""},{""@Name"":""P6"",""#text"":""0xf0a2a010""},{""@Name"":""P7""},{""@Name"":""P8""},{""@Name"":""P9""},{""@Name"":""P10""},{""@Name"":""AttachedFiles"",""#text"":"", \\\\?\\C:\\Windows\\Logs\\CBS\\CBS.log, \\\\?\\C:\\Windows\\Logs\\CBS\\CbsPersist_20260822113558.cab, \\\\?\\C:\\WINDOWS\\servicing\\Sessions\\Sessions.xml, \\\\?\\C:\\WINDOWS\\WinSxs\\poqexec.log, \\\\?\\C:\\WINDOWS\\Logs\\Cbs\\FilterList.log""},{""@Name"":""StorePath"",""#text"":""NULL""},{""@Name"":""AnalysisSymbol""},{""@Name"":""Rechecking"",""#text"":""0""},{""@Name"":""ReportId"",""#text"":""4542f17a-f82d-4c2d-8195-a2ef479c9942""},{""@Name"":""ReportStatus"",""#text"":""262148""},{""@Name"":""HashedBucket""},{""@Name"":""CabGuid"",""#text"":""0""}]}}"
1102,1102,2026-08-22 11:49:50.7828488,1001,Info,Windows Error Reporting,Application,5092,7264,disstestbedvm,20,S-1-5-18,Application Crash,,,,,,,,,,False,D:\UOW\SEM3\msc-diss-7csef001w\scenarios\scenario_4\run_1\artefacts\event_logs\Application.evtx,Classic,0,"{""EventData"":{""Data"":[{""@Name"":""Bucket""},{""@Name"":""BucketType"",""#text"":""0""},{""@Name"":""EventName"",""#text"":""LiveKernelEvent""},{""@Name"":""Response"",""#text"":""Not available""},{""@Name"":""CabId"",""#text"":""0""},{""@Name"":""P1"",""#text"":""1a8""},{""@Name"":""P2"",""#text"":""a""},{""@Name"":""P3"",""#text"":""0""},{""@Name"":""P4"",""#text"":""0""},{""@Name"":""P5"",""#text"":""0""},{""@Name"":""P6"",""#text"":""10_0_26200""},{""@Name"":""P7"",""#text"":""0_0""},{""@Name"":""P8"",""#text"":""256_1""},{""@Name"":""P9""},{""@Name"":""P10""},{""@Name"":""AttachedFiles"",""#text"":"", \\\\?\\C:\\WINDOWS\\LiveKernelReports\\WATCHDOG\\WATCHDOG-20260714-1100.dmp, \\\\?\\C:\\WINDOWS\\SystemTemp\\WER-134484-0.sysdata.xml, \\\\?\\C:\\ProgramData\\Microsoft\\Windows\\WER\\Temp\\WER.ef2d1131-73d3-4f17-8425-3a907ce3ce63.tmp.WERInternalMetadata.xml, \\\\?\\C:\\ProgramData\\Microsoft\\Windows\\WER\\Temp\\WER.63671d43-3ed9-442c-8d41-9b258c20954d.tmp.csv, \\\\?\\C:\\ProgramData\\Microsoft\\Windows\\WER\\Temp\\WER.995c5383-c12b-489f-81dd-9ec237b27e89.tmp.txt, \\\\?\\C:\\ProgramData\\Microsoft\\Windows\\WER\\Temp\\WER.3fbd675b-2f99-4220-94f6-31b882945912.tmp.xml""},{""@Name"":""StorePath"",""#text"":""\\\\?\\C:\\ProgramData\\Microsoft\\Windows\\WER\\ReportQueue\\Kernel_1a8_9d28cacebfd2e58c9d4bbe18d96b857e6f8d615_00000000_c8eef376-26c2-4fb0-b3fc-1c1383ba5f00""},{""@Name"":""AnalysisSymbol""},{""@Name"":""Rechecking"",""#text"":""0""},{""@Name"":""ReportId"",""#text"":""c8eef376-26c2-4fb0-b3fc-1c1383ba5f00""},{""@Name"":""ReportStatus"",""#text"":""2049""},{""@Name"":""HashedBucket""},{""@Name"":""CabGuid"",""#text"":""0""}]}}"
46,46,2026-08-22 11:45:40.6745433,1003,Info,Microsoft-Windows-DriverFrameworks-UserMode,Microsoft-Windows-DriverFrameworks-UserMode/Operational,868,984,disstestbedvm,0,S-1-5-18,,,,,,,,,,,False,D:\UOW\SEM3\msc-diss-7csef001w\scenarios\scenario_4\run_1\artefacts\event_logs\Microsoft-Windows-DriverFrameworks-UserMode%4Operational.evtx,Classic,0,"{""UserData"":{""UMDFDriverManagerHostCreateStart"":{""LifetimeId"":""91bf4c7c-3573-4828-b4d3-a4e711517ebb"",""HostGuid"":""{193a1820-d9ac-4997-8c55-be817523f6aa}"",""DeviceInstanceId"":""SWD.WPDBUSENUM._??_USBSTOR#DISK&amp;VEN_GENERAL&amp;PROD_UDISK&amp;REV_5.00#7&amp;372D5A41&amp;0&amp;_&amp;0#{53F56307-B6BF-11D0-94F2-00A0C91EFB8B}""}}}"
47,47,2026-08-22 11:45:40.6895566,2000,Info,Microsoft-Windows-DriverFrameworks-UserMode,Microsoft-Windows-DriverFrameworks-UserMode/Operational,11764,5532,disstestbedvm,0,S-1-5-19,,,,,,,,,,,False,D:\UOW\SEM3\msc-diss-7csef001w\scenarios\scenario_4\run_1\artefacts\event_logs\Microsoft-Windows-DriverFrameworks-UserMode%4Operational.evtx,Classic,0,"{""UserData"":{""UMDFHostStartupBegin"":{""LifetimeId"":""91bf4c7c-3573-4828-b4d3-a4e711517ebb""}}}"
48,48,2026-08-22 11:45:40.6928031,2001,Info,Microsoft-Windows-DriverFrameworks-UserMode,Microsoft-Windows-DriverFrameworks-UserMode/Operational,11764,5532,disstestbedvm,0,S-1-5-19,,,,,,,,,,,False,D:\UOW\SEM3\msc-diss-7csef001w\scenarios\scenario_4\run_1\artefacts\event_logs\Microsoft-Windows-DriverFrameworks-UserMode%4Operational.evtx,Classic,0,"{""UserData"":{""UMDFHostStartupEnd"":{""LifetimeId"":""91bf4c7c-3573-4828-b4d3-a4e711517ebb"",""FinalStatus"":""0""}}}"
49,49,2026-08-22 11:45:40.6991838,1004,Info,Microsoft-Windows-DriverFrameworks-UserMode,Microsoft-Windows-DriverFrameworks-UserMode/Operational,868,984,disstestbedvm,0,S-1-5-18,,,,,,,,,,,False,D:\UOW\SEM3\msc-diss-7csef001w\scenarios\scenario_4\run_1\artefacts\event_logs\Microsoft-Windows-DriverFrameworks-UserMode%4Operational.evtx,Classic,0,"{""UserData"":{""UMDFDriverManagerHostCreateEnd"":{""LifetimeId"":""91bf4c7c-3573-4828-b4d3-a4e711517ebb"",""FinalStatus"":""0""}}}"
50,50,2026-08-22 11:45:40.7045789,2003,Info,Microsoft-Windows-DriverFrameworks-UserMode,Microsoft-Windows-DriverFrameworks-UserMode/Operational,11764,4780,disstestbedvm,0,S-1-5-19,,,,,,,,,,,False,D:\UOW\SEM3\msc-diss-7csef001w\scenarios\scenario_4\run_1\artefacts\event_logs\Microsoft-Windows-DriverFrameworks-UserMode%4Operational.evtx,Classic,0,"{""UserData"":{""UMDFHostDeviceArrivalBegin"":{""LifetimeId"":""91bf4c7c-3573-4828-b4d3-a4e711517ebb"",""InstanceId"":""SWD\\WPDBUSENUM\\_??_USBSTOR#DISK&amp;VEN_GENERAL&amp;PROD_UDISK&amp;REV_5.00#7&amp;372D5A41&amp;0&amp;_&amp;0#{53F56307-B6BF-11D0-94F2-00A0C91EFB8B}""}}}"
51,51,2026-08-22 11:45:40.7048510,2010,Info,Microsoft-Windows-DriverFrameworks-UserMode,Microsoft-Windows-DriverFrameworks-UserMode/Operational,11764,4780,disstestbedvm,0,S-1-5-19,,,,,,,,,,,False,D:\UOW\SEM3\msc-diss-7csef001w\scenarios\scenario_4\run_1\artefacts\event_logs\Microsoft-Windows-DriverFrameworks-UserMode%4Operational.evtx,Classic,0,"{""UserData"":{""UMDFHostDeviceArrivalEnd"":{""LifetimeId"":""91bf4c7c-3573-4828-b4d3-a4e711517ebb"",""InstanceId"":""SWD\\WPDBUSENUM\\_??_USBSTOR#DISK&amp;VEN_GENERAL&amp;PROD_UDISK&amp;REV_5.00#7&amp;372D5A41&amp;0&amp;_&amp;0#{53F56307-B6BF-11D0-94F2-00A0C91EFB8B}"",""FinalStatus"":""0""}}}"
52,52,2026-08-22 11:45:40.7048683,2004,Verbose,Microsoft-Windows-DriverFrameworks-UserMode,Microsoft-Windows-DriverFrameworks-UserMode/Operational,11764,4780,disstestbedvm,0,S-1-5-19,,,,,,,,,,,False,D:\UOW\SEM3\msc-diss-7csef001w\scenarios\scenario_4\run_1\artefacts\event_logs\Microsoft-Windows-DriverFrameworks-UserMode%4Operational.evtx,Classic,0,"{""UserData"":{""UMDFHostAddDeviceBegin"":{""LifetimeId"":""91bf4c7c-3573-4828-b4d3-a4e711517ebb"",""InstanceId"":""SWD\\WPDBUSENUM\\_??_USBSTOR#DISK&amp;VEN_GENERAL&amp;PROD_UDISK&amp;REV_5.00#7&amp;372D5A41&amp;0&amp;_&amp;0#{53F56307-B6BF-11D0-94F2-00A0C91EFB8B}"",""Level"":""0"",""Service"":""WpdFs"",""DriverClsid"":""112de495-ac4c-46f8-b663-6a4266c53313""}}}"
53,53,2026-08-22 11:45:40.7132962,2005,Verbose,Microsoft-Windows-DriverFrameworks-UserMode,Microsoft-Windows-DriverFrameworks-UserMode/Operational,11764,4780,disstestbedvm,0,S-1-5-19,,,,,,,,,,,False,D:\UOW\SEM3\msc-diss-7csef001w\scenarios\scenario_4\run_1\artefacts\event_logs\Microsoft-Windows-DriverFrameworks-UserMode%4Operational.evtx,Classic,0,"{""UserData"":{""UMDFHostModuleLoad"":{""LifetimeId"":""91bf4c7c-3573-4828-b4d3-a4e711517ebb"",""InstanceId"":""NULL"",""ModulePath"":""C:\\Windows\\System32\\WUDFx.dll"",""CompanyName"":""Microsoft Corporation"",""FileDescription"":""WDF:UMDF Framework Library"",""FileVersion"":""10.0.26100.8521 (WinBuild.160101.0800)""}}}"
54,54,2026-08-22 11:45:40.7134793,2005,Verbose,Microsoft-Windows-DriverFrameworks-UserMode,Microsoft-Windows-DriverFrameworks-UserMode/Operational,11764,4780,disstestbedvm,0,S-1-5-19,,,,,,,,,,,False,D:\UOW\SEM3\msc-diss-7csef001w\scenarios\scenario_4\run_1\artefacts\event_logs\Microsoft-Windows-DriverFrameworks-UserMode%4Operational.evtx,Classic,0,"{""UserData"":{""UMDFHostModuleLoad"":{""LifetimeId"":""91bf4c7c-3573-4828-b4d3-a4e711517ebb"",""InstanceId"":""SWD\\WPDBUSENUM\\_??_USBSTOR#DISK&amp;VEN_GENERAL&amp;PROD_UDISK&amp;REV_5.00#7&amp;372D5A41&amp;0&amp;_&amp;0#{53F56307-B6BF-11D0-94F2-00A0C91EFB8B}"",""ModulePath"":""c:\\windows\\system32\\drivers\\umdf\\wpdfs.dll"",""CompanyName"":""Microsoft Corporation"",""FileDescription"":""Windows Portable Device File System Driver"",""FileVersion"":""10.0.26100.5074 (WinBuild.160101.0800)""}}}"
55,55,2026-08-22 11:45:40.7136269,2005,Verbose,Microsoft-Windows-DriverFrameworks-UserMode,Microsoft-Windows-DriverFrameworks-UserMode/Operational,11764,4780,disstestbedvm,0,S-1-5-19,,,,,,,,,,,False,D:\UOW\SEM3\msc-diss-7csef001w\scenarios\scenario_4\run_1\artefacts\event_logs\Microsoft-Windows-DriverFrameworks-UserMode%4Operational.evtx,Classic,0,"{""UserData"":{""UMDFHostModuleLoad"":{""LifetimeId"":""91bf4c7c-3573-4828-b4d3-a4e711517ebb"",""InstanceId"":""SWD\\WPDBUSENUM\\_??_USBSTOR#DISK&amp;VEN_GENERAL&amp;PROD_UDISK&amp;REV_5.00#7&amp;372D5A41&amp;0&amp;_&amp;0#{53F56307-B6BF-11D0-94F2-00A0C91EFB8B}"",""ModulePath"":""C:\\WINDOWS\\System32\\USER32.dll"",""CompanyName"":""Microsoft Corporation"",""FileDescription"":""Multi-User Windows USER API Client DLL"",""FileVersion"":""10.0.26100.8117 (WinBuild.160101.0800)""}}}"
56,56,2026-08-22 11:45:40.7136753,2005,Verbose,Microsoft-Windows-DriverFrameworks-UserMode,Microsoft-Windows-DriverFrameworks-UserMode/Operational,11764,4780,disstestbedvm,0,S-1-5-19,,,,,,,,,,,False,D:\UOW\SEM3\msc-diss-7csef001w\scenarios\scenario_4\run_1\artefacts\event_logs\Microsoft-Windows-DriverFrameworks-UserMode%4Operational.evtx,Classic,0,"{""UserData"":{""UMDFHostModuleLoad"":{""LifetimeId"":""91bf4c7c-3573-4828-b4d3-a4e711517ebb"",""InstanceId"":""SWD\\WPDBUSENUM\\_??_USBSTOR#DISK&amp;VEN_GENERAL&amp;PROD_UDISK&amp;REV_5.00#7&amp;372D5A41&amp;0&amp;_&amp;0#{53F56307-B6BF-11D0-94F2-00A0C91EFB8B}"",""ModulePath"":""C:\\WINDOWS\\System32\\win32u.dll"",""CompanyName"":""Microsoft Corporation"",""FileDescription"":""Win32u"",""FileVersion"":""10.0.26100.8655 (WinBuild.160101.0800)""}}}"
57,57,2026-08-22 11:45:40.7137216,2005,Verbose,Microsoft-Windows-DriverFrameworks-UserMode,Microsoft-Windows-DriverFrameworks-UserMode/Operational,11764,4780,disstestbedvm,0,S-1-5-19,,,,,,,,,,,False,D:\UOW\SEM3\msc-diss-7csef001w\scenarios\scenario_4\run_1\artefacts\event_logs\Microsoft-Windows-DriverFrameworks-UserMode%4Operational.evtx,Classic,0,"{""UserData"":{""UMDFHostModuleLoad"":{""LifetimeId"":""91bf4c7c-3573-4828-b4d3-a4e711517ebb"",""InstanceId"":""SWD\\WPDBUSENUM\\_??_USBSTOR#DISK&amp;VEN_GENERAL&amp;PROD_UDISK&amp;REV_5.00#7&amp;372D5A41&amp;0&amp;_&amp;0#{53F56307-B6BF-11D0-94F2-00A0C91EFB8B}"",""ModulePath"":""C:\\WINDOWS\\System32\\GDI32.dll"",""CompanyName"":""Microsoft Corporation"",""FileDescription"":""GDI Client DLL"",""FileVersion"":""10.0.26100.8328 (WinBuild.160101.0800)""}}}"
58,58,2026-08-22 11:45:40.7137699,2005,Verbose,Microsoft-Windows-DriverFrameworks-UserMode,Microsoft-Windows-DriverFrameworks-UserMode/Operational,11764,4780,disstestbedvm,0,S-1-5-19,,,,,,,,,,,False,D:\UOW\SEM3\msc-diss-7csef001w\scenarios\scenario_4\run_1\artefacts\event_logs\Microsoft-Windows-DriverFrameworks-UserMode%4Operational.evtx,Classic,0,"{""UserData"":{""UMDFHostModuleLoad"":{""LifetimeId"":""91bf4c7c-3573-4828-b4d3-a4e711517ebb"",""InstanceId"":""SWD\\WPDBUSENUM\\_??_USBSTOR#DISK&amp;VEN_GENERAL&amp;PROD_UDISK&amp;REV_5.00#7&amp;372D5A41&amp;0&amp;_&amp;0#{53F56307-B6BF-11D0-94F2-00A0C91EFB8B}"",""ModulePath"":""C:\\WINDOWS\\System32\\gdi32full.dll"",""CompanyName"":""Microsoft Corporation"",""FileDescription"":""GDI Client DLL"",""FileVersion"":""10.0.26100.8521 (WinBuild.160101.0800)""}}}"
59,59,2026-08-22 11:45:40.7138156,2005,Verbose,Microsoft-Windows-DriverFrameworks-UserMode,Microsoft-Windows-DriverFrameworks-UserMode/Operational,11764,4780,disstestbedvm,0,S-1-5-19,,,,,,,,,,,False,D:\UOW\SEM3\msc-diss-7csef001w\scenarios\scenario_4\run_1\artefacts\event_logs\Microsoft-Windows-DriverFrameworks-UserMode%4Operational.evtx,Classic,0,"{""UserData"":{""UMDFHostModuleLoad"":{""LifetimeId"":""91bf4c7c-3573-4828-b4d3-a4e711517ebb"",""InstanceId"":""SWD\\WPDBUSENUM\\_??_USBSTOR#DISK&amp;VEN_GENERAL&amp;PROD_UDISK&amp;REV_5.00#7&amp;372D5A41&amp;0&amp;_&amp;0#{53F56307-B6BF-11D0-94F2-00A0C91EFB8B}"",""ModulePath"":""C:\\WINDOWS\\System32\\msvcp_win.dll"",""CompanyName"":""Microsoft Corporation"",""FileDescription"":""Microsoft® C Runtime Library"",""FileVersion"":""10.0.26100.8521 (WinBuild.160101.0800)""}}}"
60,60,2026-08-22 11:45:40.7138630,2005,Verbose,Microsoft-Windows-DriverFrameworks-UserMode,Microsoft-Windows-DriverFrameworks-UserMode/Operational,11764,4780,disstestbedvm,0,S-1-5-19,,,,,,,,,,,False,D:\UOW\SEM3\msc-diss-7csef001w\scenarios\scenario_4\run_1\artefacts\event_logs\Microsoft-Windows-DriverFrameworks-UserMode%4Operational.evtx,Classic,0,"{""UserData"":{""UMDFHostModuleLoad"":{""LifetimeId"":""91bf4c7c-3573-4828-b4d3-a4e711517ebb"",""InstanceId"":""SWD\\WPDBUSENUM\\_??_USBSTOR#DISK&amp;VEN_GENERAL&amp;PROD_UDISK&amp;REV_5.00#7&amp;372D5A41&amp;0&amp;_&amp;0#{53F56307-B6BF-11D0-94F2-00A0C91EFB8B}"",""ModulePath"":""C:\\WINDOWS\\SYSTEM32\\wmvcore.dll"",""CompanyName"":""Microsoft Corporation"",""FileDescription"":""Windows Media Playback/Authoring DLL"",""FileVersion"":""12.0.26100.8521 (WinBuild.160101.0800)""}}}"
61,61,2026-08-22 11:45:40.7140182,2005,Verbose,Microsoft-Windows-DriverFrameworks-UserMode,Microsoft-Windows-DriverFrameworks-UserMode/Operational,11764,4780,disstestbedvm,0,S-1-5-19,,,,,,,,,,,False,D:\UOW\SEM3\msc-diss-7csef001w\scenarios\scenario_4\run_1\artefacts\event_logs\Microsoft-Windows-DriverFrameworks-UserMode%4Operational.evtx,Classic,0,"{""UserData"":{""UMDFHostModuleLoad"":{""LifetimeId"":""91bf4c7c-3573-4828-b4d3-a4e711517ebb"",""InstanceId"":""SWD\\WPDBUSENUM\\_??_USBSTOR#DISK&amp;VEN_GENERAL&amp;PROD_UDISK&amp;REV_5.00#7&amp;372D5A41&amp;0&amp;_&amp;0#{53F56307-B6BF-11D0-94F2-00A0C91EFB8B}"",""ModulePath"":""C:\\WINDOWS\\System32\\OLEAUT32.dll"",""CompanyName"":""Microsoft Corporation"",""FileDescription"":""OLEAUT32.DLL"",""FileVersion"":""10.0.26100.8655 (WinBuild.160101.0800)""}}}"
62,62,2026-08-22 11:45:40.7141489,2005,Verbose,Microsoft-Windows-DriverFrameworks-UserMode,Microsoft-Windows-DriverFrameworks-UserMode/Operational,11764,4780,disstestbedvm,0,S-1-5-19,,,,,,,,,,,False,D:\UOW\SEM3\msc-diss-7csef001w\scenarios\scenario_4\run_1\artefacts\event_logs\Microsoft-Windows-DriverFrameworks-UserMode%4Operational.evtx,Classic,0,"{""UserData"":{""UMDFHostModuleLoad"":{""LifetimeId"":""91bf4c7c-3573-4828-b4d3-a4e711517ebb"",""InstanceId"":""SWD\\WPDBUSENUM\\_??_USBSTOR#DISK&amp;VEN_GENERAL&amp;PROD_UDISK&amp;REV_5.00#7&amp;372D5A41&amp;0&amp;_&amp;0#{53F56307-B6BF-11D0-94F2-00A0C91EFB8B}"",""ModulePath"":""C:\\WINDOWS\\System32\\shcore.dll"",""CompanyName"":""Microsoft Corporation"",""FileDescription"":""SHCORE"",""FileVersion"":""10.0.26100.8117 (WinBuild.160101.0800)""}}}"
63,63,2026-08-22 11:45:40.7151483,2005,Verbose,Microsoft-Windows-DriverFrameworks-UserMode,Microsoft-Windows-DriverFrameworks-UserMode/Operational,11764,4780,disstestbedvm,0,S-1-5-19,,,,,,,,,,,False,D:\UOW\SEM3\msc-diss-7csef001w\scenarios\scenario_4\run_1\artefacts\event_logs\Microsoft-Windows-DriverFrameworks-UserMode%4Operational.evtx,Classic,0,"{""UserData"":{""UMDFHostModuleLoad"":{""LifetimeId"":""91bf4c7c-3573-4828-b4d3-a4e711517ebb"",""InstanceId"":""SWD\\WPDBUSENUM\\_??_USBSTOR#DISK&amp;VEN_GENERAL&amp;PROD_UDISK&amp;REV_5.00#7&amp;372D5A41&amp;0&amp;_&amp;0#{53F56307-B6BF-11D0-94F2-00A0C91EFB8B}"",""ModulePath"":""C:\\WINDOWS\\System32\\advapi32.dll"",""CompanyName"":""Microsoft Corporation"",""FileDescription"":""Advanced Windows 32 Base API"",""FileVersion"":""10.0.26100.3624 (WinBuild.160101.0800)""}}}"
64,64,2026-08-22 11:45:40.7152095,2005,Verbose,Microsoft-Windows-DriverFrameworks-UserMode,Microsoft-Windows-DriverFrameworks-UserMode/Operational,11764,4780,disstestbedvm,0,S-1-5-19,,,,,,,,,,,False,D:\UOW\SEM3\msc-diss-7csef001w\scenarios\scenario_4\run_1\artefacts\event_logs\Microsoft-Windows-DriverFrameworks-UserMode%4Operational.evtx,Classic,0,"{""UserData"":{""UMDFHostModuleLoad"":{""LifetimeId"":""91bf4c7c-3573-4828-b4d3-a4e711517ebb"",""InstanceId"":""SWD\\WPDBUSENUM\\_??_USBSTOR#DISK&amp;VEN_GENERAL&amp;PROD_UDISK&amp;REV_5.00#7&amp;372D5A41&amp;0&amp;_&amp;0#{53F56307-B6BF-11D0-94F2-00A0C91EFB8B}"",""ModulePath"":""C:\\WINDOWS\\SYSTEM32\\cryptsp.dll"",""CompanyName"":""Microsoft Corporation"",""FileDescription"":""Cryptographic Service Provider API"",""FileVersion"":""10.0.26100.8521 (WinBuild.160101.0800)""}}}"
65,65,2026-08-22 11:45:40.7152548,2005,Verbose,Microsoft-Windows-DriverFrameworks-UserMode,Microsoft-Windows-DriverFrameworks-UserMode/Operational,11764,4780,disstestbedvm,0,S-1-5-19,,,,,,,,,,,False,D:\UOW\SEM3\msc-diss-7csef001w\scenarios\scenario_4\run_1\artefacts\event_logs\Microsoft-Windows-DriverFrameworks-UserMode%4Operational.evtx,Classic,0,"{""UserData"":{""UMDFHostModuleLoad"":{""LifetimeId"":""91bf4c7c-3573-4828-b4d3-a4e711517ebb"",""InstanceId"":""SWD\\WPDBUSENUM\\_??_USBSTOR#DISK&amp;VEN_GENERAL&amp;PROD_UDISK&amp;REV_5.00#7&amp;372D5A41&amp;0&amp;_&amp;0#{53F56307-B6BF-11D0-94F2-00A0C91EFB8B}"",""ModulePath"":""C:\\WINDOWS\\SYSTEM32\\WMASF.DLL"",""CompanyName"":""Microsoft Corporation"",""FileDescription"":""Windows Media ASF DLL"",""FileVersion"":""12.0.26100.8521 (WinBuild.160101.0800)""}}}"
66,66,2026-08-22 11:45:40.7152984,2005,Verbose,Microsoft-Windows-DriverFrameworks-UserMode,Microsoft-Windows-DriverFrameworks-UserMode/Operational,11764,4780,disstestbedvm,0,S-1-5-19,,,,,,,,,,,False,D:\UOW\SEM3\msc-diss-7csef001w\scenarios\scenario_4\run_1\artefacts\event_logs\Microsoft-Windows-DriverFrameworks-UserMode%4Operational.evtx,Classic,0,"{""UserData"":{""UMDFHostModuleLoad"":{""LifetimeId"":""91bf4c7c-3573-4828-b4d3-a4e711517ebb"",""InstanceId"":""SWD\\WPDBUSENUM\\_??_USBSTOR#DISK&amp;VEN_GENERAL&amp;PROD_UDISK&amp;REV_5.00#7&amp;372D5A41&amp;0&amp;_&amp;0#{53F56307-B6BF-11D0-94F2-00A0C91EFB8B}"",""ModulePath"":""C:\\Windows\\System32\\WUDFx.dll"",""CompanyName"":""Microsoft Corporation"",""FileDescription"":""WDF:UMDF Framework Library"",""FileVersion"":""10.0.26100.8521 (WinBuild.160101.0800)""}}}"
67,67,2026-08-22 11:45:40.7158453,2006,Verbose,Microsoft-Windows-DriverFrameworks-UserMode,Microsoft-Windows-DriverFrameworks-UserMode/Operational,11764,4780,disstestbedvm,0,S-1-5-19,,,,,,,,,,,False,D:\UOW\SEM3\msc-diss-7csef001w\scenarios\scenario_4\run_1\artefacts\event_logs\Microsoft-Windows-DriverFrameworks-UserMode%4Operational.evtx,Classic,0,"{""UserData"":{""UMDFHostAddDeviceEnd"":{""LifetimeId"":""91bf4c7c-3573-4828-b4d3-a4e711517ebb"",""InstanceId"":""SWD\\WPDBUSENUM\\_??_USBSTOR#DISK&amp;VEN_GENERAL&amp;PROD_UDISK&amp;REV_5.00#7&amp;372D5A41&amp;0&amp;_&amp;0#{53F56307-B6BF-11D0-94F2-00A0C91EFB8B}"",""Level"":""0"",""FinalStatus"":""0""}}}"
68,68,2026-08-22 11:45:40.7164415,2100,Info,Microsoft-Windows-DriverFrameworks-UserMode,Microsoft-Windows-DriverFrameworks-UserMode/Operational,11764,4780,disstestbedvm,0,S-1-5-19,USB Connection,,,InstanceId: SWD\WPDBUSENUM\_??_USBSTOR#DISK&amp;VEN_GENERAL&amp;PROD_UDISK&amp;REV_5.00#7&amp;372D5A41&amp;0&amp;_&amp;0#{53F56307-B6BF-11D0-94F2-00A0C91EFB8B},LifetimeId: 91bf4c7c-3573-4828-b4d3-a4e711517ebb,,,,,,False,D:\UOW\SEM3\msc-diss-7csef001w\scenarios\scenario_4\run_1\artefacts\event_logs\Microsoft-Windows-DriverFrameworks-UserMode%4Operational.evtx,Classic,0,"{""UserData"":{""UMDFHostDeviceRequest"":{""LifetimeId"":""91bf4c7c-3573-4828-b4d3-a4e711517ebb"",""InstanceId"":""SWD\\WPDBUSENUM\\_??_USBSTOR#DISK&amp;VEN_GENERAL&amp;PROD_UDISK&amp;REV_5.00#7&amp;372D5A41&amp;0&amp;_&amp;0#{53F56307-B6BF-11D0-94F2-00A0C91EFB8B}"",""RequestMajorCode"":""27"",""RequestMinorCode"":""0"",""Argument1"":""0x0"",""Argument2"":""0x0"",""Argument3"":""0x0"",""Argument4"":""0x0"",""Status"":""3221225659""}}}"
69,69,2026-08-22 11:45:40.7164769,2105,Info,Microsoft-Windows-DriverFrameworks-UserMode,Microsoft-Windows-DriverFrameworks-UserMode/Operational,11764,4780,disstestbedvm,0,S-1-5-19,,,,,,,,,,,False,D:\UOW\SEM3\msc-diss-7csef001w\scenarios\scenario_4\run_1\artefacts\event_logs\Microsoft-Windows-DriverFrameworks-UserMode%4Operational.evtx,Classic,0,"{""UserData"":{""UMDFHostDeviceRequest"":{""LifetimeId"":""91bf4c7c-3573-4828-b4d3-a4e711517ebb"",""InstanceId"":""SWD\\WPDBUSENUM\\_??_USBSTOR#DISK&amp;VEN_GENERAL&amp;PROD_UDISK&amp;REV_5.00#7&amp;372D5A41&amp;0&amp;_&amp;0#{53F56307-B6BF-11D0-94F2-00A0C91EFB8B}"",""RequestMajorCode"":""27"",""RequestMinorCode"":""0"",""Argument1"":""0x0"",""Argument2"":""0x0"",""Argument3"":""0x0"",""Argument4"":""0x0"",""Status"":""3221225659""}}}"
70,70,2026-08-22 11:45:40.7166734,2106,Info,Microsoft-Windows-DriverFrameworks-UserMode,Microsoft-Windows-DriverFrameworks-UserMode/Operational,11764,4780,disstestbedvm,0,S-1-5-19,,,,,,,,,,,False,D:\UOW\SEM3\msc-diss-7csef001w\scenarios\scenario_4\run_1\artefacts\event_logs\Microsoft-Windows-DriverFrameworks-UserMode%4Operational.evtx,Classic,0,"{""UserData"":{""UMDFHostDeviceRequest"":{""LifetimeId"":""91bf4c7c-3573-4828-b4d3-a4e711517ebb"",""InstanceId"":""SWD\\WPDBUSENUM\\_??_USBSTOR#DISK&amp;VEN_GENERAL&amp;PROD_UDISK&amp;REV_5.00#7&amp;372D5A41&amp;0&amp;_&amp;0#{53F56307-B6BF-11D0-94F2-00A0C91EFB8B}"",""RequestMajorCode"":""27"",""RequestMinorCode"":""0"",""Argument1"":""0x0"",""Argument2"":""0x0"",""Argument3"":""0x0"",""Argument4"":""0x0"",""Status"":""0""}}}"
71,71,2026-08-22 11:45:40.7847150,2101,Info,Microsoft-Windows-DriverFrameworks-UserMode,Microsoft-Windows-DriverFrameworks-UserMode/Operational,11764,4780,disstestbedvm,0,S-1-5-19,,,,,,,,,,,False,D:\UOW\SEM3\msc-diss-7csef001w\scenarios\scenario_4\run_1\artefacts\event_logs\Microsoft-Windows-DriverFrameworks-UserMode%4Operational.evtx,Classic,0,"{""UserData"":{""UMDFHostDeviceRequest"":{""LifetimeId"":""91bf4c7c-3573-4828-b4d3-a4e711517ebb"",""InstanceId"":""SWD\\WPDBUSENUM\\_??_USBSTOR#DISK&amp;VEN_GENERAL&amp;PROD_UDISK&amp;REV_5.00#7&amp;372D5A41&amp;0&amp;_&amp;0#{53F56307-B6BF-11D0-94F2-00A0C91EFB8B}"",""RequestMajorCode"":""27"",""RequestMinorCode"":""0"",""Argument1"":""0x0"",""Argument2"":""0x0"",""Argument3"":""0x0"",""Argument4"":""0x0"",""Status"":""0""}}}"
72,72,2026-08-22 11:45:40.7848809,2100,Info,Microsoft-Windows-DriverFrameworks-UserMode,Microsoft-Windows-DriverFrameworks-UserMode/Operational,11764,7776,disstestbedvm,0,S-1-5-19,USB Connection,,,InstanceId: SWD\WPDBUSENUM\_??_USBSTOR#DISK&amp;VEN_GENERAL&amp;PROD_UDISK&amp;REV_5.00#7&amp;372D5A41&amp;0&amp;_&amp;0#{53F56307-B6BF-11D0-94F2-00A0C91EFB8B},LifetimeId: 91bf4c7c-3573-4828-b4d3-a4e711517ebb,,,,,,False,D:\UOW\SEM3\msc-diss-7csef001w\scenarios\scenario_4\run_1\artefacts\event_logs\Microsoft-Windows-DriverFrameworks-UserMode%4Operational.evtx,Classic,0,"{""UserData"":{""UMDFHostDeviceRequest"":{""LifetimeId"":""91bf4c7c-3573-4828-b4d3-a4e711517ebb"",""InstanceId"":""SWD\\WPDBUSENUM\\_??_USBSTOR#DISK&amp;VEN_GENERAL&amp;PROD_UDISK&amp;REV_5.00#7&amp;372D5A41&amp;0&amp;_&amp;0#{53F56307-B6BF-11D0-94F2-00A0C91EFB8B}"",""RequestMajorCode"":""27"",""RequestMinorCode"":""9"",""Argument1"":""0x10040"",""Argument2"":""0xFFFFFFFFFFFFFFFF"",""Argument3"":""0x0"",""Argument4"":""0x0"",""Status"":""3221225659""}}}"
73,73,2026-08-22 11:45:40.7848947,2105,Info,Microsoft-Windows-DriverFrameworks-UserMode,Microsoft-Windows-DriverFrameworks-UserMode/Operational,11764,7776,disstestbedvm,0,S-1-5-19,,,,,,,,,,,False,D:\UOW\SEM3\msc-diss-7csef001w\scenarios\scenario_4\run_1\artefacts\event_logs\Microsoft-Windows-DriverFrameworks-UserMode%4Operational.evtx,Classic,0,"{""UserData"":{""UMDFHostDeviceRequest"":{""LifetimeId"":""91bf4c7c-3573-4828-b4d3-a4e711517ebb"",""InstanceId"":""SWD\\WPDBUSENUM\\_??_USBSTOR#DISK&amp;VEN_GENERAL&amp;PROD_UDISK&amp;REV_5.00#7&amp;372D5A41&amp;0&amp;_&amp;0#{53F56307-B6BF-11D0-94F2-00A0C91EFB8B}"",""RequestMajorCode"":""27"",""RequestMinorCode"":""9"",""Argument1"":""0x10040"",""Argument2"":""0xFFFFFFFFFFFFFFFF"",""Argument3"":""0x0"",""Argument4"":""0x0"",""Status"":""3221225659""}}}"
74,74,2026-08-22 11:45:40.7849143,2106,Info,Microsoft-Windows-DriverFrameworks-UserMode,Microsoft-Windows-DriverFrameworks-UserMode/Operational,11764,7776,disstestbedvm,0,S-1-5-19,,,,,,,,,,,False,D:\UOW\SEM3\msc-diss-7csef001w\scenarios\scenario_4\run_1\artefacts\event_logs\Microsoft-Windows-DriverFrameworks-UserMode%4Operational.evtx,Classic,0,"{""UserData"":{""UMDFHostDeviceRequest"":{""LifetimeId"":""91bf4c7c-3573-4828-b4d3-a4e711517ebb"",""InstanceId"":""SWD\\WPDBUSENUM\\_??_USBSTOR#DISK&amp;VEN_GENERAL&amp;PROD_UDISK&amp;REV_5.00#7&amp;372D5A41&amp;0&amp;_&amp;0#{53F56307-B6BF-11D0-94F2-00A0C91EFB8B}"",""RequestMajorCode"":""27"",""RequestMinorCode"":""9"",""Argument1"":""0x10040"",""Argument2"":""0xFFFFFFFFFFFFFFFF"",""Argument3"":""0x0"",""Argument4"":""0x0"",""Status"":""0""}}}"
75,75,2026-08-22 11:45:40.7849161,2101,Info,Microsoft-Windows-DriverFrameworks-UserMode,Microsoft-Windows-DriverFrameworks-UserMode/Operational,11764,7776,disstestbedvm,0,S-1-5-19,,,,,,,,,,,False,D:\UOW\SEM3\msc-diss-7csef001w\scenarios\scenario_4\run_1\artefacts\event_logs\Microsoft-Windows-DriverFrameworks-UserMode%4Operational.evtx,Classic,0,"{""UserData"":{""UMDFHostDeviceRequest"":{""LifetimeId"":""91bf4c7c-3573-4828-b4d3-a4e711517ebb"",""InstanceId"":""SWD\\WPDBUSENUM\\_??_USBSTOR#DISK&amp;VEN_GENERAL&amp;PROD_UDISK&amp;REV_5.00#7&amp;372D5A41&amp;0&amp;_&amp;0#{53F56307-B6BF-11D0-94F2-00A0C91EFB8B}"",""RequestMajorCode"":""27"",""RequestMinorCode"":""9"",""Argument1"":""0x2C000010040"",""Argument2"":""0xFFFFFFFFFFFFFFFF"",""Argument3"":""0x100000000"",""Argument4"":""0x400000004"",""Status"":""0""}}}"
76,76,2026-08-22 11:45:40.7849633,2100,Info,Microsoft-Windows-DriverFrameworks-UserMode,Microsoft-Windows-DriverFrameworks-UserMode/Operational,11764,4780,disstestbedvm,0,S-1-5-19,USB Connection,,,InstanceId: SWD\WPDBUSENUM\_??_USBSTOR#DISK&amp;VEN_GENERAL&amp;PROD_UDISK&amp;REV_5.00#7&amp;372D5A41&amp;0&amp;_&amp;0#{53F56307-B6BF-11D0-94F2-00A0C91EFB8B},LifetimeId: 91bf4c7c-3573-4828-b4d3-a4e711517ebb,,,,,,False,D:\UOW\SEM3\msc-diss-7csef001w\scenarios\scenario_4\run_1\artefacts\event_logs\Microsoft-Windows-DriverFrameworks-UserMode%4Operational.evtx,Classic,0,"{""UserData"":{""UMDFHostDeviceRequest"":{""LifetimeId"":""91bf4c7c-3573-4828-b4d3-a4e711517ebb"",""InstanceId"":""SWD\\WPDBUSENUM\\_??_USBSTOR#DISK&amp;VEN_GENERAL&amp;PROD_UDISK&amp;REV_5.00#7&amp;372D5A41&amp;0&amp;_&amp;0#{53F56307-B6BF-11D0-94F2-00A0C91EFB8B}"",""RequestMajorCode"":""27"",""RequestMinorCode"":""20"",""Argument1"":""0x0"",""Argument2"":""0x0"",""Argument3"":""0x0"",""Argument4"":""0x0"",""Status"":""3221225659""}}}"
77,77,2026-08-22 11:45:40.7849707,2105,Info,Microsoft-Windows-DriverFrameworks-UserMode,Microsoft-Windows-DriverFrameworks-UserMode/Operational,11764,4780,disstestbedvm,0,S-1-5-19,,,,,,,,,,,False,D:\UOW\SEM3\msc-diss-7csef001w\scenarios\scenario_4\run_1\artefacts\event_logs\Microsoft-Windows-DriverFrameworks-UserMode%4Operational.evtx,Classic,0,"{""UserData"":{""UMDFHostDeviceRequest"":{""LifetimeId"":""91bf4c7c-3573-4828-b4d3-a4e711517ebb"",""InstanceId"":""SWD\\WPDBUSENUM\\_??_USBSTOR#DISK&amp;VEN_GENERAL&amp;PROD_UDISK&amp;REV_5.00#7&amp;372D5A41&amp;0&amp;_&amp;0#{53F56307-B6BF-11D0-94F2-00A0C91EFB8B}"",""RequestMajorCode"":""27"",""RequestMinorCode"":""20"",""Argument1"":""0x0"",""Argument2"":""0x0"",""Argument3"":""0x0"",""Argument4"":""0x0"",""Status"":""3221225659""}}}"
78,78,2026-08-22 11:45:40.7849877,2106,Info,Microsoft-Windows-DriverFrameworks-UserMode,Microsoft-Windows-DriverFrameworks-UserMode/Operational,11764,4780,disstestbedvm,0,S-1-5-19,,,,,,,,,,,False,D:\UOW\SEM3\msc-diss-7csef001w\scenarios\scenario_4\run_1\artefacts\event_logs\Microsoft-Windows-DriverFrameworks-UserMode%4Operational.evtx,Classic,0,"{""UserData"":{""UMDFHostDeviceRequest"":{""LifetimeId"":""91bf4c7c-3573-4828-b4d3-a4e711517ebb"",""InstanceId"":""SWD\\WPDBUSENUM\\_??_USBSTOR#DISK&amp;VEN_GENERAL&amp;PROD_UDISK&amp;REV_5.00#7&amp;372D5A41&amp;0&amp;_&amp;0#{53F56307-B6BF-11D0-94F2-00A0C91EFB8B}"",""RequestMajorCode"":""27"",""RequestMinorCode"":""20"",""Argument1"":""0x0"",""Argument2"":""0x0"",""Argument3"":""0x0"",""Argument4"":""0x0"",""Status"":""0""}}}"
79,79,2026-08-22 11:45:40.7849904,2101,Info,Microsoft-Windows-DriverFrameworks-UserMode,Microsoft-Windows-DriverFrameworks-UserMode/Operational,11764,4780,disstestbedvm,1,S-1-5-19,,,,,,,,,,,False,D:\UOW\SEM3\msc-diss-7csef001w\scenarios\scenario_4\run_1\artefacts\event_logs\Microsoft-Windows-DriverFrameworks-UserMode%4Operational.evtx,Classic,0,"{""UserData"":{""UMDFHostDeviceRequest"":{""LifetimeId"":""91bf4c7c-3573-4828-b4d3-a4e711517ebb"",""InstanceId"":""SWD\\WPDBUSENUM\\_??_USBSTOR#DISK&amp;VEN_GENERAL&amp;PROD_UDISK&amp;REV_5.00#7&amp;372D5A41&amp;0&amp;_&amp;0#{53F56307-B6BF-11D0-94F2-00A0C91EFB8B}"",""RequestMajorCode"":""27"",""RequestMinorCode"":""20"",""Argument1"":""0x0"",""Argument2"":""0x141B"",""Argument3"":""0x0"",""Argument4"":""0x0"",""Status"":""0""}}}"
80,80,2026-08-22 11:51:07.8514471,2100,Info,Microsoft-Windows-DriverFrameworks-UserMode,Microsoft-Windows-DriverFrameworks-UserMode/Operational,11764,4780,disstestbedvm,1,S-1-5-19,USB Connection,,,InstanceId: SWD\WPDBUSENUM\_??_USBSTOR#DISK&amp;VEN_GENERAL&amp;PROD_UDISK&amp;REV_5.00#7&amp;372D5A41&amp;0&amp;_&amp;0#{53F56307-B6BF-11D0-94F2-00A0C91EFB8B},LifetimeId: 91bf4c7c-3573-4828-b4d3-a4e711517ebb,,,,,,False,D:\UOW\SEM3\msc-diss-7csef001w\scenarios\scenario_4\run_1\artefacts\event_logs\Microsoft-Windows-DriverFrameworks-UserMode%4Operational.evtx,Classic,0,"{""UserData"":{""UMDFHostDeviceRequest"":{""LifetimeId"":""91bf4c7c-3573-4828-b4d3-a4e711517ebb"",""InstanceId"":""SWD\\WPDBUSENUM\\_??_USBSTOR#DISK&amp;VEN_GENERAL&amp;PROD_UDISK&amp;REV_5.00#7&amp;372D5A41&amp;0&amp;_&amp;0#{53F56307-B6BF-11D0-94F2-00A0C91EFB8B}"",""RequestMajorCode"":""27"",""RequestMinorCode"":""23"",""Argument1"":""0x0"",""Argument2"":""0x0"",""Argument3"":""0x0"",""Argument4"":""0x0"",""Status"":""0""}}}"
81,81,2026-08-22 11:51:07.8544115,2102,Info,Microsoft-Windows-DriverFrameworks-UserMode,Microsoft-Windows-DriverFrameworks-UserMode/Operational,11764,4780,disstestbedvm,1,S-1-5-19,,,,,,,,,,,False,D:\UOW\SEM3\msc-diss-7csef001w\scenarios\scenario_4\run_1\artefacts\event_logs\Microsoft-Windows-DriverFrameworks-UserMode%4Operational.evtx,Classic,0,"{""UserData"":{""UMDFHostDeviceRequest"":{""LifetimeId"":""91bf4c7c-3573-4828-b4d3-a4e711517ebb"",""InstanceId"":""SWD\\WPDBUSENUM\\_??_USBSTOR#DISK&amp;VEN_GENERAL&amp;PROD_UDISK&amp;REV_5.00#7&amp;372D5A41&amp;0&amp;_&amp;0#{53F56307-B6BF-11D0-94F2-00A0C91EFB8B}"",""RequestMajorCode"":""27"",""RequestMinorCode"":""23"",""Argument1"":""0x0"",""Argument2"":""0x0"",""Argument3"":""0x0"",""Argument4"":""0x0"",""Status"":""0""}}}"
82,82,2026-08-22 11:51:07.8574704,2100,Info,Microsoft-Windows-DriverFrameworks-UserMode,Microsoft-Windows-DriverFrameworks-UserMode/Operational,11764,4780,disstestbedvm,1,S-1-5-19,USB Connection,,,InstanceId: SWD\WPDBUSENUM\_??_USBSTOR#DISK&amp;VEN_GENERAL&amp;PROD_UDISK&amp;REV_5.00#7&amp;372D5A41&amp;0&amp;_&amp;0#{53F56307-B6BF-11D0-94F2-00A0C91EFB8B},LifetimeId: 91bf4c7c-3573-4828-b4d3-a4e711517ebb,,,,,,False,D:\UOW\SEM3\msc-diss-7csef001w\scenarios\scenario_4\run_1\artefacts\event_logs\Microsoft-Windows-DriverFrameworks-UserMode%4Operational.evtx,Classic,0,"{""UserData"":{""UMDFHostDeviceRequest"":{""LifetimeId"":""91bf4c7c-3573-4828-b4d3-a4e711517ebb"",""InstanceId"":""SWD\\WPDBUSENUM\\_??_USBSTOR#DISK&amp;VEN_GENERAL&amp;PROD_UDISK&amp;REV_5.00#7&amp;372D5A41&amp;0&amp;_&amp;0#{53F56307-B6BF-11D0-94F2-00A0C91EFB8B}"",""RequestMajorCode"":""27"",""RequestMinorCode"":""2"",""Argument1"":""0x0"",""Argument2"":""0x0"",""Argument3"":""0x0"",""Argument4"":""0x0"",""Status"":""0""}}}"
83,83,2026-08-22 11:51:07.8577696,2102,Info,Microsoft-Windows-DriverFrameworks-UserMode,Microsoft-Windows-DriverFrameworks-UserMode/Operational,11764,4780,disstestbedvm,1,S-1-5-19,,,,,,,,,,,False,D:\UOW\SEM3\msc-diss-7csef001w\scenarios\scenario_4\run_1\artefacts\event_logs\Microsoft-Windows-DriverFrameworks-UserMode%4Operational.evtx,Classic,0,"{""UserData"":{""UMDFHostDeviceRequest"":{""LifetimeId"":""91bf4c7c-3573-4828-b4d3-a4e711517ebb"",""InstanceId"":""SWD\\WPDBUSENUM\\_??_USBSTOR#DISK&amp;VEN_GENERAL&amp;PROD_UDISK&amp;REV_5.00#7&amp;372D5A41&amp;0&amp;_&amp;0#{53F56307-B6BF-11D0-94F2-00A0C91EFB8B}"",""RequestMajorCode"":""27"",""RequestMinorCode"":""2"",""Argument1"":""0x0"",""Argument2"":""0x0"",""Argument3"":""0x0"",""Argument4"":""0x0"",""Status"":""0""}}}"
84,84,2026-08-22 11:51:07.8697579,1006,Info,Microsoft-Windows-DriverFrameworks-UserMode,Microsoft-Windows-DriverFrameworks-UserMode/Operational,868,984,disstestbedvm,1,S-1-5-18,,,,,,,,,,,False,D:\UOW\SEM3\msc-diss-7csef001w\scenarios\scenario_4\run_1\artefacts\event_logs\Microsoft-Windows-DriverFrameworks-UserMode%4Operational.evtx,Classic,0,"{""UserData"":{""UMDFDriverManagerHostShutdown"":{""LifetimeId"":""91bf4c7c-3573-4828-b4d3-a4e711517ebb""}}}"
85,85,2026-08-22 11:51:07.8698187,2900,Info,Microsoft-Windows-DriverFrameworks-UserMode,Microsoft-Windows-DriverFrameworks-UserMode/Operational,11764,4780,disstestbedvm,1,S-1-5-19,,,,,,,,,,,False,D:\UOW\SEM3\msc-diss-7csef001w\scenarios\scenario_4\run_1\artefacts\event_logs\Microsoft-Windows-DriverFrameworks-UserMode%4Operational.evtx,Classic,0,"{""UserData"":{""UMDFHostShutdown"":{""LifetimeId"":""91bf4c7c-3573-4828-b4d3-a4e711517ebb""}}}"
86,86,2026-08-22 11:51:07.8700792,2901,Info,Microsoft-Windows-DriverFrameworks-UserMode,Microsoft-Windows-DriverFrameworks-UserMode/Operational,11764,5532,disstestbedvm,1,S-1-5-19,,,,,,,,,,,False,D:\UOW\SEM3\msc-diss-7csef001w\scenarios\scenario_4\run_1\artefacts\event_logs\Microsoft-Windows-DriverFrameworks-UserMode%4Operational.evtx,Classic,0,"{""UserData"":{""UMDFHostShutdown"":{""LifetimeId"":""91bf4c7c-3573-4828-b4d3-a4e711517ebb""}}}"
87,87,2026-08-22 11:51:07.8969181,1008,Info,Microsoft-Windows-DriverFrameworks-UserMode,Microsoft-Windows-DriverFrameworks-UserMode/Operational,868,984,disstestbedvm,1,S-1-5-18,,,,,,,,,,,False,D:\UOW\SEM3\msc-diss-7csef001w\scenarios\scenario_4\run_1\artefacts\event_logs\Microsoft-Windows-DriverFrameworks-UserMode%4Operational.evtx,Classic,0,"{""UserData"":{""UMDFDriverManagerHostShutdown"":{""LifetimeId"":""91bf4c7c-3573-4828-b4d3-a4e711517ebb"",""TerminateStatus"":""0"",""ExitCode"":""0""}}}"
22,22,2026-08-22 11:45:40.6515730,1006,Info,Microsoft-Windows-Partition,Microsoft-Windows-Partition/Diagnostic,4,272,disstestbedvm,0,S-1-5-18,USB Insertion/Removal,,,Model: UDisk,Capacity: 4026531840,Manufacturer: General,"SCSI SerialNumber: ",RegistryId: 123c05e7-9e1d-11f1-841b-000c29740023,ParentId: USB\VID_ABCD&amp;PID_1234\6&amp;39d724fe&amp;0&amp;6,,False,D:\UOW\SEM3\msc-diss-7csef001w\scenarios\scenario_4\run_1\artefacts\event_logs\Microsoft-Windows-Partition%4Diagnostic.evtx,Classic,0,"{""EventData"":{""Data"":[{""@Name"":""DiskNumber"",""#text"":""1""},{""@Name"":""Flags"",""#text"":""8208""},{""@Name"":""Characteristics"",""#text"":""262401""},{""@Name"":""IsSystemCritical"",""#text"":""False""},{""@Name"":""PagingCount"",""#text"":""0""},{""@Name"":""HibernationCount"",""#text"":""0""},{""@Name"":""DumpCount"",""#text"":""0""},{""@Name"":""OfflineReason"",""#text"":""0""},{""@Name"":""Attributes"",""#text"":""0""},{""@Name"":""PersistentAttributes"",""#text"":""0""},{""@Name"":""Owner"",""#text"":""00000000-0000-0000-0000-000000000000""},{""@Name"":""BytesPerSector"",""#text"":""512""},{""@Name"":""Capacity"",""#text"":""4026531840""},{""@Name"":""BusType"",""#text"":""7""},{""@Name"":""Manufacturer"",""#text"":""General""},{""@Name"":""Model"",""#text"":""UDisk""},{""@Name"":""Revision"",""#text"":""5.00""},{""@Name"":""SerialNumber""},{""@Name"":""Location"",""#text"":""Integrated : Bus 0 : Device 0 : Function 6 : Adapter 0 : Port 0""},{""@Name"":""ParentId"",""#text"":""USB\\VID_ABCD&amp;PID_1234\\6&amp;39d724fe&amp;0&amp;6""},{""@Name"":""Socket"",""#text"":""-1""},{""@Name"":""Slot"",""#text"":""-1""},{""@Name"":""Bus"",""#text"":""0""},{""@Name"":""Device"",""#text"":""0""},{""@Name"":""Function"",""#text"":""6""},{""@Name"":""Adapter"",""#text"":""0""},{""@Name"":""Port"",""#text"":""0""},{""@Name"":""Target"",""#text"":""0""},{""@Name"":""Lun"",""#text"":""0""},{""@Name"":""IoctlSupport"",""#text"":""59649""},{""@Name"":""IdFlags"",""#text"":""0""},{""@Name"":""DiskId"",""#text"":""e981b5d9-d866-46a5-56c1-64ad46242587""},{""@Name"":""AdapterId"",""#text"":""00000000-0000-0000-0000-000000000000""},{""@Name"":""RegistryId"",""#text"":""123c05e7-9e1d-11f1-841b-000c29740023""},{""@Name"":""PoolId"",""#text"":""00000000-0000-0000-0000-000000000000""},{""@Name"":""FirmwareSupportsUpgrade"",""#text"":""False""},{""@Name"":""FirmwareSlotCount"",""#text"":""0""},{""@Name"":""StorageIdCount"",""#text"":""0""},{""@Name"":""StorageIdCodeSet"",""#text"":""0""},{""@Name"":""StorageIdType"",""#text"":""0""},{""@Name"":""StorageIdAssociation"",""#text"":""0""},{""@Name"":""StorageIdBytes"",""#text"":""0""},{""@Name"":""StorageId""},{""@Name"":""WriteCacheType"",""#text"":""0""},{""@Name"":""WriteCacheEnabled"",""#text"":""0""},{""@Name"":""WriteCacheChangeable"",""#text"":""0""},{""@Name"":""WriteThroughSupported"",""#text"":""0""},{""@Name"":""FlushCacheSupported"",""#text"":""False""},{""@Name"":""IsPowerProtected"",""#text"":""False""},{""@Name"":""NVCacheEnabled"",""#text"":""False""},{""@Name"":""BytesPerLogicalSector"",""#text"":""0""},{""@Name"":""BytesPerPhysicalSector"",""#text"":""0""},{""@Name"":""BytesOffsetForSectorAlignment"",""#text"":""0""},{""@Name"":""IncursSeekPenalty"",""#text"":""False""},{""@Name"":""IsTrimSupported"",""#text"":""False""},{""@Name"":""IsThinProvisioned"",""#text"":""False""},{""@Name"":""OptimalUnmapGranularity"",""#text"":""0""},{""@Name"":""UnmapAlignment"",""#text"":""0""},{""@Name"":""NumberOfLogicalCopies"",""#text"":""0""},{""@Name"":""NumberOfPhysicalCopies"",""#text"":""0""},{""@Name"":""FaultTolerance"",""#text"":""0""},{""@Name"":""NumberOfColumns"",""#text"":""0""},{""@Name"":""InterleaveBytes"",""#text"":""0""},{""@Name"":""HybridSupported"",""#text"":""False""},{""@Name"":""HybridCacheBytes"",""#text"":""0""},{""@Name"":""AdapterMaximumTransferBytes"",""#text"":""65536""},{""@Name"":""AdapterMaximumTransferPages"",""#text"":""17""},{""@Name"":""AdapterAlignmentMask"",""#text"":""0""},{""@Name"":""AdapterSerialNumber"",""#text"":""NULL""},{""@Name"":""PortDriver"",""#text"":""5""},{""@Name"":""UserRemovalPolicy"",""#text"":""True""},{""@Name"":""PartitionStyle"",""#text"":""0""},{""@Name"":""PartitionCount"",""#text"":""4""},{""@Name"":""PartitionTableBytes"",""#text"":""624""},{""@Name"":""PartitionTable"",""#text"":""00-00-00-00-04-00-00-00-B0-B1-1E-D1-E7-64-7F-CB-00-00-00-00-00-00-00-00-00-00-00-00-00-00-00-00-00-00-00-00-00-00-00-00-00-00-00-00-00-00-00-00-00-00-00-00-00-00-00-00-00-00-01-00-00-00-00-00-00-00-FF-EF-00-00-00-00-01-00-00-00-00-00-00-00-07-00-01-00-80-00-00-00-B0-B1-1E-D1-00-00-00-00-00-00-01-00-00-00-00-00-00-00-00-00-00-00-00-00-00-00-00-00-00-00-00-00-00-00-00-00-00-00-00-00-00-00-00-00-00-00-00-00-00-00-00-00-00-00-00-00-00-00-00-00-00-00-00-00-00-00-00-00-00-00-00-00-00-00-00-00-00-00-00-00-00-00-00-00-00-00-00-00-00-00-00-00-00-00-00-00-00-00-00-00-00-00-00-00-00-00-00-00-00-00-00-00-00-00-00-00-00-00-00-00-00-00-00-00-00-00-00-00-00-00-00-00-00-00-00-00-00-00-00-00-00-00-00-00-00-00-00-00-00-00-00-00-00-00-00-00-00-00-00-00-00-00-00-00-00-00-00-00-00-00-00-00-00-00-00-00-00-00-00-00-00-00-00-00-00-00-00-00-00-00-00-00-00-00-00-00-00-00-00-00-00-00-00-00-00-00-00-00-00-00-00-00-00-00-00-00-00-00-00-00-00-00-00-00-00-00-00-00-00-00-00-00-00-00-00-00-00-00-00-00-00-00-00-00-00-00-00-00-00-00-00-00-00-00-00-00-00-00-00-00-00-00-00-00-00-00-00-00-00-00-00-00-00-00-00-00-00-00-00-00-00-00-00-00-00-00-00-00-00-00-00-00-00-00-00-00-00-00-00-00-00-00-00-00-00-00-00-00-00-00-00-00-00-00-00-00-00-00-00-00-00-00-00-00-00-00-00-00-00-00-00-00-00-00-00-00-00-00-00-00-00-00-00-00-00-00-00-00-00-00-00-00-00-00-00-00-00-00-00-00-00-00-00-00-00-00-00-00-00-00-00-00-00-00-00-00-00-00-00-00-00-00-00-00-00-00-00-00-00-00-00-00-00-00-00-00-00-00-00-00-00-00-00-00-00-00-00-00-00-00-00-00-00-00-00-00-00-00-00-00-00-00-00-00-00-00-00-00-00-00-00-00-00-00-00-00-00-00-00-00-00-00-00-00-00-00-00-00-00-00-00-00-00-00-00-00-00-00-00-00-00-00-00-00-00-00-00-00-00-00-00-00-00-00-00-00-00-00-00-00-00-00-00-00-00-00-00-00-00-00-00-00-00-00-00-00-00-00-00-00-00-00-00-00-00-00-00-00-00-00-00-00-00-00-00-00-00-00-00-00-00-00-00-00-00-00-00-00-00-00-00-00-00-00-00-00""},{""@Name"":""MbrBytes"",""#text"":""512""},{""@Name"":""Mbr"",""#text"":""33-C0-8E-D0-BC-00-7C-8E-C0-8E-D8-BE-00-7C-BF-00-06-B9-00-02-FC-F3-A4-50-68-1C-06-CB-FB-B9-04-00-BD-BE-07-80-7E-00-00-7C-0B-0F-85-0E-01-83-C5-10-E2-F1-CD-18-88-56-00-55-C6-46-11-05-C6-46-10-00-B4-41-BB-AA-55-CD-13-5D-72-0F-81-FB-55-AA-75-09-F7-C1-01-00-74-03-FE-46-10-66-60-80-7E-10-00-74-26-66-68-00-00-00-00-66-FF-76-08-68-00-00-68-00-7C-68-01-00-68-10-00-B4-42-8A-56-00-8B-F4-CD-13-9F-83-C4-10-9E-EB-14-B8-01-02-BB-00-7C-8A-56-00-8A-76-01-8A-4E-02-8A-6E-03-CD-13-66-61-73-1C-FE-4E-11-75-0C-80-7E-00-80-0F-84-8A-00-B2-80-EB-84-55-32-E4-8A-56-00-CD-13-5D-EB-9E-81-3E-FE-7D-55-AA-75-6E-FF-76-00-E8-8D-00-75-17-FA-B0-D1-E6-64-E8-83-00-B0-DF-E6-60-E8-7C-00-B0-FF-E6-64-E8-75-00-FB-B8-00-BB-CD-1A-66-23-C0-75-3B-66-81-FB-54-43-50-41-75-32-81-F9-02-01-72-2C-66-68-07-BB-00-00-66-68-00-02-00-00-66-68-08-00-00-00-66-53-66-53-66-55-66-68-00-00-00-00-66-68-00-7C-00-00-66-61-68-00-00-07-CD-1A-5A-32-F6-EA-00-7C-00-00-CD-18-A0-B7-07-EB-08-A0-B6-07-EB-03-A0-B5-07-32-E4-05-00-07-8B-F0-AC-3C-00-74-09-BB-07-00-B4-0E-CD-10-EB-F2-F4-EB-FD-2B-C9-E4-64-EB-00-24-02-E0-F8-24-02-C3-49-6E-76-61-6C-69-64-20-70-61-72-74-69-74-69-6F-6E-20-74-61-62-6C-65-00-45-72-72-6F-72-20-6C-6F-61-64-69-6E-67-20-6F-70-65-72-61-74-69-6E-67-20-73-79-73-74-65-6D-00-4D-69-73-73-69-6E-67-20-6F-70-65-72-61-74-69-6E-67-20-73-79-73-74-65-6D-00-00-00-63-7B-9A-B0-B1-1E-D1-00-00-00-02-03-00-07-FE-7F-E8-80-00-00-00-80-FF-77-00-00-00-00-00-00-00-00-00-00-00-00-00-00-00-00-00-00-00-00-00-00-00-00-00-00-00-00-00-00-00-00-00-00-00-00-00-00-00-00-00-00-00-00-00-00-00-00-00-55-AA""},{""@Name"":""Ebr0Bytes"",""#text"":""0""},{""@Name"":""Ebr0""},{""@Name"":""Ebr1Bytes"",""#text"":""0""},{""@Name"":""Ebr1""},{""@Name"":""Ebr2Bytes"",""#text"":""0""},{""@Name"":""Ebr2""},{""@Name"":""Ebr3Size"",""#text"":""0""},{""@Name"":""Ebr3""}]}}"
23,23,2026-08-22 11:50:19.1059755,1006,Info,Microsoft-Windows-Partition,Microsoft-Windows-Partition/Diagnostic,4,492,disstestbedvm,0,S-1-5-18,USB Insertion/Removal,,,Model: UDisk,Capacity: 0,Manufacturer: General,"SCSI SerialNumber: ",RegistryId: 123c05e7-9e1d-11f1-841b-000c29740023,ParentId: USB\VID_ABCD&amp;PID_1234\6&amp;39d724fe&amp;0&amp;6,,False,D:\UOW\SEM3\msc-diss-7csef001w\scenarios\scenario_4\run_1\artefacts\event_logs\Microsoft-Windows-Partition%4Diagnostic.evtx,Classic,0,"{""EventData"":{""Data"":[{""@Name"":""DiskNumber"",""#text"":""1""},{""@Name"":""Flags"",""#text"":""8208""},{""@Name"":""Characteristics"",""#text"":""262401""},{""@Name"":""IsSystemCritical"",""#text"":""False""},{""@Name"":""PagingCount"",""#text"":""0""},{""@Name"":""HibernationCount"",""#text"":""0""},{""@Name"":""DumpCount"",""#text"":""0""},{""@Name"":""OfflineReason"",""#text"":""0""},{""@Name"":""Attributes"",""#text"":""0""},{""@Name"":""PersistentAttributes"",""#text"":""0""},{""@Name"":""Owner"",""#text"":""00000000-0000-0000-0000-000000000000""},{""@Name"":""BytesPerSector"",""#text"":""0""},{""@Name"":""Capacity"",""#text"":""0""},{""@Name"":""BusType"",""#text"":""7""},{""@Name"":""Manufacturer"",""#text"":""General""},{""@Name"":""Model"",""#text"":""UDisk""},{""@Name"":""Revision"",""#text"":""5.00""},{""@Name"":""SerialNumber""},{""@Name"":""Location"",""#text"":""Integrated : Bus 0 : Device 0 : Function 6 : Adapter 0 : Port 0""},{""@Name"":""ParentId"",""#text"":""USB\\VID_ABCD&amp;PID_1234\\6&amp;39d724fe&amp;0&amp;6""},{""@Name"":""Socket"",""#text"":""-1""},{""@Name"":""Slot"",""#text"":""-1""},{""@Name"":""Bus"",""#text"":""0""},{""@Name"":""Device"",""#text"":""0""},{""@Name"":""Function"",""#text"":""6""},{""@Name"":""Adapter"",""#text"":""0""},{""@Name"":""Port"",""#text"":""0""},{""@Name"":""Target"",""#text"":""0""},{""@Name"":""Lun"",""#text"":""0""},{""@Name"":""IoctlSupport"",""#text"":""59649""},{""@Name"":""IdFlags"",""#text"":""0""},{""@Name"":""DiskId"",""#text"":""e981b5d9-d866-46a5-56c1-64ad46242587""},{""@Name"":""AdapterId"",""#text"":""00000000-0000-0000-0000-000000000000""},{""@Name"":""RegistryId"",""#text"":""123c05e7-9e1d-11f1-841b-000c29740023""},{""@Name"":""PoolId"",""#text"":""00000000-0000-0000-0000-000000000000""},{""@Name"":""FirmwareSupportsUpgrade"",""#text"":""False""},{""@Name"":""FirmwareSlotCount"",""#text"":""0""},{""@Name"":""StorageIdCount"",""#text"":""0""},{""@Name"":""StorageIdCodeSet"",""#text"":""0""},{""@Name"":""StorageIdType"",""#text"":""0""},{""@Name"":""StorageIdAssociation"",""#text"":""0""},{""@Name"":""StorageIdBytes"",""#text"":""0""},{""@Name"":""StorageId""},{""@Name"":""WriteCacheType"",""#text"":""0""},{""@Name"":""WriteCacheEnabled"",""#text"":""0""},{""@Name"":""WriteCacheChangeable"",""#text"":""0""},{""@Name"":""WriteThroughSupported"",""#text"":""0""},{""@Name"":""FlushCacheSupported"",""#text"":""False""},{""@Name"":""IsPowerProtected"",""#text"":""False""},{""@Name"":""NVCacheEnabled"",""#text"":""False""},{""@Name"":""BytesPerLogicalSector"",""#text"":""0""},{""@Name"":""BytesPerPhysicalSector"",""#text"":""0""},{""@Name"":""BytesOffsetForSectorAlignment"",""#text"":""0""},{""@Name"":""IncursSeekPenalty"",""#text"":""False""},{""@Name"":""IsTrimSupported"",""#text"":""False""},{""@Name"":""IsThinProvisioned"",""#text"":""False""},{""@Name"":""OptimalUnmapGranularity"",""#text"":""0""},{""@Name"":""UnmapAlignment"",""#text"":""0""},{""@Name"":""NumberOfLogicalCopies"",""#text"":""0""},{""@Name"":""NumberOfPhysicalCopies"",""#text"":""0""},{""@Name"":""FaultTolerance"",""#text"":""0""},{""@Name"":""NumberOfColumns"",""#text"":""0""},{""@Name"":""InterleaveBytes"",""#text"":""0""},{""@Name"":""HybridSupported"",""#text"":""False""},{""@Name"":""HybridCacheBytes"",""#text"":""0""},{""@Name"":""AdapterMaximumTransferBytes"",""#text"":""65536""},{""@Name"":""AdapterMaximumTransferPages"",""#text"":""17""},{""@Name"":""AdapterAlignmentMask"",""#text"":""0""},{""@Name"":""AdapterSerialNumber"",""#text"":""NULL""},{""@Name"":""PortDriver"",""#text"":""5""},{""@Name"":""UserRemovalPolicy"",""#text"":""True""},{""@Name"":""PartitionStyle"",""#text"":""0""},{""@Name"":""PartitionCount"",""#text"":""1""},{""@Name"":""PartitionTableBytes"",""#text"":""192""},{""@Name"":""PartitionTable"",""#text"":""00-00-00-00-01-00-00-00-00-00-00-00-00-00-00-00-00-00-00-00-00-00-00-00-00-00-00-00-00-00-00-00-00-00-00-00-00-00-00-00-00-00-00-00-00-00-00-00-00-00-00-00-00-00-00-00-00-00-00-00-00-00-00-00-00-00-00-00-00-00-00-00-00-00-00-00-00-00-00-00-00-00-00-00-00-00-00-00-00-00-00-00-00-00-00-00-00-00-00-00-00-00-00-00-00-00-00-00-00-00-00-00-00-00-00-00-00-00-00-00-00-00-00-00-00-00-00-00-00-00-00-00-00-00-00-00-00-00-00-00-00-00-00-00-00-00-00-00-00-00-00-00-00-00-00-00-00-00-00-00-00-00-00-00-00-00-00-00-00-00-00-00-00-00-00-00-00-00-00-00-00-00-00-00-00-00-00-00-00-00-00-00""},{""@Name"":""MbrBytes"",""#text"":""0""},{""@Name"":""Mbr""},{""@Name"":""Ebr0Bytes"",""#text"":""0""},{""@Name"":""Ebr0""},{""@Name"":""Ebr1Bytes"",""#text"":""0""},{""@Name"":""Ebr1""},{""@Name"":""Ebr2Bytes"",""#text"":""0""},{""@Name"":""Ebr2""},{""@Name"":""Ebr3Size"",""#text"":""0""},{""@Name"":""Ebr3""}]}}"
24,24,2026-08-22 11:51:07.8478373,1006,Info,Microsoft-Windows-Partition,Microsoft-Windows-Partition/Diagnostic,4,272,disstestbedvm,0,S-1-5-18,USB Insertion/Removal,,,Model: UDisk,Capacity: 0,Manufacturer: General,"SCSI SerialNumber: ",RegistryId: 123c05e7-9e1d-11f1-841b-000c29740023,ParentId: USB\VID_ABCD&amp;PID_1234\6&amp;39d724fe&amp;0&amp;6,,False,D:\UOW\SEM3\msc-diss-7csef001w\scenarios\scenario_4\run_1\artefacts\event_logs\Microsoft-Windows-Partition%4Diagnostic.evtx,Classic,0,"{""EventData"":{""Data"":[{""@Name"":""DiskNumber"",""#text"":""1""},{""@Name"":""Flags"",""#text"":""8208""},{""@Name"":""Characteristics"",""#text"":""262401""},{""@Name"":""IsSystemCritical"",""#text"":""False""},{""@Name"":""PagingCount"",""#text"":""0""},{""@Name"":""HibernationCount"",""#text"":""0""},{""@Name"":""DumpCount"",""#text"":""0""},{""@Name"":""OfflineReason"",""#text"":""0""},{""@Name"":""Attributes"",""#text"":""0""},{""@Name"":""PersistentAttributes"",""#text"":""0""},{""@Name"":""Owner"",""#text"":""00000000-0000-0000-0000-000000000000""},{""@Name"":""BytesPerSector"",""#text"":""0""},{""@Name"":""Capacity"",""#text"":""0""},{""@Name"":""BusType"",""#text"":""7""},{""@Name"":""Manufacturer"",""#text"":""General""},{""@Name"":""Model"",""#text"":""UDisk""},{""@Name"":""Revision"",""#text"":""5.00""},{""@Name"":""SerialNumber""},{""@Name"":""Location"",""#text"":""Integrated : Bus 0 : Device 0 : Function 6 : Adapter 0 : Port 0""},{""@Name"":""ParentId"",""#text"":""USB\\VID_ABCD&amp;PID_1234\\6&amp;39d724fe&amp;0&amp;6""},{""@Name"":""Socket"",""#text"":""-1""},{""@Name"":""Slot"",""#text"":""-1""},{""@Name"":""Bus"",""#text"":""0""},{""@Name"":""Device"",""#text"":""0""},{""@Name"":""Function"",""#text"":""6""},{""@Name"":""Adapter"",""#text"":""0""},{""@Name"":""Port"",""#text"":""0""},{""@Name"":""Target"",""#text"":""0""},{""@Name"":""Lun"",""#text"":""0""},{""@Name"":""IoctlSupport"",""#text"":""76033""},{""@Name"":""IdFlags"",""#text"":""0""},{""@Name"":""DiskId"",""#text"":""e981b5d9-d866-46a5-56c1-64ad46242587""},{""@Name"":""AdapterId"",""#text"":""00000000-0000-0000-0000-000000000000""},{""@Name"":""RegistryId"",""#text"":""123c05e7-9e1d-11f1-841b-000c29740023""},{""@Name"":""PoolId"",""#text"":""00000000-0000-0000-0000-000000000000""},{""@Name"":""FirmwareSupportsUpgrade"",""#text"":""False""},{""@Name"":""FirmwareSlotCount"",""#text"":""0""},{""@Name"":""StorageIdCount"",""#text"":""0""},{""@Name"":""StorageIdCodeSet"",""#text"":""0""},{""@Name"":""StorageIdType"",""#text"":""0""},{""@Name"":""StorageIdAssociation"",""#text"":""0""},{""@Name"":""StorageIdBytes"",""#text"":""0""},{""@Name"":""StorageId""},{""@Name"":""WriteCacheType"",""#text"":""0""},{""@Name"":""WriteCacheEnabled"",""#text"":""0""},{""@Name"":""WriteCacheChangeable"",""#text"":""0""},{""@Name"":""WriteThroughSupported"",""#text"":""0""},{""@Name"":""FlushCacheSupported"",""#text"":""False""},{""@Name"":""IsPowerProtected"",""#text"":""False""},{""@Name"":""NVCacheEnabled"",""#text"":""False""},{""@Name"":""BytesPerLogicalSector"",""#text"":""0""},{""@Name"":""BytesPerPhysicalSector"",""#text"":""0""},{""@Name"":""BytesOffsetForSectorAlignment"",""#text"":""0""},{""@Name"":""IncursSeekPenalty"",""#text"":""False""},{""@Name"":""IsTrimSupported"",""#text"":""False""},{""@Name"":""IsThinProvisioned"",""#text"":""False""},{""@Name"":""OptimalUnmapGranularity"",""#text"":""0""},{""@Name"":""UnmapAlignment"",""#text"":""0""},{""@Name"":""NumberOfLogicalCopies"",""#text"":""0""},{""@Name"":""NumberOfPhysicalCopies"",""#text"":""0""},{""@Name"":""FaultTolerance"",""#text"":""0""},{""@Name"":""NumberOfColumns"",""#text"":""0""},{""@Name"":""InterleaveBytes"",""#text"":""0""},{""@Name"":""HybridSupported"",""#text"":""False""},{""@Name"":""HybridCacheBytes"",""#text"":""0""},{""@Name"":""AdapterMaximumTransferBytes"",""#text"":""65536""},{""@Name"":""AdapterMaximumTransferPages"",""#text"":""17""},{""@Name"":""AdapterAlignmentMask"",""#text"":""0""},{""@Name"":""AdapterSerialNumber"",""#text"":""NULL""},{""@Name"":""PortDriver"",""#text"":""5""},{""@Name"":""UserRemovalPolicy"",""#text"":""False""},{""@Name"":""PartitionStyle"",""#text"":""0""},{""@Name"":""PartitionCount"",""#text"":""0""},{""@Name"":""PartitionTableBytes"",""#text"":""0""},{""@Name"":""PartitionTable""},{""@Name"":""MbrBytes"",""#text"":""0""},{""@Name"":""Mbr""},{""@Name"":""Ebr0Bytes"",""#text"":""0""},{""@Name"":""Ebr0""},{""@Name"":""Ebr1Bytes"",""#text"":""0""},{""@Name"":""Ebr1""},{""@Name"":""Ebr2Bytes"",""#text"":""0""},{""@Name"":""Ebr2""},{""@Name"":""Ebr3Size"",""#text"":""0""},{""@Name"":""Ebr3""}]}}"
32693,32693,2026-08-22 11:45:40.5864051,6416,LogAlways,Microsoft-Windows-Security-Auditing,Security,4,3196,disstestbedvm,388,,A new external device was recognized by the system,WORKGROUP\DISSTESTBEDVM$ (S-1-5-18),,DeviceId: USB\VID_ABCD&amp;PID_1234\6&amp;39d724fe&amp;0&amp;6,DeviceName: USB Mass Storage Device,Class: USB (36fc9e60-c465-11cf-8056-444553540000),"VendorIds: , USB\VID_ABCD&amp;PID_1234&amp;REV_0100, USB\VID_ABCD&amp;PID_1234, ","LocationInformation: , Port_#0006.Hub_#0003, ",,,False,D:\UOW\SEM3\msc-diss-7csef001w\scenarios\scenario_4\run_1\artefacts\event_logs\Security.evtx,Audit success,0,"{""EventData"":{""Data"":[{""@Name"":""SubjectUserSid"",""#text"":""S-1-5-18""},{""@Name"":""SubjectUserName"",""#text"":""DISSTESTBEDVM$""},{""@Name"":""SubjectDomainName"",""#text"":""WORKGROUP""},{""@Name"":""SubjectLogonId"",""#text"":""0x3E7""},{""@Name"":""DeviceId"",""#text"":""USB\\VID_ABCD&amp;PID_1234\\6&amp;39d724fe&amp;0&amp;6""},{""@Name"":""DeviceDescription"",""#text"":""USB Mass Storage Device""},{""@Name"":""ClassId"",""#text"":""36fc9e60-c465-11cf-8056-444553540000""},{""@Name"":""ClassName"",""#text"":""USB""},{""@Name"":""VendorIds"",""#text"":"", USB\\VID_ABCD&amp;PID_1234&amp;REV_0100, USB\\VID_ABCD&amp;PID_1234, ""},{""@Name"":""CompatibleIds"",""#text"":"", USB\\COMPAT_VID_ABCD&amp;Class_08&amp;SubClass_06&amp;Prot_50, USB\\COMPAT_VID_ABCD&amp;Class_08&amp;SubClass_06, USB\\COMPAT_VID_ABCD&amp;Class_08, USB\\Class_08&amp;SubClass_06&amp;Prot_50, USB\\Class_08&amp;SubClass_06, USB\\Class_08, ""},{""@Name"":""LocationInformation"",""#text"":"", Port_#0006.Hub_#0003, ""}]}}"
32694,32694,2026-08-22 11:45:40.6496877,6416,LogAlways,Microsoft-Windows-Security-Auditing,Security,4,3196,disstestbedvm,388,,A new external device was recognized by the system,WORKGROUP\DISSTESTBEDVM$ (S-1-5-18),,DeviceId: USBSTOR\Disk&amp;Ven_General&amp;Prod_UDisk&amp;Rev_5.00\7&amp;372d5a41&amp;0&amp;_&amp;0,DeviceName: General UDisk USB Device,Class: DiskDrive (4d36e967-e325-11ce-bfc1-08002be10318),"VendorIds: , USBSTOR\DiskGeneral_UDisk___________5.00, USBSTOR\DiskGeneral_UDisk___________, USBSTOR\DiskGeneral_, USBSTOR\General_UDisk___________5, General_UDisk___________5, USBSTOR\GenDisk, GenDisk, ",LocationInformation: -,,,False,D:\UOW\SEM3\msc-diss-7csef001w\scenarios\scenario_4\run_1\artefacts\event_logs\Security.evtx,Audit success,0,"{""EventData"":{""Data"":[{""@Name"":""SubjectUserSid"",""#text"":""S-1-5-18""},{""@Name"":""SubjectUserName"",""#text"":""DISSTESTBEDVM$""},{""@Name"":""SubjectDomainName"",""#text"":""WORKGROUP""},{""@Name"":""SubjectLogonId"",""#text"":""0x3E7""},{""@Name"":""DeviceId"",""#text"":""USBSTOR\\Disk&amp;Ven_General&amp;Prod_UDisk&amp;Rev_5.00\\7&amp;372d5a41&amp;0&amp;_&amp;0""},{""@Name"":""DeviceDescription"",""#text"":""General UDisk USB Device""},{""@Name"":""ClassId"",""#text"":""4d36e967-e325-11ce-bfc1-08002be10318""},{""@Name"":""ClassName"",""#text"":""DiskDrive""},{""@Name"":""VendorIds"",""#text"":"", USBSTOR\\DiskGeneral_UDisk___________5.00, USBSTOR\\DiskGeneral_UDisk___________, USBSTOR\\DiskGeneral_, USBSTOR\\General_UDisk___________5, General_UDisk___________5, USBSTOR\\GenDisk, GenDisk, ""},{""@Name"":""CompatibleIds"",""#text"":"", USBSTOR\\Disk, USBSTOR\\RAW, GenDisk, ""},{""@Name"":""LocationInformation"",""#text"":""-""}]}}"
32695,32695,2026-08-22 11:45:40.6562705,6416,LogAlways,Microsoft-Windows-Security-Auditing,Security,4,3196,disstestbedvm,388,,A new external device was recognized by the system,WORKGROUP\DISSTESTBEDVM$ (S-1-5-18),,DeviceId: STORAGE\Volume\_??_USBSTOR#Disk&amp;Ven_General&amp;Prod_UDisk&amp;Rev_5.00#7&amp;372d5a41&amp;0&amp;_&amp;0#{53f56307-b6bf-11d0-94f2-00a0c91efb8b},DeviceName: Volume,Class: Volume (71a27cdd-812a-11d0-bec7-08002be2092f),"VendorIds: , STORAGE\Volume, ",LocationInformation: -,,,False,D:\UOW\SEM3\msc-diss-7csef001w\scenarios\scenario_4\run_1\artefacts\event_logs\Security.evtx,Audit success,0,"{""EventData"":{""Data"":[{""@Name"":""SubjectUserSid"",""#text"":""S-1-5-18""},{""@Name"":""SubjectUserName"",""#text"":""DISSTESTBEDVM$""},{""@Name"":""SubjectDomainName"",""#text"":""WORKGROUP""},{""@Name"":""SubjectLogonId"",""#text"":""0x3E7""},{""@Name"":""DeviceId"",""#text"":""STORAGE\\Volume\\_??_USBSTOR#Disk&amp;Ven_General&amp;Prod_UDisk&amp;Rev_5.00#7&amp;372d5a41&amp;0&amp;_&amp;0#{53f56307-b6bf-11d0-94f2-00a0c91efb8b}""},{""@Name"":""DeviceDescription"",""#text"":""Volume""},{""@Name"":""ClassId"",""#text"":""71a27cdd-812a-11d0-bec7-08002be2092f""},{""@Name"":""ClassName"",""#text"":""Volume""},{""@Name"":""VendorIds"",""#text"":"", STORAGE\\Volume, ""},{""@Name"":""CompatibleIds"",""#text"":""-""},{""@Name"":""LocationInformation"",""#text"":""-""}]}}"
32696,32696,2026-08-22 11:45:40.6767012,4688,LogAlways,Microsoft-Windows-Security-Auditing,Security,4,8760,disstestbedvm,388,,A new process has been created,WORKGROUP\DISSTESTBEDVM$,,Parent process: C:\Windows\System32\services.exe,PID: 0x364,Parent PID: 0x2DF4,Mandatory label: SECURITY_MANDATORY_SYSTEM_RID,Target User: NT AUTHORITY\LOCAL SERVICE,,"C:\Windows\System32\WUDFHost.exe ""C:\Windows\System32\WUDFHost.exe"" -HostGUID:{193a1820-d9ac-4997-8c55-be817523f6aa} -IoEventPortName:\UMDFCommunicationPorts\WUDF\HostProcess-09150671-22b1-4391-908d-e5e962c1b98f -SystemEventPortName:\UMDFCommunicationPorts\WUDF\HostProcess-a7a59dba-e8f0-40a1-9d39-95dda84728b4 -IoCancelEventPortName:\UMDFCommunicationPorts\WUDF\HostProcess-8b647d3c-bed1-49ed-95c7-714a966d2cfe -NonStateChangingEventPortName:\UMDFCommunicationPorts\WUDF\HostProcess-2d0a6d2b-a4d9-45b3-a650-d4243ef3d7f6 -LifetimeId:91bf4c7c-3573-4828-b4d3-a4e711517ebb -DeviceGroupId:WpdFsGroup -HostArg:0",False,D:\UOW\SEM3\msc-diss-7csef001w\scenarios\scenario_4\run_1\artefacts\event_logs\Security.evtx,Audit success,0,"{""EventData"":{""Data"":[{""@Name"":""SubjectUserSid"",""#text"":""S-1-5-18""},{""@Name"":""SubjectUserName"",""#text"":""DISSTESTBEDVM$""},{""@Name"":""SubjectDomainName"",""#text"":""WORKGROUP""},{""@Name"":""SubjectLogonId"",""#text"":""0x3E7""},{""@Name"":""NewProcessId"",""#text"":""0x2DF4""},{""@Name"":""NewProcessName"",""#text"":""C:\\Windows\\System32\\WUDFHost.exe""},{""@Name"":""TokenElevationType"",""#text"":""%%1936""},{""@Name"":""ProcessId"",""#text"":""0x364""},{""@Name"":""CommandLine"",""#text"":""\""C:\\Windows\\System32\\WUDFHost.exe\"" -HostGUID:{193a1820-d9ac-4997-8c55-be817523f6aa} -IoEventPortName:\\UMDFCommunicationPorts\\WUDF\\HostProcess-09150671-22b1-4391-908d-e5e962c1b98f -SystemEventPortName:\\UMDFCommunicationPorts\\WUDF\\HostProcess-a7a59dba-e8f0-40a1-9d39-95dda84728b4 -IoCancelEventPortName:\\UMDFCommunicationPorts\\WUDF\\HostProcess-8b647d3c-bed1-49ed-95c7-714a966d2cfe -NonStateChangingEventPortName:\\UMDFCommunicationPorts\\WUDF\\HostProcess-2d0a6d2b-a4d9-45b3-a650-d4243ef3d7f6 -LifetimeId:91bf4c7c-3573-4828-b4d3-a4e711517ebb -DeviceGroupId:WpdFsGroup -HostArg:0""},{""@Name"":""TargetUserSid"",""#text"":""S-1-5-19""},{""@Name"":""TargetUserName"",""#text"":""LOCAL SERVICE""},{""@Name"":""TargetDomainName"",""#text"":""NT AUTHORITY""},{""@Name"":""TargetLogonId"",""#text"":""0x3E5""},{""@Name"":""ParentProcessName"",""#text"":""C:\\Windows\\System32\\services.exe""},{""@Name"":""MandatoryLabel"",""#text"":""S-1-16-16384""}]}}"
32697,32697,2026-08-22 11:45:40.7850935,6416,LogAlways,Microsoft-Windows-Security-Auditing,Security,4,540,disstestbedvm,388,,A new external device was recognized by the system,WORKGROUP\DISSTESTBEDVM$ (S-1-5-18),,DeviceId: SWD\WPDBUSENUM\_??_USBSTOR#Disk&amp;Ven_General&amp;Prod_UDisk&amp;Rev_5.00#7&amp;372d5a41&amp;0&amp;_&amp;0#{53f56307-b6bf-11d0-94f2-00a0c91efb8b},DeviceName: DISS-USB,Class: WPD (eec5ad98-8080-425f-922a-dabf3de3f69a),VendorIds: -,LocationInformation: -,,,False,D:\UOW\SEM3\msc-diss-7csef001w\scenarios\scenario_4\run_1\artefacts\event_logs\Security.evtx,Audit success,776,"{""EventData"":{""Data"":[{""@Name"":""SubjectUserSid"",""#text"":""S-1-5-18""},{""@Name"":""SubjectUserName"",""#text"":""DISSTESTBEDVM$""},{""@Name"":""SubjectDomainName"",""#text"":""WORKGROUP""},{""@Name"":""SubjectLogonId"",""#text"":""0x3E7""},{""@Name"":""DeviceId"",""#text"":""SWD\\WPDBUSENUM\\_??_USBSTOR#Disk&amp;Ven_General&amp;Prod_UDisk&amp;Rev_5.00#7&amp;372d5a41&amp;0&amp;_&amp;0#{53f56307-b6bf-11d0-94f2-00a0c91efb8b}""},{""@Name"":""DeviceDescription"",""#text"":""DISS-USB""},{""@Name"":""ClassId"",""#text"":""eec5ad98-8080-425f-922a-dabf3de3f69a""},{""@Name"":""ClassName"",""#text"":""WPD""},{""@Name"":""VendorIds"",""#text"":""-""},{""@Name"":""CompatibleIds"",""#text"":"", wpdbusenum\\fs, SWD\\Generic, ""},{""@Name"":""LocationInformation"",""#text"":""-""}]}}"
32698,32698,2026-08-22 11:45:40.8366961,4798,LogAlways,Microsoft-Windows-Security-Auditing,Security,888,5176,disstestbedvm,388,,A user's local group membership was enumerated,disstestbedvm\dfanalyst (S-1-5-21-4209295338-567392030-2519289182-1001),,Target: disstestbedvm\dfanalyst (S-1-5-21-4209295338-567392030-2519289182-1001),SubjectLogonId: 0x570B7,CallerProcessName: C:\Windows\explorer.exe,CallerProcessId: 0x1640,,,,False,D:\UOW\SEM3\msc-diss-7csef001w\scenarios\scenario_4\run_1\artefacts\event_logs\Security.evtx,Audit success,0,"{""EventData"":{""Data"":[{""@Name"":""TargetUserName"",""#text"":""dfanalyst""},{""@Name"":""TargetDomainName"",""#text"":""disstestbedvm""},{""@Name"":""TargetSid"",""#text"":""S-1-5-21-4209295338-567392030-2519289182-1001""},{""@Name"":""SubjectUserSid"",""#text"":""S-1-5-21-4209295338-567392030-2519289182-1001""},{""@Name"":""SubjectUserName"",""#text"":""dfanalyst""},{""@Name"":""SubjectDomainName"",""#text"":""disstestbedvm""},{""@Name"":""SubjectLogonId"",""#text"":""0x570B7""},{""@Name"":""CallerProcessId"",""#text"":""0x1640""},{""@Name"":""CallerProcessName"",""#text"":""C:\\Windows\\explorer.exe""}]}}"
32699,32699,2026-08-22 11:45:41.0994757,4688,LogAlways,Microsoft-Windows-Security-Auditing,Security,4,3196,disstestbedvm,388,,A new process has been created,WORKGROUP\DISSTESTBEDVM$,,Parent process: C:\Windows\System32\svchost.exe,PID: 0x3FC,Parent PID: 0x1C48,Mandatory label: SECURITY_MANDATORY_MEDIUM_RID,Target User: disstestbedvm\dfanalyst,,C:\Windows\System32\dllhost.exe C:\WINDOWS\system32\DllHost.exe /Processid:{AB8902B4-09CA-4BB6-B78D-A8F59079A8D5},False,D:\UOW\SEM3\msc-diss-7csef001w\scenarios\scenario_4\run_1\artefacts\event_logs\Security.evtx,Audit success,0,"{""EventData"":{""Data"":[{""@Name"":""SubjectUserSid"",""#text"":""S-1-5-18""},{""@Name"":""SubjectUserName"",""#text"":""DISSTESTBEDVM$""},{""@Name"":""SubjectDomainName"",""#text"":""WORKGROUP""},{""@Name"":""SubjectLogonId"",""#text"":""0x3E7""},{""@Name"":""NewProcessId"",""#text"":""0x1C48""},{""@Name"":""NewProcessName"",""#text"":""C:\\Windows\\System32\\dllhost.exe""},{""@Name"":""TokenElevationType"",""#text"":""%%1938""},{""@Name"":""ProcessId"",""#text"":""0x3FC""},{""@Name"":""CommandLine"",""#text"":""C:\\WINDOWS\\system32\\DllHost.exe /Processid:{AB8902B4-09CA-4BB6-B78D-A8F59079A8D5}""},{""@Name"":""TargetUserSid"",""#text"":""S-1-5-21-4209295338-567392030-2519289182-1001""},{""@Name"":""TargetUserName"",""#text"":""dfanalyst""},{""@Name"":""TargetDomainName"",""#text"":""disstestbedvm""},{""@Name"":""TargetLogonId"",""#text"":""0x570B7""},{""@Name"":""ParentProcessName"",""#text"":""C:\\Windows\\System32\\svchost.exe""},{""@Name"":""MandatoryLabel"",""#text"":""S-1-16-8192""}]}}"
32700,32700,2026-08-22 11:45:46.1329241,4689,LogAlways,Microsoft-Windows-Security-Auditing,Security,4,6532,disstestbedvm,388,,A process has exited,disstestbedvm\dfanalyst,,,PID: 0x1C48,,,,,C:\Windows\System32\dllhost.exe,False,D:\UOW\SEM3\msc-diss-7csef001w\scenarios\scenario_4\run_1\artefacts\event_logs\Security.evtx,Audit success,0,"{""EventData"":{""Data"":[{""@Name"":""SubjectUserSid"",""#text"":""S-1-5-21-4209295338-567392030-2519289182-1001""},{""@Name"":""SubjectUserName"",""#text"":""dfanalyst""},{""@Name"":""SubjectDomainName"",""#text"":""disstestbedvm""},{""@Name"":""SubjectLogonId"",""#text"":""0x570B7""},{""@Name"":""Status"",""#text"":""0x0""},{""@Name"":""ProcessId"",""#text"":""0x1C48""},{""@Name"":""ProcessName"",""#text"":""C:\\Windows\\System32\\dllhost.exe""}]}}"
32701,32701,2026-08-22 11:45:52.0883816,4689,LogAlways,Microsoft-Windows-Security-Auditing,Security,4,6532,disstestbedvm,388,,A process has exited,WORKGROUP\DISSTESTBEDVM$,,,PID: 0x2BB0,,,,,C:\Program Files (x86)\Microsoft\EdgeWebView\Application\151.0.4129.101\Installer\setup.exe,False,D:\UOW\SEM3\msc-diss-7csef001w\scenarios\scenario_4\run_1\artefacts\event_logs\Security.evtx,Audit success,0,"{""EventData"":{""Data"":[{""@Name"":""SubjectUserSid"",""#text"":""S-1-5-18""},{""@Name"":""SubjectUserName"",""#text"":""DISSTESTBEDVM$""},{""@Name"":""SubjectDomainName"",""#text"":""WORKGROUP""},{""@Name"":""SubjectLogonId"",""#text"":""0x3E7""},{""@Name"":""Status"",""#text"":""0x3E""},{""@Name"":""ProcessId"",""#text"":""0x2BB0""},{""@Name"":""ProcessName"",""#text"":""C:\\Program Files (x86)\\Microsoft\\EdgeWebView\\Application\\151.0.4129.101\\Installer\\setup.exe""}]}}"
32702,32702,2026-08-22 11:46:27.6237262,4688,LogAlways,Microsoft-Windows-Security-Auditing,Security,4,540,disstestbedvm,388,,A new process has been created,WORKGROUP\DISSTESTBEDVM$,,Parent process: C:\Windows\System32\svchost.exe,PID: 0x3FC,Parent PID: 0x3E8,Mandatory label: SECURITY_MANDATORY_LOW_RID,Target User: disstestbedvm\dfanalyst,,"C:\Windows\System32\backgroundTaskHost.exe ""C:\WINDOWS\system32\BackgroundTaskHost.exe"" -ServerName:BackgroundTaskHost.WebAccountProvider",False,D:\UOW\SEM3\msc-diss-7csef001w\scenarios\scenario_4\run_1\artefacts\event_logs\Security.evtx,Audit success,0,"{""EventData"":{""Data"":[{""@Name"":""SubjectUserSid"",""#text"":""S-1-5-18""},{""@Name"":""SubjectUserName"",""#text"":""DISSTESTBEDVM$""},{""@Name"":""SubjectDomainName"",""#text"":""WORKGROUP""},{""@Name"":""SubjectLogonId"",""#text"":""0x3E7""},{""@Name"":""NewProcessId"",""#text"":""0x3E8""},{""@Name"":""NewProcessName"",""#text"":""C:\\Windows\\System32\\backgroundTaskHost.exe""},{""@Name"":""TokenElevationType"",""#text"":""%%1938""},{""@Name"":""ProcessId"",""#text"":""0x3FC""},{""@Name"":""CommandLine"",""#text"":""\""C:\\WINDOWS\\system32\\BackgroundTaskHost.exe\"" -ServerName:BackgroundTaskHost.WebAccountProvider""},{""@Name"":""TargetUserSid"",""#text"":""S-1-5-21-4209295338-567392030-2519289182-1001""},{""@Name"":""TargetUserName"",""#text"":""dfanalyst""},{""@Name"":""TargetDomainName"",""#text"":""disstestbedvm""},{""@Name"":""TargetLogonId"",""#text"":""0x570B7""},{""@Name"":""ParentProcessName"",""#text"":""C:\\Windows\\System32\\svchost.exe""},{""@Name"":""MandatoryLabel"",""#text"":""S-1-16-4096""}]}}"
32703,32703,2026-08-22 11:46:27.7716186,4689,LogAlways,Microsoft-Windows-Security-Auditing,Security,4,10300,disstestbedvm,388,,A process has exited,disstestbedvm\dfanalyst,,,PID: 0x3E8,,,,,C:\Windows\System32\backgroundTaskHost.exe,False,D:\UOW\SEM3\msc-diss-7csef001w\scenarios\scenario_4\run_1\artefacts\event_logs\Security.evtx,Audit success,0,"{""EventData"":{""Data"":[{""@Name"":""SubjectUserSid"",""#text"":""S-1-5-21-4209295338-567392030-2519289182-1001""},{""@Name"":""SubjectUserName"",""#text"":""dfanalyst""},{""@Name"":""SubjectDomainName"",""#text"":""disstestbedvm""},{""@Name"":""SubjectLogonId"",""#text"":""0x570B7""},{""@Name"":""Status"",""#text"":""0x1""},{""@Name"":""ProcessId"",""#text"":""0x3E8""},{""@Name"":""ProcessName"",""#text"":""C:\\Windows\\System32\\backgroundTaskHost.exe""}]}}"
32704,32704,2026-08-22 11:46:28.2859221,4663,LogAlways,Microsoft-Windows-Security-Auditing,Security,4,3196,disstestbedvm,388,,Attempt was made to access an object,disstestbedvm\dfanalyst,,ObjectServer: Security,ObjectType: File,ObjectName: \Device\CdRom0\,"AccessList: Unknown code (%%4416, )",,,C:\Windows\explorer.exe,False,D:\UOW\SEM3\msc-diss-7csef001w\scenarios\scenario_4\run_1\artefacts\event_logs\Security.evtx,Audit success,0,"{""EventData"":{""Data"":[{""@Name"":""SubjectUserSid"",""#text"":""S-1-5-21-4209295338-567392030-2519289182-1001""},{""@Name"":""SubjectUserName"",""#text"":""dfanalyst""},{""@Name"":""SubjectDomainName"",""#text"":""disstestbedvm""},{""@Name"":""SubjectLogonId"",""#text"":""0x570B7""},{""@Name"":""ObjectServer"",""#text"":""Security""},{""@Name"":""ObjectType"",""#text"":""File""},{""@Name"":""ObjectName"",""#text"":""\\Device\\CdRom0\\""},{""@Name"":""HandleId"",""#text"":""0x4234""},{""@Name"":""AccessList"",""#text"":""%%4416, ""},{""@Name"":""AccessMask"",""#text"":""0x1""},{""@Name"":""ProcessId"",""#text"":""0x1640""},{""@Name"":""ProcessName"",""#text"":""C:\\Windows\\explorer.exe""},{""@Name"":""ResourceAttributes""}]}}"
32705,32705,2026-08-22 11:46:28.2864966,4663,LogAlways,Microsoft-Windows-Security-Auditing,Security,4,10300,disstestbedvm,388,,Attempt was made to access an object,disstestbedvm\dfanalyst,,ObjectServer: Security,ObjectType: File,ObjectName: \Device\CdRom0\,"AccessList: Unknown code (%%4416, )",,,C:\Windows\explorer.exe,False,D:\UOW\SEM3\msc-diss-7csef001w\scenarios\scenario_4\run_1\artefacts\event_logs\Security.evtx,Audit success,0,"{""EventData"":{""Data"":[{""@Name"":""SubjectUserSid"",""#text"":""S-1-5-21-4209295338-567392030-2519289182-1001""},{""@Name"":""SubjectUserName"",""#text"":""dfanalyst""},{""@Name"":""SubjectDomainName"",""#text"":""disstestbedvm""},{""@Name"":""SubjectLogonId"",""#text"":""0x570B7""},{""@Name"":""ObjectServer"",""#text"":""Security""},{""@Name"":""ObjectType"",""#text"":""File""},{""@Name"":""ObjectName"",""#text"":""\\Device\\CdRom0\\""},{""@Name"":""HandleId"",""#text"":""0x4230""},{""@Name"":""AccessList"",""#text"":""%%4416, ""},{""@Name"":""AccessMask"",""#text"":""0x1""},{""@Name"":""ProcessId"",""#text"":""0x1640""},{""@Name"":""ProcessName"",""#text"":""C:\\Windows\\explorer.exe""},{""@Name"":""ResourceAttributes""}]}}"
32706,32706,2026-08-22 11:46:28.2985509,4663,LogAlways,Microsoft-Windows-Security-Auditing,Security,4,6700,disstestbedvm,388,,Attempt was made to access an object,disstestbedvm\dfanalyst,,ObjectServer: Security,ObjectType: File,ObjectName: \Device\CdRom0\setup.exe,"AccessList: Unknown code (%%4416, )",,,C:\Windows\explorer.exe,False,D:\UOW\SEM3\msc-diss-7csef001w\scenarios\scenario_4\run_1\artefacts\event_logs\Security.evtx,Audit success,0,"{""EventData"":{""Data"":[{""@Name"":""SubjectUserSid"",""#text"":""S-1-5-21-4209295338-567392030-2519289182-1001""},{""@Name"":""SubjectUserName"",""#text"":""dfanalyst""},{""@Name"":""SubjectDomainName"",""#text"":""disstestbedvm""},{""@Name"":""SubjectLogonId"",""#text"":""0x570B7""},{""@Name"":""ObjectServer"",""#text"":""Security""},{""@Name"":""ObjectType"",""#text"":""File""},{""@Name"":""ObjectName"",""#text"":""\\Device\\CdRom0\\setup.exe""},{""@Name"":""HandleId"",""#text"":""0x32E8""},{""@Name"":""AccessList"",""#text"":""%%4416, ""},{""@Name"":""AccessMask"",""#text"":""0x1""},{""@Name"":""ProcessId"",""#text"":""0x1640""},{""@Name"":""ProcessName"",""#text"":""C:\\Windows\\explorer.exe""},{""@Name"":""ResourceAttributes""}]}}"
32707,32707,2026-08-22 11:46:30.9500222,4663,LogAlways,Microsoft-Windows-Security-Auditing,Security,4,8760,disstestbedvm,388,,Attempt was made to access an object,disstestbedvm\dfanalyst,,ObjectServer: Security,ObjectType: File,ObjectName: \Device\CdRom0\setup.exe,"AccessList: Unknown code (%%4416, )",,,C:\Windows\explorer.exe,False,D:\UOW\SEM3\msc-diss-7csef001w\scenarios\scenario_4\run_1\artefacts\event_logs\Security.evtx,Audit success,0,"{""EventData"":{""Data"":[{""@Name"":""SubjectUserSid"",""#text"":""S-1-5-21-4209295338-567392030-2519289182-1001""},{""@Name"":""SubjectUserName"",""#text"":""dfanalyst""},{""@Name"":""SubjectDomainName"",""#text"":""disstestbedvm""},{""@Name"":""SubjectLogonId"",""#text"":""0x570B7""},{""@Name"":""ObjectServer"",""#text"":""Security""},{""@Name"":""ObjectType"",""#text"":""File""},{""@Name"":""ObjectName"",""#text"":""\\Device\\CdRom0\\setup.exe""},{""@Name"":""HandleId"",""#text"":""0x4724""},{""@Name"":""AccessList"",""#text"":""%%4416, ""},{""@Name"":""AccessMask"",""#text"":""0x1""},{""@Name"":""ProcessId"",""#text"":""0x1640""},{""@Name"":""ProcessName"",""#text"":""C:\\Windows\\explorer.exe""},{""@Name"":""ResourceAttributes""}]}}"
32708,32708,2026-08-22 11:46:30.9525893,4688,LogAlways,Microsoft-Windows-Security-Auditing,Security,4,8760,disstestbedvm,388,,A new process has been created,WORKGROUP\DISSTESTBEDVM$,,Parent process: C:\Windows\System32\svchost.exe,PID: 0x3FC,Parent PID: 0x588,Mandatory label: SECURITY_MANDATORY_MEDIUM_RID,Target User: disstestbedvm\dfanalyst,,C:\Windows\System32\dllhost.exe C:\WINDOWS\system32\DllHost.exe /Processid:{AB8902B4-09CA-4BB6-B78D-A8F59079A8D5},False,D:\UOW\SEM3\msc-diss-7csef001w\scenarios\scenario_4\run_1\artefacts\event_logs\Security.evtx,Audit success,0,"{""EventData"":{""Data"":[{""@Name"":""SubjectUserSid"",""#text"":""S-1-5-18""},{""@Name"":""SubjectUserName"",""#text"":""DISSTESTBEDVM$""},{""@Name"":""SubjectDomainName"",""#text"":""WORKGROUP""},{""@Name"":""SubjectLogonId"",""#text"":""0x3E7""},{""@Name"":""NewProcessId"",""#text"":""0x588""},{""@Name"":""NewProcessName"",""#text"":""C:\\Windows\\System32\\dllhost.exe""},{""@Name"":""TokenElevationType"",""#text"":""%%1938""},{""@Name"":""ProcessId"",""#text"":""0x3FC""},{""@Name"":""CommandLine"",""#text"":""C:\\WINDOWS\\system32\\DllHost.exe /Processid:{AB8902B4-09CA-4BB6-B78D-A8F59079A8D5}""},{""@Name"":""TargetUserSid"",""#text"":""S-1-5-21-4209295338-567392030-2519289182-1001""},{""@Name"":""TargetUserName"",""#text"":""dfanalyst""},{""@Name"":""TargetDomainName"",""#text"":""disstestbedvm""},{""@Name"":""TargetLogonId"",""#text"":""0x570B7""},{""@Name"":""ParentProcessName"",""#text"":""C:\\Windows\\System32\\svchost.exe""},{""@Name"":""MandatoryLabel"",""#text"":""S-1-16-8192""}]}}"
32709,32709,2026-08-22 11:46:35.9877809,4689,LogAlways,Microsoft-Windows-Security-Auditing,Security,4,540,disstestbedvm,388,,A process has exited,disstestbedvm\dfanalyst,,,PID: 0x588,,,,,C:\Windows\System32\dllhost.exe,False,D:\UOW\SEM3\msc-diss-7csef001w\scenarios\scenario_4\run_1\artefacts\event_logs\Security.evtx,Audit success,0,"{""EventData"":{""Data"":[{""@Name"":""SubjectUserSid"",""#text"":""S-1-5-21-4209295338-567392030-2519289182-1001""},{""@Name"":""SubjectUserName"",""#text"":""dfanalyst""},{""@Name"":""SubjectDomainName"",""#text"":""disstestbedvm""},{""@Name"":""SubjectLogonId"",""#text"":""0x570B7""},{""@Name"":""Status"",""#text"":""0x0""},{""@Name"":""ProcessId"",""#text"":""0x588""},{""@Name"":""ProcessName"",""#text"":""C:\\Windows\\System32\\dllhost.exe""}]}}"
32710,32710,2026-08-22 11:46:47.8653259,4688,LogAlways,Microsoft-Windows-Security-Auditing,Security,4,540,disstestbedvm,388,,A new process has been created,disstestbedvm\dfanalyst,,Parent process: C:\Windows\System32\WindowsPowerShell\v1.0\powershell.exe,PID: 0x3E0,Parent PID: 0x15B0,Mandatory label: SECURITY_MANDATORY_HIGH_RID,Target User: -\-,,"C:\Windows\explorer.exe ""C:\WINDOWS\explorer.exe"" &lt;USB&gt;:\ ",False,D:\UOW\SEM3\msc-diss-7csef001w\scenarios\scenario_4\run_1\artefacts\event_logs\Security.evtx,Audit success,0,"{""EventData"":{""Data"":[{""@Name"":""SubjectUserSid"",""#text"":""S-1-5-21-4209295338-567392030-2519289182-1001""},{""@Name"":""SubjectUserName"",""#text"":""dfanalyst""},{""@Name"":""SubjectDomainName"",""#text"":""disstestbedvm""},{""@Name"":""SubjectLogonId"",""#text"":""0x57028""},{""@Name"":""NewProcessId"",""#text"":""0x15B0""},{""@Name"":""NewProcessName"",""#text"":""C:\\Windows\\explorer.exe""},{""@Name"":""TokenElevationType"",""#text"":""%%1937""},{""@Name"":""ProcessId"",""#text"":""0x3E0""},{""@Name"":""CommandLine"",""#text"":""\""C:\\WINDOWS\\explorer.exe\"" &lt;USB&gt;:\\ ""},{""@Name"":""TargetUserSid"",""#text"":""S-1-0-0""},{""@Name"":""TargetUserName"",""#text"":""-""},{""@Name"":""TargetDomainName"",""#text"":""-""},{""@Name"":""TargetLogonId"",""#text"":""0x0""},{""@Name"":""ParentProcessName"",""#text"":""C:\\Windows\\System32\\WindowsPowerShell\\v1.0\\powershell.exe""},{""@Name"":""MandatoryLabel"",""#text"":""S-1-16-12288""}]}}"
32711,32711,2026-08-22 11:46:47.9277702,4688,LogAlways,Microsoft-Windows-Security-Auditing,Security,4,540,disstestbedvm,388,,A new process has been created,WORKGROUP\DISSTESTBEDVM$,,Parent process: C:\Windows\System32\svchost.exe,PID: 0x3FC,Parent PID: 0xDF8,Mandatory label: SECURITY_MANDATORY_MEDIUM_RID,Target User: disstestbedvm\dfanalyst,,"C:\Windows\explorer.exe C:\WINDOWS\explorer.exe /factory,{75dff2b7-6936-4c06-a8bb-676a7b00b24b} -Embedding",False,D:\UOW\SEM3\msc-diss-7csef001w\scenarios\scenario_4\run_1\artefacts\event_logs\Security.evtx,Audit success,0,"{""EventData"":{""Data"":[{""@Name"":""SubjectUserSid"",""#text"":""S-1-5-18""},{""@Name"":""SubjectUserName"",""#text"":""DISSTESTBEDVM$""},{""@Name"":""SubjectDomainName"",""#text"":""WORKGROUP""},{""@Name"":""SubjectLogonId"",""#text"":""0x3E7""},{""@Name"":""NewProcessId"",""#text"":""0xDF8""},{""@Name"":""NewProcessName"",""#text"":""C:\\Windows\\explorer.exe""},{""@Name"":""TokenElevationType"",""#text"":""%%1938""},{""@Name"":""ProcessId"",""#text"":""0x3FC""},{""@Name"":""CommandLine"",""#text"":""C:\\WINDOWS\\explorer.exe /factory,{75dff2b7-6936-4c06-a8bb-676a7b00b24b} -Embedding""},{""@Name"":""TargetUserSid"",""#text"":""S-1-5-21-4209295338-567392030-2519289182-1001""},{""@Name"":""TargetUserName"",""#text"":""dfanalyst""},{""@Name"":""TargetDomainName"",""#text"":""disstestbedvm""},{""@Name"":""TargetLogonId"",""#text"":""0x570B7""},{""@Name"":""ParentProcessName"",""#text"":""C:\\Windows\\System32\\svchost.exe""},{""@Name"":""MandatoryLabel"",""#text"":""S-1-16-8192""}]}}"
32712,32712,2026-08-22 11:46:48.1056850,4689,LogAlways,Microsoft-Windows-Security-Auditing,Security,4,3196,disstestbedvm,388,,A process has exited,disstestbedvm\dfanalyst,,,PID: 0x15B0,,,,,C:\Windows\explorer.exe,False,D:\UOW\SEM3\msc-diss-7csef001w\scenarios\scenario_4\run_1\artefacts\event_logs\Security.evtx,Audit success,0,"{""EventData"":{""Data"":[{""@Name"":""SubjectUserSid"",""#text"":""S-1-5-21-4209295338-567392030-2519289182-1001""},{""@Name"":""SubjectUserName"",""#text"":""dfanalyst""},{""@Name"":""SubjectDomainName"",""#text"":""disstestbedvm""},{""@Name"":""SubjectLogonId"",""#text"":""0x57028""},{""@Name"":""Status"",""#text"":""0x1""},{""@Name"":""ProcessId"",""#text"":""0x15B0""},{""@Name"":""ProcessName"",""#text"":""C:\\Windows\\explorer.exe""}]}}"
32713,32713,2026-08-22 11:46:48.3134925,4688,LogAlways,Microsoft-Windows-Security-Auditing,Security,4,3196,disstestbedvm,388,,A new process has been created,WORKGROUP\DISSTESTBEDVM$,,Parent process: C:\Windows\System32\svchost.exe,PID: 0x3FC,Parent PID: 0x1728,Mandatory label: SECURITY_MANDATORY_MEDIUM_RID,Target User: disstestbedvm\dfanalyst,,"C:\Windows\System32\rundll32.exe C:\WINDOWS\System32\rundll32.exe C:\WINDOWS\System32\shell32.dll,SHCreateLocalServerRunDll {9aa46009-3ce0-458a-a354-715610a075e6} -Embedding",False,D:\UOW\SEM3\msc-diss-7csef001w\scenarios\scenario_4\run_1\artefacts\event_logs\Security.evtx,Audit success,0,"{""EventData"":{""Data"":[{""@Name"":""SubjectUserSid"",""#text"":""S-1-5-18""},{""@Name"":""SubjectUserName"",""#text"":""DISSTESTBEDVM$""},{""@Name"":""SubjectDomainName"",""#text"":""WORKGROUP""},{""@Name"":""SubjectLogonId"",""#text"":""0x3E7""},{""@Name"":""NewProcessId"",""#text"":""0x1728""},{""@Name"":""NewProcessName"",""#text"":""C:\\Windows\\System32\\rundll32.exe""},{""@Name"":""TokenElevationType"",""#text"":""%%1938""},{""@Name"":""ProcessId"",""#text"":""0x3FC""},{""@Name"":""CommandLine"",""#text"":""C:\\WINDOWS\\System32\\rundll32.exe C:\\WINDOWS\\System32\\shell32.dll,SHCreateLocalServerRunDll {9aa46009-3ce0-458a-a354-715610a075e6} -Embedding""},{""@Name"":""TargetUserSid"",""#text"":""S-1-5-21-4209295338-567392030-2519289182-1001""},{""@Name"":""TargetUserName"",""#text"":""dfanalyst""},{""@Name"":""TargetDomainName"",""#text"":""disstestbedvm""},{""@Name"":""TargetLogonId"",""#text"":""0x570B7""},{""@Name"":""ParentProcessName"",""#text"":""C:\\Windows\\System32\\svchost.exe""},{""@Name"":""MandatoryLabel"",""#text"":""S-1-16-8192""}]}}"
32714,32714,2026-08-22 11:46:48.4448043,4689,LogAlways,Microsoft-Windows-Security-Auditing,Security,4,3196,disstestbedvm,388,,A process has exited,disstestbedvm\dfanalyst,,,PID: 0x1728,,,,,C:\Windows\System32\rundll32.exe,False,D:\UOW\SEM3\msc-diss-7csef001w\scenarios\scenario_4\run_1\artefacts\event_logs\Security.evtx,Audit success,0,"{""EventData"":{""Data"":[{""@Name"":""SubjectUserSid"",""#text"":""S-1-5-21-4209295338-567392030-2519289182-1001""},{""@Name"":""SubjectUserName"",""#text"":""dfanalyst""},{""@Name"":""SubjectDomainName"",""#text"":""disstestbedvm""},{""@Name"":""SubjectLogonId"",""#text"":""0x570B7""},{""@Name"":""Status"",""#text"":""0x0""},{""@Name"":""ProcessId"",""#text"":""0x1728""},{""@Name"":""ProcessName"",""#text"":""C:\\Windows\\System32\\rundll32.exe""}]}}"
32715,32715,2026-08-22 11:46:48.5408055,4688,LogAlways,Microsoft-Windows-Security-Auditing,Security,4,3196,disstestbedvm,388,,A new process has been created,WORKGROUP\DISSTESTBEDVM$,,Parent process: C:\Windows\System32\svchost.exe,PID: 0x3FC,Parent PID: 0x41C,Mandatory label: SECURITY_MANDATORY_MEDIUM_RID,Target User: disstestbedvm\dfanalyst,,"C:\Users\dfanalyst\AppData\Local\Microsoft\OneDrive\26.145.0728.0011\FileCoAuth.exe ""C:\Users\dfanalyst\AppData\Local\Microsoft\OneDrive\26.145.0728.0011\FileCoAuth.exe"" -Embedding",False,D:\UOW\SEM3\msc-diss-7csef001w\scenarios\scenario_4\run_1\artefacts\event_logs\Security.evtx,Audit success,0,"{""EventData"":{""Data"":[{""@Name"":""SubjectUserSid"",""#text"":""S-1-5-18""},{""@Name"":""SubjectUserName"",""#text"":""DISSTESTBEDVM$""},{""@Name"":""SubjectDomainName"",""#text"":""WORKGROUP""},{""@Name"":""SubjectLogonId"",""#text"":""0x3E7""},{""@Name"":""NewProcessId"",""#text"":""0x41C""},{""@Name"":""NewProcessName"",""#text"":""C:\\Users\\dfanalyst\\AppData\\Local\\Microsoft\\OneDrive\\26.145.0728.0011\\FileCoAuth.exe""},{""@Name"":""TokenElevationType"",""#text"":""%%1938""},{""@Name"":""ProcessId"",""#text"":""0x3FC""},{""@Name"":""CommandLine"",""#text"":""\""C:\\Users\\dfanalyst\\AppData\\Local\\Microsoft\\OneDrive\\26.145.0728.0011\\FileCoAuth.exe\"" -Embedding""},{""@Name"":""TargetUserSid"",""#text"":""S-1-5-21-4209295338-567392030-2519289182-1001""},{""@Name"":""TargetUserName"",""#text"":""dfanalyst""},{""@Name"":""TargetDomainName"",""#text"":""disstestbedvm""},{""@Name"":""TargetLogonId"",""#text"":""0x570B7""},{""@Name"":""ParentProcessName"",""#text"":""C:\\Windows\\System32\\svchost.exe""},{""@Name"":""MandatoryLabel"",""#text"":""S-1-16-8192""}]}}"
32716,32716,2026-08-22 11:46:48.7812722,4663,LogAlways,Microsoft-Windows-Security-Auditing,Security,4,10300,disstestbedvm,388,,Attempt was made to access an object,disstestbedvm\dfanalyst,,ObjectServer: Security,ObjectType: File,ObjectName: \Device\CdRom0\setup.exe,"AccessList: Unknown code (%%4416, )",,,C:\Windows\explorer.exe,False,D:\UOW\SEM3\msc-diss-7csef001w\scenarios\scenario_4\run_1\artefacts\event_logs\Security.evtx,Audit success,0,"{""EventData"":{""Data"":[{""@Name"":""SubjectUserSid"",""#text"":""S-1-5-21-4209295338-567392030-2519289182-1001""},{""@Name"":""SubjectUserName"",""#text"":""dfanalyst""},{""@Name"":""SubjectDomainName"",""#text"":""disstestbedvm""},{""@Name"":""SubjectLogonId"",""#text"":""0x570B7""},{""@Name"":""ObjectServer"",""#text"":""Security""},{""@Name"":""ObjectType"",""#text"":""File""},{""@Name"":""ObjectName"",""#text"":""\\Device\\CdRom0\\setup.exe""},{""@Name"":""HandleId"",""#text"":""0x1AF4""},{""@Name"":""AccessList"",""#text"":""%%4416, ""},{""@Name"":""AccessMask"",""#text"":""0x1""},{""@Name"":""ProcessId"",""#text"":""0xDF8""},{""@Name"":""ProcessName"",""#text"":""C:\\Windows\\explorer.exe""},{""@Name"":""ResourceAttributes""}]}}"
32717,32717,2026-08-22 11:46:48.8177574,4663,LogAlways,Microsoft-Windows-Security-Auditing,Security,4,10300,disstestbedvm,388,,Attempt was made to access an object,disstestbedvm\dfanalyst,,ObjectServer: Security,ObjectType: File,ObjectName: \Device\CdRom0\,"AccessList: Unknown code (%%4416, )",,,C:\Windows\explorer.exe,False,D:\UOW\SEM3\msc-diss-7csef001w\scenarios\scenario_4\run_1\artefacts\event_logs\Security.evtx,Audit success,0,"{""EventData"":{""Data"":[{""@Name"":""SubjectUserSid"",""#text"":""S-1-5-21-4209295338-567392030-2519289182-1001""},{""@Name"":""SubjectUserName"",""#text"":""dfanalyst""},{""@Name"":""SubjectDomainName"",""#text"":""disstestbedvm""},{""@Name"":""SubjectLogonId"",""#text"":""0x570B7""},{""@Name"":""ObjectServer"",""#text"":""Security""},{""@Name"":""ObjectType"",""#text"":""File""},{""@Name"":""ObjectName"",""#text"":""\\Device\\CdRom0\\""},{""@Name"":""HandleId"",""#text"":""0x31FC""},{""@Name"":""AccessList"",""#text"":""%%4416, ""},{""@Name"":""AccessMask"",""#text"":""0x1""},{""@Name"":""ProcessId"",""#text"":""0x1640""},{""@Name"":""ProcessName"",""#text"":""C:\\Windows\\explorer.exe""},{""@Name"":""ResourceAttributes""}]}}"
32718,32718,2026-08-22 11:46:48.8184200,4663,LogAlways,Microsoft-Windows-Security-Auditing,Security,4,3196,disstestbedvm,388,,Attempt was made to access an object,disstestbedvm\dfanalyst,,ObjectServer: Security,ObjectType: File,ObjectName: \Device\CdRom0\,"AccessList: Unknown code (%%4416, )",,,C:\Windows\explorer.exe,False,D:\UOW\SEM3\msc-diss-7csef001w\scenarios\scenario_4\run_1\artefacts\event_logs\Security.evtx,Audit success,0,"{""EventData"":{""Data"":[{""@Name"":""SubjectUserSid"",""#text"":""S-1-5-21-4209295338-567392030-2519289182-1001""},{""@Name"":""SubjectUserName"",""#text"":""dfanalyst""},{""@Name"":""SubjectDomainName"",""#text"":""disstestbedvm""},{""@Name"":""SubjectLogonId"",""#text"":""0x570B7""},{""@Name"":""ObjectServer"",""#text"":""Security""},{""@Name"":""ObjectType"",""#text"":""File""},{""@Name"":""ObjectName"",""#text"":""\\Device\\CdRom0\\""},{""@Name"":""HandleId"",""#text"":""0x35A4""},{""@Name"":""AccessList"",""#text"":""%%4416, ""},{""@Name"":""AccessMask"",""#text"":""0x1""},{""@Name"":""ProcessId"",""#text"":""0x1640""},{""@Name"":""ProcessName"",""#text"":""C:\\Windows\\explorer.exe""},{""@Name"":""ResourceAttributes""}]}}"
32719,32719,2026-08-22 11:47:02.8700330,4663,LogAlways,Microsoft-Windows-Security-Auditing,Security,4,4368,disstestbedvm,388,,Attempt was made to access an object,disstestbedvm\dfanalyst,,ObjectServer: Security,ObjectType: File,ObjectName: \Device\CdRom0\,"AccessList: Unknown code (%%4416, )",,,C:\Windows\explorer.exe,False,D:\UOW\SEM3\msc-diss-7csef001w\scenarios\scenario_4\run_1\artefacts\event_logs\Security.evtx,Audit success,0,"{""EventData"":{""Data"":[{""@Name"":""SubjectUserSid"",""#text"":""S-1-5-21-4209295338-567392030-2519289182-1001""},{""@Name"":""SubjectUserName"",""#text"":""dfanalyst""},{""@Name"":""SubjectDomainName"",""#text"":""disstestbedvm""},{""@Name"":""SubjectLogonId"",""#text"":""0x570B7""},{""@Name"":""ObjectServer"",""#text"":""Security""},{""@Name"":""ObjectType"",""#text"":""File""},{""@Name"":""ObjectName"",""#text"":""\\Device\\CdRom0\\""},{""@Name"":""HandleId"",""#text"":""0x46CC""},{""@Name"":""AccessList"",""#text"":""%%4416, ""},{""@Name"":""AccessMask"",""#text"":""0x1""},{""@Name"":""ProcessId"",""#text"":""0x1640""},{""@Name"":""ProcessName"",""#text"":""C:\\Windows\\explorer.exe""},{""@Name"":""ResourceAttributes""}]}}"
32720,32720,2026-08-22 11:47:02.8707466,4663,LogAlways,Microsoft-Windows-Security-Auditing,Security,4,4368,disstestbedvm,388,,Attempt was made to access an object,disstestbedvm\dfanalyst,,ObjectServer: Security,ObjectType: File,ObjectName: \Device\CdRom0\,"AccessList: Unknown code (%%4416, )",,,C:\Windows\explorer.exe,False,D:\UOW\SEM3\msc-diss-7csef001w\scenarios\scenario_4\run_1\artefacts\event_logs\Security.evtx,Audit success,0,"{""EventData"":{""Data"":[{""@Name"":""SubjectUserSid"",""#text"":""S-1-5-21-4209295338-567392030-2519289182-1001""},{""@Name"":""SubjectUserName"",""#text"":""dfanalyst""},{""@Name"":""SubjectDomainName"",""#text"":""disstestbedvm""},{""@Name"":""SubjectLogonId"",""#text"":""0x570B7""},{""@Name"":""ObjectServer"",""#text"":""Security""},{""@Name"":""ObjectType"",""#text"":""File""},{""@Name"":""ObjectName"",""#text"":""\\Device\\CdRom0\\""},{""@Name"":""HandleId"",""#text"":""0x3DB0""},{""@Name"":""AccessList"",""#text"":""%%4416, ""},{""@Name"":""AccessMask"",""#text"":""0x1""},{""@Name"":""ProcessId"",""#text"":""0x1640""},{""@Name"":""ProcessName"",""#text"":""C:\\Windows\\explorer.exe""},{""@Name"":""ResourceAttributes""}]}}"
32721,32721,2026-08-22 11:47:02.9257627,4689,LogAlways,Microsoft-Windows-Security-Auditing,Security,4,4368,disstestbedvm,388,,A process has exited,WORKGROUP\DISSTESTBEDVM$,,,PID: 0x2B30,,,,,C:\Windows\System32\svchost.exe,False,D:\UOW\SEM3\msc-diss-7csef001w\scenarios\scenario_4\run_1\artefacts\event_logs\Security.evtx,Audit success,0,"{""EventData"":{""Data"":[{""@Name"":""SubjectUserSid"",""#text"":""S-1-5-18""},{""@Name"":""SubjectUserName"",""#text"":""DISSTESTBEDVM$""},{""@Name"":""SubjectDomainName"",""#text"":""WORKGROUP""},{""@Name"":""SubjectLogonId"",""#text"":""0x3E7""},{""@Name"":""Status"",""#text"":""0x0""},{""@Name"":""ProcessId"",""#text"":""0x2B30""},{""@Name"":""ProcessName"",""#text"":""C:\\Windows\\System32\\svchost.exe""}]}}"
32722,32722,2026-08-22 11:47:03.7749668,4688,LogAlways,Microsoft-Windows-Security-Auditing,Security,4,10300,disstestbedvm,388,,A new process has been created,WORKGROUP\DISSTESTBEDVM$,,Parent process: C:\Windows\System32\svchost.exe,PID: 0x83C,Parent PID: 0x8A0,Mandatory label: SECURITY_MANDATORY_SYSTEM_RID,Target User: -\-,,"C:\Windows\System32\UsoClient.exe ""C:\WINDOWS\system32\usoclient.exe"" StartWork",False,D:\UOW\SEM3\msc-diss-7csef001w\scenarios\scenario_4\run_1\artefacts\event_logs\Security.evtx,Audit success,0,"{""EventData"":{""Data"":[{""@Name"":""SubjectUserSid"",""#text"":""S-1-5-18""},{""@Name"":""SubjectUserName"",""#text"":""DISSTESTBEDVM$""},{""@Name"":""SubjectDomainName"",""#text"":""WORKGROUP""},{""@Name"":""SubjectLogonId"",""#text"":""0x3E7""},{""@Name"":""NewProcessId"",""#text"":""0x8A0""},{""@Name"":""NewProcessName"",""#text"":""C:\\Windows\\System32\\UsoClient.exe""},{""@Name"":""TokenElevationType"",""#text"":""%%1936""},{""@Name"":""ProcessId"",""#text"":""0x83C""},{""@Name"":""CommandLine"",""#text"":""\""C:\\WINDOWS\\system32\\usoclient.exe\"" StartWork""},{""@Name"":""TargetUserSid"",""#text"":""S-1-0-0""},{""@Name"":""TargetUserName"",""#text"":""-""},{""@Name"":""TargetDomainName"",""#text"":""-""},{""@Name"":""TargetLogonId"",""#text"":""0x0""},{""@Name"":""ParentProcessName"",""#text"":""C:\\Windows\\System32\\svchost.exe""},{""@Name"":""MandatoryLabel"",""#text"":""S-1-16-16384""}]}}"
32723,32723,2026-08-22 11:47:03.8102454,4688,LogAlways,Microsoft-Windows-Security-Auditing,Security,4,10300,disstestbedvm,388,,A new process has been created,WORKGROUP\DISSTESTBEDVM$,,Parent process: C:\Windows\System32\svchost.exe,PID: 0x27E4,Parent PID: 0x1AD4,Mandatory label: SECURITY_MANDATORY_SYSTEM_RID,Target User: -\-,,"C:\Windows\UUS\amd64\MoUsoCoreWorker.exe ""C:\WINDOWS\uus\AMD64\MoUsoCoreWorker.exe"" useprivatenamespaces",False,D:\UOW\SEM3\msc-diss-7csef001w\scenarios\scenario_4\run_1\artefacts\event_logs\Security.evtx,Audit success,0,"{""EventData"":{""Data"":[{""@Name"":""SubjectUserSid"",""#text"":""S-1-5-18""},{""@Name"":""SubjectUserName"",""#text"":""DISSTESTBEDVM$""},{""@Name"":""SubjectDomainName"",""#text"":""WORKGROUP""},{""@Name"":""SubjectLogonId"",""#text"":""0x3E7""},{""@Name"":""NewProcessId"",""#text"":""0x1AD4""},{""@Name"":""NewProcessName"",""#text"":""C:\\Windows\\UUS\\amd64\\MoUsoCoreWorker.exe""},{""@Name"":""TokenElevationType"",""#text"":""%%1936""},{""@Name"":""ProcessId"",""#text"":""0x27E4""},{""@Name"":""CommandLine"",""#text"":""\""C:\\WINDOWS\\uus\\AMD64\\MoUsoCoreWorker.exe\"" useprivatenamespaces""},{""@Name"":""TargetUserSid"",""#text"":""S-1-0-0""},{""@Name"":""TargetUserName"",""#text"":""-""},{""@Name"":""TargetDomainName"",""#text"":""-""},{""@Name"":""TargetLogonId"",""#text"":""0x0""},{""@Name"":""ParentProcessName"",""#text"":""C:\\Windows\\System32\\svchost.exe""},{""@Name"":""MandatoryLabel"",""#text"":""S-1-16-16384""}]}}"
32724,32724,2026-08-22 11:47:03.9077958,4624,LogAlways,Microsoft-Windows-Security-Auditing,Security,888,5176,disstestbedvm,388,,Successful logon,WORKGROUP\DISSTESTBEDVM$,- (-),Target: NT AUTHORITY\SYSTEM,LogonType 5,LogonId: 0x3E7,,,,C:\Windows\System32\services.exe,False,D:\UOW\SEM3\msc-diss-7csef001w\scenarios\scenario_4\run_1\artefacts\event_logs\Security.evtx,Audit success,0,"{""EventData"":{""Data"":[{""@Name"":""SubjectUserSid"",""#text"":""S-1-5-18""},{""@Name"":""SubjectUserName"",""#text"":""DISSTESTBEDVM$""},{""@Name"":""SubjectDomainName"",""#text"":""WORKGROUP""},{""@Name"":""SubjectLogonId"",""#text"":""0x3E7""},{""@Name"":""TargetUserSid"",""#text"":""S-1-5-18""},{""@Name"":""TargetUserName"",""#text"":""SYSTEM""},{""@Name"":""TargetDomainName"",""#text"":""NT AUTHORITY""},{""@Name"":""TargetLogonId"",""#text"":""0x3E7""},{""@Name"":""LogonType"",""#text"":""5""},{""@Name"":""LogonProcessName"",""#text"":""Advapi  ""},{""@Name"":""AuthenticationPackageName"",""#text"":""Negotiate""},{""@Name"":""WorkstationName"",""#text"":""-""},{""@Name"":""LogonGuid"",""#text"":""00000000-0000-0000-0000-000000000000""},{""@Name"":""TransmittedServices"",""#text"":""-""},{""@Name"":""LmPackageName"",""#text"":""-""},{""@Name"":""KeyLength"",""#text"":""0""},{""@Name"":""ProcessId"",""#text"":""0x364""},{""@Name"":""ProcessName"",""#text"":""C:\\Windows\\System32\\services.exe""},{""@Name"":""IpAddress"",""#text"":""-""},{""@Name"":""IpPort"",""#text"":""-""},{""@Name"":""ImpersonationLevel"",""#text"":""%%1833""},{""@Name"":""RestrictedAdminMode"",""#text"":""-""},{""@Name"":""RemoteCredentialGuard"",""#text"":""-""},{""@Name"":""TargetOutboundUserName"",""#text"":""-""},{""@Name"":""TargetOutboundDomainName"",""#text"":""-""},{""@Name"":""VirtualAccount"",""#text"":""%%1843""},{""@Name"":""TargetLinkedLogonId"",""#text"":""0x0""},{""@Name"":""ElevatedToken"",""#text"":""%%1842""}]}}"
32725,32725,2026-08-22 11:47:03.9078022,4672,LogAlways,Microsoft-Windows-Security-Auditing,Security,888,5176,disstestbedvm,388,,Administrative logon,NT AUTHORITY\SYSTEM (S-1-5-18),,"PrivilegeList: SeAssignPrimaryTokenPrivilege, SeTcbPrivilege, SeSecurityPrivilege, SeTakeOwnershipPrivilege, SeLoadDriverPrivilege, SeBackupPrivilege, SeRestorePrivilege, SeDebugPrivilege, SeAuditPrivilege, SeSystemEnvironmentPrivilege, SeImpersonatePrivilege, SeDelegateSessionUserImpersonatePrivilege",LogonId: 0x3E7,,,,,,False,D:\UOW\SEM3\msc-diss-7csef001w\scenarios\scenario_4\run_1\artefacts\event_logs\Security.evtx,Audit success,0,"{""EventData"":{""Data"":[{""@Name"":""SubjectUserSid"",""#text"":""S-1-5-18""},{""@Name"":""SubjectUserName"",""#text"":""SYSTEM""},{""@Name"":""SubjectDomainName"",""#text"":""NT AUTHORITY""},{""@Name"":""SubjectLogonId"",""#text"":""0x3E7""},{""@Name"":""PrivilegeList"",""#text"":""SeAssignPrimaryTokenPrivilege, SeTcbPrivilege, SeSecurityPrivilege, SeTakeOwnershipPrivilege, SeLoadDriverPrivilege, SeBackupPrivilege, SeRestorePrivilege, SeDebugPrivilege, SeAuditPrivilege, SeSystemEnvironmentPrivilege, SeImpersonatePrivilege, SeDelegateSessionUserImpersonatePrivilege""}]}}"
32726,32726,2026-08-22 11:47:03.9100750,4688,LogAlways,Microsoft-Windows-Security-Auditing,Security,4,6532,disstestbedvm,388,,A new process has been created,WORKGROUP\DISSTESTBEDVM$,,Parent process: C:\Windows\System32\services.exe,PID: 0x364,Parent PID: 0x23AC,Mandatory label: SECURITY_MANDATORY_SYSTEM_RID,Target User: -\-,,C:\Windows\System32\svchost.exe C:\WINDOWS\system32\svchost.exe -k wusvcs -p -s WaaSMedicSvc,False,D:\UOW\SEM3\msc-diss-7csef001w\scenarios\scenario_4\run_1\artefacts\event_logs\Security.evtx,Audit success,0,"{""EventData"":{""Data"":[{""@Name"":""SubjectUserSid"",""#text"":""S-1-5-18""},{""@Name"":""SubjectUserName"",""#text"":""DISSTESTBEDVM$""},{""@Name"":""SubjectDomainName"",""#text"":""WORKGROUP""},{""@Name"":""SubjectLogonId"",""#text"":""0x3E7""},{""@Name"":""NewProcessId"",""#text"":""0x23AC""},{""@Name"":""NewProcessName"",""#text"":""C:\\Windows\\System32\\svchost.exe""},{""@Name"":""TokenElevationType"",""#text"":""%%1936""},{""@Name"":""ProcessId"",""#text"":""0x364""},{""@Name"":""CommandLine"",""#text"":""C:\\WINDOWS\\system32\\svchost.exe -k wusvcs -p -s WaaSMedicSvc""},{""@Name"":""TargetUserSid"",""#text"":""S-1-0-0""},{""@Name"":""TargetUserName"",""#text"":""-""},{""@Name"":""TargetDomainName"",""#text"":""-""},{""@Name"":""TargetLogonId"",""#text"":""0x0""},{""@Name"":""ParentProcessName"",""#text"":""C:\\Windows\\System32\\services.exe""},{""@Name"":""MandatoryLabel"",""#text"":""S-1-16-16384""}]}}"
32727,32727,2026-08-22 11:47:03.9451812,4689,LogAlways,Microsoft-Windows-Security-Auditing,Security,4,6532,disstestbedvm,388,,A process has exited,WORKGROUP\DISSTESTBEDVM$,,,PID: 0x8A0,,,,,C:\Windows\System32\UsoClient.exe,False,D:\UOW\SEM3\msc-diss-7csef001w\scenarios\scenario_4\run_1\artefacts\event_logs\Security.evtx,Audit success,0,"{""EventData"":{""Data"":[{""@Name"":""SubjectUserSid"",""#text"":""S-1-5-18""},{""@Name"":""SubjectUserName"",""#text"":""DISSTESTBEDVM$""},{""@Name"":""SubjectDomainName"",""#text"":""WORKGROUP""},{""@Name"":""SubjectLogonId"",""#text"":""0x3E7""},{""@Name"":""Status"",""#text"":""0x0""},{""@Name"":""ProcessId"",""#text"":""0x8A0""},{""@Name"":""ProcessName"",""#text"":""C:\\Windows\\System32\\UsoClient.exe""}]}}"
32728,32728,2026-08-22 11:47:04.0949463,4688,LogAlways,Microsoft-Windows-Security-Auditing,Security,4,4368,disstestbedvm,388,,A new process has been created,WORKGROUP\DISSTESTBEDVM$,,Parent process: C:\Windows\System32\svchost.exe,PID: 0x3FC,Parent PID: 0x1B3C,Mandatory label: SECURITY_MANDATORY_LOW_RID,Target User: disstestbedvm\dfanalyst,,"C:\Windows\System32\backgroundTaskHost.exe ""C:\WINDOWS\system32\BackgroundTaskHost.exe"" -ServerName:BackgroundTaskHost.WebAccountProvider",False,D:\UOW\SEM3\msc-diss-7csef001w\scenarios\scenario_4\run_1\artefacts\event_logs\Security.evtx,Audit success,0,"{""EventData"":{""Data"":[{""@Name"":""SubjectUserSid"",""#text"":""S-1-5-18""},{""@Name"":""SubjectUserName"",""#text"":""DISSTESTBEDVM$""},{""@Name"":""SubjectDomainName"",""#text"":""WORKGROUP""},{""@Name"":""SubjectLogonId"",""#text"":""0x3E7""},{""@Name"":""NewProcessId"",""#text"":""0x1B3C""},{""@Name"":""NewProcessName"",""#text"":""C:\\Windows\\System32\\backgroundTaskHost.exe""},{""@Name"":""TokenElevationType"",""#text"":""%%1938""},{""@Name"":""ProcessId"",""#text"":""0x3FC""},{""@Name"":""CommandLine"",""#text"":""\""C:\\WINDOWS\\system32\\BackgroundTaskHost.exe\"" -ServerName:BackgroundTaskHost.WebAccountProvider""},{""@Name"":""TargetUserSid"",""#text"":""S-1-5-21-4209295338-567392030-2519289182-1001""},{""@Name"":""TargetUserName"",""#text"":""dfanalyst""},{""@Name"":""TargetDomainName"",""#text"":""disstestbedvm""},{""@Name"":""TargetLogonId"",""#text"":""0x570B7""},{""@Name"":""ParentProcessName"",""#text"":""C:\\Windows\\System32\\svchost.exe""},{""@Name"":""MandatoryLabel"",""#text"":""S-1-16-4096""}]}}"
32729,32729,2026-08-22 11:47:04.1587088,4688,LogAlways,Microsoft-Windows-Security-Auditing,Security,4,4368,disstestbedvm,388,,A new process has been created,WORKGROUP\DISSTESTBEDVM$,,Parent process: C:\Windows\System32\svchost.exe,PID: 0x3FC,Parent PID: 0x3E4,Mandatory label: SECURITY_MANDATORY_MEDIUM_RID,Target User: disstestbedvm\dfanalyst,,C:\Windows\System32\RuntimeBroker.exe C:\Windows\System32\RuntimeBroker.exe -Embedding,False,D:\UOW\SEM3\msc-diss-7csef001w\scenarios\scenario_4\run_1\artefacts\event_logs\Security.evtx,Audit success,0,"{""EventData"":{""Data"":[{""@Name"":""SubjectUserSid"",""#text"":""S-1-5-18""},{""@Name"":""SubjectUserName"",""#text"":""DISSTESTBEDVM$""},{""@Name"":""SubjectDomainName"",""#text"":""WORKGROUP""},{""@Name"":""SubjectLogonId"",""#text"":""0x3E7""},{""@Name"":""NewProcessId"",""#text"":""0x3E4""},{""@Name"":""NewProcessName"",""#text"":""C:\\Windows\\System32\\RuntimeBroker.exe""},{""@Name"":""TokenElevationType"",""#text"":""%%1938""},{""@Name"":""ProcessId"",""#text"":""0x3FC""},{""@Name"":""CommandLine"",""#text"":""C:\\Windows\\System32\\RuntimeBroker.exe -Embedding""},{""@Name"":""TargetUserSid"",""#text"":""S-1-5-21-4209295338-567392030-2519289182-1001""},{""@Name"":""TargetUserName"",""#text"":""dfanalyst""},{""@Name"":""TargetDomainName"",""#text"":""disstestbedvm""},{""@Name"":""TargetLogonId"",""#text"":""0x570B7""},{""@Name"":""ParentProcessName"",""#text"":""C:\\Windows\\System32\\svchost.exe""},{""@Name"":""MandatoryLabel"",""#text"":""S-1-16-8192""}]}}"
32730,32730,2026-08-22 11:47:04.2141840,4689,LogAlways,Microsoft-Windows-Security-Auditing,Security,4,6532,disstestbedvm,388,,A process has exited,disstestbedvm\dfanalyst,,,PID: 0x1B3C,,,,,C:\Windows\System32\backgroundTaskHost.exe,False,D:\UOW\SEM3\msc-diss-7csef001w\scenarios\scenario_4\run_1\artefacts\event_logs\Security.evtx,Audit success,0,"{""EventData"":{""Data"":[{""@Name"":""SubjectUserSid"",""#text"":""S-1-5-21-4209295338-567392030-2519289182-1001""},{""@Name"":""SubjectUserName"",""#text"":""dfanalyst""},{""@Name"":""SubjectDomainName"",""#text"":""disstestbedvm""},{""@Name"":""SubjectLogonId"",""#text"":""0x570B7""},{""@Name"":""Status"",""#text"":""0x1""},{""@Name"":""ProcessId"",""#text"":""0x1B3C""},{""@Name"":""ProcessName"",""#text"":""C:\\Windows\\System32\\backgroundTaskHost.exe""}]}}"
32731,32731,2026-08-22 11:47:09.2538307,4688,LogAlways,Microsoft-Windows-Security-Auditing,Security,4,10292,disstestbedvm,388,,A new process has been created,WORKGROUP\DISSTESTBEDVM$,,Parent process: C:\Windows\System32\svchost.exe,PID: 0x83C,Parent PID: 0x29F0,Mandatory label: SECURITY_MANDATORY_SYSTEM_RID,Target User: -\-,,"C:\Windows\System32\UsoClient.exe ""C:\WINDOWS\system32\usoclient.exe"" StartWork",False,D:\UOW\SEM3\msc-diss-7csef001w\scenarios\scenario_4\run_1\artefacts\event_logs\Security.evtx,Audit success,0,"{""EventData"":{""Data"":[{""@Name"":""SubjectUserSid"",""#text"":""S-1-5-18""},{""@Name"":""SubjectUserName"",""#text"":""DISSTESTBEDVM$""},{""@Name"":""SubjectDomainName"",""#text"":""WORKGROUP""},{""@Name"":""SubjectLogonId"",""#text"":""0x3E7""},{""@Name"":""NewProcessId"",""#text"":""0x29F0""},{""@Name"":""NewProcessName"",""#text"":""C:\\Windows\\System32\\UsoClient.exe""},{""@Name"":""TokenElevationType"",""#text"":""%%1936""},{""@Name"":""ProcessId"",""#text"":""0x83C""},{""@Name"":""CommandLine"",""#text"":""\""C:\\WINDOWS\\system32\\usoclient.exe\"" StartWork""},{""@Name"":""TargetUserSid"",""#text"":""S-1-0-0""},{""@Name"":""TargetUserName"",""#text"":""-""},{""@Name"":""TargetDomainName"",""#text"":""-""},{""@Name"":""TargetLogonId"",""#text"":""0x0""},{""@Name"":""ParentProcessName"",""#text"":""C:\\Windows\\System32\\svchost.exe""},{""@Name"":""MandatoryLabel"",""#text"":""S-1-16-16384""}]}}"
32732,32732,2026-08-22 11:47:09.3915069,4689,LogAlways,Microsoft-Windows-Security-Auditing,Security,4,10292,disstestbedvm,388,,A process has exited,WORKGROUP\DISSTESTBEDVM$,,,PID: 0x29F0,,,,,C:\Windows\System32\UsoClient.exe,False,D:\UOW\SEM3\msc-diss-7csef001w\scenarios\scenario_4\run_1\artefacts\event_logs\Security.evtx,Audit success,0,"{""EventData"":{""Data"":[{""@Name"":""SubjectUserSid"",""#text"":""S-1-5-18""},{""@Name"":""SubjectUserName"",""#text"":""DISSTESTBEDVM$""},{""@Name"":""SubjectDomainName"",""#text"":""WORKGROUP""},{""@Name"":""SubjectLogonId"",""#text"":""0x3E7""},{""@Name"":""Status"",""#text"":""0x0""},{""@Name"":""ProcessId"",""#text"":""0x29F0""},{""@Name"":""ProcessName"",""#text"":""C:\\Windows\\System32\\UsoClient.exe""}]}}"
32733,32733,2026-08-22 11:47:09.5569637,4688,LogAlways,Microsoft-Windows-Security-Auditing,Security,4,6700,disstestbedvm,388,,A new process has been created,WORKGROUP\DISSTESTBEDVM$,,Parent process: C:\Windows\System32\svchost.exe,PID: 0x83C,Parent PID: 0x2574,Mandatory label: SECURITY_MANDATORY_SYSTEM_RID,Target User: -\-,,C:\Windows\System32\taskhostw.exe taskhostw.exe,False,D:\UOW\SEM3\msc-diss-7csef001w\scenarios\scenario_4\run_1\artefacts\event_logs\Security.evtx,Audit success,0,"{""EventData"":{""Data"":[{""@Name"":""SubjectUserSid"",""#text"":""S-1-5-18""},{""@Name"":""SubjectUserName"",""#text"":""DISSTESTBEDVM$""},{""@Name"":""SubjectDomainName"",""#text"":""WORKGROUP""},{""@Name"":""SubjectLogonId"",""#text"":""0x3E7""},{""@Name"":""NewProcessId"",""#text"":""0x2574""},{""@Name"":""NewProcessName"",""#text"":""C:\\Windows\\System32\\taskhostw.exe""},{""@Name"":""TokenElevationType"",""#text"":""%%1936""},{""@Name"":""ProcessId"",""#text"":""0x83C""},{""@Name"":""CommandLine"",""#text"":""taskhostw.exe""},{""@Name"":""TargetUserSid"",""#text"":""S-1-0-0""},{""@Name"":""TargetUserName"",""#text"":""-""},{""@Name"":""TargetDomainName"",""#text"":""-""},{""@Name"":""TargetLogonId"",""#text"":""0x0""},{""@Name"":""ParentProcessName"",""#text"":""C:\\Windows\\System32\\svchost.exe""},{""@Name"":""MandatoryLabel"",""#text"":""S-1-16-16384""}]}}"
32734,32734,2026-08-22 11:47:09.7600449,4688,LogAlways,Microsoft-Windows-Security-Auditing,Security,4,8760,disstestbedvm,388,,A new process has been created,WORKGROUP\DISSTESTBEDVM$,,Parent process: C:\Windows\UUS\amd64\MoUsoCoreWorker.exe,PID: 0x1AD4,Parent PID: 0x21A0,Mandatory label: SECURITY_MANDATORY_MEDIUM_RID,Target User: disstestbedvm\dfanalyst,,C:\Windows\UUS\amd64\MoNotificationUx.exe C:\WINDOWS\uus\AMD64\MoNotificationUx.exe /ClearActiveNotifications /CV CmtpaiJt2kasgk3c.1.0.0,False,D:\UOW\SEM3\msc-diss-7csef001w\scenarios\scenario_4\run_1\artefacts\event_logs\Security.evtx,Audit success,0,"{""EventData"":{""Data"":[{""@Name"":""SubjectUserSid"",""#text"":""S-1-5-18""},{""@Name"":""SubjectUserName"",""#text"":""DISSTESTBEDVM$""},{""@Name"":""SubjectDomainName"",""#text"":""WORKGROUP""},{""@Name"":""SubjectLogonId"",""#text"":""0x3E7""},{""@Name"":""NewProcessId"",""#text"":""0x21A0""},{""@Name"":""NewProcessName"",""#text"":""C:\\Windows\\UUS\\amd64\\MoNotificationUx.exe""},{""@Name"":""TokenElevationType"",""#text"":""%%1938""},{""@Name"":""ProcessId"",""#text"":""0x1AD4""},{""@Name"":""CommandLine"",""#text"":""C:\\WINDOWS\\uus\\AMD64\\MoNotificationUx.exe /ClearActiveNotifications /CV CmtpaiJt2kasgk3c.1.0.0""},{""@Name"":""TargetUserSid"",""#text"":""S-1-5-21-4209295338-567392030-2519289182-1001""},{""@Name"":""TargetUserName"",""#text"":""dfanalyst""},{""@Name"":""TargetDomainName"",""#text"":""disstestbedvm""},{""@Name"":""TargetLogonId"",""#text"":""0x570B7""},{""@Name"":""ParentProcessName"",""#text"":""C:\\Windows\\UUS\\amd64\\MoUsoCoreWorker.exe""},{""@Name"":""MandatoryLabel"",""#text"":""S-1-16-8192""}]}}"
32735,32735,2026-08-22 11:47:09.8571578,4689,LogAlways,Microsoft-Windows-Security-Auditing,Security,4,3196,disstestbedvm,388,,A process has exited,disstestbedvm\dfanalyst,,,PID: 0x21A0,,,,,C:\Windows\UUS\amd64\MoNotificationUx.exe,False,D:\UOW\SEM3\msc-diss-7csef001w\scenarios\scenario_4\run_1\artefacts\event_logs\Security.evtx,Audit success,0,"{""EventData"":{""Data"":[{""@Name"":""SubjectUserSid"",""#text"":""S-1-5-21-4209295338-567392030-2519289182-1001""},{""@Name"":""SubjectUserName"",""#text"":""dfanalyst""},{""@Name"":""SubjectDomainName"",""#text"":""disstestbedvm""},{""@Name"":""SubjectLogonId"",""#text"":""0x570B7""},{""@Name"":""Status"",""#text"":""0x0""},{""@Name"":""ProcessId"",""#text"":""0x21A0""},{""@Name"":""ProcessName"",""#text"":""C:\\Windows\\UUS\\amd64\\MoNotificationUx.exe""}]}}"
32736,32736,2026-08-22 11:47:09.8801534,4688,LogAlways,Microsoft-Windows-Security-Auditing,Security,4,6700,disstestbedvm,388,,A new process has been created,WORKGROUP\DISSTESTBEDVM$,,Parent process: C:\Windows\System32\svchost.exe,PID: 0x83C,Parent PID: 0x43C,Mandatory label: SECURITY_MANDATORY_MEDIUM_RID,Target User: disstestbedvm\dfanalyst,,C:\Windows\System32\taskhostw.exe taskhostw.exe -RegisterUserDevice -NewAccount,False,D:\UOW\SEM3\msc-diss-7csef001w\scenarios\scenario_4\run_1\artefacts\event_logs\Security.evtx,Audit success,0,"{""EventData"":{""Data"":[{""@Name"":""SubjectUserSid"",""#text"":""S-1-5-18""},{""@Name"":""SubjectUserName"",""#text"":""DISSTESTBEDVM$""},{""@Name"":""SubjectDomainName"",""#text"":""WORKGROUP""},{""@Name"":""SubjectLogonId"",""#text"":""0x3E7""},{""@Name"":""NewProcessId"",""#text"":""0x43C""},{""@Name"":""NewProcessName"",""#text"":""C:\\Windows\\System32\\taskhostw.exe""},{""@Name"":""TokenElevationType"",""#text"":""%%1938""},{""@Name"":""ProcessId"",""#text"":""0x83C""},{""@Name"":""CommandLine"",""#text"":""taskhostw.exe -RegisterUserDevice -NewAccount""},{""@Name"":""TargetUserSid"",""#text"":""S-1-5-21-4209295338-567392030-2519289182-1001""},{""@Name"":""TargetUserName"",""#text"":""dfanalyst""},{""@Name"":""TargetDomainName"",""#text"":""disstestbedvm""},{""@Name"":""TargetLogonId"",""#text"":""0x570B7""},{""@Name"":""ParentProcessName"",""#text"":""C:\\Windows\\System32\\svchost.exe""},{""@Name"":""MandatoryLabel"",""#text"":""S-1-16-8192""}]}}"
32737,32737,2026-08-22 11:47:09.9121087,4688,LogAlways,Microsoft-Windows-Security-Auditing,Security,4,6700,disstestbedvm,389,,A new process has been created,WORKGROUP\DISSTESTBEDVM$,,Parent process: C:\Windows\System32\svchost.exe,PID: 0x2754,Parent PID: 0x250C,Mandatory label: SECURITY_MANDATORY_SYSTEM_RID,Target User: -\-,,"C:\Windows\UUS\amd64\wuaucltcore.exe ""C:\WINDOWS\uus\AMD64\wuaucltcore.exe"" /DeploymentHandlerFullPath \\?\C:\Windows\UUS\AMD64\UpdateDeploy.dll /ClassId 7ec40d19-975f-4108-96e1-ec5d5da73a96 /RunHandlerComServer",False,D:\UOW\SEM3\msc-diss-7csef001w\scenarios\scenario_4\run_1\artefacts\event_logs\Security.evtx,Audit success,0,"{""EventData"":{""Data"":[{""@Name"":""SubjectUserSid"",""#text"":""S-1-5-18""},{""@Name"":""SubjectUserName"",""#text"":""DISSTESTBEDVM$""},{""@Name"":""SubjectDomainName"",""#text"":""WORKGROUP""},{""@Name"":""SubjectLogonId"",""#text"":""0x3E7""},{""@Name"":""NewProcessId"",""#text"":""0x250C""},{""@Name"":""NewProcessName"",""#text"":""C:\\Windows\\UUS\\amd64\\wuaucltcore.exe""},{""@Name"":""TokenElevationType"",""#text"":""%%1936""},{""@Name"":""ProcessId"",""#text"":""0x2754""},{""@Name"":""CommandLine"",""#text"":""\""C:\\WINDOWS\\uus\\AMD64\\wuaucltcore.exe\"" /DeploymentHandlerFullPath \\\\?\\C:\\Windows\\UUS\\AMD64\\UpdateDeploy.dll /ClassId 7ec40d19-975f-4108-96e1-ec5d5da73a96 /RunHandlerComServer""},{""@Name"":""TargetUserSid"",""#text"":""S-1-0-0""},{""@Name"":""TargetUserName"",""#text"":""-""},{""@Name"":""TargetDomainName"",""#text"":""-""},{""@Name"":""TargetLogonId"",""#text"":""0x0""},{""@Name"":""ParentProcessName"",""#text"":""C:\\Windows\\System32\\svchost.exe""},{""@Name"":""MandatoryLabel"",""#text"":""S-1-16-16384""}]}}"
32738,32738,2026-08-22 11:47:09.9437458,4688,LogAlways,Microsoft-Windows-Security-Auditing,Security,4,8760,disstestbedvm,389,,A new process has been created,WORKGROUP\DISSTESTBEDVM$,,Parent process: C:\Windows\System32\services.exe,PID: 0x364,Parent PID: 0x15E8,Mandatory label: SECURITY_MANDATORY_SYSTEM_RID,Target User: WORKGROUP\DISSTESTBEDVM$,,C:\Windows\System32\sppsvc.exe C:\WINDOWS\system32\sppsvc.exe,False,D:\UOW\SEM3\msc-diss-7csef001w\scenarios\scenario_4\run_1\artefacts\event_logs\Security.evtx,Audit success,0,"{""EventData"":{""Data"":[{""@Name"":""SubjectUserSid"",""#text"":""S-1-5-18""},{""@Name"":""SubjectUserName"",""#text"":""DISSTESTBEDVM$""},{""@Name"":""SubjectDomainName"",""#text"":""WORKGROUP""},{""@Name"":""SubjectLogonId"",""#text"":""0x3E7""},{""@Name"":""NewProcessId"",""#text"":""0x15E8""},{""@Name"":""NewProcessName"",""#text"":""C:\\Windows\\System32\\sppsvc.exe""},{""@Name"":""TokenElevationType"",""#text"":""%%1936""},{""@Name"":""ProcessId"",""#text"":""0x364""},{""@Name"":""CommandLine"",""#text"":""C:\\WINDOWS\\system32\\sppsvc.exe""},{""@Name"":""TargetUserSid"",""#text"":""S-1-0-0""},{""@Name"":""TargetUserName"",""#text"":""DISSTESTBEDVM$""},{""@Name"":""TargetDomainName"",""#text"":""WORKGROUP""},{""@Name"":""TargetLogonId"",""#text"":""0x3E4""},{""@Name"":""ParentProcessName"",""#text"":""C:\\Windows\\System32\\services.exe""},{""@Name"":""MandatoryLabel"",""#text"":""S-1-16-16384""}]}}"
32739,32739,2026-08-22 11:47:10.2448489,4688,LogAlways,Microsoft-Windows-Security-Auditing,Security,4,3196,disstestbedvm,389,,A new process has been created,WORKGROUP\DISSTESTBEDVM$,,Parent process: C:\Windows\UUS\amd64\wuaucltcore.exe,PID: 0x250C,Parent PID: 0x11D8,Mandatory label: SECURITY_MANDATORY_SYSTEM_RID,Target User: -\-,,"C:\Windows\SoftwareDistribution\Download\Install\SecurityHealthSetup.exe ""C:\WINDOWS\SoftwareDistribution\Download\Install\SecurityHealthSetup.exe"" ",False,D:\UOW\SEM3\msc-diss-7csef001w\scenarios\scenario_4\run_1\artefacts\event_logs\Security.evtx,Audit success,0,"{""EventData"":{""Data"":[{""@Name"":""SubjectUserSid"",""#text"":""S-1-5-18""},{""@Name"":""SubjectUserName"",""#text"":""DISSTESTBEDVM$""},{""@Name"":""SubjectDomainName"",""#text"":""WORKGROUP""},{""@Name"":""SubjectLogonId"",""#text"":""0x3E7""},{""@Name"":""NewProcessId"",""#text"":""0x11D8""},{""@Name"":""NewProcessName"",""#text"":""C:\\Windows\\SoftwareDistribution\\Download\\Install\\SecurityHealthSetup.exe""},{""@Name"":""TokenElevationType"",""#text"":""%%1936""},{""@Name"":""ProcessId"",""#text"":""0x250C""},{""@Name"":""CommandLine"",""#text"":""\""C:\\WINDOWS\\SoftwareDistribution\\Download\\Install\\SecurityHealthSetup.exe\"" ""},{""@Name"":""TargetUserSid"",""#text"":""S-1-0-0""},{""@Name"":""TargetUserName"",""#text"":""-""},{""@Name"":""TargetDomainName"",""#text"":""-""},{""@Name"":""TargetLogonId"",""#text"":""0x0""},{""@Name"":""ParentProcessName"",""#text"":""C:\\Windows\\UUS\\amd64\\wuaucltcore.exe""},{""@Name"":""MandatoryLabel"",""#text"":""S-1-16-16384""}]}}"
32740,32740,2026-08-22 11:47:10.2642574,4624,LogAlways,Microsoft-Windows-Security-Auditing,Security,888,5176,disstestbedvm,389,,Successful logon,WORKGROUP\DISSTESTBEDVM$,- (-),Target: NT AUTHORITY\SYSTEM,LogonType 5,LogonId: 0x3E7,,,,C:\Windows\System32\services.exe,False,D:\UOW\SEM3\msc-diss-7csef001w\scenarios\scenario_4\run_1\artefacts\event_logs\Security.evtx,Audit success,0,"{""EventData"":{""Data"":[{""@Name"":""SubjectUserSid"",""#text"":""S-1-5-18""},{""@Name"":""SubjectUserName"",""#text"":""DISSTESTBEDVM$""},{""@Name"":""SubjectDomainName"",""#text"":""WORKGROUP""},{""@Name"":""SubjectLogonId"",""#text"":""0x3E7""},{""@Name"":""TargetUserSid"",""#text"":""S-1-5-18""},{""@Name"":""TargetUserName"",""#text"":""SYSTEM""},{""@Name"":""TargetDomainName"",""#text"":""NT AUTHORITY""},{""@Name"":""TargetLogonId"",""#text"":""0x3E7""},{""@Name"":""LogonType"",""#text"":""5""},{""@Name"":""LogonProcessName"",""#text"":""Advapi  ""},{""@Name"":""AuthenticationPackageName"",""#text"":""Negotiate""},{""@Name"":""WorkstationName"",""#text"":""-""},{""@Name"":""LogonGuid"",""#text"":""00000000-0000-0000-0000-000000000000""},{""@Name"":""TransmittedServices"",""#text"":""-""},{""@Name"":""LmPackageName"",""#text"":""-""},{""@Name"":""KeyLength"",""#text"":""0""},{""@Name"":""ProcessId"",""#text"":""0x364""},{""@Name"":""ProcessName"",""#text"":""C:\\Windows\\System32\\services.exe""},{""@Name"":""IpAddress"",""#text"":""-""},{""@Name"":""IpPort"",""#text"":""-""},{""@Name"":""ImpersonationLevel"",""#text"":""%%1833""},{""@Name"":""RestrictedAdminMode"",""#text"":""-""},{""@Name"":""RemoteCredentialGuard"",""#text"":""-""},{""@Name"":""TargetOutboundUserName"",""#text"":""-""},{""@Name"":""TargetOutboundDomainName"",""#text"":""-""},{""@Name"":""VirtualAccount"",""#text"":""%%1843""},{""@Name"":""TargetLinkedLogonId"",""#text"":""0x0""},{""@Name"":""ElevatedToken"",""#text"":""%%1842""}]}}"
32741,32741,2026-08-22 11:47:10.2642642,4672,LogAlways,Microsoft-Windows-Security-Auditing,Security,888,5176,disstestbedvm,389,,Administrative logon,NT AUTHORITY\SYSTEM (S-1-5-18),,"PrivilegeList: SeAssignPrimaryTokenPrivilege, SeTcbPrivilege, SeSecurityPrivilege, SeTakeOwnershipPrivilege, SeLoadDriverPrivilege, SeBackupPrivilege, SeRestorePrivilege, SeDebugPrivilege, SeAuditPrivilege, SeSystemEnvironmentPrivilege, SeImpersonatePrivilege, SeDelegateSessionUserImpersonatePrivilege",LogonId: 0x3E7,,,,,,False,D:\UOW\SEM3\msc-diss-7csef001w\scenarios\scenario_4\run_1\artefacts\event_logs\Security.evtx,Audit success,0,"{""EventData"":{""Data"":[{""@Name"":""SubjectUserSid"",""#text"":""S-1-5-18""},{""@Name"":""SubjectUserName"",""#text"":""SYSTEM""},{""@Name"":""SubjectDomainName"",""#text"":""NT AUTHORITY""},{""@Name"":""SubjectLogonId"",""#text"":""0x3E7""},{""@Name"":""PrivilegeList"",""#text"":""SeAssignPrimaryTokenPrivilege, SeTcbPrivilege, SeSecurityPrivilege, SeTakeOwnershipPrivilege, SeLoadDriverPrivilege, SeBackupPrivilege, SeRestorePrivilege, SeDebugPrivilege, SeAuditPrivilege, SeSystemEnvironmentPrivilege, SeImpersonatePrivilege, SeDelegateSessionUserImpersonatePrivilege""}]}}"
32742,32742,2026-08-22 11:47:10.2655427,4688,LogAlways,Microsoft-Windows-Security-Auditing,Security,4,3196,disstestbedvm,389,,A new process has been created,WORKGROUP\DISSTESTBEDVM$,,Parent process: C:\Windows\System32\services.exe,PID: 0x364,Parent PID: 0x2268,Mandatory label: SECURITY_MANDATORY_SYSTEM_RID,Target User: -\-,,C:\Windows\servicing\TrustedInstaller.exe C:\WINDOWS\servicing\TrustedInstaller.exe,False,D:\UOW\SEM3\msc-diss-7csef001w\scenarios\scenario_4\run_1\artefacts\event_logs\Security.evtx,Audit success,0,"{""EventData"":{""Data"":[{""@Name"":""SubjectUserSid"",""#text"":""S-1-5-18""},{""@Name"":""SubjectUserName"",""#text"":""DISSTESTBEDVM$""},{""@Name"":""SubjectDomainName"",""#text"":""WORKGROUP""},{""@Name"":""SubjectLogonId"",""#text"":""0x3E7""},{""@Name"":""NewProcessId"",""#text"":""0x2268""},{""@Name"":""NewProcessName"",""#text"":""C:\\Windows\\servicing\\TrustedInstaller.exe""},{""@Name"":""TokenElevationType"",""#text"":""%%1936""},{""@Name"":""ProcessId"",""#text"":""0x364""},{""@Name"":""CommandLine"",""#text"":""C:\\WINDOWS\\servicing\\TrustedInstaller.exe""},{""@Name"":""TargetUserSid"",""#text"":""S-1-0-0""},{""@Name"":""TargetUserName"",""#text"":""-""},{""@Name"":""TargetDomainName"",""#text"":""-""},{""@Name"":""TargetLogonId"",""#text"":""0x0""},{""@Name"":""ParentProcessName"",""#text"":""C:\\Windows\\System32\\services.exe""},{""@Name"":""MandatoryLabel"",""#text"":""S-1-16-16384""}]}}"
32743,32743,2026-08-22 11:47:10.5819430,4689,LogAlways,Microsoft-Windows-Security-Auditing,Security,4,3196,disstestbedvm,389,,A process has exited,disstestbedvm\dfanalyst,,,PID: 0x2CC4,,,,,C:\Windows\System32\taskhostw.exe,False,D:\UOW\SEM3\msc-diss-7csef001w\scenarios\scenario_4\run_1\artefacts\event_logs\Security.evtx,Audit success,0,"{""EventData"":{""Data"":[{""@Name"":""SubjectUserSid"",""#text"":""S-1-5-21-4209295338-567392030-2519289182-1001""},{""@Name"":""SubjectUserName"",""#text"":""dfanalyst""},{""@Name"":""SubjectDomainName"",""#text"":""disstestbedvm""},{""@Name"":""SubjectLogonId"",""#text"":""0x57028""},{""@Name"":""Status"",""#text"":""0x0""},{""@Name"":""ProcessId"",""#text"":""0x2CC4""},{""@Name"":""ProcessName"",""#text"":""C:\\Windows\\System32\\taskhostw.exe""}]}}"
32744,32744,2026-08-22 11:47:10.7170392,4688,LogAlways,Microsoft-Windows-Security-Auditing,Security,4,3196,disstestbedvm,389,,A new process has been created,WORKGROUP\DISSTESTBEDVM$,,Parent process: C:\Windows\System32\svchost.exe,PID: 0x3FC,Parent PID: 0x292C,Mandatory label: SECURITY_MANDATORY_SYSTEM_RID,Target User: -\-,,C:\Windows\WinSxS\amd64_microsoft-windows-servicingstack_31bf3856ad364e35_10.0.26100.8648_none_a50ef8e3775e8e5e\TiWorker.exe C:\WINDOWS\winsxs\amd64_microsoft-windows-servicingstack_31bf3856ad364e35_10.0.26100.8648_none_a50ef8e3775e8e5e\TiWorker.exe -Embedding,False,D:\UOW\SEM3\msc-diss-7csef001w\scenarios\scenario_4\run_1\artefacts\event_logs\Security.evtx,Audit success,0,"{""EventData"":{""Data"":[{""@Name"":""SubjectUserSid"",""#text"":""S-1-5-18""},{""@Name"":""SubjectUserName"",""#text"":""DISSTESTBEDVM$""},{""@Name"":""SubjectDomainName"",""#text"":""WORKGROUP""},{""@Name"":""SubjectLogonId"",""#text"":""0x3E7""},{""@Name"":""NewProcessId"",""#text"":""0x292C""},{""@Name"":""NewProcessName"",""#text"":""C:\\Windows\\WinSxS\\amd64_microsoft-windows-servicingstack_31bf3856ad364e35_10.0.26100.8648_none_a50ef8e3775e8e5e\\TiWorker.exe""},{""@Name"":""TokenElevationType"",""#text"":""%%1936""},{""@Name"":""ProcessId"",""#text"":""0x3FC""},{""@Name"":""CommandLine"",""#text"":""C:\\WINDOWS\\winsxs\\amd64_microsoft-windows-servicingstack_31bf3856ad364e35_10.0.26100.8648_none_a50ef8e3775e8e5e\\TiWorker.exe -Embedding""},{""@Name"":""TargetUserSid"",""#text"":""S-1-0-0""},{""@Name"":""TargetUserName"",""#text"":""-""},{""@Name"":""TargetDomainName"",""#text"":""-""},{""@Name"":""TargetLogonId"",""#text"":""0x0""},{""@Name"":""ParentProcessName"",""#text"":""C:\\Windows\\System32\\svchost.exe""},{""@Name"":""MandatoryLabel"",""#text"":""S-1-16-16384""}]}}"
32745,32745,2026-08-22 11:47:10.8906870,4689,LogAlways,Microsoft-Windows-Security-Auditing,Security,4,9220,disstestbedvm,389,,A process has exited,WORKGROUP\DISSTESTBEDVM$,,,PID: 0x2574,,,,,C:\Windows\System32\taskhostw.exe,False,D:\UOW\SEM3\msc-diss-7csef001w\scenarios\scenario_4\run_1\artefacts\event_logs\Security.evtx,Audit success,0,"{""EventData"":{""Data"":[{""@Name"":""SubjectUserSid"",""#text"":""S-1-5-18""},{""@Name"":""SubjectUserName"",""#text"":""DISSTESTBEDVM$""},{""@Name"":""SubjectDomainName"",""#text"":""WORKGROUP""},{""@Name"":""SubjectLogonId"",""#text"":""0x3E7""},{""@Name"":""Status"",""#text"":""0x0""},{""@Name"":""ProcessId"",""#text"":""0x2574""},{""@Name"":""ProcessName"",""#text"":""C:\\Windows\\System32\\taskhostw.exe""}]}}"
32746,32746,2026-08-22 11:47:12.2908822,4624,LogAlways,Microsoft-Windows-Security-Auditing,Security,888,940,disstestbedvm,389,,Successful logon,WORKGROUP\DISSTESTBEDVM$,- (-),Target: NT AUTHORITY\SYSTEM,LogonType 5,LogonId: 0x3E7,,,,C:\Windows\System32\services.exe,False,D:\UOW\SEM3\msc-diss-7csef001w\scenarios\scenario_4\run_1\artefacts\event_logs\Security.evtx,Audit success,0,"{""EventData"":{""Data"":[{""@Name"":""SubjectUserSid"",""#text"":""S-1-5-18""},{""@Name"":""SubjectUserName"",""#text"":""DISSTESTBEDVM$""},{""@Name"":""SubjectDomainName"",""#text"":""WORKGROUP""},{""@Name"":""SubjectLogonId"",""#text"":""0x3E7""},{""@Name"":""TargetUserSid"",""#text"":""S-1-5-18""},{""@Name"":""TargetUserName"",""#text"":""SYSTEM""},{""@Name"":""TargetDomainName"",""#text"":""NT AUTHORITY""},{""@Name"":""TargetLogonId"",""#text"":""0x3E7""},{""@Name"":""LogonType"",""#text"":""5""},{""@Name"":""LogonProcessName"",""#text"":""Advapi  ""},{""@Name"":""AuthenticationPackageName"",""#text"":""Negotiate""},{""@Name"":""WorkstationName"",""#text"":""-""},{""@Name"":""LogonGuid"",""#text"":""00000000-0000-0000-0000-000000000000""},{""@Name"":""TransmittedServices"",""#text"":""-""},{""@Name"":""LmPackageName"",""#text"":""-""},{""@Name"":""KeyLength"",""#text"":""0""},{""@Name"":""ProcessId"",""#text"":""0x364""},{""@Name"":""ProcessName"",""#text"":""C:\\Windows\\System32\\services.exe""},{""@Name"":""IpAddress"",""#text"":""-""},{""@Name"":""IpPort"",""#text"":""-""},{""@Name"":""ImpersonationLevel"",""#text"":""%%1833""},{""@Name"":""RestrictedAdminMode"",""#text"":""-""},{""@Name"":""RemoteCredentialGuard"",""#text"":""-""},{""@Name"":""TargetOutboundUserName"",""#text"":""-""},{""@Name"":""TargetOutboundDomainName"",""#text"":""-""},{""@Name"":""VirtualAccount"",""#text"":""%%1843""},{""@Name"":""TargetLinkedLogonId"",""#text"":""0x0""},{""@Name"":""ElevatedToken"",""#text"":""%%1842""}]}}"
32747,32747,2026-08-22 11:47:12.2908871,4672,LogAlways,Microsoft-Windows-Security-Auditing,Security,888,940,disstestbedvm,389,,Administrative logon,NT AUTHORITY\SYSTEM (S-1-5-18),,"PrivilegeList: SeAssignPrimaryTokenPrivilege, SeTcbPrivilege, SeSecurityPrivilege, SeTakeOwnershipPrivilege, SeLoadDriverPrivilege, SeBackupPrivilege, SeRestorePrivilege, SeDebugPrivilege, SeAuditPrivilege, SeSystemEnvironmentPrivilege, SeImpersonatePrivilege, SeDelegateSessionUserImpersonatePrivilege",LogonId: 0x3E7,,,,,,False,D:\UOW\SEM3\msc-diss-7csef001w\scenarios\scenario_4\run_1\artefacts\event_logs\Security.evtx,Audit success,0,"{""EventData"":{""Data"":[{""@Name"":""SubjectUserSid"",""#text"":""S-1-5-18""},{""@Name"":""SubjectUserName"",""#text"":""SYSTEM""},{""@Name"":""SubjectDomainName"",""#text"":""NT AUTHORITY""},{""@Name"":""SubjectLogonId"",""#text"":""0x3E7""},{""@Name"":""PrivilegeList"",""#text"":""SeAssignPrimaryTokenPrivilege, SeTcbPrivilege, SeSecurityPrivilege, SeTakeOwnershipPrivilege, SeLoadDriverPrivilege, SeBackupPrivilege, SeRestorePrivilege, SeDebugPrivilege, SeAuditPrivilege, SeSystemEnvironmentPrivilege, SeImpersonatePrivilege, SeDelegateSessionUserImpersonatePrivilege""}]}}"
32748,32748,2026-08-22 11:47:12.2921025,4688,LogAlways,Microsoft-Windows-Security-Auditing,Security,4,6532,disstestbedvm,389,,A new process has been created,WORKGROUP\DISSTESTBEDVM$,,Parent process: C:\Windows\System32\services.exe,PID: 0x364,Parent PID: 0x3B0,Mandatory label: SECURITY_MANDATORY_SYSTEM_RID,Target User: -\-,,C:\Windows\System32\svchost.exe C:\WINDOWS\system32\svchost.exe -k netsvcs -p -s seclogon,False,D:\UOW\SEM3\msc-diss-7csef001w\scenarios\scenario_4\run_1\artefacts\event_logs\Security.evtx,Audit success,0,"{""EventData"":{""Data"":[{""@Name"":""SubjectUserSid"",""#text"":""S-1-5-18""},{""@Name"":""SubjectUserName"",""#text"":""DISSTESTBEDVM$""},{""@Name"":""SubjectDomainName"",""#text"":""WORKGROUP""},{""@Name"":""SubjectLogonId"",""#text"":""0x3E7""},{""@Name"":""NewProcessId"",""#text"":""0x3B0""},{""@Name"":""NewProcessName"",""#text"":""C:\\Windows\\System32\\svchost.exe""},{""@Name"":""TokenElevationType"",""#text"":""%%1936""},{""@Name"":""ProcessId"",""#text"":""0x364""},{""@Name"":""CommandLine"",""#text"":""C:\\WINDOWS\\system32\\svchost.exe -k netsvcs -p -s seclogon""},{""@Name"":""TargetUserSid"",""#text"":""S-1-0-0""},{""@Name"":""TargetUserName"",""#text"":""-""},{""@Name"":""TargetDomainName"",""#text"":""-""},{""@Name"":""TargetLogonId"",""#text"":""0x0""},{""@Name"":""ParentProcessName"",""#text"":""C:\\Windows\\System32\\services.exe""},{""@Name"":""MandatoryLabel"",""#text"":""S-1-16-16384""}]}}"
32749,32749,2026-08-22 11:47:12.4209524,4688,LogAlways,Microsoft-Windows-Security-Auditing,Security,4,540,disstestbedvm,389,,A new process has been created,WORKGROUP\DISSTESTBEDVM$,,Parent process: C:\Windows\SoftwareDistribution\Download\Install\SecurityHealthSetup.exe,PID: 0x11D8,Parent PID: 0x2BD4,Mandatory label: SECURITY_MANDATORY_SYSTEM_RID,Target User: -\-,,"C:\Windows\SoftwareDistribution\Download\Install\SecurityHealthSetup.exe C:\WINDOWS\SoftwareDistribution\Download\Install\SecurityHealthSetup.exe ""C:\WINDOWS\SoftwareDistribution\Download\Install\SecurityHealthSetup.exe"" nul",False,D:\UOW\SEM3\msc-diss-7csef001w\scenarios\scenario_4\run_1\artefacts\event_logs\Security.evtx,Audit success,0,"{""EventData"":{""Data"":[{""@Name"":""SubjectUserSid"",""#text"":""S-1-5-18""},{""@Name"":""SubjectUserName"",""#text"":""DISSTESTBEDVM$""},{""@Name"":""SubjectDomainName"",""#text"":""WORKGROUP""},{""@Name"":""SubjectLogonId"",""#text"":""0x3E7""},{""@Name"":""NewProcessId"",""#text"":""0x2BD4""},{""@Name"":""NewProcessName"",""#text"":""C:\\Windows\\SoftwareDistribution\\Download\\Install\\SecurityHealthSetup.exe""},{""@Name"":""TokenElevationType"",""#text"":""%%1936""},{""@Name"":""ProcessId"",""#text"":""0x11D8""},{""@Name"":""CommandLine"",""#text"":""C:\\WINDOWS\\SoftwareDistribution\\Download\\Install\\SecurityHealthSetup.exe \""C:\\WINDOWS\\SoftwareDistribution\\Download\\Install\\SecurityHealthSetup.exe\"" nul""},{""@Name"":""TargetUserSid"",""#text"":""S-1-0-0""},{""@Name"":""TargetUserName"",""#text"":""-""},{""@Name"":""TargetDomainName"",""#text"":""-""},{""@Name"":""TargetLogonId"",""#text"":""0x0""},{""@Name"":""ParentProcessName"",""#text"":""C:\\Windows\\SoftwareDistribution\\Download\\Install\\SecurityHealthSetup.exe""},{""@Name"":""MandatoryLabel"",""#text"":""S-1-16-16384""}]}}"
32750,32750,2026-08-22 11:47:12.4262981,4689,LogAlways,Microsoft-Windows-Security-Auditing,Security,4,540,disstestbedvm,389,,A process has exited,WORKGROUP\DISSTESTBEDVM$,,,PID: 0x11D8,,,,,C:\Windows\SoftwareDistribution\Download\Install\SecurityHealthSetup.exe,False,D:\UOW\SEM3\msc-diss-7csef001w\scenarios\scenario_4\run_1\artefacts\event_logs\Security.evtx,Audit success,0,"{""EventData"":{""Data"":[{""@Name"":""SubjectUserSid"",""#text"":""S-1-5-18""},{""@Name"":""SubjectUserName"",""#text"":""DISSTESTBEDVM$""},{""@Name"":""SubjectDomainName"",""#text"":""WORKGROUP""},{""@Name"":""SubjectLogonId"",""#text"":""0x3E7""},{""@Name"":""Status"",""#text"":""0x0""},{""@Name"":""ProcessId"",""#text"":""0x11D8""},{""@Name"":""ProcessName"",""#text"":""C:\\Windows\\SoftwareDistribution\\Download\\Install\\SecurityHealthSetup.exe""}]}}"
32751,32751,2026-08-22 11:47:12.4488718,4689,LogAlways,Microsoft-Windows-Security-Auditing,Security,4,6700,disstestbedvm,389,,A process has exited,WORKGROUP\DISSTESTBEDVM$,,,PID: 0x250C,,,,,C:\Windows\UUS\amd64\wuaucltcore.exe,False,D:\UOW\SEM3\msc-diss-7csef001w\scenarios\scenario_4\run_1\artefacts\event_logs\Security.evtx,Audit success,0,"{""EventData"":{""Data"":[{""@Name"":""SubjectUserSid"",""#text"":""S-1-5-18""},{""@Name"":""SubjectUserName"",""#text"":""DISSTESTBEDVM$""},{""@Name"":""SubjectDomainName"",""#text"":""WORKGROUP""},{""@Name"":""SubjectLogonId"",""#text"":""0x3E7""},{""@Name"":""Status"",""#text"":""0x0""},{""@Name"":""ProcessId"",""#text"":""0x250C""},{""@Name"":""ProcessName"",""#text"":""C:\\Windows\\UUS\\amd64\\wuaucltcore.exe""}]}}"
32752,32752,2026-08-22 11:47:12.5403264,4688,LogAlways,Microsoft-Windows-Security-Auditing,Security,4,6532,disstestbedvm,389,,A new process has been created,WORKGROUP\DISSTESTBEDVM$,,Parent process: C:\Windows\UUS\amd64\MoUsoCoreWorker.exe,PID: 0x1AD4,Parent PID: 0x1468,Mandatory label: SECURITY_MANDATORY_MEDIUM_RID,Target User: disstestbedvm\dfanalyst,,C:\Windows\UUS\amd64\MoNotificationUx.exe C:\WINDOWS\uus\AMD64\MoNotificationUx.exe /ClearActiveNotifications /CV CmtpaiJt2kasgk3c.1.0.0,False,D:\UOW\SEM3\msc-diss-7csef001w\scenarios\scenario_4\run_1\artefacts\event_logs\Security.evtx,Audit success,0,"{""EventData"":{""Data"":[{""@Name"":""SubjectUserSid"",""#text"":""S-1-5-18""},{""@Name"":""SubjectUserName"",""#text"":""DISSTESTBEDVM$""},{""@Name"":""SubjectDomainName"",""#text"":""WORKGROUP""},{""@Name"":""SubjectLogonId"",""#text"":""0x3E7""},{""@Name"":""NewProcessId"",""#text"":""0x1468""},{""@Name"":""NewProcessName"",""#text"":""C:\\Windows\\UUS\\amd64\\MoNotificationUx.exe""},{""@Name"":""TokenElevationType"",""#text"":""%%1938""},{""@Name"":""ProcessId"",""#text"":""0x1AD4""},{""@Name"":""CommandLine"",""#text"":""C:\\WINDOWS\\uus\\AMD64\\MoNotificationUx.exe /ClearActiveNotifications /CV CmtpaiJt2kasgk3c.1.0.0""},{""@Name"":""TargetUserSid"",""#text"":""S-1-5-21-4209295338-567392030-2519289182-1001""},{""@Name"":""TargetUserName"",""#text"":""dfanalyst""},{""@Name"":""TargetDomainName"",""#text"":""disstestbedvm""},{""@Name"":""TargetLogonId"",""#text"":""0x570B7""},{""@Name"":""ParentProcessName"",""#text"":""C:\\Windows\\UUS\\amd64\\MoUsoCoreWorker.exe""},{""@Name"":""MandatoryLabel"",""#text"":""S-1-16-8192""}]}}"
32753,32753,2026-08-22 11:47:12.5937137,4689,LogAlways,Microsoft-Windows-Security-Auditing,Security,4,540,disstestbedvm,389,,A process has exited,disstestbedvm\dfanalyst,,,PID: 0x1468,,,,,C:\Windows\UUS\amd64\MoNotificationUx.exe,False,D:\UOW\SEM3\msc-diss-7csef001w\scenarios\scenario_4\run_1\artefacts\event_logs\Security.evtx,Audit success,0,"{""EventData"":{""Data"":[{""@Name"":""SubjectUserSid"",""#text"":""S-1-5-21-4209295338-567392030-2519289182-1001""},{""@Name"":""SubjectUserName"",""#text"":""dfanalyst""},{""@Name"":""SubjectDomainName"",""#text"":""disstestbedvm""},{""@Name"":""SubjectLogonId"",""#text"":""0x570B7""},{""@Name"":""Status"",""#text"":""0x0""},{""@Name"":""ProcessId"",""#text"":""0x1468""},{""@Name"":""ProcessName"",""#text"":""C:\\Windows\\UUS\\amd64\\MoNotificationUx.exe""}]}}"
32754,32754,2026-08-22 11:47:12.6587048,4688,LogAlways,Microsoft-Windows-Security-Auditing,Security,4,6532,disstestbedvm,389,,A new process has been created,WORKGROUP\DISSTESTBEDVM$,,Parent process: C:\Windows\System32\SecurityHealthService.exe,PID: 0x2534,Parent PID: 0x2DE0,Mandatory label: SECURITY_MANDATORY_SYSTEM_RID,Target User: -\-,,"C:\Windows\System32\SecurityHealth\SecurityHealthSetup.exe ""\\?\C:\Windows\System32\SecurityHealth\SecurityHealthSetup.exe"" ""C:\WINDOWS\system32\SecurityHealth\10.0.29628.1000-0""",False,D:\UOW\SEM3\msc-diss-7csef001w\scenarios\scenario_4\run_1\artefacts\event_logs\Security.evtx,Audit success,0,"{""EventData"":{""Data"":[{""@Name"":""SubjectUserSid"",""#text"":""S-1-5-18""},{""@Name"":""SubjectUserName"",""#text"":""DISSTESTBEDVM$""},{""@Name"":""SubjectDomainName"",""#text"":""WORKGROUP""},{""@Name"":""SubjectLogonId"",""#text"":""0x3E7""},{""@Name"":""NewProcessId"",""#text"":""0x2DE0""},{""@Name"":""NewProcessName"",""#text"":""C:\\Windows\\System32\\SecurityHealth\\SecurityHealthSetup.exe""},{""@Name"":""TokenElevationType"",""#text"":""%%1936""},{""@Name"":""ProcessId"",""#text"":""0x2534""},{""@Name"":""CommandLine"",""#text"":""\""\\\\?\\C:\\Windows\\System32\\SecurityHealth\\SecurityHealthSetup.exe\"" \""C:\\WINDOWS\\system32\\SecurityHealth\\10.0.29628.1000-0\""""},{""@Name"":""TargetUserSid"",""#text"":""S-1-0-0""},{""@Name"":""TargetUserName"",""#text"":""-""},{""@Name"":""TargetDomainName"",""#text"":""-""},{""@Name"":""TargetLogonId"",""#text"":""0x0""},{""@Name"":""ParentProcessName"",""#text"":""C:\\Windows\\System32\\SecurityHealthService.exe""},{""@Name"":""MandatoryLabel"",""#text"":""S-1-16-16384""}]}}"
32755,32755,2026-08-22 11:47:12.7576817,4689,LogAlways,Microsoft-Windows-Security-Auditing,Security,4,6532,disstestbedvm,389,,A process has exited,WORKGROUP\DISSTESTBEDVM$,,,PID: 0x2DE0,,,,,C:\Windows\System32\SecurityHealth\SecurityHealthSetup.exe,False,D:\UOW\SEM3\msc-diss-7csef001w\scenarios\scenario_4\run_1\artefacts\event_logs\Security.evtx,Audit success,0,"{""EventData"":{""Data"":[{""@Name"":""SubjectUserSid"",""#text"":""S-1-5-18""},{""@Name"":""SubjectUserName"",""#text"":""DISSTESTBEDVM$""},{""@Name"":""SubjectDomainName"",""#text"":""WORKGROUP""},{""@Name"":""SubjectLogonId"",""#text"":""0x3E7""},{""@Name"":""Status"",""#text"":""0x0""},{""@Name"":""ProcessId"",""#text"":""0x2DE0""},{""@Name"":""ProcessName"",""#text"":""C:\\Windows\\System32\\SecurityHealth\\SecurityHealthSetup.exe""}]}}"
32756,32756,2026-08-22 11:47:17.6323935,4689,LogAlways,Microsoft-Windows-Security-Auditing,Security,4,9220,disstestbedvm,389,,A process has exited,WORKGROUP\DISSTESTBEDVM$,,,PID: 0x2BD4,,,,,C:\Windows\SoftwareDistribution\Download\Install\SecurityHealthSetup.exe,False,D:\UOW\SEM3\msc-diss-7csef001w\scenarios\scenario_4\run_1\artefacts\event_logs\Security.evtx,Audit success,0,"{""EventData"":{""Data"":[{""@Name"":""SubjectUserSid"",""#text"":""S-1-5-18""},{""@Name"":""SubjectUserName"",""#text"":""DISSTESTBEDVM$""},{""@Name"":""SubjectDomainName"",""#text"":""WORKGROUP""},{""@Name"":""SubjectLogonId"",""#text"":""0x3E7""},{""@Name"":""Status"",""#text"":""0x0""},{""@Name"":""ProcessId"",""#text"":""0x2BD4""},{""@Name"":""ProcessName"",""#text"":""C:\\Windows\\SoftwareDistribution\\Download\\Install\\SecurityHealthSetup.exe""}]}}"
32757,32757,2026-08-22 11:47:21.2608165,4689,LogAlways,Microsoft-Windows-Security-Auditing,Security,4,540,disstestbedvm,389,,A process has exited,disstestbedvm\dfanalyst,,,PID: 0x43C,,,,,C:\Windows\System32\taskhostw.exe,False,D:\UOW\SEM3\msc-diss-7csef001w\scenarios\scenario_4\run_1\artefacts\event_logs\Security.evtx,Audit success,0,"{""EventData"":{""Data"":[{""@Name"":""SubjectUserSid"",""#text"":""S-1-5-21-4209295338-567392030-2519289182-1001""},{""@Name"":""SubjectUserName"",""#text"":""dfanalyst""},{""@Name"":""SubjectDomainName"",""#text"":""disstestbedvm""},{""@Name"":""SubjectLogonId"",""#text"":""0x570B7""},{""@Name"":""Status"",""#text"":""0x0""},{""@Name"":""ProcessId"",""#text"":""0x43C""},{""@Name"":""ProcessName"",""#text"":""C:\\Windows\\System32\\taskhostw.exe""}]}}"
32758,32758,2026-08-22 11:47:22.1236986,4688,LogAlways,Microsoft-Windows-Security-Auditing,Security,4,10300,disstestbedvm,389,,A new process has been created,WORKGROUP\DISSTESTBEDVM$,,Parent process: C:\Windows\UUS\amd64\MoUsoCoreWorker.exe,PID: 0x1AD4,Parent PID: 0x2F8,Mandatory label: SECURITY_MANDATORY_MEDIUM_RID,Target User: disstestbedvm\dfanalyst,,C:\Windows\UUS\amd64\MoNotificationUx.exe C:\WINDOWS\uus\AMD64\MoNotificationUx.exe /ClearActiveNotifications /CV CmtpaiJt2kasgk3c.1.0.0,False,D:\UOW\SEM3\msc-diss-7csef001w\scenarios\scenario_4\run_1\artefacts\event_logs\Security.evtx,Audit success,0,"{""EventData"":{""Data"":[{""@Name"":""SubjectUserSid"",""#text"":""S-1-5-18""},{""@Name"":""SubjectUserName"",""#text"":""DISSTESTBEDVM$""},{""@Name"":""SubjectDomainName"",""#text"":""WORKGROUP""},{""@Name"":""SubjectLogonId"",""#text"":""0x3E7""},{""@Name"":""NewProcessId"",""#text"":""0x2F8""},{""@Name"":""NewProcessName"",""#text"":""C:\\Windows\\UUS\\amd64\\MoNotificationUx.exe""},{""@Name"":""TokenElevationType"",""#text"":""%%1938""},{""@Name"":""ProcessId"",""#text"":""0x1AD4""},{""@Name"":""CommandLine"",""#text"":""C:\\WINDOWS\\uus\\AMD64\\MoNotificationUx.exe /ClearActiveNotifications /CV CmtpaiJt2kasgk3c.1.0.0""},{""@Name"":""TargetUserSid"",""#text"":""S-1-5-21-4209295338-567392030-2519289182-1001""},{""@Name"":""TargetUserName"",""#text"":""dfanalyst""},{""@Name"":""TargetDomainName"",""#text"":""disstestbedvm""},{""@Name"":""TargetLogonId"",""#text"":""0x570B7""},{""@Name"":""ParentProcessName"",""#text"":""C:\\Windows\\UUS\\amd64\\MoUsoCoreWorker.exe""},{""@Name"":""MandatoryLabel"",""#text"":""S-1-16-8192""}]}}"
32759,32759,2026-08-22 11:47:22.1811627,4689,LogAlways,Microsoft-Windows-Security-Auditing,Security,4,2848,disstestbedvm,389,,A process has exited,disstestbedvm\dfanalyst,,,PID: 0x2F8,,,,,C:\Windows\UUS\amd64\MoNotificationUx.exe,False,D:\UOW\SEM3\msc-diss-7csef001w\scenarios\scenario_4\run_1\artefacts\event_logs\Security.evtx,Audit success,0,"{""EventData"":{""Data"":[{""@Name"":""SubjectUserSid"",""#text"":""S-1-5-21-4209295338-567392030-2519289182-1001""},{""@Name"":""SubjectUserName"",""#text"":""dfanalyst""},{""@Name"":""SubjectDomainName"",""#text"":""disstestbedvm""},{""@Name"":""SubjectLogonId"",""#text"":""0x570B7""},{""@Name"":""Status"",""#text"":""0x0""},{""@Name"":""ProcessId"",""#text"":""0x2F8""},{""@Name"":""ProcessName"",""#text"":""C:\\Windows\\UUS\\amd64\\MoNotificationUx.exe""}]}}"
32760,32760,2026-08-22 11:47:22.9962386,4688,LogAlways,Microsoft-Windows-Security-Auditing,Security,4,4052,disstestbedvm,389,,A new process has been created,WORKGROUP\DISSTESTBEDVM$,,Parent process: C:\Windows\UUS\amd64\MoUsoCoreWorker.exe,PID: 0x1AD4,Parent PID: 0x13F0,Mandatory label: SECURITY_MANDATORY_MEDIUM_RID,Target User: disstestbedvm\dfanalyst,,C:\Windows\UUS\amd64\MoNotificationUx.exe C:\WINDOWS\uus\AMD64\MoNotificationUx.exe /ClearActiveNotifications /CV CmtpaiJt2kasgk3c.1.0.0,False,D:\UOW\SEM3\msc-diss-7csef001w\scenarios\scenario_4\run_1\artefacts\event_logs\Security.evtx,Audit success,0,"{""EventData"":{""Data"":[{""@Name"":""SubjectUserSid"",""#text"":""S-1-5-18""},{""@Name"":""SubjectUserName"",""#text"":""DISSTESTBEDVM$""},{""@Name"":""SubjectDomainName"",""#text"":""WORKGROUP""},{""@Name"":""SubjectLogonId"",""#text"":""0x3E7""},{""@Name"":""NewProcessId"",""#text"":""0x13F0""},{""@Name"":""NewProcessName"",""#text"":""C:\\Windows\\UUS\\amd64\\MoNotificationUx.exe""},{""@Name"":""TokenElevationType"",""#text"":""%%1938""},{""@Name"":""ProcessId"",""#text"":""0x1AD4""},{""@Name"":""CommandLine"",""#text"":""C:\\WINDOWS\\uus\\AMD64\\MoNotificationUx.exe /ClearActiveNotifications /CV CmtpaiJt2kasgk3c.1.0.0""},{""@Name"":""TargetUserSid"",""#text"":""S-1-5-21-4209295338-567392030-2519289182-1001""},{""@Name"":""TargetUserName"",""#text"":""dfanalyst""},{""@Name"":""TargetDomainName"",""#text"":""disstestbedvm""},{""@Name"":""TargetLogonId"",""#text"":""0x570B7""},{""@Name"":""ParentProcessName"",""#text"":""C:\\Windows\\UUS\\amd64\\MoUsoCoreWorker.exe""},{""@Name"":""MandatoryLabel"",""#text"":""S-1-16-8192""}]}}"
32761,32761,2026-08-22 11:47:23.0490037,4689,LogAlways,Microsoft-Windows-Security-Auditing,Security,4,6532,disstestbedvm,389,,A process has exited,disstestbedvm\dfanalyst,,,PID: 0x13F0,,,,,C:\Windows\UUS\amd64\MoNotificationUx.exe,False,D:\UOW\SEM3\msc-diss-7csef001w\scenarios\scenario_4\run_1\artefacts\event_logs\Security.evtx,Audit success,0,"{""EventData"":{""Data"":[{""@Name"":""SubjectUserSid"",""#text"":""S-1-5-21-4209295338-567392030-2519289182-1001""},{""@Name"":""SubjectUserName"",""#text"":""dfanalyst""},{""@Name"":""SubjectDomainName"",""#text"":""disstestbedvm""},{""@Name"":""SubjectLogonId"",""#text"":""0x570B7""},{""@Name"":""Status"",""#text"":""0x0""},{""@Name"":""ProcessId"",""#text"":""0x13F0""},{""@Name"":""ProcessName"",""#text"":""C:\\Windows\\UUS\\amd64\\MoNotificationUx.exe""}]}}"
32762,32762,2026-08-22 11:47:23.7407198,4624,LogAlways,Microsoft-Windows-Security-Auditing,Security,888,940,disstestbedvm,389,,Successful logon,WORKGROUP\DISSTESTBEDVM$,- (-),Target: NT AUTHORITY\SYSTEM,LogonType 5,LogonId: 0x3E7,,,,C:\Windows\System32\services.exe,False,D:\UOW\SEM3\msc-diss-7csef001w\scenarios\scenario_4\run_1\artefacts\event_logs\Security.evtx,Audit success,0,"{""EventData"":{""Data"":[{""@Name"":""SubjectUserSid"",""#text"":""S-1-5-18""},{""@Name"":""SubjectUserName"",""#text"":""DISSTESTBEDVM$""},{""@Name"":""SubjectDomainName"",""#text"":""WORKGROUP""},{""@Name"":""SubjectLogonId"",""#text"":""0x3E7""},{""@Name"":""TargetUserSid"",""#text"":""S-1-5-18""},{""@Name"":""TargetUserName"",""#text"":""SYSTEM""},{""@Name"":""TargetDomainName"",""#text"":""NT AUTHORITY""},{""@Name"":""TargetLogonId"",""#text"":""0x3E7""},{""@Name"":""LogonType"",""#text"":""5""},{""@Name"":""LogonProcessName"",""#text"":""Advapi  ""},{""@Name"":""AuthenticationPackageName"",""#text"":""Negotiate""},{""@Name"":""WorkstationName"",""#text"":""-""},{""@Name"":""LogonGuid"",""#text"":""00000000-0000-0000-0000-000000000000""},{""@Name"":""TransmittedServices"",""#text"":""-""},{""@Name"":""LmPackageName"",""#text"":""-""},{""@Name"":""KeyLength"",""#text"":""0""},{""@Name"":""ProcessId"",""#text"":""0x364""},{""@Name"":""ProcessName"",""#text"":""C:\\Windows\\System32\\services.exe""},{""@Name"":""IpAddress"",""#text"":""-""},{""@Name"":""IpPort"",""#text"":""-""},{""@Name"":""ImpersonationLevel"",""#text"":""%%1833""},{""@Name"":""RestrictedAdminMode"",""#text"":""-""},{""@Name"":""RemoteCredentialGuard"",""#text"":""-""},{""@Name"":""TargetOutboundUserName"",""#text"":""-""},{""@Name"":""TargetOutboundDomainName"",""#text"":""-""},{""@Name"":""VirtualAccount"",""#text"":""%%1843""},{""@Name"":""TargetLinkedLogonId"",""#text"":""0x0""},{""@Name"":""ElevatedToken"",""#text"":""%%1842""}]}}"
32763,32763,2026-08-22 11:47:23.7407249,4672,LogAlways,Microsoft-Windows-Security-Auditing,Security,888,940,disstestbedvm,389,,Administrative logon,NT AUTHORITY\SYSTEM (S-1-5-18),,"PrivilegeList: SeAssignPrimaryTokenPrivilege, SeTcbPrivilege, SeSecurityPrivilege, SeTakeOwnershipPrivilege, SeLoadDriverPrivilege, SeBackupPrivilege, SeRestorePrivilege, SeDebugPrivilege, SeAuditPrivilege, SeSystemEnvironmentPrivilege, SeImpersonatePrivilege, SeDelegateSessionUserImpersonatePrivilege",LogonId: 0x3E7,,,,,,False,D:\UOW\SEM3\msc-diss-7csef001w\scenarios\scenario_4\run_1\artefacts\event_logs\Security.evtx,Audit success,0,"{""EventData"":{""Data"":[{""@Name"":""SubjectUserSid"",""#text"":""S-1-5-18""},{""@Name"":""SubjectUserName"",""#text"":""SYSTEM""},{""@Name"":""SubjectDomainName"",""#text"":""NT AUTHORITY""},{""@Name"":""SubjectLogonId"",""#text"":""0x3E7""},{""@Name"":""PrivilegeList"",""#text"":""SeAssignPrimaryTokenPrivilege, SeTcbPrivilege, SeSecurityPrivilege, SeTakeOwnershipPrivilege, SeLoadDriverPrivilege, SeBackupPrivilege, SeRestorePrivilege, SeDebugPrivilege, SeAuditPrivilege, SeSystemEnvironmentPrivilege, SeImpersonatePrivilege, SeDelegateSessionUserImpersonatePrivilege""}]}}"
32764,32764,2026-08-22 11:47:23.7424680,4688,LogAlways,Microsoft-Windows-Security-Auditing,Security,4,4052,disstestbedvm,389,,A new process has been created,WORKGROUP\DISSTESTBEDVM$,,Parent process: C:\Windows\System32\services.exe,PID: 0x364,Parent PID: 0x20E8,Mandatory label: SECURITY_MANDATORY_SYSTEM_RID,Target User: -\-,,C:\Windows\System32\svchost.exe C:\WINDOWS\System32\svchost.exe -k wsappx -p -s ClipSVC,False,D:\UOW\SEM3\msc-diss-7csef001w\scenarios\scenario_4\run_1\artefacts\event_logs\Security.evtx,Audit success,0,"{""EventData"":{""Data"":[{""@Name"":""SubjectUserSid"",""#text"":""S-1-5-18""},{""@Name"":""SubjectUserName"",""#text"":""DISSTESTBEDVM$""},{""@Name"":""SubjectDomainName"",""#text"":""WORKGROUP""},{""@Name"":""SubjectLogonId"",""#text"":""0x3E7""},{""@Name"":""NewProcessId"",""#text"":""0x20E8""},{""@Name"":""NewProcessName"",""#text"":""C:\\Windows\\System32\\svchost.exe""},{""@Name"":""TokenElevationType"",""#text"":""%%1936""},{""@Name"":""ProcessId"",""#text"":""0x364""},{""@Name"":""CommandLine"",""#text"":""C:\\WINDOWS\\System32\\svchost.exe -k wsappx -p -s ClipSVC""},{""@Name"":""TargetUserSid"",""#text"":""S-1-0-0""},{""@Name"":""TargetUserName"",""#text"":""-""},{""@Name"":""TargetDomainName"",""#text"":""-""},{""@Name"":""TargetLogonId"",""#text"":""0x0""},{""@Name"":""ParentProcessName"",""#text"":""C:\\Windows\\System32\\services.exe""},{""@Name"":""MandatoryLabel"",""#text"":""S-1-16-16384""}]}}"
32765,32765,2026-08-22 11:47:25.0887984,4688,LogAlways,Microsoft-Windows-Security-Auditing,Security,4,540,disstestbedvm,389,,A new process has been created,WORKGROUP\DISSTESTBEDVM$,,Parent process: C:\Windows\System32\svchost.exe,PID: 0x3FC,Parent PID: 0x2C44,Mandatory label: SECURITY_MANDATORY_SYSTEM_RID,Target User: NT AUTHORITY\LOCAL SERVICE,,C:\Windows\System32\wbem\WmiPrvSE.exe C:\WINDOWS\system32\wbem\wmiprvse.exe -secured -Embedding,False,D:\UOW\SEM3\msc-diss-7csef001w\scenarios\scenario_4\run_1\artefacts\event_logs\Security.evtx,Audit success,0,"{""EventData"":{""Data"":[{""@Name"":""SubjectUserSid"",""#text"":""S-1-5-18""},{""@Name"":""SubjectUserName"",""#text"":""DISSTESTBEDVM$""},{""@Name"":""SubjectDomainName"",""#text"":""WORKGROUP""},{""@Name"":""SubjectLogonId"",""#text"":""0x3E7""},{""@Name"":""NewProcessId"",""#text"":""0x2C44""},{""@Name"":""NewProcessName"",""#text"":""C:\\Windows\\System32\\wbem\\WmiPrvSE.exe""},{""@Name"":""TokenElevationType"",""#text"":""%%1936""},{""@Name"":""ProcessId"",""#text"":""0x3FC""},{""@Name"":""CommandLine"",""#text"":""C:\\WINDOWS\\system32\\wbem\\wmiprvse.exe -secured -Embedding""},{""@Name"":""TargetUserSid"",""#text"":""S-1-5-19""},{""@Name"":""TargetUserName"",""#text"":""LOCAL SERVICE""},{""@Name"":""TargetDomainName"",""#text"":""NT AUTHORITY""},{""@Name"":""TargetLogonId"",""#text"":""0x3E5""},{""@Name"":""ParentProcessName"",""#text"":""C:\\Windows\\System32\\svchost.exe""},{""@Name"":""MandatoryLabel"",""#text"":""S-1-16-16384""}]}}"
32766,32766,2026-08-22 11:47:25.1613119,4624,LogAlways,Microsoft-Windows-Security-Auditing,Security,888,940,disstestbedvm,389,,Successful logon,WORKGROUP\DISSTESTBEDVM$,- (-),Target: NT AUTHORITY\SYSTEM,LogonType 5,LogonId: 0x3E7,,,,C:\Windows\System32\services.exe,False,D:\UOW\SEM3\msc-diss-7csef001w\scenarios\scenario_4\run_1\artefacts\event_logs\Security.evtx,Audit success,0,"{""EventData"":{""Data"":[{""@Name"":""SubjectUserSid"",""#text"":""S-1-5-18""},{""@Name"":""SubjectUserName"",""#text"":""DISSTESTBEDVM$""},{""@Name"":""SubjectDomainName"",""#text"":""WORKGROUP""},{""@Name"":""SubjectLogonId"",""#text"":""0x3E7""},{""@Name"":""TargetUserSid"",""#text"":""S-1-5-18""},{""@Name"":""TargetUserName"",""#text"":""SYSTEM""},{""@Name"":""TargetDomainName"",""#text"":""NT AUTHORITY""},{""@Name"":""TargetLogonId"",""#text"":""0x3E7""},{""@Name"":""LogonType"",""#text"":""5""},{""@Name"":""LogonProcessName"",""#text"":""Advapi  ""},{""@Name"":""AuthenticationPackageName"",""#text"":""Negotiate""},{""@Name"":""WorkstationName"",""#text"":""-""},{""@Name"":""LogonGuid"",""#text"":""00000000-0000-0000-0000-000000000000""},{""@Name"":""TransmittedServices"",""#text"":""-""},{""@Name"":""LmPackageName"",""#text"":""-""},{""@Name"":""KeyLength"",""#text"":""0""},{""@Name"":""ProcessId"",""#text"":""0x364""},{""@Name"":""ProcessName"",""#text"":""C:\\Windows\\System32\\services.exe""},{""@Name"":""IpAddress"",""#text"":""-""},{""@Name"":""IpPort"",""#text"":""-""},{""@Name"":""ImpersonationLevel"",""#text"":""%%1833""},{""@Name"":""RestrictedAdminMode"",""#text"":""-""},{""@Name"":""RemoteCredentialGuard"",""#text"":""-""},{""@Name"":""TargetOutboundUserName"",""#text"":""-""},{""@Name"":""TargetOutboundDomainName"",""#text"":""-""},{""@Name"":""VirtualAccount"",""#text"":""%%1843""},{""@Name"":""TargetLinkedLogonId"",""#text"":""0x0""},{""@Name"":""ElevatedToken"",""#text"":""%%1842""}]}}"
32767,32767,2026-08-22 11:47:25.1613165,4672,LogAlways,Microsoft-Windows-Security-Auditing,Security,888,940,disstestbedvm,389,,Administrative logon,NT AUTHORITY\SYSTEM (S-1-5-18),,"PrivilegeList: SeAssignPrimaryTokenPrivilege, SeTcbPrivilege, SeSecurityPrivilege, SeTakeOwnershipPrivilege, SeLoadDriverPrivilege, SeBackupPrivilege, SeRestorePrivilege, SeDebugPrivilege, SeAuditPrivilege, SeSystemEnvironmentPrivilege, SeImpersonatePrivilege, SeDelegateSessionUserImpersonatePrivilege",LogonId: 0x3E7,,,,,,False,D:\UOW\SEM3\msc-diss-7csef001w\scenarios\scenario_4\run_1\artefacts\event_logs\Security.evtx,Audit success,0,"{""EventData"":{""Data"":[{""@Name"":""SubjectUserSid"",""#text"":""S-1-5-18""},{""@Name"":""SubjectUserName"",""#text"":""SYSTEM""},{""@Name"":""SubjectDomainName"",""#text"":""NT AUTHORITY""},{""@Name"":""SubjectLogonId"",""#text"":""0x3E7""},{""@Name"":""PrivilegeList"",""#text"":""SeAssignPrimaryTokenPrivilege, SeTcbPrivilege, SeSecurityPrivilege, SeTakeOwnershipPrivilege, SeLoadDriverPrivilege, SeBackupPrivilege, SeRestorePrivilege, SeDebugPrivilege, SeAuditPrivilege, SeSystemEnvironmentPrivilege, SeImpersonatePrivilege, SeDelegateSessionUserImpersonatePrivilege""}]}}"
32768,32768,2026-08-22 11:47:25.1625611,4688,LogAlways,Microsoft-Windows-Security-Auditing,Security,4,540,disstestbedvm,389,,A new process has been created,WORKGROUP\DISSTESTBEDVM$,,Parent process: C:\Windows\System32\services.exe,PID: 0x364,Parent PID: 0x13FC,Mandatory label: SECURITY_MANDATORY_SYSTEM_RID,Target User: -\-,,C:\Windows\System32\svchost.exe C:\WINDOWS\System32\svchost.exe -k netsvcs -p -s NetSetupSvc,False,D:\UOW\SEM3\msc-diss-7csef001w\scenarios\scenario_4\run_1\artefacts\event_logs\Security.evtx,Audit success,0,"{""EventData"":{""Data"":[{""@Name"":""SubjectUserSid"",""#text"":""S-1-5-18""},{""@Name"":""SubjectUserName"",""#text"":""DISSTESTBEDVM$""},{""@Name"":""SubjectDomainName"",""#text"":""WORKGROUP""},{""@Name"":""SubjectLogonId"",""#text"":""0x3E7""},{""@Name"":""NewProcessId"",""#text"":""0x13FC""},{""@Name"":""NewProcessName"",""#text"":""C:\\Windows\\System32\\svchost.exe""},{""@Name"":""TokenElevationType"",""#text"":""%%1936""},{""@Name"":""ProcessId"",""#text"":""0x364""},{""@Name"":""CommandLine"",""#text"":""C:\\WINDOWS\\System32\\svchost.exe -k netsvcs -p -s NetSetupSvc""},{""@Name"":""TargetUserSid"",""#text"":""S-1-0-0""},{""@Name"":""TargetUserName"",""#text"":""-""},{""@Name"":""TargetDomainName"",""#text"":""-""},{""@Name"":""TargetLogonId"",""#text"":""0x0""},{""@Name"":""ParentProcessName"",""#text"":""C:\\Windows\\System32\\services.exe""},{""@Name"":""MandatoryLabel"",""#text"":""S-1-16-16384""}]}}"
32785,32785,2026-08-22 11:48:02.8660144,4689,LogAlways,Microsoft-Windows-Security-Auditing,Security,4,6532,disstestbedvm,389,,A process has exited,disstestbedvm\dfanalyst,,,PID: 0x9E4,,,,,C:\Windows\System32\rundll32.exe,False,D:\UOW\SEM3\msc-diss-7csef001w\scenarios\scenario_4\run_1\artefacts\event_logs\Security.evtx,Audit success,0,"{""EventData"":{""Data"":[{""@Name"":""SubjectUserSid"",""#text"":""S-1-5-21-4209295338-567392030-2519289182-1001""},{""@Name"":""SubjectUserName"",""#text"":""dfanalyst""},{""@Name"":""SubjectDomainName"",""#text"":""disstestbedvm""},{""@Name"":""SubjectLogonId"",""#text"":""0x570B7""},{""@Name"":""Status"",""#text"":""0x0""},{""@Name"":""ProcessId"",""#text"":""0x9E4""},{""@Name"":""ProcessName"",""#text"":""C:\\Windows\\System32\\rundll32.exe""}]}}"
32786,32786,2026-08-22 11:48:03.3956410,4798,LogAlways,Microsoft-Windows-Security-Auditing,Security,888,940,disstestbedvm,389,,A user's local group membership was enumerated,disstestbedvm\dfanalyst (S-1-5-21-4209295338-567392030-2519289182-1001),,Target: disstestbedvm\dfanalyst (S-1-5-21-4209295338-567392030-2519289182-1001),SubjectLogonId: 0x570B7,CallerProcessName: C:\Windows\explorer.exe,CallerProcessId: 0x1640,,,,False,D:\UOW\SEM3\msc-diss-7csef001w\scenarios\scenario_4\run_1\artefacts\event_logs\Security.evtx,Audit success,0,"{""EventData"":{""Data"":[{""@Name"":""TargetUserName"",""#text"":""dfanalyst""},{""@Name"":""TargetDomainName"",""#text"":""disstestbedvm""},{""@Name"":""TargetSid"",""#text"":""S-1-5-21-4209295338-567392030-2519289182-1001""},{""@Name"":""SubjectUserSid"",""#text"":""S-1-5-21-4209295338-567392030-2519289182-1001""},{""@Name"":""SubjectUserName"",""#text"":""dfanalyst""},{""@Name"":""SubjectDomainName"",""#text"":""disstestbedvm""},{""@Name"":""SubjectLogonId"",""#text"":""0x570B7""},{""@Name"":""CallerProcessId"",""#text"":""0x1640""},{""@Name"":""CallerProcessName"",""#text"":""C:\\Windows\\explorer.exe""}]}}"
32787,32787,2026-08-22 11:48:03.6744072,4688,LogAlways,Microsoft-Windows-Security-Auditing,Security,4,3196,disstestbedvm,389,,A new process has been created,WORKGROUP\DISSTESTBEDVM$,,Parent process: C:\Windows\System32\svchost.exe,PID: 0x3FC,Parent PID: 0x27F8,Mandatory label: SECURITY_MANDATORY_MEDIUM_RID,Target User: disstestbedvm\dfanalyst,,C:\Windows\System32\dllhost.exe C:\WINDOWS\system32\DllHost.exe /Processid:{AB8902B4-09CA-4BB6-B78D-A8F59079A8D5},False,D:\UOW\SEM3\msc-diss-7csef001w\scenarios\scenario_4\run_1\artefacts\event_logs\Security.evtx,Audit success,0,"{""EventData"":{""Data"":[{""@Name"":""SubjectUserSid"",""#text"":""S-1-5-18""},{""@Name"":""SubjectUserName"",""#text"":""DISSTESTBEDVM$""},{""@Name"":""SubjectDomainName"",""#text"":""WORKGROUP""},{""@Name"":""SubjectLogonId"",""#text"":""0x3E7""},{""@Name"":""NewProcessId"",""#text"":""0x27F8""},{""@Name"":""NewProcessName"",""#text"":""C:\\Windows\\System32\\dllhost.exe""},{""@Name"":""TokenElevationType"",""#text"":""%%1938""},{""@Name"":""ProcessId"",""#text"":""0x3FC""},{""@Name"":""CommandLine"",""#text"":""C:\\WINDOWS\\system32\\DllHost.exe /Processid:{AB8902B4-09CA-4BB6-B78D-A8F59079A8D5}""},{""@Name"":""TargetUserSid"",""#text"":""S-1-5-21-4209295338-567392030-2519289182-1001""},{""@Name"":""TargetUserName"",""#text"":""dfanalyst""},{""@Name"":""TargetDomainName"",""#text"":""disstestbedvm""},{""@Name"":""TargetLogonId"",""#text"":""0x570B7""},{""@Name"":""ParentProcessName"",""#text"":""C:\\Windows\\System32\\svchost.exe""},{""@Name"":""MandatoryLabel"",""#text"":""S-1-16-8192""}]}}"
32788,32788,2026-08-22 11:48:03.7349194,4663,LogAlways,Microsoft-Windows-Security-Auditing,Security,4,3196,disstestbedvm,389,,Attempt was made to access an object,disstestbedvm\dfanalyst,,ObjectServer: Security,ObjectType: File,ObjectName: \Device\CdRom0\setup.exe,"AccessList: Unknown code (%%4416, )",,,C:\Windows\explorer.exe,False,D:\UOW\SEM3\msc-diss-7csef001w\scenarios\scenario_4\run_1\artefacts\event_logs\Security.evtx,Audit success,0,"{""EventData"":{""Data"":[{""@Name"":""SubjectUserSid"",""#text"":""S-1-5-21-4209295338-567392030-2519289182-1001""},{""@Name"":""SubjectUserName"",""#text"":""dfanalyst""},{""@Name"":""SubjectDomainName"",""#text"":""disstestbedvm""},{""@Name"":""SubjectLogonId"",""#text"":""0x570B7""},{""@Name"":""ObjectServer"",""#text"":""Security""},{""@Name"":""ObjectType"",""#text"":""File""},{""@Name"":""ObjectName"",""#text"":""\\Device\\CdRom0\\setup.exe""},{""@Name"":""HandleId"",""#text"":""0x3B34""},{""@Name"":""AccessList"",""#text"":""%%4416, ""},{""@Name"":""AccessMask"",""#text"":""0x1""},{""@Name"":""ProcessId"",""#text"":""0x1640""},{""@Name"":""ProcessName"",""#text"":""C:\\Windows\\explorer.exe""},{""@Name"":""ResourceAttributes""}]}}"
32789,32789,2026-08-22 11:48:08.7157567,4689,LogAlways,Microsoft-Windows-Security-Auditing,Security,4,7752,disstestbedvm,389,,A process has exited,disstestbedvm\dfanalyst,,,PID: 0x27F8,,,,,C:\Windows\System32\dllhost.exe,False,D:\UOW\SEM3\msc-diss-7csef001w\scenarios\scenario_4\run_1\artefacts\event_logs\Security.evtx,Audit success,0,"{""EventData"":{""Data"":[{""@Name"":""SubjectUserSid"",""#text"":""S-1-5-21-4209295338-567392030-2519289182-1001""},{""@Name"":""SubjectUserName"",""#text"":""dfanalyst""},{""@Name"":""SubjectDomainName"",""#text"":""disstestbedvm""},{""@Name"":""SubjectLogonId"",""#text"":""0x570B7""},{""@Name"":""Status"",""#text"":""0x0""},{""@Name"":""ProcessId"",""#text"":""0x27F8""},{""@Name"":""ProcessName"",""#text"":""C:\\Windows\\System32\\dllhost.exe""}]}}"
32790,32790,2026-08-22 11:48:09.0645218,4688,LogAlways,Microsoft-Windows-Security-Auditing,Security,4,540,disstestbedvm,389,,A new process has been created,WORKGROUP\DISSTESTBEDVM$,,Parent process: C:\Windows\System32\services.exe,PID: 0x364,Parent PID: 0x2A44,Mandatory label: SECURITY_MANDATORY_SYSTEM_RID,Target User: NT AUTHORITY\LOCAL SERVICE,,C:\Windows\System32\svchost.exe C:\WINDOWS\System32\svchost.exe -k LocalService -p -s LicenseManager,False,D:\UOW\SEM3\msc-diss-7csef001w\scenarios\scenario_4\run_1\artefacts\event_logs\Security.evtx,Audit success,0,"{""EventData"":{""Data"":[{""@Name"":""SubjectUserSid"",""#text"":""S-1-5-18""},{""@Name"":""SubjectUserName"",""#text"":""DISSTESTBEDVM$""},{""@Name"":""SubjectDomainName"",""#text"":""WORKGROUP""},{""@Name"":""SubjectLogonId"",""#text"":""0x3E7""},{""@Name"":""NewProcessId"",""#text"":""0x2A44""},{""@Name"":""NewProcessName"",""#text"":""C:\\Windows\\System32\\svchost.exe""},{""@Name"":""TokenElevationType"",""#text"":""%%1936""},{""@Name"":""ProcessId"",""#text"":""0x364""},{""@Name"":""CommandLine"",""#text"":""C:\\WINDOWS\\System32\\svchost.exe -k LocalService -p -s LicenseManager""},{""@Name"":""TargetUserSid"",""#text"":""S-1-5-19""},{""@Name"":""TargetUserName"",""#text"":""LOCAL SERVICE""},{""@Name"":""TargetDomainName"",""#text"":""NT AUTHORITY""},{""@Name"":""TargetLogonId"",""#text"":""0x3E5""},{""@Name"":""ParentProcessName"",""#text"":""C:\\Windows\\System32\\services.exe""},{""@Name"":""MandatoryLabel"",""#text"":""S-1-16-16384""}]}}"
32791,32791,2026-08-22 11:48:09.3507966,4624,LogAlways,Microsoft-Windows-Security-Auditing,Security,888,6996,disstestbedvm,389,,Successful logon,WORKGROUP\DISSTESTBEDVM$,- (-),Target: NT AUTHORITY\SYSTEM,LogonType 5,LogonId: 0x3E7,,,,C:\Windows\System32\services.exe,False,D:\UOW\SEM3\msc-diss-7csef001w\scenarios\scenario_4\run_1\artefacts\event_logs\Security.evtx,Audit success,0,"{""EventData"":{""Data"":[{""@Name"":""SubjectUserSid"",""#text"":""S-1-5-18""},{""@Name"":""SubjectUserName"",""#text"":""DISSTESTBEDVM$""},{""@Name"":""SubjectDomainName"",""#text"":""WORKGROUP""},{""@Name"":""SubjectLogonId"",""#text"":""0x3E7""},{""@Name"":""TargetUserSid"",""#text"":""S-1-5-18""},{""@Name"":""TargetUserName"",""#text"":""SYSTEM""},{""@Name"":""TargetDomainName"",""#text"":""NT AUTHORITY""},{""@Name"":""TargetLogonId"",""#text"":""0x3E7""},{""@Name"":""LogonType"",""#text"":""5""},{""@Name"":""LogonProcessName"",""#text"":""Advapi  ""},{""@Name"":""AuthenticationPackageName"",""#text"":""Negotiate""},{""@Name"":""WorkstationName"",""#text"":""-""},{""@Name"":""LogonGuid"",""#text"":""00000000-0000-0000-0000-000000000000""},{""@Name"":""TransmittedServices"",""#text"":""-""},{""@Name"":""LmPackageName"",""#text"":""-""},{""@Name"":""KeyLength"",""#text"":""0""},{""@Name"":""ProcessId"",""#text"":""0x364""},{""@Name"":""ProcessName"",""#text"":""C:\\Windows\\System32\\services.exe""},{""@Name"":""IpAddress"",""#text"":""-""},{""@Name"":""IpPort"",""#text"":""-""},{""@Name"":""ImpersonationLevel"",""#text"":""%%1833""},{""@Name"":""RestrictedAdminMode"",""#text"":""-""},{""@Name"":""RemoteCredentialGuard"",""#text"":""-""},{""@Name"":""TargetOutboundUserName"",""#text"":""-""},{""@Name"":""TargetOutboundDomainName"",""#text"":""-""},{""@Name"":""VirtualAccount"",""#text"":""%%1843""},{""@Name"":""TargetLinkedLogonId"",""#text"":""0x0""},{""@Name"":""ElevatedToken"",""#text"":""%%1842""}]}}"
32792,32792,2026-08-22 11:48:09.3508015,4672,LogAlways,Microsoft-Windows-Security-Auditing,Security,888,6996,disstestbedvm,389,,Administrative logon,NT AUTHORITY\SYSTEM (S-1-5-18),,"PrivilegeList: SeAssignPrimaryTokenPrivilege, SeTcbPrivilege, SeSecurityPrivilege, SeTakeOwnershipPrivilege, SeLoadDriverPrivilege, SeBackupPrivilege, SeRestorePrivilege, SeDebugPrivilege, SeAuditPrivilege, SeSystemEnvironmentPrivilege, SeImpersonatePrivilege, SeDelegateSessionUserImpersonatePrivilege",LogonId: 0x3E7,,,,,,False,D:\UOW\SEM3\msc-diss-7csef001w\scenarios\scenario_4\run_1\artefacts\event_logs\Security.evtx,Audit success,0,"{""EventData"":{""Data"":[{""@Name"":""SubjectUserSid"",""#text"":""S-1-5-18""},{""@Name"":""SubjectUserName"",""#text"":""SYSTEM""},{""@Name"":""SubjectDomainName"",""#text"":""NT AUTHORITY""},{""@Name"":""SubjectLogonId"",""#text"":""0x3E7""},{""@Name"":""PrivilegeList"",""#text"":""SeAssignPrimaryTokenPrivilege, SeTcbPrivilege, SeSecurityPrivilege, SeTakeOwnershipPrivilege, SeLoadDriverPrivilege, SeBackupPrivilege, SeRestorePrivilege, SeDebugPrivilege, SeAuditPrivilege, SeSystemEnvironmentPrivilege, SeImpersonatePrivilege, SeDelegateSessionUserImpersonatePrivilege""}]}}"
32793,32793,2026-08-22 11:48:09.3520618,4688,LogAlways,Microsoft-Windows-Security-Auditing,Security,4,7752,disstestbedvm,389,,A new process has been created,WORKGROUP\DISSTESTBEDVM$,,Parent process: C:\Windows\System32\services.exe,PID: 0x364,Parent PID: 0x84,Mandatory label: SECURITY_MANDATORY_SYSTEM_RID,Target User: -\-,,C:\Windows\System32\svchost.exe C:\WINDOWS\system32\svchost.exe -k netsvcs -p -s wlidsvc,False,D:\UOW\SEM3\msc-diss-7csef001w\scenarios\scenario_4\run_1\artefacts\event_logs\Security.evtx,Audit success,0,"{""EventData"":{""Data"":[{""@Name"":""SubjectUserSid"",""#text"":""S-1-5-18""},{""@Name"":""SubjectUserName"",""#text"":""DISSTESTBEDVM$""},{""@Name"":""SubjectDomainName"",""#text"":""WORKGROUP""},{""@Name"":""SubjectLogonId"",""#text"":""0x3E7""},{""@Name"":""NewProcessId"",""#text"":""0x84""},{""@Name"":""NewProcessName"",""#text"":""C:\\Windows\\System32\\svchost.exe""},{""@Name"":""TokenElevationType"",""#text"":""%%1936""},{""@Name"":""ProcessId"",""#text"":""0x364""},{""@Name"":""CommandLine"",""#text"":""C:\\WINDOWS\\system32\\svchost.exe -k netsvcs -p -s wlidsvc""},{""@Name"":""TargetUserSid"",""#text"":""S-1-0-0""},{""@Name"":""TargetUserName"",""#text"":""-""},{""@Name"":""TargetDomainName"",""#text"":""-""},{""@Name"":""TargetLogonId"",""#text"":""0x0""},{""@Name"":""ParentProcessName"",""#text"":""C:\\Windows\\System32\\services.exe""},{""@Name"":""MandatoryLabel"",""#text"":""S-1-16-16384""}]}}"
32794,32794,2026-08-22 11:48:09.3904786,5379,LogAlways,Microsoft-Windows-Security-Auditing,Security,888,940,disstestbedvm,389,,,,,,,,,,,,False,D:\UOW\SEM3\msc-diss-7csef001w\scenarios\scenario_4\run_1\artefacts\event_logs\Security.evtx,Audit success,0,"{""EventData"":{""Data"":[{""@Name"":""SubjectUserSid"",""#text"":""S-1-5-18""},{""@Name"":""SubjectUserName"",""#text"":""DISSTESTBEDVM$""},{""@Name"":""SubjectDomainName"",""#text"":""WORKGROUP""},{""@Name"":""SubjectLogonId"",""#text"":""0x3E7""},{""@Name"":""TargetName"",""#text"":""WindowsLive:(token):name=02ifhfvyqmtyqxuj;serviceuri=*""},{""@Name"":""Type"",""#text"":""0""},{""@Name"":""CountOfCredentialsReturned"",""#text"":""0""},{""@Name"":""ReadOperation"",""#text"":""%%8100""},{""@Name"":""ReturnCode"",""#text"":""3221226021""},{""@Name"":""ProcessCreationTime"",""#text"":""2026-08-22 11:48:09.3520015""},{""@Name"":""ClientProcessId"",""#text"":""132""}]}}"
32795,32795,2026-08-22 11:48:09.3907031,5379,LogAlways,Microsoft-Windows-Security-Auditing,Security,888,940,disstestbedvm,389,,,,,,,,,,,,False,D:\UOW\SEM3\msc-diss-7csef001w\scenarios\scenario_4\run_1\artefacts\event_logs\Security.evtx,Audit success,0,"{""EventData"":{""Data"":[{""@Name"":""SubjectUserSid"",""#text"":""S-1-5-18""},{""@Name"":""SubjectUserName"",""#text"":""DISSTESTBEDVM$""},{""@Name"":""SubjectDomainName"",""#text"":""WORKGROUP""},{""@Name"":""SubjectLogonId"",""#text"":""0x3E7""},{""@Name"":""TargetName"",""#text"":""WindowsLive:(cert):name=02ifhfvyqmtyqxuj;serviceuri=*""},{""@Name"":""Type"",""#text"":""0""},{""@Name"":""CountOfCredentialsReturned"",""#text"":""0""},{""@Name"":""ReadOperation"",""#text"":""%%8100""},{""@Name"":""ReturnCode"",""#text"":""3221226021""},{""@Name"":""ProcessCreationTime"",""#text"":""2026-08-22 11:48:09.3520015""},{""@Name"":""ClientProcessId"",""#text"":""132""}]}}"
32796,32796,2026-08-22 11:48:09.3908025,5379,LogAlways,Microsoft-Windows-Security-Auditing,Security,888,940,disstestbedvm,389,,,,,,,,,,,,False,D:\UOW\SEM3\msc-diss-7csef001w\scenarios\scenario_4\run_1\artefacts\event_logs\Security.evtx,Audit success,0,"{""EventData"":{""Data"":[{""@Name"":""SubjectUserSid"",""#text"":""S-1-5-18""},{""@Name"":""SubjectUserName"",""#text"":""DISSTESTBEDVM$""},{""@Name"":""SubjectDomainName"",""#text"":""WORKGROUP""},{""@Name"":""SubjectLogonId"",""#text"":""0x3E7""},{""@Name"":""TargetName"",""#text"":""WindowsLive:target=virtualapp/didlogical""},{""@Name"":""Type"",""#text"":""0""},{""@Name"":""CountOfCredentialsReturned"",""#text"":""1""},{""@Name"":""ReadOperation"",""#text"":""%%8100""},{""@Name"":""ReturnCode"",""#text"":""0""},{""@Name"":""ProcessCreationTime"",""#text"":""2026-08-22 11:48:09.3520015""},{""@Name"":""ClientProcessId"",""#text"":""132""}]}}"
32797,32797,2026-08-22 11:48:09.3926161,5379,LogAlways,Microsoft-Windows-Security-Auditing,Security,888,940,disstestbedvm,389,,,,,,,,,,,,False,D:\UOW\SEM3\msc-diss-7csef001w\scenarios\scenario_4\run_1\artefacts\event_logs\Security.evtx,Audit success,0,"{""EventData"":{""Data"":[{""@Name"":""SubjectUserSid"",""#text"":""S-1-5-21-4209295338-567392030-2519289182-1001""},{""@Name"":""SubjectUserName"",""#text"":""dfanalyst""},{""@Name"":""SubjectDomainName"",""#text"":""disstestbedvm""},{""@Name"":""SubjectLogonId"",""#text"":""0x570B7""},{""@Name"":""TargetName"",""#text"":""WindowsLive:(token):name=02fgkkqegieoagrb;serviceuri=*""},{""@Name"":""Type"",""#text"":""0""},{""@Name"":""CountOfCredentialsReturned"",""#text"":""0""},{""@Name"":""ReadOperation"",""#text"":""%%8100""},{""@Name"":""ReturnCode"",""#text"":""3221226021""},{""@Name"":""ProcessCreationTime"",""#text"":""2026-08-22 11:48:09.3520015""},{""@Name"":""ClientProcessId"",""#text"":""132""}]}}"
32798,32798,2026-08-22 11:48:09.3927900,5379,LogAlways,Microsoft-Windows-Security-Auditing,Security,888,940,disstestbedvm,389,,,,,,,,,,,,False,D:\UOW\SEM3\msc-diss-7csef001w\scenarios\scenario_4\run_1\artefacts\event_logs\Security.evtx,Audit success,0,"{""EventData"":{""Data"":[{""@Name"":""SubjectUserSid"",""#text"":""S-1-5-21-4209295338-567392030-2519289182-1001""},{""@Name"":""SubjectUserName"",""#text"":""dfanalyst""},{""@Name"":""SubjectDomainName"",""#text"":""disstestbedvm""},{""@Name"":""SubjectLogonId"",""#text"":""0x570B7""},{""@Name"":""TargetName"",""#text"":""WindowsLive:(cert):name=02fgkkqegieoagrb;serviceuri=*""},{""@Name"":""Type"",""#text"":""0""},{""@Name"":""CountOfCredentialsReturned"",""#text"":""0""},{""@Name"":""ReadOperation"",""#text"":""%%8100""},{""@Name"":""ReturnCode"",""#text"":""3221226021""},{""@Name"":""ProcessCreationTime"",""#text"":""2026-08-22 11:48:09.3520015""},{""@Name"":""ClientProcessId"",""#text"":""132""}]}}"
32799,32799,2026-08-22 11:48:09.3928558,5379,LogAlways,Microsoft-Windows-Security-Auditing,Security,888,940,disstestbedvm,389,,,,,,,,,,,,False,D:\UOW\SEM3\msc-diss-7csef001w\scenarios\scenario_4\run_1\artefacts\event_logs\Security.evtx,Audit success,0,"{""EventData"":{""Data"":[{""@Name"":""SubjectUserSid"",""#text"":""S-1-5-21-4209295338-567392030-2519289182-1001""},{""@Name"":""SubjectUserName"",""#text"":""dfanalyst""},{""@Name"":""SubjectDomainName"",""#text"":""disstestbedvm""},{""@Name"":""SubjectLogonId"",""#text"":""0x570B7""},{""@Name"":""TargetName"",""#text"":""WindowsLive:target=virtualapp/didlogical""},{""@Name"":""Type"",""#text"":""0""},{""@Name"":""CountOfCredentialsReturned"",""#text"":""1""},{""@Name"":""ReadOperation"",""#text"":""%%8100""},{""@Name"":""ReturnCode"",""#text"":""0""},{""@Name"":""ProcessCreationTime"",""#text"":""2026-08-22 11:48:09.3520015""},{""@Name"":""ClientProcessId"",""#text"":""132""}]}}"
32800,32800,2026-08-22 11:48:09.3941191,5379,LogAlways,Microsoft-Windows-Security-Auditing,Security,888,940,disstestbedvm,389,,,,,,,,,,,,False,D:\UOW\SEM3\msc-diss-7csef001w\scenarios\scenario_4\run_1\artefacts\event_logs\Security.evtx,Audit success,0,"{""EventData"":{""Data"":[{""@Name"":""SubjectUserSid"",""#text"":""S-1-5-21-4209295338-567392030-2519289182-1001""},{""@Name"":""SubjectUserName"",""#text"":""dfanalyst""},{""@Name"":""SubjectDomainName"",""#text"":""disstestbedvm""},{""@Name"":""SubjectLogonId"",""#text"":""0x570B7""},{""@Name"":""TargetName"",""#text"":""MicrosoftAccount:user=02fgkkqegieoagrb""},{""@Name"":""Type"",""#text"":""0""},{""@Name"":""CountOfCredentialsReturned"",""#text"":""0""},{""@Name"":""ReadOperation"",""#text"":""%%8100""},{""@Name"":""ReturnCode"",""#text"":""3221226021""},{""@Name"":""ProcessCreationTime"",""#text"":""2026-08-22 11:48:09.3520015""},{""@Name"":""ClientProcessId"",""#text"":""132""}]}}"
32801,32801,2026-08-22 11:48:09.3941790,5379,LogAlways,Microsoft-Windows-Security-Auditing,Security,888,940,disstestbedvm,389,,,,,,,,,,,,False,D:\UOW\SEM3\msc-diss-7csef001w\scenarios\scenario_4\run_1\artefacts\event_logs\Security.evtx,Audit success,0,"{""EventData"":{""Data"":[{""@Name"":""SubjectUserSid"",""#text"":""S-1-5-21-4209295338-567392030-2519289182-1001""},{""@Name"":""SubjectUserName"",""#text"":""dfanalyst""},{""@Name"":""SubjectDomainName"",""#text"":""disstestbedvm""},{""@Name"":""SubjectLogonId"",""#text"":""0x570B7""},{""@Name"":""TargetName"",""#text"":""WindowsLive:(token):name=02fgkkqegieoagrb;serviceuri=*""},{""@Name"":""Type"",""#text"":""0""},{""@Name"":""CountOfCredentialsReturned"",""#text"":""0""},{""@Name"":""ReadOperation"",""#text"":""%%8100""},{""@Name"":""ReturnCode"",""#text"":""3221226021""},{""@Name"":""ProcessCreationTime"",""#text"":""2026-08-22 11:48:09.3520015""},{""@Name"":""ClientProcessId"",""#text"":""132""}]}}"
32802,32802,2026-08-22 11:48:09.3943686,5379,LogAlways,Microsoft-Windows-Security-Auditing,Security,888,940,disstestbedvm,389,,,,,,,,,,,,False,D:\UOW\SEM3\msc-diss-7csef001w\scenarios\scenario_4\run_1\artefacts\event_logs\Security.evtx,Audit success,0,"{""EventData"":{""Data"":[{""@Name"":""SubjectUserSid"",""#text"":""S-1-5-21-4209295338-567392030-2519289182-1001""},{""@Name"":""SubjectUserName"",""#text"":""dfanalyst""},{""@Name"":""SubjectDomainName"",""#text"":""disstestbedvm""},{""@Name"":""SubjectLogonId"",""#text"":""0x570B7""},{""@Name"":""TargetName"",""#text"":""WindowsLive:(cert):name=02fgkkqegieoagrb;serviceuri=*""},{""@Name"":""Type"",""#text"":""0""},{""@Name"":""CountOfCredentialsReturned"",""#text"":""0""},{""@Name"":""ReadOperation"",""#text"":""%%8100""},{""@Name"":""ReturnCode"",""#text"":""3221226021""},{""@Name"":""ProcessCreationTime"",""#text"":""2026-08-22 11:48:09.3520015""},{""@Name"":""ClientProcessId"",""#text"":""132""}]}}"
32803,32803,2026-08-22 11:48:09.7040431,5379,LogAlways,Microsoft-Windows-Security-Auditing,Security,888,6996,disstestbedvm,389,,,,,,,,,,,,False,D:\UOW\SEM3\msc-diss-7csef001w\scenarios\scenario_4\run_1\artefacts\event_logs\Security.evtx,Audit success,0,"{""EventData"":{""Data"":[{""@Name"":""SubjectUserSid"",""#text"":""S-1-5-21-4209295338-567392030-2519289182-1001""},{""@Name"":""SubjectUserName"",""#text"":""dfanalyst""},{""@Name"":""SubjectDomainName"",""#text"":""disstestbedvm""},{""@Name"":""SubjectLogonId"",""#text"":""0x570B7""},{""@Name"":""TargetName"",""#text"":""MicrosoftAccount:user=02fgkkqegieoagrb""},{""@Name"":""Type"",""#text"":""0""},{""@Name"":""CountOfCredentialsReturned"",""#text"":""0""},{""@Name"":""ReadOperation"",""#text"":""%%8100""},{""@Name"":""ReturnCode"",""#text"":""3221226021""},{""@Name"":""ProcessCreationTime"",""#text"":""2026-08-22 11:48:09.3520015""},{""@Name"":""ClientProcessId"",""#text"":""132""}]}}"
32804,32804,2026-08-22 11:48:09.7102315,5379,LogAlways,Microsoft-Windows-Security-Auditing,Security,888,6996,disstestbedvm,389,,,,,,,,,,,,False,D:\UOW\SEM3\msc-diss-7csef001w\scenarios\scenario_4\run_1\artefacts\event_logs\Security.evtx,Audit success,0,"{""EventData"":{""Data"":[{""@Name"":""SubjectUserSid"",""#text"":""S-1-5-21-4209295338-567392030-2519289182-1001""},{""@Name"":""SubjectUserName"",""#text"":""dfanalyst""},{""@Name"":""SubjectDomainName"",""#text"":""disstestbedvm""},{""@Name"":""SubjectLogonId"",""#text"":""0x570B7""},{""@Name"":""TargetName"",""#text"":""MicrosoftAccount:user=02fgkkqegieoagrb""},{""@Name"":""Type"",""#text"":""0""},{""@Name"":""CountOfCredentialsReturned"",""#text"":""0""},{""@Name"":""ReadOperation"",""#text"":""%%8100""},{""@Name"":""ReturnCode"",""#text"":""3221226021""},{""@Name"":""ProcessCreationTime"",""#text"":""2026-08-22 11:48:09.3520015""},{""@Name"":""ClientProcessId"",""#text"":""132""}]}}"
32805,32805,2026-08-22 11:48:09.7131909,5379,LogAlways,Microsoft-Windows-Security-Auditing,Security,888,6996,disstestbedvm,389,,,,,,,,,,,,False,D:\UOW\SEM3\msc-diss-7csef001w\scenarios\scenario_4\run_1\artefacts\event_logs\Security.evtx,Audit success,0,"{""EventData"":{""Data"":[{""@Name"":""SubjectUserSid"",""#text"":""S-1-5-21-4209295338-567392030-2519289182-1001""},{""@Name"":""SubjectUserName"",""#text"":""dfanalyst""},{""@Name"":""SubjectDomainName"",""#text"":""disstestbedvm""},{""@Name"":""SubjectLogonId"",""#text"":""0x570B7""},{""@Name"":""TargetName"",""#text"":""MicrosoftAccount:user=02fgkkqegieoagrb""},{""@Name"":""Type"",""#text"":""0""},{""@Name"":""CountOfCredentialsReturned"",""#text"":""0""},{""@Name"":""ReadOperation"",""#text"":""%%8100""},{""@Name"":""ReturnCode"",""#text"":""3221226021""},{""@Name"":""ProcessCreationTime"",""#text"":""2026-08-22 11:48:09.3520015""},{""@Name"":""ClientProcessId"",""#text"":""132""}]}}"
32806,32806,2026-08-22 11:48:09.7132417,5379,LogAlways,Microsoft-Windows-Security-Auditing,Security,888,6996,disstestbedvm,389,,,,,,,,,,,,False,D:\UOW\SEM3\msc-diss-7csef001w\scenarios\scenario_4\run_1\artefacts\event_logs\Security.evtx,Audit success,0,"{""EventData"":{""Data"":[{""@Name"":""SubjectUserSid"",""#text"":""S-1-5-21-4209295338-567392030-2519289182-1001""},{""@Name"":""SubjectUserName"",""#text"":""dfanalyst""},{""@Name"":""SubjectDomainName"",""#text"":""disstestbedvm""},{""@Name"":""SubjectLogonId"",""#text"":""0x570B7""},{""@Name"":""TargetName"",""#text"":""MicrosoftAccount:user=02fgkkqegieoagrb""},{""@Name"":""Type"",""#text"":""0""},{""@Name"":""CountOfCredentialsReturned"",""#text"":""0""},{""@Name"":""ReadOperation"",""#text"":""%%8100""},{""@Name"":""ReturnCode"",""#text"":""3221226021""},{""@Name"":""ProcessCreationTime"",""#text"":""2026-08-22 11:48:09.3520015""},{""@Name"":""ClientProcessId"",""#text"":""132""}]}}"
32807,32807,2026-08-22 11:48:19.4378697,4689,LogAlways,Microsoft-Windows-Security-Auditing,Security,4,6532,disstestbedvm,389,,A process has exited,disstestbedvm\dfanalyst,,,PID: 0x27D0,,,,,C:\Windows\System32\RuntimeBroker.exe,False,D:\UOW\SEM3\msc-diss-7csef001w\scenarios\scenario_4\run_1\artefacts\event_logs\Security.evtx,Audit success,0,"{""EventData"":{""Data"":[{""@Name"":""SubjectUserSid"",""#text"":""S-1-5-21-4209295338-567392030-2519289182-1001""},{""@Name"":""SubjectUserName"",""#text"":""dfanalyst""},{""@Name"":""SubjectDomainName"",""#text"":""disstestbedvm""},{""@Name"":""SubjectLogonId"",""#text"":""0x570B7""},{""@Name"":""Status"",""#text"":""0x0""},{""@Name"":""ProcessId"",""#text"":""0x27D0""},{""@Name"":""ProcessName"",""#text"":""C:\\Windows\\System32\\RuntimeBroker.exe""}]}}"
32814,32814,2026-08-22 11:49:06.9366451,4688,LogAlways,Microsoft-Windows-Security-Auditing,Security,4,6532,disstestbedvm,389,,A new process has been created,disstestbedvm\dfanalyst,,Parent process: C:\Windows\explorer.exe,PID: 0x1640,Parent PID: 0x1840,Mandatory label: SECURITY_MANDATORY_MEDIUM_RID,Target User: -\-,,"\Device\HarddiskVolume6\PORTABLE\HelloWorld.exe ""E:\PORTABLE\HelloWorld.exe"" ",False,D:\UOW\SEM3\msc-diss-7csef001w\scenarios\scenario_4\run_1\artefacts\event_logs\Security.evtx,Audit success,0,"{""EventData"":{""Data"":[{""@Name"":""SubjectUserSid"",""#text"":""S-1-5-21-4209295338-567392030-2519289182-1001""},{""@Name"":""SubjectUserName"",""#text"":""dfanalyst""},{""@Name"":""SubjectDomainName"",""#text"":""disstestbedvm""},{""@Name"":""SubjectLogonId"",""#text"":""0x570B7""},{""@Name"":""NewProcessId"",""#text"":""0x1840""},{""@Name"":""NewProcessName"",""#text"":""\\Device\\HarddiskVolume6\\PORTABLE\\HelloWorld.exe""},{""@Name"":""TokenElevationType"",""#text"":""%%1938""},{""@Name"":""ProcessId"",""#text"":""0x1640""},{""@Name"":""CommandLine"",""#text"":""\""E:\\PORTABLE\\HelloWorld.exe\"" ""},{""@Name"":""TargetUserSid"",""#text"":""S-1-0-0""},{""@Name"":""TargetUserName"",""#text"":""-""},{""@Name"":""TargetDomainName"",""#text"":""-""},{""@Name"":""TargetLogonId"",""#text"":""0x0""},{""@Name"":""ParentProcessName"",""#text"":""C:\\Windows\\explorer.exe""},{""@Name"":""MandatoryLabel"",""#text"":""S-1-16-8192""}]}}"
32815,32815,2026-08-22 11:49:06.9627639,4688,LogAlways,Microsoft-Windows-Security-Auditing,Security,4,10300,disstestbedvm,389,,A new process has been created,disstestbedvm\dfanalyst,,Parent process: \Device\HarddiskVolume6\PORTABLE\HelloWorld.exe,PID: 0x1840,Parent PID: 0x2174,Mandatory label: SECURITY_MANDATORY_MEDIUM_RID,Target User: -\-,,C:\Windows\System32\conhost.exe \??\C:\WINDOWS\system32\conhost.exe 0xffffffff -ForceV1,False,D:\UOW\SEM3\msc-diss-7csef001w\scenarios\scenario_4\run_1\artefacts\event_logs\Security.evtx,Audit success,0,"{""EventData"":{""Data"":[{""@Name"":""SubjectUserSid"",""#text"":""S-1-5-21-4209295338-567392030-2519289182-1001""},{""@Name"":""SubjectUserName"",""#text"":""dfanalyst""},{""@Name"":""SubjectDomainName"",""#text"":""disstestbedvm""},{""@Name"":""SubjectLogonId"",""#text"":""0x570B7""},{""@Name"":""NewProcessId"",""#text"":""0x2174""},{""@Name"":""NewProcessName"",""#text"":""C:\\Windows\\System32\\conhost.exe""},{""@Name"":""TokenElevationType"",""#text"":""%%1938""},{""@Name"":""ProcessId"",""#text"":""0x1840""},{""@Name"":""CommandLine"",""#text"":""\\??\\C:\\WINDOWS\\system32\\conhost.exe 0xffffffff -ForceV1""},{""@Name"":""TargetUserSid"",""#text"":""S-1-0-0""},{""@Name"":""TargetUserName"",""#text"":""-""},{""@Name"":""TargetDomainName"",""#text"":""-""},{""@Name"":""TargetLogonId"",""#text"":""0x0""},{""@Name"":""ParentProcessName"",""#text"":""\\Device\\HarddiskVolume6\\PORTABLE\\HelloWorld.exe""},{""@Name"":""MandatoryLabel"",""#text"":""S-1-16-8192""}]}}"
32816,32816,2026-08-22 11:49:07.0047631,4688,LogAlways,Microsoft-Windows-Security-Auditing,Security,4,10300,disstestbedvm,389,,A new process has been created,WORKGROUP\DISSTESTBEDVM$,,Parent process: C:\Windows\System32\svchost.exe,PID: 0x3FC,Parent PID: 0x3F0,Mandatory label: SECURITY_MANDATORY_MEDIUM_RID,Target User: disstestbedvm\dfanalyst,,"C:\Program Files\WindowsApps\Microsoft.WindowsTerminal_1.24.11911.0_x64__8wekyb3d8bbwe\OpenConsole.exe ""C:\Program Files\WindowsApps\Microsoft.WindowsTerminal_1.24.11911.0_x64__8wekyb3d8bbwe\OpenConsole.exe"" -Embedding",False,D:\UOW\SEM3\msc-diss-7csef001w\scenarios\scenario_4\run_1\artefacts\event_logs\Security.evtx,Audit success,0,"{""EventData"":{""Data"":[{""@Name"":""SubjectUserSid"",""#text"":""S-1-5-18""},{""@Name"":""SubjectUserName"",""#text"":""DISSTESTBEDVM$""},{""@Name"":""SubjectDomainName"",""#text"":""WORKGROUP""},{""@Name"":""SubjectLogonId"",""#text"":""0x3E7""},{""@Name"":""NewProcessId"",""#text"":""0x3F0""},{""@Name"":""NewProcessName"",""#text"":""C:\\Program Files\\WindowsApps\\Microsoft.WindowsTerminal_1.24.11911.0_x64__8wekyb3d8bbwe\\OpenConsole.exe""},{""@Name"":""TokenElevationType"",""#text"":""%%1938""},{""@Name"":""ProcessId"",""#text"":""0x3FC""},{""@Name"":""CommandLine"",""#text"":""\""C:\\Program Files\\WindowsApps\\Microsoft.WindowsTerminal_1.24.11911.0_x64__8wekyb3d8bbwe\\OpenConsole.exe\"" -Embedding""},{""@Name"":""TargetUserSid"",""#text"":""S-1-5-21-4209295338-567392030-2519289182-1001""},{""@Name"":""TargetUserName"",""#text"":""dfanalyst""},{""@Name"":""TargetDomainName"",""#text"":""disstestbedvm""},{""@Name"":""TargetLogonId"",""#text"":""0x570B7""},{""@Name"":""ParentProcessName"",""#text"":""C:\\Windows\\System32\\svchost.exe""},{""@Name"":""MandatoryLabel"",""#text"":""S-1-16-8192""}]}}"
32817,32817,2026-08-22 11:49:07.1494577,4688,LogAlways,Microsoft-Windows-Security-Auditing,Security,4,10292,disstestbedvm,389,,A new process has been created,WORKGROUP\DISSTESTBEDVM$,,Parent process: C:\Windows\System32\svchost.exe,PID: 0x3FC,Parent PID: 0x1A60,Mandatory label: SECURITY_MANDATORY_MEDIUM_RID,Target User: disstestbedvm\dfanalyst,,"C:\Program Files\WindowsApps\Microsoft.WindowsTerminal_1.24.11911.0_x64__8wekyb3d8bbwe\WindowsTerminal.exe ""C:\Program Files\WindowsApps\Microsoft.WindowsTerminal_1.24.11911.0_x64__8wekyb3d8bbwe\WindowsTerminal.exe"" -Embedding",False,D:\UOW\SEM3\msc-diss-7csef001w\scenarios\scenario_4\run_1\artefacts\event_logs\Security.evtx,Audit success,0,"{""EventData"":{""Data"":[{""@Name"":""SubjectUserSid"",""#text"":""S-1-5-18""},{""@Name"":""SubjectUserName"",""#text"":""DISSTESTBEDVM$""},{""@Name"":""SubjectDomainName"",""#text"":""WORKGROUP""},{""@Name"":""SubjectLogonId"",""#text"":""0x3E7""},{""@Name"":""NewProcessId"",""#text"":""0x1A60""},{""@Name"":""NewProcessName"",""#text"":""C:\\Program Files\\WindowsApps\\Microsoft.WindowsTerminal_1.24.11911.0_x64__8wekyb3d8bbwe\\WindowsTerminal.exe""},{""@Name"":""TokenElevationType"",""#text"":""%%1938""},{""@Name"":""ProcessId"",""#text"":""0x3FC""},{""@Name"":""CommandLine"",""#text"":""\""C:\\Program Files\\WindowsApps\\Microsoft.WindowsTerminal_1.24.11911.0_x64__8wekyb3d8bbwe\\WindowsTerminal.exe\"" -Embedding""},{""@Name"":""TargetUserSid"",""#text"":""S-1-5-21-4209295338-567392030-2519289182-1001""},{""@Name"":""TargetUserName"",""#text"":""dfanalyst""},{""@Name"":""TargetDomainName"",""#text"":""disstestbedvm""},{""@Name"":""TargetLogonId"",""#text"":""0x570B7""},{""@Name"":""ParentProcessName"",""#text"":""C:\\Windows\\System32\\svchost.exe""},{""@Name"":""MandatoryLabel"",""#text"":""S-1-16-8192""}]}}"
32818,32818,2026-08-22 11:49:26.8699209,4688,LogAlways,Microsoft-Windows-Security-Auditing,Security,4,7752,disstestbedvm,389,,A new process has been created,WORKGROUP\DISSTESTBEDVM$,,Parent process: C:\Windows\UUS\amd64\MoUsoCoreWorker.exe,PID: 0x1AD4,Parent PID: 0x1858,Mandatory label: SECURITY_MANDATORY_MEDIUM_RID,Target User: disstestbedvm\dfanalyst,,C:\Windows\UUS\amd64\MoNotificationUx.exe C:\WINDOWS\uus\AMD64\MoNotificationUx.exe /ClearActiveNotifications /CV CmtpaiJt2kasgk3c.1.0.0,False,D:\UOW\SEM3\msc-diss-7csef001w\scenarios\scenario_4\run_1\artefacts\event_logs\Security.evtx,Audit success,0,"{""EventData"":{""Data"":[{""@Name"":""SubjectUserSid"",""#text"":""S-1-5-18""},{""@Name"":""SubjectUserName"",""#text"":""DISSTESTBEDVM$""},{""@Name"":""SubjectDomainName"",""#text"":""WORKGROUP""},{""@Name"":""SubjectLogonId"",""#text"":""0x3E7""},{""@Name"":""NewProcessId"",""#text"":""0x1858""},{""@Name"":""NewProcessName"",""#text"":""C:\\Windows\\UUS\\amd64\\MoNotificationUx.exe""},{""@Name"":""TokenElevationType"",""#text"":""%%1938""},{""@Name"":""ProcessId"",""#text"":""0x1AD4""},{""@Name"":""CommandLine"",""#text"":""C:\\WINDOWS\\uus\\AMD64\\MoNotificationUx.exe /ClearActiveNotifications /CV CmtpaiJt2kasgk3c.1.0.0""},{""@Name"":""TargetUserSid"",""#text"":""S-1-5-21-4209295338-567392030-2519289182-1001""},{""@Name"":""TargetUserName"",""#text"":""dfanalyst""},{""@Name"":""TargetDomainName"",""#text"":""disstestbedvm""},{""@Name"":""TargetLogonId"",""#text"":""0x570B7""},{""@Name"":""ParentProcessName"",""#text"":""C:\\Windows\\UUS\\amd64\\MoUsoCoreWorker.exe""},{""@Name"":""MandatoryLabel"",""#text"":""S-1-16-8192""}]}}"
32819,32819,2026-08-22 11:49:26.9398061,4689,LogAlways,Microsoft-Windows-Security-Auditing,Security,4,3196,disstestbedvm,389,,A process has exited,disstestbedvm\dfanalyst,,,PID: 0x1858,,,,,C:\Windows\UUS\amd64\MoNotificationUx.exe,False,D:\UOW\SEM3\msc-diss-7csef001w\scenarios\scenario_4\run_1\artefacts\event_logs\Security.evtx,Audit success,0,"{""EventData"":{""Data"":[{""@Name"":""SubjectUserSid"",""#text"":""S-1-5-21-4209295338-567392030-2519289182-1001""},{""@Name"":""SubjectUserName"",""#text"":""dfanalyst""},{""@Name"":""SubjectDomainName"",""#text"":""disstestbedvm""},{""@Name"":""SubjectLogonId"",""#text"":""0x570B7""},{""@Name"":""Status"",""#text"":""0x0""},{""@Name"":""ProcessId"",""#text"":""0x1858""},{""@Name"":""ProcessName"",""#text"":""C:\\Windows\\UUS\\amd64\\MoNotificationUx.exe""}]}}"
32820,32820,2026-08-22 11:49:27.0282963,4688,LogAlways,Microsoft-Windows-Security-Auditing,Security,4,9220,disstestbedvm,389,,A new process has been created,WORKGROUP\DISSTESTBEDVM$,,Parent process: C:\Windows\System32\svchost.exe,PID: 0x83C,Parent PID: 0x2520,Mandatory label: SECURITY_MANDATORY_SYSTEM_RID,Target User: -\-,,C:\Windows\System32\taskhostw.exe taskhostw.exe,False,D:\UOW\SEM3\msc-diss-7csef001w\scenarios\scenario_4\run_1\artefacts\event_logs\Security.evtx,Audit success,0,"{""EventData"":{""Data"":[{""@Name"":""SubjectUserSid"",""#text"":""S-1-5-18""},{""@Name"":""SubjectUserName"",""#text"":""DISSTESTBEDVM$""},{""@Name"":""SubjectDomainName"",""#text"":""WORKGROUP""},{""@Name"":""SubjectLogonId"",""#text"":""0x3E7""},{""@Name"":""NewProcessId"",""#text"":""0x2520""},{""@Name"":""NewProcessName"",""#text"":""C:\\Windows\\System32\\taskhostw.exe""},{""@Name"":""TokenElevationType"",""#text"":""%%1936""},{""@Name"":""ProcessId"",""#text"":""0x83C""},{""@Name"":""CommandLine"",""#text"":""taskhostw.exe""},{""@Name"":""TargetUserSid"",""#text"":""S-1-0-0""},{""@Name"":""TargetUserName"",""#text"":""-""},{""@Name"":""TargetDomainName"",""#text"":""-""},{""@Name"":""TargetLogonId"",""#text"":""0x0""},{""@Name"":""ParentProcessName"",""#text"":""C:\\Windows\\System32\\svchost.exe""},{""@Name"":""MandatoryLabel"",""#text"":""S-1-16-16384""}]}}"
32821,32821,2026-08-22 11:49:28.0448065,4689,LogAlways,Microsoft-Windows-Security-Auditing,Security,4,7752,disstestbedvm,390,,A process has exited,WORKGROUP\DISSTESTBEDVM$,,,PID: 0x2520,,,,,C:\Windows\System32\taskhostw.exe,False,D:\UOW\SEM3\msc-diss-7csef001w\scenarios\scenario_4\run_1\artefacts\event_logs\Security.evtx,Audit success,0,"{""EventData"":{""Data"":[{""@Name"":""SubjectUserSid"",""#text"":""S-1-5-18""},{""@Name"":""SubjectUserName"",""#text"":""DISSTESTBEDVM$""},{""@Name"":""SubjectDomainName"",""#text"":""WORKGROUP""},{""@Name"":""SubjectLogonId"",""#text"":""0x3E7""},{""@Name"":""Status"",""#text"":""0x0""},{""@Name"":""ProcessId"",""#text"":""0x2520""},{""@Name"":""ProcessName"",""#text"":""C:\\Windows\\System32\\taskhostw.exe""}]}}"
32822,32822,2026-08-22 11:49:40.6723729,4689,LogAlways,Microsoft-Windows-Security-Auditing,Security,4,7752,disstestbedvm,390,,A process has exited,disstestbedvm\dfanalyst,,,PID: 0x1840,,,,,\Device\HarddiskVolume6\PORTABLE\HelloWorld.exe,False,D:\UOW\SEM3\msc-diss-7csef001w\scenarios\scenario_4\run_1\artefacts\event_logs\Security.evtx,Audit success,0,"{""EventData"":{""Data"":[{""@Name"":""SubjectUserSid"",""#text"":""S-1-5-21-4209295338-567392030-2519289182-1001""},{""@Name"":""SubjectUserName"",""#text"":""dfanalyst""},{""@Name"":""SubjectDomainName"",""#text"":""disstestbedvm""},{""@Name"":""SubjectLogonId"",""#text"":""0x570B7""},{""@Name"":""Status"",""#text"":""0x0""},{""@Name"":""ProcessId"",""#text"":""0x1840""},{""@Name"":""ProcessName"",""#text"":""\\Device\\HarddiskVolume6\\PORTABLE\\HelloWorld.exe""}]}}"
32823,32823,2026-08-22 11:49:40.6751661,4689,LogAlways,Microsoft-Windows-Security-Auditing,Security,4,8048,disstestbedvm,390,,A process has exited,disstestbedvm\dfanalyst,,,PID: 0x3F0,,,,,C:\Program Files\WindowsApps\Microsoft.WindowsTerminal_1.24.11911.0_x64__8wekyb3d8bbwe\OpenConsole.exe,False,D:\UOW\SEM3\msc-diss-7csef001w\scenarios\scenario_4\run_1\artefacts\event_logs\Security.evtx,Audit success,0,"{""EventData"":{""Data"":[{""@Name"":""SubjectUserSid"",""#text"":""S-1-5-21-4209295338-567392030-2519289182-1001""},{""@Name"":""SubjectUserName"",""#text"":""dfanalyst""},{""@Name"":""SubjectDomainName"",""#text"":""disstestbedvm""},{""@Name"":""SubjectLogonId"",""#text"":""0x570B7""},{""@Name"":""Status"",""#text"":""0x0""},{""@Name"":""ProcessId"",""#text"":""0x3F0""},{""@Name"":""ProcessName"",""#text"":""C:\\Program Files\\WindowsApps\\Microsoft.WindowsTerminal_1.24.11911.0_x64__8wekyb3d8bbwe\\OpenConsole.exe""}]}}"
32824,32824,2026-08-22 11:49:40.6767293,4689,LogAlways,Microsoft-Windows-Security-Auditing,Security,4,7752,disstestbedvm,390,,A process has exited,disstestbedvm\dfanalyst,,,PID: 0x2174,,,,,C:\Windows\System32\conhost.exe,False,D:\UOW\SEM3\msc-diss-7csef001w\scenarios\scenario_4\run_1\artefacts\event_logs\Security.evtx,Audit success,0,"{""EventData"":{""Data"":[{""@Name"":""SubjectUserSid"",""#text"":""S-1-5-21-4209295338-567392030-2519289182-1001""},{""@Name"":""SubjectUserName"",""#text"":""dfanalyst""},{""@Name"":""SubjectDomainName"",""#text"":""disstestbedvm""},{""@Name"":""SubjectLogonId"",""#text"":""0x570B7""},{""@Name"":""Status"",""#text"":""0x6D""},{""@Name"":""ProcessId"",""#text"":""0x2174""},{""@Name"":""ProcessName"",""#text"":""C:\\Windows\\System32\\conhost.exe""}]}}"
32825,32825,2026-08-22 11:49:40.7644041,4689,LogAlways,Microsoft-Windows-Security-Auditing,Security,4,7752,disstestbedvm,390,,A process has exited,disstestbedvm\dfanalyst,,,PID: 0x1A60,,,,,C:\Program Files\WindowsApps\Microsoft.WindowsTerminal_1.24.11911.0_x64__8wekyb3d8bbwe\WindowsTerminal.exe,False,D:\UOW\SEM3\msc-diss-7csef001w\scenarios\scenario_4\run_1\artefacts\event_logs\Security.evtx,Audit success,0,"{""EventData"":{""Data"":[{""@Name"":""SubjectUserSid"",""#text"":""S-1-5-21-4209295338-567392030-2519289182-1001""},{""@Name"":""SubjectUserName"",""#text"":""dfanalyst""},{""@Name"":""SubjectDomainName"",""#text"":""disstestbedvm""},{""@Name"":""SubjectLogonId"",""#text"":""0x570B7""},{""@Name"":""Status"",""#text"":""0x0""},{""@Name"":""ProcessId"",""#text"":""0x1A60""},{""@Name"":""ProcessName"",""#text"":""C:\\Program Files\\WindowsApps\\Microsoft.WindowsTerminal_1.24.11911.0_x64__8wekyb3d8bbwe\\WindowsTerminal.exe""}]}}"
32826,32826,2026-08-22 11:49:40.9053382,4689,LogAlways,Microsoft-Windows-Security-Auditing,Security,4,8048,disstestbedvm,390,,A process has exited,WORKGROUP\DISSTESTBEDVM$,,,PID: 0x1938,,,,,C:\Windows\System32\svchost.exe,False,D:\UOW\SEM3\msc-diss-7csef001w\scenarios\scenario_4\run_1\artefacts\event_logs\Security.evtx,Audit success,0,"{""EventData"":{""Data"":[{""@Name"":""SubjectUserSid"",""#text"":""S-1-5-18""},{""@Name"":""SubjectUserName"",""#text"":""DISSTESTBEDVM$""},{""@Name"":""SubjectDomainName"",""#text"":""WORKGROUP""},{""@Name"":""SubjectLogonId"",""#text"":""0x3E7""},{""@Name"":""Status"",""#text"":""0x0""},{""@Name"":""ProcessId"",""#text"":""0x1938""},{""@Name"":""ProcessName"",""#text"":""C:\\Windows\\System32\\svchost.exe""}]}}"
32827,32827,2026-08-22 11:49:50.4338132,4688,LogAlways,Microsoft-Windows-Security-Auditing,Security,4,3196,disstestbedvm,390,,A new process has been created,WORKGROUP\DISSTESTBEDVM$,,Parent process: C:\Windows\WinSxS\amd64_microsoft-windows-servicingstack_31bf3856ad364e35_10.0.26100.8648_none_a50ef8e3775e8e5e\TiWorker.exe,PID: 0x292C,Parent PID: 0x2118,Mandatory label: SECURITY_MANDATORY_SYSTEM_RID,Target User: -\-,,"C:\Windows\System32\wermgr.exe ""C:\WINDOWS\system32\wermgr.exe"" ""-outproc"" ""0"" ""10540"" ""1688"" ""928"" ""1372"" ""0"" ""0"" ""860"" ""1168"" ""0"" ""0"" ""0"" ""0"" ",False,D:\UOW\SEM3\msc-diss-7csef001w\scenarios\scenario_4\run_1\artefacts\event_logs\Security.evtx,Audit success,0,"{""EventData"":{""Data"":[{""@Name"":""SubjectUserSid"",""#text"":""S-1-5-18""},{""@Name"":""SubjectUserName"",""#text"":""DISSTESTBEDVM$""},{""@Name"":""SubjectDomainName"",""#text"":""WORKGROUP""},{""@Name"":""SubjectLogonId"",""#text"":""0x3E7""},{""@Name"":""NewProcessId"",""#text"":""0x2118""},{""@Name"":""NewProcessName"",""#text"":""C:\\Windows\\System32\\wermgr.exe""},{""@Name"":""TokenElevationType"",""#text"":""%%1936""},{""@Name"":""ProcessId"",""#text"":""0x292C""},{""@Name"":""CommandLine"",""#text"":""\""C:\\WINDOWS\\system32\\wermgr.exe\"" \""-outproc\"" \""0\"" \""10540\"" \""1688\"" \""928\"" \""1372\"" \""0\"" \""0\"" \""860\"" \""1168\"" \""0\"" \""0\"" \""0\"" \""0\"" ""},{""@Name"":""TargetUserSid"",""#text"":""S-1-0-0""},{""@Name"":""TargetUserName"",""#text"":""-""},{""@Name"":""TargetDomainName"",""#text"":""-""},{""@Name"":""TargetLogonId"",""#text"":""0x0""},{""@Name"":""ParentProcessName"",""#text"":""C:\\Windows\\WinSxS\\amd64_microsoft-windows-servicingstack_31bf3856ad364e35_10.0.26100.8648_none_a50ef8e3775e8e5e\\TiWorker.exe""},{""@Name"":""MandatoryLabel"",""#text"":""S-1-16-16384""}]}}"
32828,32828,2026-08-22 11:49:50.4958222,4624,LogAlways,Microsoft-Windows-Security-Auditing,Security,888,5176,disstestbedvm,390,,Successful logon,WORKGROUP\DISSTESTBEDVM$,- (-),Target: NT AUTHORITY\SYSTEM,LogonType 5,LogonId: 0x3E7,,,,C:\Windows\System32\services.exe,False,D:\UOW\SEM3\msc-diss-7csef001w\scenarios\scenario_4\run_1\artefacts\event_logs\Security.evtx,Audit success,0,"{""EventData"":{""Data"":[{""@Name"":""SubjectUserSid"",""#text"":""S-1-5-18""},{""@Name"":""SubjectUserName"",""#text"":""DISSTESTBEDVM$""},{""@Name"":""SubjectDomainName"",""#text"":""WORKGROUP""},{""@Name"":""SubjectLogonId"",""#text"":""0x3E7""},{""@Name"":""TargetUserSid"",""#text"":""S-1-5-18""},{""@Name"":""TargetUserName"",""#text"":""SYSTEM""},{""@Name"":""TargetDomainName"",""#text"":""NT AUTHORITY""},{""@Name"":""TargetLogonId"",""#text"":""0x3E7""},{""@Name"":""LogonType"",""#text"":""5""},{""@Name"":""LogonProcessName"",""#text"":""Advapi  ""},{""@Name"":""AuthenticationPackageName"",""#text"":""Negotiate""},{""@Name"":""WorkstationName"",""#text"":""-""},{""@Name"":""LogonGuid"",""#text"":""00000000-0000-0000-0000-000000000000""},{""@Name"":""TransmittedServices"",""#text"":""-""},{""@Name"":""LmPackageName"",""#text"":""-""},{""@Name"":""KeyLength"",""#text"":""0""},{""@Name"":""ProcessId"",""#text"":""0x364""},{""@Name"":""ProcessName"",""#text"":""C:\\Windows\\System32\\services.exe""},{""@Name"":""IpAddress"",""#text"":""-""},{""@Name"":""IpPort"",""#text"":""-""},{""@Name"":""ImpersonationLevel"",""#text"":""%%1833""},{""@Name"":""RestrictedAdminMode"",""#text"":""-""},{""@Name"":""RemoteCredentialGuard"",""#text"":""-""},{""@Name"":""TargetOutboundUserName"",""#text"":""-""},{""@Name"":""TargetOutboundDomainName"",""#text"":""-""},{""@Name"":""VirtualAccount"",""#text"":""%%1843""},{""@Name"":""TargetLinkedLogonId"",""#text"":""0x0""},{""@Name"":""ElevatedToken"",""#text"":""%%1842""}]}}"
32829,32829,2026-08-22 11:49:50.4958276,4672,LogAlways,Microsoft-Windows-Security-Auditing,Security,888,5176,disstestbedvm,390,,Administrative logon,NT AUTHORITY\SYSTEM (S-1-5-18),,"PrivilegeList: SeAssignPrimaryTokenPrivilege, SeTcbPrivilege, SeSecurityPrivilege, SeTakeOwnershipPrivilege, SeLoadDriverPrivilege, SeBackupPrivilege, SeRestorePrivilege, SeDebugPrivilege, SeAuditPrivilege, SeSystemEnvironmentPrivilege, SeImpersonatePrivilege, SeDelegateSessionUserImpersonatePrivilege",LogonId: 0x3E7,,,,,,False,D:\UOW\SEM3\msc-diss-7csef001w\scenarios\scenario_4\run_1\artefacts\event_logs\Security.evtx,Audit success,0,"{""EventData"":{""Data"":[{""@Name"":""SubjectUserSid"",""#text"":""S-1-5-18""},{""@Name"":""SubjectUserName"",""#text"":""SYSTEM""},{""@Name"":""SubjectDomainName"",""#text"":""NT AUTHORITY""},{""@Name"":""SubjectLogonId"",""#text"":""0x3E7""},{""@Name"":""PrivilegeList"",""#text"":""SeAssignPrimaryTokenPrivilege, SeTcbPrivilege, SeSecurityPrivilege, SeTakeOwnershipPrivilege, SeLoadDriverPrivilege, SeBackupPrivilege, SeRestorePrivilege, SeDebugPrivilege, SeAuditPrivilege, SeSystemEnvironmentPrivilege, SeImpersonatePrivilege, SeDelegateSessionUserImpersonatePrivilege""}]}}"
32830,32830,2026-08-22 11:49:50.4972121,4688,LogAlways,Microsoft-Windows-Security-Auditing,Security,4,10300,disstestbedvm,390,,A new process has been created,WORKGROUP\DISSTESTBEDVM$,,Parent process: C:\Windows\System32\services.exe,PID: 0x364,Parent PID: 0x196C,Mandatory label: SECURITY_MANDATORY_SYSTEM_RID,Target User: -\-,,C:\Windows\System32\svchost.exe C:\WINDOWS\System32\svchost.exe -k WerSvcGroup,False,D:\UOW\SEM3\msc-diss-7csef001w\scenarios\scenario_4\run_1\artefacts\event_logs\Security.evtx,Audit success,0,"{""EventData"":{""Data"":[{""@Name"":""SubjectUserSid"",""#text"":""S-1-5-18""},{""@Name"":""SubjectUserName"",""#text"":""DISSTESTBEDVM$""},{""@Name"":""SubjectDomainName"",""#text"":""WORKGROUP""},{""@Name"":""SubjectLogonId"",""#text"":""0x3E7""},{""@Name"":""NewProcessId"",""#text"":""0x196C""},{""@Name"":""NewProcessName"",""#text"":""C:\\Windows\\System32\\svchost.exe""},{""@Name"":""TokenElevationType"",""#text"":""%%1936""},{""@Name"":""ProcessId"",""#text"":""0x364""},{""@Name"":""CommandLine"",""#text"":""C:\\WINDOWS\\System32\\svchost.exe -k WerSvcGroup""},{""@Name"":""TargetUserSid"",""#text"":""S-1-0-0""},{""@Name"":""TargetUserName"",""#text"":""-""},{""@Name"":""TargetDomainName"",""#text"":""-""},{""@Name"":""TargetLogonId"",""#text"":""0x0""},{""@Name"":""ParentProcessName"",""#text"":""C:\\Windows\\System32\\services.exe""},{""@Name"":""MandatoryLabel"",""#text"":""S-1-16-16384""}]}}"
32831,32831,2026-08-22 11:49:50.7232431,4688,LogAlways,Microsoft-Windows-Security-Auditing,Security,4,6700,disstestbedvm,390,,A new process has been created,WORKGROUP\DISSTESTBEDVM$,,Parent process: C:\Windows\System32\svchost.exe,PID: 0x83C,Parent PID: 0x13E4,Mandatory label: SECURITY_MANDATORY_SYSTEM_RID,Target User: -\-,,"C:\Windows\System32\wermgr.exe ""C:\WINDOWS\system32\wermgr.exe"" -upload",False,D:\UOW\SEM3\msc-diss-7csef001w\scenarios\scenario_4\run_1\artefacts\event_logs\Security.evtx,Audit success,0,"{""EventData"":{""Data"":[{""@Name"":""SubjectUserSid"",""#text"":""S-1-5-18""},{""@Name"":""SubjectUserName"",""#text"":""DISSTESTBEDVM$""},{""@Name"":""SubjectDomainName"",""#text"":""WORKGROUP""},{""@Name"":""SubjectLogonId"",""#text"":""0x3E7""},{""@Name"":""NewProcessId"",""#text"":""0x13E4""},{""@Name"":""NewProcessName"",""#text"":""C:\\Windows\\System32\\wermgr.exe""},{""@Name"":""TokenElevationType"",""#text"":""%%1936""},{""@Name"":""ProcessId"",""#text"":""0x83C""},{""@Name"":""CommandLine"",""#text"":""\""C:\\WINDOWS\\system32\\wermgr.exe\"" -upload""},{""@Name"":""TargetUserSid"",""#text"":""S-1-0-0""},{""@Name"":""TargetUserName"",""#text"":""-""},{""@Name"":""TargetDomainName"",""#text"":""-""},{""@Name"":""TargetLogonId"",""#text"":""0x0""},{""@Name"":""ParentProcessName"",""#text"":""C:\\Windows\\System32\\svchost.exe""},{""@Name"":""MandatoryLabel"",""#text"":""S-1-16-16384""}]}}"
32832,32832,2026-08-22 11:49:50.7233051,4689,LogAlways,Microsoft-Windows-Security-Auditing,Security,4,10300,disstestbedvm,390,,A process has exited,WORKGROUP\DISSTESTBEDVM$,,,PID: 0x2118,,,,,C:\Windows\System32\wermgr.exe,False,D:\UOW\SEM3\msc-diss-7csef001w\scenarios\scenario_4\run_1\artefacts\event_logs\Security.evtx,Audit success,0,"{""EventData"":{""Data"":[{""@Name"":""SubjectUserSid"",""#text"":""S-1-5-18""},{""@Name"":""SubjectUserName"",""#text"":""DISSTESTBEDVM$""},{""@Name"":""SubjectDomainName"",""#text"":""WORKGROUP""},{""@Name"":""SubjectLogonId"",""#text"":""0x3E7""},{""@Name"":""Status"",""#text"":""0x0""},{""@Name"":""ProcessId"",""#text"":""0x2118""},{""@Name"":""ProcessName"",""#text"":""C:\\Windows\\System32\\wermgr.exe""}]}}"
32837,32837,2026-08-22 11:50:14.9223394,4663,LogAlways,Microsoft-Windows-Security-Auditing,Security,4,10292,disstestbedvm,390,,Attempt was made to access an object,disstestbedvm\dfanalyst,,ObjectServer: Security,ObjectType: File,ObjectName: \Device\CdRom0\setup.exe,"AccessList: Unknown code (%%4416, )",,,C:\Windows\explorer.exe,False,D:\UOW\SEM3\msc-diss-7csef001w\scenarios\scenario_4\run_1\artefacts\event_logs\Security.evtx,Audit success,0,"{""EventData"":{""Data"":[{""@Name"":""SubjectUserSid"",""#text"":""S-1-5-21-4209295338-567392030-2519289182-1001""},{""@Name"":""SubjectUserName"",""#text"":""dfanalyst""},{""@Name"":""SubjectDomainName"",""#text"":""disstestbedvm""},{""@Name"":""SubjectLogonId"",""#text"":""0x570B7""},{""@Name"":""ObjectServer"",""#text"":""Security""},{""@Name"":""ObjectType"",""#text"":""File""},{""@Name"":""ObjectName"",""#text"":""\\Device\\CdRom0\\setup.exe""},{""@Name"":""HandleId"",""#text"":""0x4B28""},{""@Name"":""AccessList"",""#text"":""%%4416, ""},{""@Name"":""AccessMask"",""#text"":""0x1""},{""@Name"":""ProcessId"",""#text"":""0x1640""},{""@Name"":""ProcessName"",""#text"":""C:\\Windows\\explorer.exe""},{""@Name"":""ResourceAttributes""}]}}"
32838,32838,2026-08-22 11:50:14.9310765,4688,LogAlways,Microsoft-Windows-Security-Auditing,Security,4,540,disstestbedvm,390,,A new process has been created,WORKGROUP\DISSTESTBEDVM$,,Parent process: C:\Windows\System32\svchost.exe,PID: 0x3FC,Parent PID: 0x1CF0,Mandatory label: SECURITY_MANDATORY_MEDIUM_RID,Target User: disstestbedvm\dfanalyst,,C:\Windows\System32\dllhost.exe C:\WINDOWS\system32\DllHost.exe /Processid:{AB8902B4-09CA-4BB6-B78D-A8F59079A8D5},False,D:\UOW\SEM3\msc-diss-7csef001w\scenarios\scenario_4\run_1\artefacts\event_logs\Security.evtx,Audit success,0,"{""EventData"":{""Data"":[{""@Name"":""SubjectUserSid"",""#text"":""S-1-5-18""},{""@Name"":""SubjectUserName"",""#text"":""DISSTESTBEDVM$""},{""@Name"":""SubjectDomainName"",""#text"":""WORKGROUP""},{""@Name"":""SubjectLogonId"",""#text"":""0x3E7""},{""@Name"":""NewProcessId"",""#text"":""0x1CF0""},{""@Name"":""NewProcessName"",""#text"":""C:\\Windows\\System32\\dllhost.exe""},{""@Name"":""TokenElevationType"",""#text"":""%%1938""},{""@Name"":""ProcessId"",""#text"":""0x3FC""},{""@Name"":""CommandLine"",""#text"":""C:\\WINDOWS\\system32\\DllHost.exe /Processid:{AB8902B4-09CA-4BB6-B78D-A8F59079A8D5}""},{""@Name"":""TargetUserSid"",""#text"":""S-1-5-21-4209295338-567392030-2519289182-1001""},{""@Name"":""TargetUserName"",""#text"":""dfanalyst""},{""@Name"":""TargetDomainName"",""#text"":""disstestbedvm""},{""@Name"":""TargetLogonId"",""#text"":""0x570B7""},{""@Name"":""ParentProcessName"",""#text"":""C:\\Windows\\System32\\svchost.exe""},{""@Name"":""MandatoryLabel"",""#text"":""S-1-16-8192""}]}}"
32839,32839,2026-08-22 11:50:15.9561313,4797,LogAlways,Microsoft-Windows-Security-Auditing,Security,888,6996,disstestbedvm,390,,An attempt was made to query the existence of a blank password for an account,disstestbedvm\dfanalyst (S-1-5-21-4209295338-567392030-2519289182-1001),,Target: disstestbedvm\Administrator,SubjectLogonId: 0x570B7,Workstation: DISSTESTBEDVM,,,,,False,D:\UOW\SEM3\msc-diss-7csef001w\scenarios\scenario_4\run_1\artefacts\event_logs\Security.evtx,Audit success,0,"{""EventData"":{""Data"":[{""@Name"":""SubjectUserSid"",""#text"":""S-1-5-21-4209295338-567392030-2519289182-1001""},{""@Name"":""SubjectUserName"",""#text"":""dfanalyst""},{""@Name"":""SubjectDomainName"",""#text"":""disstestbedvm""},{""@Name"":""SubjectLogonId"",""#text"":""0x570B7""},{""@Name"":""Workstation"",""#text"":""DISSTESTBEDVM""},{""@Name"":""TargetUserName"",""#text"":""Administrator""},{""@Name"":""TargetDomainName"",""#text"":""disstestbedvm""}]}}"
32840,32840,2026-08-22 11:50:15.9574367,4797,LogAlways,Microsoft-Windows-Security-Auditing,Security,888,5176,disstestbedvm,390,,An attempt was made to query the existence of a blank password for an account,disstestbedvm\dfanalyst (S-1-5-21-4209295338-567392030-2519289182-1001),,Target: disstestbedvm\DefaultAccount,SubjectLogonId: 0x570B7,Workstation: DISSTESTBEDVM,,,,,False,D:\UOW\SEM3\msc-diss-7csef001w\scenarios\scenario_4\run_1\artefacts\event_logs\Security.evtx,Audit success,0,"{""EventData"":{""Data"":[{""@Name"":""SubjectUserSid"",""#text"":""S-1-5-21-4209295338-567392030-2519289182-1001""},{""@Name"":""SubjectUserName"",""#text"":""dfanalyst""},{""@Name"":""SubjectDomainName"",""#text"":""disstestbedvm""},{""@Name"":""SubjectLogonId"",""#text"":""0x570B7""},{""@Name"":""Workstation"",""#text"":""DISSTESTBEDVM""},{""@Name"":""TargetUserName"",""#text"":""DefaultAccount""},{""@Name"":""TargetDomainName"",""#text"":""disstestbedvm""}]}}"
32841,32841,2026-08-22 11:50:15.9592607,4797,LogAlways,Microsoft-Windows-Security-Auditing,Security,888,5176,disstestbedvm,390,,An attempt was made to query the existence of a blank password for an account,disstestbedvm\dfanalyst (S-1-5-21-4209295338-567392030-2519289182-1001),,Target: disstestbedvm\Guest,SubjectLogonId: 0x570B7,Workstation: DISSTESTBEDVM,,,,,False,D:\UOW\SEM3\msc-diss-7csef001w\scenarios\scenario_4\run_1\artefacts\event_logs\Security.evtx,Audit success,0,"{""EventData"":{""Data"":[{""@Name"":""SubjectUserSid"",""#text"":""S-1-5-21-4209295338-567392030-2519289182-1001""},{""@Name"":""SubjectUserName"",""#text"":""dfanalyst""},{""@Name"":""SubjectDomainName"",""#text"":""disstestbedvm""},{""@Name"":""SubjectLogonId"",""#text"":""0x570B7""},{""@Name"":""Workstation"",""#text"":""DISSTESTBEDVM""},{""@Name"":""TargetUserName"",""#text"":""Guest""},{""@Name"":""TargetDomainName"",""#text"":""disstestbedvm""}]}}"
32842,32842,2026-08-22 11:50:15.9600834,4797,LogAlways,Microsoft-Windows-Security-Auditing,Security,888,5176,disstestbedvm,390,,An attempt was made to query the existence of a blank password for an account,disstestbedvm\dfanalyst (S-1-5-21-4209295338-567392030-2519289182-1001),,Target: disstestbedvm\WDAGUtilityAccount,SubjectLogonId: 0x570B7,Workstation: DISSTESTBEDVM,,,,,False,D:\UOW\SEM3\msc-diss-7csef001w\scenarios\scenario_4\run_1\artefacts\event_logs\Security.evtx,Audit success,0,"{""EventData"":{""Data"":[{""@Name"":""SubjectUserSid"",""#text"":""S-1-5-21-4209295338-567392030-2519289182-1001""},{""@Name"":""SubjectUserName"",""#text"":""dfanalyst""},{""@Name"":""SubjectDomainName"",""#text"":""disstestbedvm""},{""@Name"":""SubjectLogonId"",""#text"":""0x570B7""},{""@Name"":""Workstation"",""#text"":""DISSTESTBEDVM""},{""@Name"":""TargetUserName"",""#text"":""WDAGUtilityAccount""},{""@Name"":""TargetDomainName"",""#text"":""disstestbedvm""}]}}"
32843,32843,2026-08-22 11:50:18.1995798,4688,LogAlways,Microsoft-Windows-Security-Auditing,Security,4,3196,disstestbedvm,390,,A new process has been created,disstestbedvm\dfanalyst,,Parent process: C:\Windows\explorer.exe,PID: 0x1640,Parent PID: 0x2E0,Mandatory label: SECURITY_MANDATORY_MEDIUM_RID,Target User: -\-,,"C:\Windows\System32\rundll32.exe ""C:\WINDOWS\System32\RunDll32.exe"" C:\WINDOWS\system32\hotplug.dll,HotPlugSafeRemovalDriveNotification DISS-USB (E:)",False,D:\UOW\SEM3\msc-diss-7csef001w\scenarios\scenario_4\run_1\artefacts\event_logs\Security.evtx,Audit success,0,"{""EventData"":{""Data"":[{""@Name"":""SubjectUserSid"",""#text"":""S-1-5-21-4209295338-567392030-2519289182-1001""},{""@Name"":""SubjectUserName"",""#text"":""dfanalyst""},{""@Name"":""SubjectDomainName"",""#text"":""disstestbedvm""},{""@Name"":""SubjectLogonId"",""#text"":""0x570B7""},{""@Name"":""NewProcessId"",""#text"":""0x2E0""},{""@Name"":""NewProcessName"",""#text"":""C:\\Windows\\System32\\rundll32.exe""},{""@Name"":""TokenElevationType"",""#text"":""%%1938""},{""@Name"":""ProcessId"",""#text"":""0x1640""},{""@Name"":""CommandLine"",""#text"":""\""C:\\WINDOWS\\System32\\RunDll32.exe\"" C:\\WINDOWS\\system32\\hotplug.dll,HotPlugSafeRemovalDriveNotification DISS-USB (E:)""},{""@Name"":""TargetUserSid"",""#text"":""S-1-0-0""},{""@Name"":""TargetUserName"",""#text"":""-""},{""@Name"":""TargetDomainName"",""#text"":""-""},{""@Name"":""TargetLogonId"",""#text"":""0x0""},{""@Name"":""ParentProcessName"",""#text"":""C:\\Windows\\explorer.exe""},{""@Name"":""MandatoryLabel"",""#text"":""S-1-16-8192""}]}}"
32844,32844,2026-08-22 11:50:20.0169124,4689,LogAlways,Microsoft-Windows-Security-Auditing,Security,4,7752,disstestbedvm,390,,A process has exited,disstestbedvm\dfanalyst,,,PID: 0x1CF0,,,,,C:\Windows\System32\dllhost.exe,False,D:\UOW\SEM3\msc-diss-7csef001w\scenarios\scenario_4\run_1\artefacts\event_logs\Security.evtx,Audit success,0,"{""EventData"":{""Data"":[{""@Name"":""SubjectUserSid"",""#text"":""S-1-5-21-4209295338-567392030-2519289182-1001""},{""@Name"":""SubjectUserName"",""#text"":""dfanalyst""},{""@Name"":""SubjectDomainName"",""#text"":""disstestbedvm""},{""@Name"":""SubjectLogonId"",""#text"":""0x570B7""},{""@Name"":""Status"",""#text"":""0x0""},{""@Name"":""ProcessId"",""#text"":""0x1CF0""},{""@Name"":""ProcessName"",""#text"":""C:\\Windows\\System32\\dllhost.exe""}]}}"
32845,32845,2026-08-22 11:50:20.1742861,4798,LogAlways,Microsoft-Windows-Security-Auditing,Security,888,5176,disstestbedvm,390,,A user's local group membership was enumerated,disstestbedvm\dfanalyst (S-1-5-21-4209295338-567392030-2519289182-1001),,Target: disstestbedvm\dfanalyst (S-1-5-21-4209295338-567392030-2519289182-1001),SubjectLogonId: 0x570B7,CallerProcessName: C:\Windows\explorer.exe,CallerProcessId: 0x1640,,,,False,D:\UOW\SEM3\msc-diss-7csef001w\scenarios\scenario_4\run_1\artefacts\event_logs\Security.evtx,Audit success,0,"{""EventData"":{""Data"":[{""@Name"":""TargetUserName"",""#text"":""dfanalyst""},{""@Name"":""TargetDomainName"",""#text"":""disstestbedvm""},{""@Name"":""TargetSid"",""#text"":""S-1-5-21-4209295338-567392030-2519289182-1001""},{""@Name"":""SubjectUserSid"",""#text"":""S-1-5-21-4209295338-567392030-2519289182-1001""},{""@Name"":""SubjectUserName"",""#text"":""dfanalyst""},{""@Name"":""SubjectDomainName"",""#text"":""disstestbedvm""},{""@Name"":""SubjectLogonId"",""#text"":""0x570B7""},{""@Name"":""CallerProcessId"",""#text"":""0x1640""},{""@Name"":""CallerProcessName"",""#text"":""C:\\Windows\\explorer.exe""}]}}"
32846,32846,2026-08-22 11:50:20.3686981,4688,LogAlways,Microsoft-Windows-Security-Auditing,Security,4,7752,disstestbedvm,390,,A new process has been created,WORKGROUP\DISSTESTBEDVM$,,Parent process: C:\Windows\System32\svchost.exe,PID: 0x3FC,Parent PID: 0x2F20,Mandatory label: SECURITY_MANDATORY_MEDIUM_RID,Target User: disstestbedvm\dfanalyst,,C:\Windows\System32\dllhost.exe C:\WINDOWS\system32\DllHost.exe /Processid:{AB8902B4-09CA-4BB6-B78D-A8F59079A8D5},False,D:\UOW\SEM3\msc-diss-7csef001w\scenarios\scenario_4\run_1\artefacts\event_logs\Security.evtx,Audit success,0,"{""EventData"":{""Data"":[{""@Name"":""SubjectUserSid"",""#text"":""S-1-5-18""},{""@Name"":""SubjectUserName"",""#text"":""DISSTESTBEDVM$""},{""@Name"":""SubjectDomainName"",""#text"":""WORKGROUP""},{""@Name"":""SubjectLogonId"",""#text"":""0x3E7""},{""@Name"":""NewProcessId"",""#text"":""0x2F20""},{""@Name"":""NewProcessName"",""#text"":""C:\\Windows\\System32\\dllhost.exe""},{""@Name"":""TokenElevationType"",""#text"":""%%1938""},{""@Name"":""ProcessId"",""#text"":""0x3FC""},{""@Name"":""CommandLine"",""#text"":""C:\\WINDOWS\\system32\\DllHost.exe /Processid:{AB8902B4-09CA-4BB6-B78D-A8F59079A8D5}""},{""@Name"":""TargetUserSid"",""#text"":""S-1-5-21-4209295338-567392030-2519289182-1001""},{""@Name"":""TargetUserName"",""#text"":""dfanalyst""},{""@Name"":""TargetDomainName"",""#text"":""disstestbedvm""},{""@Name"":""TargetLogonId"",""#text"":""0x570B7""},{""@Name"":""ParentProcessName"",""#text"":""C:\\Windows\\System32\\svchost.exe""},{""@Name"":""MandatoryLabel"",""#text"":""S-1-16-8192""}]}}"
32847,32847,2026-08-22 11:50:25.1758264,4689,LogAlways,Microsoft-Windows-Security-Auditing,Security,4,2848,disstestbedvm,390,,A process has exited,disstestbedvm\dfanalyst,,,PID: 0x2E0,,,,,C:\Windows\System32\rundll32.exe,False,D:\UOW\SEM3\msc-diss-7csef001w\scenarios\scenario_4\run_1\artefacts\event_logs\Security.evtx,Audit success,0,"{""EventData"":{""Data"":[{""@Name"":""SubjectUserSid"",""#text"":""S-1-5-21-4209295338-567392030-2519289182-1001""},{""@Name"":""SubjectUserName"",""#text"":""dfanalyst""},{""@Name"":""SubjectDomainName"",""#text"":""disstestbedvm""},{""@Name"":""SubjectLogonId"",""#text"":""0x570B7""},{""@Name"":""Status"",""#text"":""0x0""},{""@Name"":""ProcessId"",""#text"":""0x2E0""},{""@Name"":""ProcessName"",""#text"":""C:\\Windows\\System32\\rundll32.exe""}]}}"
32848,32848,2026-08-22 11:50:25.4980000,4689,LogAlways,Microsoft-Windows-Security-Auditing,Security,4,3196,disstestbedvm,390,,A process has exited,disstestbedvm\dfanalyst,,,PID: 0x2F20,,,,,C:\Windows\System32\dllhost.exe,False,D:\UOW\SEM3\msc-diss-7csef001w\scenarios\scenario_4\run_1\artefacts\event_logs\Security.evtx,Audit success,0,"{""EventData"":{""Data"":[{""@Name"":""SubjectUserSid"",""#text"":""S-1-5-21-4209295338-567392030-2519289182-1001""},{""@Name"":""SubjectUserName"",""#text"":""dfanalyst""},{""@Name"":""SubjectDomainName"",""#text"":""disstestbedvm""},{""@Name"":""SubjectLogonId"",""#text"":""0x570B7""},{""@Name"":""Status"",""#text"":""0x0""},{""@Name"":""ProcessId"",""#text"":""0x2F20""},{""@Name"":""ProcessName"",""#text"":""C:\\Windows\\System32\\dllhost.exe""}]}}"
32849,32849,2026-08-22 11:51:01.0965378,4907,LogAlways,Microsoft-Windows-Security-Auditing,Security,4,4368,disstestbedvm,390,,,,,,,,,,,,False,D:\UOW\SEM3\msc-diss-7csef001w\scenarios\scenario_4\run_1\artefacts\event_logs\Security.evtx,Audit success,0,"{""EventData"":{""Data"":[{""@Name"":""SubjectUserSid"",""#text"":""S-1-5-18""},{""@Name"":""SubjectUserName"",""#text"":""DISSTESTBEDVM$""},{""@Name"":""SubjectDomainName"",""#text"":""WORKGROUP""},{""@Name"":""SubjectLogonId"",""#text"":""0x3E7""},{""@Name"":""ObjectServer"",""#text"":""Security""},{""@Name"":""ObjectType"",""#text"":""File""},{""@Name"":""ObjectName"",""#text"":""C:\\Windows\\servicing\\Packages\\Package_for_ServicingStack_9156~31bf3856ad364e35~amd64~~26100.9156.1.0.cat""},{""@Name"":""HandleId"",""#text"":""0x438""},{""@Name"":""OldSd""},{""@Name"":""NewSd"",""#text"":""S:ARAI(AU;SAFA;0x1f0116;;;WD)""},{""@Name"":""ProcessId"",""#text"":""0x292C""},{""@Name"":""ProcessName"",""#text"":""C:\\Windows\\WinSxS\\amd64_microsoft-windows-servicingstack_31bf3856ad364e35_10.0.26100.8648_none_a50ef8e3775e8e5e\\TiWorker.exe""}]}}"
32850,32850,2026-08-22 11:51:01.0977314,4907,LogAlways,Microsoft-Windows-Security-Auditing,Security,4,4368,disstestbedvm,390,,,,,,,,,,,,False,D:\UOW\SEM3\msc-diss-7csef001w\scenarios\scenario_4\run_1\artefacts\event_logs\Security.evtx,Audit success,0,"{""EventData"":{""Data"":[{""@Name"":""SubjectUserSid"",""#text"":""S-1-5-18""},{""@Name"":""SubjectUserName"",""#text"":""DISSTESTBEDVM$""},{""@Name"":""SubjectDomainName"",""#text"":""WORKGROUP""},{""@Name"":""SubjectLogonId"",""#text"":""0x3E7""},{""@Name"":""ObjectServer"",""#text"":""Security""},{""@Name"":""ObjectType"",""#text"":""File""},{""@Name"":""ObjectName"",""#text"":""C:\\Windows\\servicing\\Packages\\Package_for_ServicingStack_9156~31bf3856ad364e35~amd64~~26100.9156.1.0.mum""},{""@Name"":""HandleId"",""#text"":""0x1259C""},{""@Name"":""OldSd""},{""@Name"":""NewSd"",""#text"":""S:ARAI(AU;SAFA;0x1f0116;;;WD)""},{""@Name"":""ProcessId"",""#text"":""0x292C""},{""@Name"":""ProcessName"",""#text"":""C:\\Windows\\WinSxS\\amd64_microsoft-windows-servicingstack_31bf3856ad364e35_10.0.26100.8648_none_a50ef8e3775e8e5e\\TiWorker.exe""}]}}"
32851,32851,2026-08-22 11:51:01.1040335,4907,LogAlways,Microsoft-Windows-Security-Auditing,Security,4,4368,disstestbedvm,390,,,,,,,,,,,,False,D:\UOW\SEM3\msc-diss-7csef001w\scenarios\scenario_4\run_1\artefacts\event_logs\Security.evtx,Audit success,0,"{""EventData"":{""Data"":[{""@Name"":""SubjectUserSid"",""#text"":""S-1-5-18""},{""@Name"":""SubjectUserName"",""#text"":""DISSTESTBEDVM$""},{""@Name"":""SubjectDomainName"",""#text"":""WORKGROUP""},{""@Name"":""SubjectLogonId"",""#text"":""0x3E7""},{""@Name"":""ObjectServer"",""#text"":""Security""},{""@Name"":""ObjectType"",""#text"":""File""},{""@Name"":""ObjectName"",""#text"":""C:\\Windows\\servicing\\Packages\\Wrapper-134F3A29FA4670094DB20805A8CE5FFF756C172F17F508F71AB1600C2A885845~31bf3856ad364e35~amd64~~10.0.26100.9156.cat""},{""@Name"":""HandleId"",""#text"":""0x438""},{""@Name"":""OldSd""},{""@Name"":""NewSd"",""#text"":""S:ARAI(AU;SAFA;0x1f0116;;;WD)""},{""@Name"":""ProcessId"",""#text"":""0x292C""},{""@Name"":""ProcessName"",""#text"":""C:\\Windows\\WinSxS\\amd64_microsoft-windows-servicingstack_31bf3856ad364e35_10.0.26100.8648_none_a50ef8e3775e8e5e\\TiWorker.exe""}]}}"
32852,32852,2026-08-22 11:51:01.1069705,4907,LogAlways,Microsoft-Windows-Security-Auditing,Security,4,6532,disstestbedvm,390,,,,,,,,,,,,False,D:\UOW\SEM3\msc-diss-7csef001w\scenarios\scenario_4\run_1\artefacts\event_logs\Security.evtx,Audit success,0,"{""EventData"":{""Data"":[{""@Name"":""SubjectUserSid"",""#text"":""S-1-5-18""},{""@Name"":""SubjectUserName"",""#text"":""DISSTESTBEDVM$""},{""@Name"":""SubjectDomainName"",""#text"":""WORKGROUP""},{""@Name"":""SubjectLogonId"",""#text"":""0x3E7""},{""@Name"":""ObjectServer"",""#text"":""Security""},{""@Name"":""ObjectType"",""#text"":""File""},{""@Name"":""ObjectName"",""#text"":""C:\\Windows\\servicing\\Packages\\Wrapper-134F3A29FA4670094DB20805A8CE5FFF756C172F17F508F71AB1600C2A885845~31bf3856ad364e35~amd64~~10.0.26100.9156.mum""},{""@Name"":""HandleId"",""#text"":""0x5E0""},{""@Name"":""OldSd""},{""@Name"":""NewSd"",""#text"":""S:ARAI(AU;SAFA;0x1f0116;;;WD)""},{""@Name"":""ProcessId"",""#text"":""0x292C""},{""@Name"":""ProcessName"",""#text"":""C:\\Windows\\WinSxS\\amd64_microsoft-windows-servicingstack_31bf3856ad364e35_10.0.26100.8648_none_a50ef8e3775e8e5e\\TiWorker.exe""}]}}"
32853,32853,2026-08-22 11:51:01.1307957,4907,LogAlways,Microsoft-Windows-Security-Auditing,Security,4,2848,disstestbedvm,390,,,,,,,,,,,,False,D:\UOW\SEM3\msc-diss-7csef001w\scenarios\scenario_4\run_1\artefacts\event_logs\Security.evtx,Audit success,0,"{""EventData"":{""Data"":[{""@Name"":""SubjectUserSid"",""#text"":""S-1-5-18""},{""@Name"":""SubjectUserName"",""#text"":""DISSTESTBEDVM$""},{""@Name"":""SubjectDomainName"",""#text"":""WORKGROUP""},{""@Name"":""SubjectLogonId"",""#text"":""0x3E7""},{""@Name"":""ObjectServer"",""#text"":""Security""},{""@Name"":""ObjectType"",""#text"":""File""},{""@Name"":""ObjectName"",""#text"":""C:\\Windows\\servicing\\Packages\\Shared-35FE1403A9575A5AFF94B2EC3B4A06D3725570545B083848C504061734A9102F~31bf3856ad364e35~amd64~~10.0.26100.9156.cat""},{""@Name"":""HandleId"",""#text"":""0x438""},{""@Name"":""OldSd""},{""@Name"":""NewSd"",""#text"":""S:ARAI(AU;SAFA;0x1f0116;;;WD)""},{""@Name"":""ProcessId"",""#text"":""0x292C""},{""@Name"":""ProcessName"",""#text"":""C:\\Windows\\WinSxS\\amd64_microsoft-windows-servicingstack_31bf3856ad364e35_10.0.26100.8648_none_a50ef8e3775e8e5e\\TiWorker.exe""}]}}"
32854,32854,2026-08-22 11:51:01.1327632,4907,LogAlways,Microsoft-Windows-Security-Auditing,Security,4,2848,disstestbedvm,390,,,,,,,,,,,,False,D:\UOW\SEM3\msc-diss-7csef001w\scenarios\scenario_4\run_1\artefacts\event_logs\Security.evtx,Audit success,0,"{""EventData"":{""Data"":[{""@Name"":""SubjectUserSid"",""#text"":""S-1-5-18""},{""@Name"":""SubjectUserName"",""#text"":""DISSTESTBEDVM$""},{""@Name"":""SubjectDomainName"",""#text"":""WORKGROUP""},{""@Name"":""SubjectLogonId"",""#text"":""0x3E7""},{""@Name"":""ObjectServer"",""#text"":""Security""},{""@Name"":""ObjectType"",""#text"":""File""},{""@Name"":""ObjectName"",""#text"":""C:\\Windows\\servicing\\Packages\\Shared-35FE1403A9575A5AFF94B2EC3B4A06D3725570545B083848C504061734A9102F~31bf3856ad364e35~amd64~~10.0.26100.9156.mum""},{""@Name"":""HandleId"",""#text"":""0x1F430""},{""@Name"":""OldSd""},{""@Name"":""NewSd"",""#text"":""S:ARAI(AU;SAFA;0x1f0116;;;WD)""},{""@Name"":""ProcessId"",""#text"":""0x292C""},{""@Name"":""ProcessName"",""#text"":""C:\\Windows\\WinSxS\\amd64_microsoft-windows-servicingstack_31bf3856ad364e35_10.0.26100.8648_none_a50ef8e3775e8e5e\\TiWorker.exe""}]}}"
32855,32855,2026-08-22 11:51:07.8551974,4688,LogAlways,Microsoft-Windows-Security-Auditing,Security,4,6700,disstestbedvm,390,,A new process has been created,WORKGROUP\DISSTESTBEDVM$,,Parent process: C:\Windows\System32\svchost.exe,PID: 0x83C,Parent PID: 0x1758,Mandatory label: SECURITY_MANDATORY_SYSTEM_RID,Target User: -\-,,C:\Windows\System32\taskhostw.exe taskhostw.exe,False,D:\UOW\SEM3\msc-diss-7csef001w\scenarios\scenario_4\run_1\artefacts\event_logs\Security.evtx,Audit success,0,"{""EventData"":{""Data"":[{""@Name"":""SubjectUserSid"",""#text"":""S-1-5-18""},{""@Name"":""SubjectUserName"",""#text"":""DISSTESTBEDVM$""},{""@Name"":""SubjectDomainName"",""#text"":""WORKGROUP""},{""@Name"":""SubjectLogonId"",""#text"":""0x3E7""},{""@Name"":""NewProcessId"",""#text"":""0x1758""},{""@Name"":""NewProcessName"",""#text"":""C:\\Windows\\System32\\taskhostw.exe""},{""@Name"":""TokenElevationType"",""#text"":""%%1936""},{""@Name"":""ProcessId"",""#text"":""0x83C""},{""@Name"":""CommandLine"",""#text"":""taskhostw.exe""},{""@Name"":""TargetUserSid"",""#text"":""S-1-0-0""},{""@Name"":""TargetUserName"",""#text"":""-""},{""@Name"":""TargetDomainName"",""#text"":""-""},{""@Name"":""TargetLogonId"",""#text"":""0x0""},{""@Name"":""ParentProcessName"",""#text"":""C:\\Windows\\System32\\svchost.exe""},{""@Name"":""MandatoryLabel"",""#text"":""S-1-16-16384""}]}}"
32856,32856,2026-08-22 11:51:07.8877569,4689,LogAlways,Microsoft-Windows-Security-Auditing,Security,4,3196,disstestbedvm,390,,A process has exited,NT AUTHORITY\LOCAL SERVICE,,,PID: 0x2DF4,,,,,C:\Windows\System32\WUDFHost.exe,False,D:\UOW\SEM3\msc-diss-7csef001w\scenarios\scenario_4\run_1\artefacts\event_logs\Security.evtx,Audit success,0,"{""EventData"":{""Data"":[{""@Name"":""SubjectUserSid"",""#text"":""S-1-5-19""},{""@Name"":""SubjectUserName"",""#text"":""LOCAL SERVICE""},{""@Name"":""SubjectDomainName"",""#text"":""NT AUTHORITY""},{""@Name"":""SubjectLogonId"",""#text"":""0x3E5""},{""@Name"":""Status"",""#text"":""0x0""},{""@Name"":""ProcessId"",""#text"":""0x2DF4""},{""@Name"":""ProcessName"",""#text"":""C:\\Windows\\System32\\WUDFHost.exe""}]}}"
32857,32857,2026-08-22 11:51:07.9326949,4798,LogAlways,Microsoft-Windows-Security-Auditing,Security,888,940,disstestbedvm,390,,A user's local group membership was enumerated,disstestbedvm\dfanalyst (S-1-5-21-4209295338-567392030-2519289182-1001),,Target: disstestbedvm\dfanalyst (S-1-5-21-4209295338-567392030-2519289182-1001),SubjectLogonId: 0x570B7,CallerProcessName: C:\Windows\explorer.exe,CallerProcessId: 0x1640,,,,False,D:\UOW\SEM3\msc-diss-7csef001w\scenarios\scenario_4\run_1\artefacts\event_logs\Security.evtx,Audit success,0,"{""EventData"":{""Data"":[{""@Name"":""TargetUserName"",""#text"":""dfanalyst""},{""@Name"":""TargetDomainName"",""#text"":""disstestbedvm""},{""@Name"":""TargetSid"",""#text"":""S-1-5-21-4209295338-567392030-2519289182-1001""},{""@Name"":""SubjectUserSid"",""#text"":""S-1-5-21-4209295338-567392030-2519289182-1001""},{""@Name"":""SubjectUserName"",""#text"":""dfanalyst""},{""@Name"":""SubjectDomainName"",""#text"":""disstestbedvm""},{""@Name"":""SubjectLogonId"",""#text"":""0x570B7""},{""@Name"":""CallerProcessId"",""#text"":""0x1640""},{""@Name"":""CallerProcessName"",""#text"":""C:\\Windows\\explorer.exe""}]}}"
32858,32858,2026-08-22 11:51:08.2697543,4688,LogAlways,Microsoft-Windows-Security-Auditing,Security,4,3196,disstestbedvm,390,,A new process has been created,WORKGROUP\DISSTESTBEDVM$,,Parent process: C:\Windows\System32\svchost.exe,PID: 0x3FC,Parent PID: 0x143C,Mandatory label: SECURITY_MANDATORY_MEDIUM_RID,Target User: disstestbedvm\dfanalyst,,C:\Windows\System32\dllhost.exe C:\WINDOWS\system32\DllHost.exe /Processid:{AB8902B4-09CA-4BB6-B78D-A8F59079A8D5},False,D:\UOW\SEM3\msc-diss-7csef001w\scenarios\scenario_4\run_1\artefacts\event_logs\Security.evtx,Audit success,0,"{""EventData"":{""Data"":[{""@Name"":""SubjectUserSid"",""#text"":""S-1-5-18""},{""@Name"":""SubjectUserName"",""#text"":""DISSTESTBEDVM$""},{""@Name"":""SubjectDomainName"",""#text"":""WORKGROUP""},{""@Name"":""SubjectLogonId"",""#text"":""0x3E7""},{""@Name"":""NewProcessId"",""#text"":""0x143C""},{""@Name"":""NewProcessName"",""#text"":""C:\\Windows\\System32\\dllhost.exe""},{""@Name"":""TokenElevationType"",""#text"":""%%1938""},{""@Name"":""ProcessId"",""#text"":""0x3FC""},{""@Name"":""CommandLine"",""#text"":""C:\\WINDOWS\\system32\\DllHost.exe /Processid:{AB8902B4-09CA-4BB6-B78D-A8F59079A8D5}""},{""@Name"":""TargetUserSid"",""#text"":""S-1-5-21-4209295338-567392030-2519289182-1001""},{""@Name"":""TargetUserName"",""#text"":""dfanalyst""},{""@Name"":""TargetDomainName"",""#text"":""disstestbedvm""},{""@Name"":""TargetLogonId"",""#text"":""0x570B7""},{""@Name"":""ParentProcessName"",""#text"":""C:\\Windows\\System32\\svchost.exe""},{""@Name"":""MandatoryLabel"",""#text"":""S-1-16-8192""}]}}"
32859,32859,2026-08-22 11:51:08.8755164,4689,LogAlways,Microsoft-Windows-Security-Auditing,Security,4,6532,disstestbedvm,390,,A process has exited,WORKGROUP\DISSTESTBEDVM$,,,PID: 0x1758,,,,,C:\Windows\System32\taskhostw.exe,False,D:\UOW\SEM3\msc-diss-7csef001w\scenarios\scenario_4\run_1\artefacts\event_logs\Security.evtx,Audit success,0,"{""EventData"":{""Data"":[{""@Name"":""SubjectUserSid"",""#text"":""S-1-5-18""},{""@Name"":""SubjectUserName"",""#text"":""DISSTESTBEDVM$""},{""@Name"":""SubjectDomainName"",""#text"":""WORKGROUP""},{""@Name"":""SubjectLogonId"",""#text"":""0x3E7""},{""@Name"":""Status"",""#text"":""0x0""},{""@Name"":""ProcessId"",""#text"":""0x1758""},{""@Name"":""ProcessName"",""#text"":""C:\\Windows\\System32\\taskhostw.exe""}]}}"
32860,32860,2026-08-22 11:51:13.3141685,4689,LogAlways,Microsoft-Windows-Security-Auditing,Security,4,6532,disstestbedvm,390,,A process has exited,disstestbedvm\dfanalyst,,,PID: 0x143C,,,,,C:\Windows\System32\dllhost.exe,False,D:\UOW\SEM3\msc-diss-7csef001w\scenarios\scenario_4\run_1\artefacts\event_logs\Security.evtx,Audit success,480,"{""EventData"":{""Data"":[{""@Name"":""SubjectUserSid"",""#text"":""S-1-5-21-4209295338-567392030-2519289182-1001""},{""@Name"":""SubjectUserName"",""#text"":""dfanalyst""},{""@Name"":""SubjectDomainName"",""#text"":""disstestbedvm""},{""@Name"":""SubjectLogonId"",""#text"":""0x570B7""},{""@Name"":""Status"",""#text"":""0x0""},{""@Name"":""ProcessId"",""#text"":""0x143C""},{""@Name"":""ProcessName"",""#text"":""C:\\Windows\\System32\\dllhost.exe""}]}}"
2206,2206,2026-08-22 11:47:09.9062483,43,Info,Microsoft-Windows-WindowsUpdateClient,System,10068,6444,disstestbedvm,17,S-1-5-18,,,,,,,,,,,False,D:\UOW\SEM3\msc-diss-7csef001w\scenarios\scenario_4\run_1\artefacts\event_logs\System.evtx,0x8000000000002008,0,"{""EventData"":{""Data"":[{""@Name"":""updateTitle"",""#text"":""Update for Windows Security platform - KB5007651 (Version 10.0.29628.1000)""},{""@Name"":""updateGuid"",""#text"":""a32ca1d0-ddd4-486b-b708-d941db4f1141""},{""@Name"":""updateRevisionNumber"",""#text"":""204""}]}}"
2207,2207,2026-08-22 11:47:12.4425919,19,Info,Microsoft-Windows-WindowsUpdateClient,System,10068,6444,disstestbedvm,17,S-1-5-18,,,,,,,,,,,False,D:\UOW\SEM3\msc-diss-7csef001w\scenarios\scenario_4\run_1\artefacts\event_logs\System.evtx,Installation,0,"{""EventData"":{""Data"":[{""@Name"":""updateTitle"",""#text"":""Update for Windows Security platform - KB5007651 (Version 10.0.29628.1000)""},{""@Name"":""updateGuid"",""#text"":""a32ca1d0-ddd4-486b-b708-d941db4f1141""},{""@Name"":""updateRevisionNumber"",""#text"":""204""},{""@Name"":""serviceGuid"",""#text"":""9482f4b4-e343-43b6-b170-9a65bc822c77""}]}}"
2208,2208,2026-08-22 11:47:29.4620397,44,Info,Microsoft-Windows-WindowsUpdateClient,System,10068,10172,disstestbedvm,17,S-1-5-18,,,,,,,,,,,False,D:\UOW\SEM3\msc-diss-7csef001w\scenarios\scenario_4\run_1\artefacts\event_logs\System.evtx,0x8000000000002004,0,"{""EventData"":{""Data"":[{""@Name"":""updateTitle"",""#text"":""2026-08 .NET Framework Security Update (KB5120708)""},{""@Name"":""updateGuid"",""#text"":""7c33e66f-f0dd-4cb4-8281-db0f992fe551""},{""@Name"":""updateRevisionNumber"",""#text"":""1""}]}}"
2209,2209,2026-08-22 11:47:29.4620406,44,Info,Microsoft-Windows-WindowsUpdateClient,System,10068,10172,disstestbedvm,17,S-1-5-18,,,,,,,,,,,False,D:\UOW\SEM3\msc-diss-7csef001w\scenarios\scenario_4\run_1\artefacts\event_logs\System.evtx,0x8000000000002004,0,"{""EventData"":{""Data"":[{""@Name"":""updateTitle"",""#text"":""Windows Malicious Software Removal Tool x64 - v5.144 (KB890830)""},{""@Name"":""updateGuid"",""#text"":""eb2bb2c1-ff9c-452b-b9b7-e4ba574c02d9""},{""@Name"":""updateRevisionNumber"",""#text"":""200""}]}}"
2210,2210,2026-08-22 11:47:29.4620416,44,Info,Microsoft-Windows-WindowsUpdateClient,System,10068,10172,disstestbedvm,17,S-1-5-18,,,,,,,,,,,False,D:\UOW\SEM3\msc-diss-7csef001w\scenarios\scenario_4\run_1\artefacts\event_logs\System.evtx,0x8000000000002004,0,"{""EventData"":{""Data"":[{""@Name"":""updateTitle"",""#text"":""2026-08 Security Update (KB5121003) (26200.9168)""},{""@Name"":""updateGuid"",""#text"":""800d68a0-03d1-47a4-92f3-1feb02f141aa""},{""@Name"":""updateRevisionNumber"",""#text"":""1""}]}}"
2214,2214,2026-08-22 11:48:14.3591533,44,Info,Microsoft-Windows-WindowsUpdateClient,System,10068,10172,disstestbedvm,17,S-1-5-18,,,,,,,,,,,False,D:\UOW\SEM3\msc-diss-7csef001w\scenarios\scenario_4\run_1\artefacts\event_logs\System.evtx,0x8000000000002004,0,"{""EventData"":{""Data"":[{""@Name"":""updateTitle"",""#text"":""9NKRJ3SJ9SDG-Microsoft.WindowsAppRuntime.1.8""},{""@Name"":""updateGuid"",""#text"":""d190066d-4688-4f38-88d8-51ce7670e87e""},{""@Name"":""updateRevisionNumber"",""#text"":""1""}]}}"
2215,2215,2026-08-22 11:48:14.3591552,44,Info,Microsoft-Windows-WindowsUpdateClient,System,10068,10172,disstestbedvm,17,S-1-5-18,,,,,,,,,,,False,D:\UOW\SEM3\msc-diss-7csef001w\scenarios\scenario_4\run_1\artefacts\event_logs\System.evtx,0x8000000000002004,0,"{""EventData"":{""Data"":[{""@Name"":""updateTitle"",""#text"":""9NBLGGH4NNS1-Microsoft.DesktopAppInstaller""},{""@Name"":""updateGuid"",""#text"":""f66e6ac6-3e05-449e-8911-9e305d0e6056""},{""@Name"":""updateRevisionNumber"",""#text"":""1""}]}}"
2216,2216,2026-08-22 11:48:14.3591568,44,Info,Microsoft-Windows-WindowsUpdateClient,System,10068,10172,disstestbedvm,17,S-1-5-18,,,,,,,,,,,False,D:\UOW\SEM3\msc-diss-7csef001w\scenarios\scenario_4\run_1\artefacts\event_logs\System.evtx,0x8000000000002004,0,"{""EventData"":{""Data"":[{""@Name"":""updateTitle"",""#text"":""9NBLGGH4NNS1-Microsoft.DesktopAppInstaller""},{""@Name"":""updateGuid"",""#text"":""f66e6ac6-3e05-449e-8911-9e305d0e6056""},{""@Name"":""updateRevisionNumber"",""#text"":""1""}]}}"
2221,2221,2026-08-22 11:51:01.9941564,7040,Info,Service Control Manager,System,868,4956,disstestbedvm,17,S-1-5-18,Start type of a service has changed,,,The start type of the Windows Modules Installer was changed from auto start to demand start,,,,,,TrustedInstaller,False,D:\UOW\SEM3\msc-diss-7csef001w\scenarios\scenario_4\run_1\artefacts\event_logs\System.evtx,"Audit success, classic",0,"{""EventData"":{""Data"":[{""@Name"":""param1"",""#text"":""Windows Modules Installer""},{""@Name"":""param2"",""#text"":""auto start""},{""@Name"":""param3"",""#text"":""demand start""},{""@Name"":""param4"",""#text"":""TrustedInstaller""}]}}"
