RecordNumber,EventRecordId,TimeCreated,EventId,Level,Provider,Channel,ProcessId,ThreadId,Computer,ChunkNumber,UserId,MapDescription,UserName,RemoteHost,PayloadData1,PayloadData2,PayloadData3,PayloadData4,PayloadData5,PayloadData6,ExecutableInfo,HiddenRecord,SourceFile,Keywords,ExtraDataOffset,Payload
1260,1260,2026-08-17 18:31:39.1589918,15,Info,SecurityCenter,Application,7264,0,disstestbedvm,23,,,,,,,,,,,,False,D:\UOW\SEM3\msc-diss-7csef001w\scenarios\scenario_2\artefacts\event_logs\Application.evtx,0x80000000000000,0,"{""EventData"":{""Data"":""Windows Defender, SECURITY_PRODUCT_STATE_ON"",""Binary"":""""}}"
1261,1261,2026-08-17 18:32:38.3973607,256,Info,Chrome,Application,5884,0,disstestbedvm,23,S-1-5-21-4209295338-567392030-2519289182-1001,,,,,,,,,,,False,D:\UOW\SEM3\msc-diss-7csef001w\scenarios\scenario_2\artefacts\event_logs\Application.evtx,0x80000000000000,0,"{""EventData"":{""Data"":""[5884:8428:0817/183238.396:INFO:chrome\\browser\\extensions\\extension_garbage_collector.cc:188] Garbage collection for extensions on file thread is complete."",""Binary"":""""}}"
1262,1262,2026-08-17 18:34:49.9663106,16394,Info,Microsoft-Windows-Security-SPP,Application,8916,0,disstestbedvm,23,,,,,,,,,,,,False,D:\UOW\SEM3\msc-diss-7csef001w\scenarios\scenario_2\artefacts\event_logs\Application.evtx,0x80000000000000,0,"{""EventData"":{""Data"":"""",""Binary"":""""}}"
35209,35209,2026-08-17 18:29:47.7734835,4689,LogAlways,Microsoft-Windows-Security-Auditing,Security,4,2580,disstestbedvm,422,,A process has exited,WORKGROUP\DISSTESTBEDVM$,,,PID: 0x4F8,,,,,C:\Windows\System32\svchost.exe,False,D:\UOW\SEM3\msc-diss-7csef001w\scenarios\scenario_2\artefacts\event_logs\Security.evtx,Audit success,0,"{""EventData"":{""Data"":[{""@Name"":""SubjectUserSid"",""#text"":""S-1-5-18""},{""@Name"":""SubjectUserName"",""#text"":""DISSTESTBEDVM$""},{""@Name"":""SubjectDomainName"",""#text"":""WORKGROUP""},{""@Name"":""SubjectLogonId"",""#text"":""0x3E7""},{""@Name"":""Status"",""#text"":""0x0""},{""@Name"":""ProcessId"",""#text"":""0x4F8""},{""@Name"":""ProcessName"",""#text"":""C:\\Windows\\System32\\svchost.exe""}]}}"
35210,35210,2026-08-17 18:29:53.4739595,4688,LogAlways,Microsoft-Windows-Security-Auditing,Security,4,10056,disstestbedvm,422,,A new process has been created,WORKGROUP\DISSTESTBEDVM$,,Parent process: C:\Windows\explorer.exe,PID: 0x1548,Parent PID: 0x2A48,Mandatory label: SECURITY_MANDATORY_MEDIUM_RID,Target User: disstestbedvm\dfanalyst,,"C:\Program Files\WindowsApps\Microsoft.WindowsNotepad_11.2606.15.0_x64__8wekyb3d8bbwe\Notepad\Notepad.exe ""C:\Program Files\WindowsApps\Microsoft.WindowsNotepad_11.2606.15.0_x64__8wekyb3d8bbwe\Notepad\Notepad.exe"" ",False,D:\UOW\SEM3\msc-diss-7csef001w\scenarios\scenario_2\artefacts\event_logs\Security.evtx,Audit success,0,"{""EventData"":{""Data"":[{""@Name"":""SubjectUserSid"",""#text"":""S-1-5-18""},{""@Name"":""SubjectUserName"",""#text"":""DISSTESTBEDVM$""},{""@Name"":""SubjectDomainName"",""#text"":""WORKGROUP""},{""@Name"":""SubjectLogonId"",""#text"":""0x3E7""},{""@Name"":""NewProcessId"",""#text"":""0x2A48""},{""@Name"":""NewProcessName"",""#text"":""C:\\Program Files\\WindowsApps\\Microsoft.WindowsNotepad_11.2606.15.0_x64__8wekyb3d8bbwe\\Notepad\\Notepad.exe""},{""@Name"":""TokenElevationType"",""#text"":""%%1938""},{""@Name"":""ProcessId"",""#text"":""0x1548""},{""@Name"":""CommandLine"",""#text"":""\""C:\\Program Files\\WindowsApps\\Microsoft.WindowsNotepad_11.2606.15.0_x64__8wekyb3d8bbwe\\Notepad\\Notepad.exe\"" ""},{""@Name"":""TargetUserSid"",""#text"":""S-1-5-21-4209295338-567392030-2519289182-1001""},{""@Name"":""TargetUserName"",""#text"":""dfanalyst""},{""@Name"":""TargetDomainName"",""#text"":""disstestbedvm""},{""@Name"":""TargetLogonId"",""#text"":""0x1B772""},{""@Name"":""ParentProcessName"",""#text"":""C:\\Windows\\explorer.exe""},{""@Name"":""MandatoryLabel"",""#text"":""S-1-16-8192""}]}}"
35211,35211,2026-08-17 18:29:53.7089149,4688,LogAlways,Microsoft-Windows-Security-Auditing,Security,4,6388,disstestbedvm,422,,A new process has been created,WORKGROUP\DISSTESTBEDVM$,,Parent process: C:\Windows\System32\svchost.exe,PID: 0x600,Parent PID: 0x233C,Mandatory label: SECURITY_MANDATORY_MEDIUM_RID,Target User: disstestbedvm\dfanalyst,,"C:\Users\dfanalyst\AppData\Local\Microsoft\OneDrive\26.139.0720.0007\OneDriveLauncher.exe ""C:\Users\dfanalyst\AppData\Local\Microsoft\OneDrive\26.139.0720.0007\OneDriveLauncher.exe"" /startInstances",False,D:\UOW\SEM3\msc-diss-7csef001w\scenarios\scenario_2\artefacts\event_logs\Security.evtx,Audit success,0,"{""EventData"":{""Data"":[{""@Name"":""SubjectUserSid"",""#text"":""S-1-5-18""},{""@Name"":""SubjectUserName"",""#text"":""DISSTESTBEDVM$""},{""@Name"":""SubjectDomainName"",""#text"":""WORKGROUP""},{""@Name"":""SubjectLogonId"",""#text"":""0x3E7""},{""@Name"":""NewProcessId"",""#text"":""0x233C""},{""@Name"":""NewProcessName"",""#text"":""C:\\Users\\dfanalyst\\AppData\\Local\\Microsoft\\OneDrive\\26.139.0720.0007\\OneDriveLauncher.exe""},{""@Name"":""TokenElevationType"",""#text"":""%%1938""},{""@Name"":""ProcessId"",""#text"":""0x600""},{""@Name"":""CommandLine"",""#text"":""\""C:\\Users\\dfanalyst\\AppData\\Local\\Microsoft\\OneDrive\\26.139.0720.0007\\OneDriveLauncher.exe\"" /startInstances""},{""@Name"":""TargetUserSid"",""#text"":""S-1-5-21-4209295338-567392030-2519289182-1001""},{""@Name"":""TargetUserName"",""#text"":""dfanalyst""},{""@Name"":""TargetDomainName"",""#text"":""disstestbedvm""},{""@Name"":""TargetLogonId"",""#text"":""0x1B772""},{""@Name"":""ParentProcessName"",""#text"":""C:\\Windows\\System32\\svchost.exe""},{""@Name"":""MandatoryLabel"",""#text"":""S-1-16-8192""}]}}"
35212,35212,2026-08-17 18:30:03.9518700,4689,LogAlways,Microsoft-Windows-Security-Auditing,Security,4,6388,disstestbedvm,422,,A process has exited,disstestbedvm\dfanalyst,,,PID: 0x233C,,,,,C:\Users\dfanalyst\AppData\Local\Microsoft\OneDrive\26.139.0720.0007\OneDriveLauncher.exe,False,D:\UOW\SEM3\msc-diss-7csef001w\scenarios\scenario_2\artefacts\event_logs\Security.evtx,Audit success,0,"{""EventData"":{""Data"":[{""@Name"":""SubjectUserSid"",""#text"":""S-1-5-21-4209295338-567392030-2519289182-1001""},{""@Name"":""SubjectUserName"",""#text"":""dfanalyst""},{""@Name"":""SubjectDomainName"",""#text"":""disstestbedvm""},{""@Name"":""SubjectLogonId"",""#text"":""0x1B772""},{""@Name"":""Status"",""#text"":""0x0""},{""@Name"":""ProcessId"",""#text"":""0x233C""},{""@Name"":""ProcessName"",""#text"":""C:\\Users\\dfanalyst\\AppData\\Local\\Microsoft\\OneDrive\\26.139.0720.0007\\OneDriveLauncher.exe""}]}}"
35213,35213,2026-08-17 18:30:09.6477378,4688,LogAlways,Microsoft-Windows-Security-Auditing,Security,4,6388,disstestbedvm,422,,A new process has been created,WORKGROUP\DISSTESTBEDVM$,,Parent process: C:\ProgramData\Microsoft\Windows Defender\Platform\4.18.26070.9-0\MsMpEng.exe,PID: 0xD78,Parent PID: 0x2854,Mandatory label: SECURITY_MANDATORY_SYSTEM_RID,Target User: -\-,,"C:\ProgramData\Microsoft\Windows Defender\Platform\4.18.26070.9-0\MpCmdRun.exe ""C:\ProgramData\Microsoft\Windows Defender\Platform\4.18.26070.9-0\MpCmdRun.exe"" SignatureUpdate -ScheduleJob -RestrictPrivileges",False,D:\UOW\SEM3\msc-diss-7csef001w\scenarios\scenario_2\artefacts\event_logs\Security.evtx,Audit success,0,"{""EventData"":{""Data"":[{""@Name"":""SubjectUserSid"",""#text"":""S-1-5-18""},{""@Name"":""SubjectUserName"",""#text"":""DISSTESTBEDVM$""},{""@Name"":""SubjectDomainName"",""#text"":""WORKGROUP""},{""@Name"":""SubjectLogonId"",""#text"":""0x3E7""},{""@Name"":""NewProcessId"",""#text"":""0x2854""},{""@Name"":""NewProcessName"",""#text"":""C:\\ProgramData\\Microsoft\\Windows Defender\\Platform\\4.18.26070.9-0\\MpCmdRun.exe""},{""@Name"":""TokenElevationType"",""#text"":""%%1936""},{""@Name"":""ProcessId"",""#text"":""0xD78""},{""@Name"":""CommandLine"",""#text"":""\""C:\\ProgramData\\Microsoft\\Windows Defender\\Platform\\4.18.26070.9-0\\MpCmdRun.exe\"" SignatureUpdate -ScheduleJob -RestrictPrivileges""},{""@Name"":""TargetUserSid"",""#text"":""S-1-0-0""},{""@Name"":""TargetUserName"",""#text"":""-""},{""@Name"":""TargetDomainName"",""#text"":""-""},{""@Name"":""TargetLogonId"",""#text"":""0x0""},{""@Name"":""ParentProcessName"",""#text"":""C:\\ProgramData\\Microsoft\\Windows Defender\\Platform\\4.18.26070.9-0\\MsMpEng.exe""},{""@Name"":""MandatoryLabel"",""#text"":""S-1-16-16384""}]}}"
35214,35214,2026-08-17 18:30:09.6550281,4688,LogAlways,Microsoft-Windows-Security-Auditing,Security,4,8316,disstestbedvm,422,,A new process has been created,WORKGROUP\DISSTESTBEDVM$,,Parent process: C:\ProgramData\Microsoft\Windows Defender\Platform\4.18.26070.9-0\MpCmdRun.exe,PID: 0x2854,Parent PID: 0x1C64,Mandatory label: SECURITY_MANDATORY_SYSTEM_RID,Target User: -\-,,C:\Windows\System32\conhost.exe \??\C:\WINDOWS\system32\conhost.exe 0xffffffff -ForceV1,False,D:\UOW\SEM3\msc-diss-7csef001w\scenarios\scenario_2\artefacts\event_logs\Security.evtx,Audit success,0,"{""EventData"":{""Data"":[{""@Name"":""SubjectUserSid"",""#text"":""S-1-5-18""},{""@Name"":""SubjectUserName"",""#text"":""DISSTESTBEDVM$""},{""@Name"":""SubjectDomainName"",""#text"":""WORKGROUP""},{""@Name"":""SubjectLogonId"",""#text"":""0x3E7""},{""@Name"":""NewProcessId"",""#text"":""0x1C64""},{""@Name"":""NewProcessName"",""#text"":""C:\\Windows\\System32\\conhost.exe""},{""@Name"":""TokenElevationType"",""#text"":""%%1936""},{""@Name"":""ProcessId"",""#text"":""0x2854""},{""@Name"":""CommandLine"",""#text"":""\\??\\C:\\WINDOWS\\system32\\conhost.exe 0xffffffff -ForceV1""},{""@Name"":""TargetUserSid"",""#text"":""S-1-0-0""},{""@Name"":""TargetUserName"",""#text"":""-""},{""@Name"":""TargetDomainName"",""#text"":""-""},{""@Name"":""TargetLogonId"",""#text"":""0x0""},{""@Name"":""ParentProcessName"",""#text"":""C:\\ProgramData\\Microsoft\\Windows Defender\\Platform\\4.18.26070.9-0\\MpCmdRun.exe""},{""@Name"":""MandatoryLabel"",""#text"":""S-1-16-16384""}]}}"
35215,35215,2026-08-17 18:30:09.6647321,4688,LogAlways,Microsoft-Windows-Security-Auditing,Security,4,8316,disstestbedvm,422,,A new process has been created,WORKGROUP\DISSTESTBEDVM$,,Parent process: C:\ProgramData\Microsoft\Windows Defender\Platform\4.18.26070.9-0\MsMpEng.exe,PID: 0xD78,Parent PID: 0x2054,Mandatory label: SECURITY_MANDATORY_SYSTEM_RID,Target User: -\-,,"C:\ProgramData\Microsoft\Windows Defender\Platform\4.18.26070.9-0\MpCmdRun.exe ""C:\ProgramData\Microsoft\Windows Defender\Platform\4.18.26070.9-0\MpCmdRun.exe"" SignatureUpdate -ScheduleJob -RestrictPrivileges",False,D:\UOW\SEM3\msc-diss-7csef001w\scenarios\scenario_2\artefacts\event_logs\Security.evtx,Audit success,0,"{""EventData"":{""Data"":[{""@Name"":""SubjectUserSid"",""#text"":""S-1-5-18""},{""@Name"":""SubjectUserName"",""#text"":""DISSTESTBEDVM$""},{""@Name"":""SubjectDomainName"",""#text"":""WORKGROUP""},{""@Name"":""SubjectLogonId"",""#text"":""0x3E7""},{""@Name"":""NewProcessId"",""#text"":""0x2054""},{""@Name"":""NewProcessName"",""#text"":""C:\\ProgramData\\Microsoft\\Windows Defender\\Platform\\4.18.26070.9-0\\MpCmdRun.exe""},{""@Name"":""TokenElevationType"",""#text"":""%%1936""},{""@Name"":""ProcessId"",""#text"":""0xD78""},{""@Name"":""CommandLine"",""#text"":""\""C:\\ProgramData\\Microsoft\\Windows Defender\\Platform\\4.18.26070.9-0\\MpCmdRun.exe\"" SignatureUpdate -ScheduleJob -RestrictPrivileges""},{""@Name"":""TargetUserSid"",""#text"":""S-1-0-0""},{""@Name"":""TargetUserName"",""#text"":""-""},{""@Name"":""TargetDomainName"",""#text"":""-""},{""@Name"":""TargetLogonId"",""#text"":""0x0""},{""@Name"":""ParentProcessName"",""#text"":""C:\\ProgramData\\Microsoft\\Windows Defender\\Platform\\4.18.26070.9-0\\MsMpEng.exe""},{""@Name"":""MandatoryLabel"",""#text"":""S-1-16-16384""}]}}"
35216,35216,2026-08-17 18:30:09.6693415,4688,LogAlways,Microsoft-Windows-Security-Auditing,Security,4,8316,disstestbedvm,422,,A new process has been created,WORKGROUP\DISSTESTBEDVM$,,Parent process: C:\ProgramData\Microsoft\Windows Defender\Platform\4.18.26070.9-0\MpCmdRun.exe,PID: 0x2054,Parent PID: 0x11A8,Mandatory label: SECURITY_MANDATORY_SYSTEM_RID,Target User: -\-,,C:\Windows\System32\conhost.exe \??\C:\WINDOWS\system32\conhost.exe 0xffffffff -ForceV1,False,D:\UOW\SEM3\msc-diss-7csef001w\scenarios\scenario_2\artefacts\event_logs\Security.evtx,Audit success,0,"{""EventData"":{""Data"":[{""@Name"":""SubjectUserSid"",""#text"":""S-1-5-18""},{""@Name"":""SubjectUserName"",""#text"":""DISSTESTBEDVM$""},{""@Name"":""SubjectDomainName"",""#text"":""WORKGROUP""},{""@Name"":""SubjectLogonId"",""#text"":""0x3E7""},{""@Name"":""NewProcessId"",""#text"":""0x11A8""},{""@Name"":""NewProcessName"",""#text"":""C:\\Windows\\System32\\conhost.exe""},{""@Name"":""TokenElevationType"",""#text"":""%%1936""},{""@Name"":""ProcessId"",""#text"":""0x2054""},{""@Name"":""CommandLine"",""#text"":""\\??\\C:\\WINDOWS\\system32\\conhost.exe 0xffffffff -ForceV1""},{""@Name"":""TargetUserSid"",""#text"":""S-1-0-0""},{""@Name"":""TargetUserName"",""#text"":""-""},{""@Name"":""TargetDomainName"",""#text"":""-""},{""@Name"":""TargetLogonId"",""#text"":""0x0""},{""@Name"":""ParentProcessName"",""#text"":""C:\\ProgramData\\Microsoft\\Windows Defender\\Platform\\4.18.26070.9-0\\MpCmdRun.exe""},{""@Name"":""MandatoryLabel"",""#text"":""S-1-16-16384""}]}}"
35217,35217,2026-08-17 18:30:09.7182499,4689,LogAlways,Microsoft-Windows-Security-Auditing,Security,4,8316,disstestbedvm,422,,A process has exited,WORKGROUP\DISSTESTBEDVM$,,,PID: 0x2054,,,,,C:\ProgramData\Microsoft\Windows Defender\Platform\4.18.26070.9-0\MpCmdRun.exe,False,D:\UOW\SEM3\msc-diss-7csef001w\scenarios\scenario_2\artefacts\event_logs\Security.evtx,Audit success,0,"{""EventData"":{""Data"":[{""@Name"":""SubjectUserSid"",""#text"":""S-1-5-18""},{""@Name"":""SubjectUserName"",""#text"":""DISSTESTBEDVM$""},{""@Name"":""SubjectDomainName"",""#text"":""WORKGROUP""},{""@Name"":""SubjectLogonId"",""#text"":""0x3E7""},{""@Name"":""Status"",""#text"":""0x2""},{""@Name"":""ProcessId"",""#text"":""0x2054""},{""@Name"":""ProcessName"",""#text"":""C:\\ProgramData\\Microsoft\\Windows Defender\\Platform\\4.18.26070.9-0\\MpCmdRun.exe""}]}}"
35218,35218,2026-08-17 18:30:09.7199046,4689,LogAlways,Microsoft-Windows-Security-Auditing,Security,4,8316,disstestbedvm,422,,A process has exited,WORKGROUP\DISSTESTBEDVM$,,,PID: 0x11A8,,,,,C:\Windows\System32\conhost.exe,False,D:\UOW\SEM3\msc-diss-7csef001w\scenarios\scenario_2\artefacts\event_logs\Security.evtx,Audit success,0,"{""EventData"":{""Data"":[{""@Name"":""SubjectUserSid"",""#text"":""S-1-5-18""},{""@Name"":""SubjectUserName"",""#text"":""DISSTESTBEDVM$""},{""@Name"":""SubjectDomainName"",""#text"":""WORKGROUP""},{""@Name"":""SubjectLogonId"",""#text"":""0x3E7""},{""@Name"":""Status"",""#text"":""0x0""},{""@Name"":""ProcessId"",""#text"":""0x11A8""},{""@Name"":""ProcessName"",""#text"":""C:\\Windows\\System32\\conhost.exe""}]}}"
35219,35219,2026-08-17 18:30:09.7395675,4688,LogAlways,Microsoft-Windows-Security-Auditing,Security,4,8316,disstestbedvm,423,,A new process has been created,WORKGROUP\DISSTESTBEDVM$,,Parent process: C:\ProgramData\Microsoft\Windows Defender\Platform\4.18.26070.9-0\MsMpEng.exe,PID: 0xD78,Parent PID: 0x1D7C,Mandatory label: SECURITY_MANDATORY_SYSTEM_RID,Target User: -\-,,"C:\ProgramData\Microsoft\Windows Defender\Platform\4.18.26070.9-0\MpCmdRun.exe ""C:\ProgramData\Microsoft\Windows Defender\Platform\4.18.26070.9-0\MpCmdRun.exe"" SignaturesUpdateService -ScheduleJob -UnmanagedUpdate",False,D:\UOW\SEM3\msc-diss-7csef001w\scenarios\scenario_2\artefacts\event_logs\Security.evtx,Audit success,0,"{""EventData"":{""Data"":[{""@Name"":""SubjectUserSid"",""#text"":""S-1-5-18""},{""@Name"":""SubjectUserName"",""#text"":""DISSTESTBEDVM$""},{""@Name"":""SubjectDomainName"",""#text"":""WORKGROUP""},{""@Name"":""SubjectLogonId"",""#text"":""0x3E7""},{""@Name"":""NewProcessId"",""#text"":""0x1D7C""},{""@Name"":""NewProcessName"",""#text"":""C:\\ProgramData\\Microsoft\\Windows Defender\\Platform\\4.18.26070.9-0\\MpCmdRun.exe""},{""@Name"":""TokenElevationType"",""#text"":""%%1936""},{""@Name"":""ProcessId"",""#text"":""0xD78""},{""@Name"":""CommandLine"",""#text"":""\""C:\\ProgramData\\Microsoft\\Windows Defender\\Platform\\4.18.26070.9-0\\MpCmdRun.exe\"" SignaturesUpdateService -ScheduleJob -UnmanagedUpdate""},{""@Name"":""TargetUserSid"",""#text"":""S-1-0-0""},{""@Name"":""TargetUserName"",""#text"":""-""},{""@Name"":""TargetDomainName"",""#text"":""-""},{""@Name"":""TargetLogonId"",""#text"":""0x0""},{""@Name"":""ParentProcessName"",""#text"":""C:\\ProgramData\\Microsoft\\Windows Defender\\Platform\\4.18.26070.9-0\\MsMpEng.exe""},{""@Name"":""MandatoryLabel"",""#text"":""S-1-16-16384""}]}}"
35220,35220,2026-08-17 18:30:09.7452827,4688,LogAlways,Microsoft-Windows-Security-Auditing,Security,4,8316,disstestbedvm,423,,A new process has been created,WORKGROUP\DISSTESTBEDVM$,,Parent process: C:\ProgramData\Microsoft\Windows Defender\Platform\4.18.26070.9-0\MpCmdRun.exe,PID: 0x1D7C,Parent PID: 0x21C8,Mandatory label: SECURITY_MANDATORY_SYSTEM_RID,Target User: -\-,,C:\Windows\System32\conhost.exe \??\C:\WINDOWS\system32\conhost.exe 0xffffffff -ForceV1,False,D:\UOW\SEM3\msc-diss-7csef001w\scenarios\scenario_2\artefacts\event_logs\Security.evtx,Audit success,0,"{""EventData"":{""Data"":[{""@Name"":""SubjectUserSid"",""#text"":""S-1-5-18""},{""@Name"":""SubjectUserName"",""#text"":""DISSTESTBEDVM$""},{""@Name"":""SubjectDomainName"",""#text"":""WORKGROUP""},{""@Name"":""SubjectLogonId"",""#text"":""0x3E7""},{""@Name"":""NewProcessId"",""#text"":""0x21C8""},{""@Name"":""NewProcessName"",""#text"":""C:\\Windows\\System32\\conhost.exe""},{""@Name"":""TokenElevationType"",""#text"":""%%1936""},{""@Name"":""ProcessId"",""#text"":""0x1D7C""},{""@Name"":""CommandLine"",""#text"":""\\??\\C:\\WINDOWS\\system32\\conhost.exe 0xffffffff -ForceV1""},{""@Name"":""TargetUserSid"",""#text"":""S-1-0-0""},{""@Name"":""TargetUserName"",""#text"":""-""},{""@Name"":""TargetDomainName"",""#text"":""-""},{""@Name"":""TargetLogonId"",""#text"":""0x0""},{""@Name"":""ParentProcessName"",""#text"":""C:\\ProgramData\\Microsoft\\Windows Defender\\Platform\\4.18.26070.9-0\\MpCmdRun.exe""},{""@Name"":""MandatoryLabel"",""#text"":""S-1-16-16384""}]}}"
35221,35221,2026-08-17 18:30:10.3378622,4688,LogAlways,Microsoft-Windows-Security-Auditing,Security,4,6388,disstestbedvm,423,,A new process has been created,WORKGROUP\DISSTESTBEDVM$,,Parent process: C:\Windows\System32\svchost.exe,PID: 0x600,Parent PID: 0xCF4,Mandatory label: SECURITY_MANDATORY_SYSTEM_RID,Target User: -\-,,C:\Windows\System32\taskhostw.exe taskhostw.exe -RegisterDevice -ProtectionStateChanged -FreeNetworkOnly,False,D:\UOW\SEM3\msc-diss-7csef001w\scenarios\scenario_2\artefacts\event_logs\Security.evtx,Audit success,0,"{""EventData"":{""Data"":[{""@Name"":""SubjectUserSid"",""#text"":""S-1-5-18""},{""@Name"":""SubjectUserName"",""#text"":""DISSTESTBEDVM$""},{""@Name"":""SubjectDomainName"",""#text"":""WORKGROUP""},{""@Name"":""SubjectLogonId"",""#text"":""0x3E7""},{""@Name"":""NewProcessId"",""#text"":""0xCF4""},{""@Name"":""NewProcessName"",""#text"":""C:\\Windows\\System32\\taskhostw.exe""},{""@Name"":""TokenElevationType"",""#text"":""%%1936""},{""@Name"":""ProcessId"",""#text"":""0x600""},{""@Name"":""CommandLine"",""#text"":""taskhostw.exe -RegisterDevice -ProtectionStateChanged -FreeNetworkOnly""},{""@Name"":""TargetUserSid"",""#text"":""S-1-0-0""},{""@Name"":""TargetUserName"",""#text"":""-""},{""@Name"":""TargetDomainName"",""#text"":""-""},{""@Name"":""TargetLogonId"",""#text"":""0x0""},{""@Name"":""ParentProcessName"",""#text"":""C:\\Windows\\System32\\svchost.exe""},{""@Name"":""MandatoryLabel"",""#text"":""S-1-16-16384""}]}}"
35222,35222,2026-08-17 18:30:10.4890886,4688,LogAlways,Microsoft-Windows-Security-Auditing,Security,4,8316,disstestbedvm,423,,A new process has been created,WORKGROUP\DISSTESTBEDVM$,,Parent process: C:\Windows\System32\svchost.exe,PID: 0x130,Parent PID: 0x168C,Mandatory label: SECURITY_MANDATORY_MEDIUM_RID,Target User: disstestbedvm\dfanalyst,,C:\Windows\System32\SecurityHealth\10.0.29628.1000-0\SecurityHealthHost.exe \\?\C:\Windows\System32\SecurityHealth\10.0.29628.1000-0\SecurityHealthHost.exe {08728914-3F57-4D52-9E31-49DAECA5A80A} -Embedding,False,D:\UOW\SEM3\msc-diss-7csef001w\scenarios\scenario_2\artefacts\event_logs\Security.evtx,Audit success,0,"{""EventData"":{""Data"":[{""@Name"":""SubjectUserSid"",""#text"":""S-1-5-18""},{""@Name"":""SubjectUserName"",""#text"":""DISSTESTBEDVM$""},{""@Name"":""SubjectDomainName"",""#text"":""WORKGROUP""},{""@Name"":""SubjectLogonId"",""#text"":""0x3E7""},{""@Name"":""NewProcessId"",""#text"":""0x168C""},{""@Name"":""NewProcessName"",""#text"":""C:\\Windows\\System32\\SecurityHealth\\10.0.29628.1000-0\\SecurityHealthHost.exe""},{""@Name"":""TokenElevationType"",""#text"":""%%1938""},{""@Name"":""ProcessId"",""#text"":""0x130""},{""@Name"":""CommandLine"",""#text"":""\\\\?\\C:\\Windows\\System32\\SecurityHealth\\10.0.29628.1000-0\\SecurityHealthHost.exe {08728914-3F57-4D52-9E31-49DAECA5A80A} -Embedding""},{""@Name"":""TargetUserSid"",""#text"":""S-1-5-21-4209295338-567392030-2519289182-1001""},{""@Name"":""TargetUserName"",""#text"":""dfanalyst""},{""@Name"":""TargetDomainName"",""#text"":""disstestbedvm""},{""@Name"":""TargetLogonId"",""#text"":""0x1B772""},{""@Name"":""ParentProcessName"",""#text"":""C:\\Windows\\System32\\svchost.exe""},{""@Name"":""MandatoryLabel"",""#text"":""S-1-16-8192""}]}}"
35223,35223,2026-08-17 18:30:10.5453741,4624,LogAlways,Microsoft-Windows-Security-Auditing,Security,888,968,disstestbedvm,423,,Successful logon,WORKGROUP\DISSTESTBEDVM$,- (-),Target: NT AUTHORITY\SYSTEM,LogonType 5,LogonId: 0x3E7,,,,C:\Windows\System32\services.exe,False,D:\UOW\SEM3\msc-diss-7csef001w\scenarios\scenario_2\artefacts\event_logs\Security.evtx,Audit success,0,"{""EventData"":{""Data"":[{""@Name"":""SubjectUserSid"",""#text"":""S-1-5-18""},{""@Name"":""SubjectUserName"",""#text"":""DISSTESTBEDVM$""},{""@Name"":""SubjectDomainName"",""#text"":""WORKGROUP""},{""@Name"":""SubjectLogonId"",""#text"":""0x3E7""},{""@Name"":""TargetUserSid"",""#text"":""S-1-5-18""},{""@Name"":""TargetUserName"",""#text"":""SYSTEM""},{""@Name"":""TargetDomainName"",""#text"":""NT AUTHORITY""},{""@Name"":""TargetLogonId"",""#text"":""0x3E7""},{""@Name"":""LogonType"",""#text"":""5""},{""@Name"":""LogonProcessName"",""#text"":""Advapi  ""},{""@Name"":""AuthenticationPackageName"",""#text"":""Negotiate""},{""@Name"":""WorkstationName"",""#text"":""-""},{""@Name"":""LogonGuid"",""#text"":""00000000-0000-0000-0000-000000000000""},{""@Name"":""TransmittedServices"",""#text"":""-""},{""@Name"":""LmPackageName"",""#text"":""-""},{""@Name"":""KeyLength"",""#text"":""0""},{""@Name"":""ProcessId"",""#text"":""0x364""},{""@Name"":""ProcessName"",""#text"":""C:\\Windows\\System32\\services.exe""},{""@Name"":""IpAddress"",""#text"":""-""},{""@Name"":""IpPort"",""#text"":""-""},{""@Name"":""ImpersonationLevel"",""#text"":""%%1833""},{""@Name"":""RestrictedAdminMode"",""#text"":""-""},{""@Name"":""RemoteCredentialGuard"",""#text"":""-""},{""@Name"":""TargetOutboundUserName"",""#text"":""-""},{""@Name"":""TargetOutboundDomainName"",""#text"":""-""},{""@Name"":""VirtualAccount"",""#text"":""%%1843""},{""@Name"":""TargetLinkedLogonId"",""#text"":""0x0""},{""@Name"":""ElevatedToken"",""#text"":""%%1842""}]}}"
35224,35224,2026-08-17 18:30:10.5453812,4672,LogAlways,Microsoft-Windows-Security-Auditing,Security,888,968,disstestbedvm,423,,Administrative logon,NT AUTHORITY\SYSTEM (S-1-5-18),,"PrivilegeList: SeAssignPrimaryTokenPrivilege, SeTcbPrivilege, SeSecurityPrivilege, SeTakeOwnershipPrivilege, SeLoadDriverPrivilege, SeBackupPrivilege, SeRestorePrivilege, SeDebugPrivilege, SeAuditPrivilege, SeSystemEnvironmentPrivilege, SeImpersonatePrivilege, SeDelegateSessionUserImpersonatePrivilege",LogonId: 0x3E7,,,,,,False,D:\UOW\SEM3\msc-diss-7csef001w\scenarios\scenario_2\artefacts\event_logs\Security.evtx,Audit success,0,"{""EventData"":{""Data"":[{""@Name"":""SubjectUserSid"",""#text"":""S-1-5-18""},{""@Name"":""SubjectUserName"",""#text"":""SYSTEM""},{""@Name"":""SubjectDomainName"",""#text"":""NT AUTHORITY""},{""@Name"":""SubjectLogonId"",""#text"":""0x3E7""},{""@Name"":""PrivilegeList"",""#text"":""SeAssignPrimaryTokenPrivilege, SeTcbPrivilege, SeSecurityPrivilege, SeTakeOwnershipPrivilege, SeLoadDriverPrivilege, SeBackupPrivilege, SeRestorePrivilege, SeDebugPrivilege, SeAuditPrivilege, SeSystemEnvironmentPrivilege, SeImpersonatePrivilege, SeDelegateSessionUserImpersonatePrivilege""}]}}"
35225,35225,2026-08-17 18:30:10.5468443,4688,LogAlways,Microsoft-Windows-Security-Auditing,Security,4,6388,disstestbedvm,423,,A new process has been created,WORKGROUP\DISSTESTBEDVM$,,Parent process: C:\Windows\System32\services.exe,PID: 0x364,Parent PID: 0x970,Mandatory label: SECURITY_MANDATORY_SYSTEM_RID,Target User: -\-,,C:\Windows\System32\svchost.exe C:\WINDOWS\system32\svchost.exe -k GPSvcGroup,False,D:\UOW\SEM3\msc-diss-7csef001w\scenarios\scenario_2\artefacts\event_logs\Security.evtx,Audit success,0,"{""EventData"":{""Data"":[{""@Name"":""SubjectUserSid"",""#text"":""S-1-5-18""},{""@Name"":""SubjectUserName"",""#text"":""DISSTESTBEDVM$""},{""@Name"":""SubjectDomainName"",""#text"":""WORKGROUP""},{""@Name"":""SubjectLogonId"",""#text"":""0x3E7""},{""@Name"":""NewProcessId"",""#text"":""0x970""},{""@Name"":""NewProcessName"",""#text"":""C:\\Windows\\System32\\svchost.exe""},{""@Name"":""TokenElevationType"",""#text"":""%%1936""},{""@Name"":""ProcessId"",""#text"":""0x364""},{""@Name"":""CommandLine"",""#text"":""C:\\WINDOWS\\system32\\svchost.exe -k GPSvcGroup""},{""@Name"":""TargetUserSid"",""#text"":""S-1-0-0""},{""@Name"":""TargetUserName"",""#text"":""-""},{""@Name"":""TargetDomainName"",""#text"":""-""},{""@Name"":""TargetLogonId"",""#text"":""0x0""},{""@Name"":""ParentProcessName"",""#text"":""C:\\Windows\\System32\\services.exe""},{""@Name"":""MandatoryLabel"",""#text"":""S-1-16-16384""}]}}"
35226,35226,2026-08-17 18:30:10.6044323,4688,LogAlways,Microsoft-Windows-Security-Auditing,Security,4,8316,disstestbedvm,423,,A new process has been created,WORKGROUP\DISSTESTBEDVM$,,Parent process: C:\Windows\System32\svchost.exe,PID: 0x130,Parent PID: 0x2368,Mandatory label: SECURITY_MANDATORY_LOW_RID,Target User: disstestbedvm\dfanalyst,,"C:\Windows\System32\backgroundTaskHost.exe ""C:\WINDOWS\system32\BackgroundTaskHost.exe"" -ServerName:BackgroundTaskHost.WebAccountProvider",False,D:\UOW\SEM3\msc-diss-7csef001w\scenarios\scenario_2\artefacts\event_logs\Security.evtx,Audit success,0,"{""EventData"":{""Data"":[{""@Name"":""SubjectUserSid"",""#text"":""S-1-5-18""},{""@Name"":""SubjectUserName"",""#text"":""DISSTESTBEDVM$""},{""@Name"":""SubjectDomainName"",""#text"":""WORKGROUP""},{""@Name"":""SubjectLogonId"",""#text"":""0x3E7""},{""@Name"":""NewProcessId"",""#text"":""0x2368""},{""@Name"":""NewProcessName"",""#text"":""C:\\Windows\\System32\\backgroundTaskHost.exe""},{""@Name"":""TokenElevationType"",""#text"":""%%1938""},{""@Name"":""ProcessId"",""#text"":""0x130""},{""@Name"":""CommandLine"",""#text"":""\""C:\\WINDOWS\\system32\\BackgroundTaskHost.exe\"" -ServerName:BackgroundTaskHost.WebAccountProvider""},{""@Name"":""TargetUserSid"",""#text"":""S-1-5-21-4209295338-567392030-2519289182-1001""},{""@Name"":""TargetUserName"",""#text"":""dfanalyst""},{""@Name"":""TargetDomainName"",""#text"":""disstestbedvm""},{""@Name"":""TargetLogonId"",""#text"":""0x1B772""},{""@Name"":""ParentProcessName"",""#text"":""C:\\Windows\\System32\\svchost.exe""},{""@Name"":""MandatoryLabel"",""#text"":""S-1-16-4096""}]}}"
35227,35227,2026-08-17 18:30:10.6583111,4689,LogAlways,Microsoft-Windows-Security-Auditing,Security,4,8316,disstestbedvm,423,,A process has exited,WORKGROUP\DISSTESTBEDVM$,,,PID: 0xCF4,,,,,C:\Windows\System32\taskhostw.exe,False,D:\UOW\SEM3\msc-diss-7csef001w\scenarios\scenario_2\artefacts\event_logs\Security.evtx,Audit success,0,"{""EventData"":{""Data"":[{""@Name"":""SubjectUserSid"",""#text"":""S-1-5-18""},{""@Name"":""SubjectUserName"",""#text"":""DISSTESTBEDVM$""},{""@Name"":""SubjectDomainName"",""#text"":""WORKGROUP""},{""@Name"":""SubjectLogonId"",""#text"":""0x3E7""},{""@Name"":""Status"",""#text"":""0x0""},{""@Name"":""ProcessId"",""#text"":""0xCF4""},{""@Name"":""ProcessName"",""#text"":""C:\\Windows\\System32\\taskhostw.exe""}]}}"
35228,35228,2026-08-17 18:30:10.7074619,4689,LogAlways,Microsoft-Windows-Security-Auditing,Security,4,120,disstestbedvm,423,,A process has exited,disstestbedvm\dfanalyst,,,PID: 0x2368,,,,,C:\Windows\System32\backgroundTaskHost.exe,False,D:\UOW\SEM3\msc-diss-7csef001w\scenarios\scenario_2\artefacts\event_logs\Security.evtx,Audit success,0,"{""EventData"":{""Data"":[{""@Name"":""SubjectUserSid"",""#text"":""S-1-5-21-4209295338-567392030-2519289182-1001""},{""@Name"":""SubjectUserName"",""#text"":""dfanalyst""},{""@Name"":""SubjectDomainName"",""#text"":""disstestbedvm""},{""@Name"":""SubjectLogonId"",""#text"":""0x1B772""},{""@Name"":""Status"",""#text"":""0x1""},{""@Name"":""ProcessId"",""#text"":""0x2368""},{""@Name"":""ProcessName"",""#text"":""C:\\Windows\\System32\\backgroundTaskHost.exe""}]}}"
35229,35229,2026-08-17 18:30:10.7267614,4689,LogAlways,Microsoft-Windows-Security-Auditing,Security,4,120,disstestbedvm,423,,A process has exited,disstestbedvm\dfanalyst,,,PID: 0x168C,,,,,C:\Windows\System32\SecurityHealth\10.0.29628.1000-0\SecurityHealthHost.exe,False,D:\UOW\SEM3\msc-diss-7csef001w\scenarios\scenario_2\artefacts\event_logs\Security.evtx,Audit success,0,"{""EventData"":{""Data"":[{""@Name"":""SubjectUserSid"",""#text"":""S-1-5-21-4209295338-567392030-2519289182-1001""},{""@Name"":""SubjectUserName"",""#text"":""dfanalyst""},{""@Name"":""SubjectDomainName"",""#text"":""disstestbedvm""},{""@Name"":""SubjectLogonId"",""#text"":""0x1B772""},{""@Name"":""Status"",""#text"":""0x0""},{""@Name"":""ProcessId"",""#text"":""0x168C""},{""@Name"":""ProcessName"",""#text"":""C:\\Windows\\System32\\SecurityHealth\\10.0.29628.1000-0\\SecurityHealthHost.exe""}]}}"
35230,35230,2026-08-17 18:30:10.9402929,4688,LogAlways,Microsoft-Windows-Security-Auditing,Security,4,6412,disstestbedvm,423,,A new process has been created,WORKGROUP\DISSTESTBEDVM$,,Parent process: C:\Windows\System32\svchost.exe,PID: 0x130,Parent PID: 0x1BFC,Mandatory label: SECURITY_MANDATORY_MEDIUM_RID,Target User: disstestbedvm\dfanalyst,,C:\Windows\System32\SecurityHealth\10.0.29628.1000-0\SecurityHealthHost.exe \\?\C:\Windows\System32\SecurityHealth\10.0.29628.1000-0\SecurityHealthHost.exe {08728914-3F57-4D52-9E31-49DAECA5A80A} -Embedding,False,D:\UOW\SEM3\msc-diss-7csef001w\scenarios\scenario_2\artefacts\event_logs\Security.evtx,Audit success,0,"{""EventData"":{""Data"":[{""@Name"":""SubjectUserSid"",""#text"":""S-1-5-18""},{""@Name"":""SubjectUserName"",""#text"":""DISSTESTBEDVM$""},{""@Name"":""SubjectDomainName"",""#text"":""WORKGROUP""},{""@Name"":""SubjectLogonId"",""#text"":""0x3E7""},{""@Name"":""NewProcessId"",""#text"":""0x1BFC""},{""@Name"":""NewProcessName"",""#text"":""C:\\Windows\\System32\\SecurityHealth\\10.0.29628.1000-0\\SecurityHealthHost.exe""},{""@Name"":""TokenElevationType"",""#text"":""%%1938""},{""@Name"":""ProcessId"",""#text"":""0x130""},{""@Name"":""CommandLine"",""#text"":""\\\\?\\C:\\Windows\\System32\\SecurityHealth\\10.0.29628.1000-0\\SecurityHealthHost.exe {08728914-3F57-4D52-9E31-49DAECA5A80A} -Embedding""},{""@Name"":""TargetUserSid"",""#text"":""S-1-5-21-4209295338-567392030-2519289182-1001""},{""@Name"":""TargetUserName"",""#text"":""dfanalyst""},{""@Name"":""TargetDomainName"",""#text"":""disstestbedvm""},{""@Name"":""TargetLogonId"",""#text"":""0x1B772""},{""@Name"":""ParentProcessName"",""#text"":""C:\\Windows\\System32\\svchost.exe""},{""@Name"":""MandatoryLabel"",""#text"":""S-1-16-8192""}]}}"
35231,35231,2026-08-17 18:30:10.9712616,4689,LogAlways,Microsoft-Windows-Security-Auditing,Security,4,120,disstestbedvm,423,,A process has exited,disstestbedvm\dfanalyst,,,PID: 0x1BFC,,,,,C:\Windows\System32\SecurityHealth\10.0.29628.1000-0\SecurityHealthHost.exe,False,D:\UOW\SEM3\msc-diss-7csef001w\scenarios\scenario_2\artefacts\event_logs\Security.evtx,Audit success,0,"{""EventData"":{""Data"":[{""@Name"":""SubjectUserSid"",""#text"":""S-1-5-21-4209295338-567392030-2519289182-1001""},{""@Name"":""SubjectUserName"",""#text"":""dfanalyst""},{""@Name"":""SubjectDomainName"",""#text"":""disstestbedvm""},{""@Name"":""SubjectLogonId"",""#text"":""0x1B772""},{""@Name"":""Status"",""#text"":""0x0""},{""@Name"":""ProcessId"",""#text"":""0x1BFC""},{""@Name"":""ProcessName"",""#text"":""C:\\Windows\\System32\\SecurityHealth\\10.0.29628.1000-0\\SecurityHealthHost.exe""}]}}"
35232,35232,2026-08-17 18:30:19.1589373,4688,LogAlways,Microsoft-Windows-Security-Auditing,Security,4,6388,disstestbedvm,423,,A new process has been created,WORKGROUP\DISSTESTBEDVM$,,Parent process: C:\Windows\System32\svchost.exe,PID: 0x130,Parent PID: 0xF88,Mandatory label: SECURITY_MANDATORY_SYSTEM_RID,Target User: NT AUTHORITY\LOCAL SERVICE,,C:\Windows\System32\wbem\WmiPrvSE.exe C:\WINDOWS\system32\wbem\wmiprvse.exe -secured -Embedding,False,D:\UOW\SEM3\msc-diss-7csef001w\scenarios\scenario_2\artefacts\event_logs\Security.evtx,Audit success,0,"{""EventData"":{""Data"":[{""@Name"":""SubjectUserSid"",""#text"":""S-1-5-18""},{""@Name"":""SubjectUserName"",""#text"":""DISSTESTBEDVM$""},{""@Name"":""SubjectDomainName"",""#text"":""WORKGROUP""},{""@Name"":""SubjectLogonId"",""#text"":""0x3E7""},{""@Name"":""NewProcessId"",""#text"":""0xF88""},{""@Name"":""NewProcessName"",""#text"":""C:\\Windows\\System32\\wbem\\WmiPrvSE.exe""},{""@Name"":""TokenElevationType"",""#text"":""%%1936""},{""@Name"":""ProcessId"",""#text"":""0x130""},{""@Name"":""CommandLine"",""#text"":""C:\\WINDOWS\\system32\\wbem\\wmiprvse.exe -secured -Embedding""},{""@Name"":""TargetUserSid"",""#text"":""S-1-5-19""},{""@Name"":""TargetUserName"",""#text"":""LOCAL SERVICE""},{""@Name"":""TargetDomainName"",""#text"":""NT AUTHORITY""},{""@Name"":""TargetLogonId"",""#text"":""0x3E5""},{""@Name"":""ParentProcessName"",""#text"":""C:\\Windows\\System32\\svchost.exe""},{""@Name"":""MandatoryLabel"",""#text"":""S-1-16-16384""}]}}"
35233,35233,2026-08-17 18:30:19.2501329,4624,LogAlways,Microsoft-Windows-Security-Auditing,Security,888,968,disstestbedvm,423,,Successful logon,WORKGROUP\DISSTESTBEDVM$,- (-),Target: NT AUTHORITY\SYSTEM,LogonType 5,LogonId: 0x3E7,,,,C:\Windows\System32\services.exe,False,D:\UOW\SEM3\msc-diss-7csef001w\scenarios\scenario_2\artefacts\event_logs\Security.evtx,Audit success,0,"{""EventData"":{""Data"":[{""@Name"":""SubjectUserSid"",""#text"":""S-1-5-18""},{""@Name"":""SubjectUserName"",""#text"":""DISSTESTBEDVM$""},{""@Name"":""SubjectDomainName"",""#text"":""WORKGROUP""},{""@Name"":""SubjectLogonId"",""#text"":""0x3E7""},{""@Name"":""TargetUserSid"",""#text"":""S-1-5-18""},{""@Name"":""TargetUserName"",""#text"":""SYSTEM""},{""@Name"":""TargetDomainName"",""#text"":""NT AUTHORITY""},{""@Name"":""TargetLogonId"",""#text"":""0x3E7""},{""@Name"":""LogonType"",""#text"":""5""},{""@Name"":""LogonProcessName"",""#text"":""Advapi  ""},{""@Name"":""AuthenticationPackageName"",""#text"":""Negotiate""},{""@Name"":""WorkstationName"",""#text"":""-""},{""@Name"":""LogonGuid"",""#text"":""00000000-0000-0000-0000-000000000000""},{""@Name"":""TransmittedServices"",""#text"":""-""},{""@Name"":""LmPackageName"",""#text"":""-""},{""@Name"":""KeyLength"",""#text"":""0""},{""@Name"":""ProcessId"",""#text"":""0x364""},{""@Name"":""ProcessName"",""#text"":""C:\\Windows\\System32\\services.exe""},{""@Name"":""IpAddress"",""#text"":""-""},{""@Name"":""IpPort"",""#text"":""-""},{""@Name"":""ImpersonationLevel"",""#text"":""%%1833""},{""@Name"":""RestrictedAdminMode"",""#text"":""-""},{""@Name"":""RemoteCredentialGuard"",""#text"":""-""},{""@Name"":""TargetOutboundUserName"",""#text"":""-""},{""@Name"":""TargetOutboundDomainName"",""#text"":""-""},{""@Name"":""VirtualAccount"",""#text"":""%%1843""},{""@Name"":""TargetLinkedLogonId"",""#text"":""0x0""},{""@Name"":""ElevatedToken"",""#text"":""%%1842""}]}}"
35234,35234,2026-08-17 18:30:19.2501393,4672,LogAlways,Microsoft-Windows-Security-Auditing,Security,888,968,disstestbedvm,423,,Administrative logon,NT AUTHORITY\SYSTEM (S-1-5-18),,"PrivilegeList: SeAssignPrimaryTokenPrivilege, SeTcbPrivilege, SeSecurityPrivilege, SeTakeOwnershipPrivilege, SeLoadDriverPrivilege, SeBackupPrivilege, SeRestorePrivilege, SeDebugPrivilege, SeAuditPrivilege, SeSystemEnvironmentPrivilege, SeImpersonatePrivilege, SeDelegateSessionUserImpersonatePrivilege",LogonId: 0x3E7,,,,,,False,D:\UOW\SEM3\msc-diss-7csef001w\scenarios\scenario_2\artefacts\event_logs\Security.evtx,Audit success,0,"{""EventData"":{""Data"":[{""@Name"":""SubjectUserSid"",""#text"":""S-1-5-18""},{""@Name"":""SubjectUserName"",""#text"":""SYSTEM""},{""@Name"":""SubjectDomainName"",""#text"":""NT AUTHORITY""},{""@Name"":""SubjectLogonId"",""#text"":""0x3E7""},{""@Name"":""PrivilegeList"",""#text"":""SeAssignPrimaryTokenPrivilege, SeTcbPrivilege, SeSecurityPrivilege, SeTakeOwnershipPrivilege, SeLoadDriverPrivilege, SeBackupPrivilege, SeRestorePrivilege, SeDebugPrivilege, SeAuditPrivilege, SeSystemEnvironmentPrivilege, SeImpersonatePrivilege, SeDelegateSessionUserImpersonatePrivilege""}]}}"
35235,35235,2026-08-17 18:30:19.2515599,4688,LogAlways,Microsoft-Windows-Security-Auditing,Security,4,120,disstestbedvm,423,,A new process has been created,WORKGROUP\DISSTESTBEDVM$,,Parent process: C:\Windows\System32\services.exe,PID: 0x364,Parent PID: 0x2030,Mandatory label: SECURITY_MANDATORY_SYSTEM_RID,Target User: -\-,,C:\Windows\System32\svchost.exe C:\WINDOWS\System32\svchost.exe -k netsvcs -p -s NetSetupSvc,False,D:\UOW\SEM3\msc-diss-7csef001w\scenarios\scenario_2\artefacts\event_logs\Security.evtx,Audit success,0,"{""EventData"":{""Data"":[{""@Name"":""SubjectUserSid"",""#text"":""S-1-5-18""},{""@Name"":""SubjectUserName"",""#text"":""DISSTESTBEDVM$""},{""@Name"":""SubjectDomainName"",""#text"":""WORKGROUP""},{""@Name"":""SubjectLogonId"",""#text"":""0x3E7""},{""@Name"":""NewProcessId"",""#text"":""0x2030""},{""@Name"":""NewProcessName"",""#text"":""C:\\Windows\\System32\\svchost.exe""},{""@Name"":""TokenElevationType"",""#text"":""%%1936""},{""@Name"":""ProcessId"",""#text"":""0x364""},{""@Name"":""CommandLine"",""#text"":""C:\\WINDOWS\\System32\\svchost.exe -k netsvcs -p -s NetSetupSvc""},{""@Name"":""TargetUserSid"",""#text"":""S-1-0-0""},{""@Name"":""TargetUserName"",""#text"":""-""},{""@Name"":""TargetDomainName"",""#text"":""-""},{""@Name"":""TargetLogonId"",""#text"":""0x0""},{""@Name"":""ParentProcessName"",""#text"":""C:\\Windows\\System32\\services.exe""},{""@Name"":""MandatoryLabel"",""#text"":""S-1-16-16384""}]}}"
35236,35236,2026-08-17 18:30:28.0879249,4689,LogAlways,Microsoft-Windows-Security-Auditing,Security,4,10056,disstestbedvm,423,,A process has exited,NT AUTHORITY\LOCAL SERVICE,,,PID: 0xB54,,,,,C:\Windows\System32\audiodg.exe,False,D:\UOW\SEM3\msc-diss-7csef001w\scenarios\scenario_2\artefacts\event_logs\Security.evtx,Audit success,0,"{""EventData"":{""Data"":[{""@Name"":""SubjectUserSid"",""#text"":""S-1-5-19""},{""@Name"":""SubjectUserName"",""#text"":""LOCAL SERVICE""},{""@Name"":""SubjectDomainName"",""#text"":""NT AUTHORITY""},{""@Name"":""SubjectLogonId"",""#text"":""0x3E5""},{""@Name"":""Status"",""#text"":""0x0""},{""@Name"":""ProcessId"",""#text"":""0xB54""},{""@Name"":""ProcessName"",""#text"":""C:\\Windows\\System32\\audiodg.exe""}]}}"
35237,35237,2026-08-17 18:30:29.9633081,4689,LogAlways,Microsoft-Windows-Security-Auditing,Security,4,10056,disstestbedvm,423,,A process has exited,disstestbedvm\dfanalyst,,,PID: 0x2A48,,,,,C:\Program Files\WindowsApps\Microsoft.WindowsNotepad_11.2606.15.0_x64__8wekyb3d8bbwe\Notepad\Notepad.exe,False,D:\UOW\SEM3\msc-diss-7csef001w\scenarios\scenario_2\artefacts\event_logs\Security.evtx,Audit success,0,"{""EventData"":{""Data"":[{""@Name"":""SubjectUserSid"",""#text"":""S-1-5-21-4209295338-567392030-2519289182-1001""},{""@Name"":""SubjectUserName"",""#text"":""dfanalyst""},{""@Name"":""SubjectDomainName"",""#text"":""disstestbedvm""},{""@Name"":""SubjectLogonId"",""#text"":""0x1B772""},{""@Name"":""Status"",""#text"":""0x0""},{""@Name"":""ProcessId"",""#text"":""0x2A48""},{""@Name"":""ProcessName"",""#text"":""C:\\Program Files\\WindowsApps\\Microsoft.WindowsNotepad_11.2606.15.0_x64__8wekyb3d8bbwe\\Notepad\\Notepad.exe""}]}}"
35241,35241,2026-08-17 18:31:06.2266036,4624,LogAlways,Microsoft-Windows-Security-Auditing,Security,888,1256,disstestbedvm,423,,Successful logon,WORKGROUP\DISSTESTBEDVM$,- (-),Target: NT AUTHORITY\SYSTEM,LogonType 5,LogonId: 0x3E7,,,,C:\Windows\System32\services.exe,False,D:\UOW\SEM3\msc-diss-7csef001w\scenarios\scenario_2\artefacts\event_logs\Security.evtx,Audit success,0,"{""EventData"":{""Data"":[{""@Name"":""SubjectUserSid"",""#text"":""S-1-5-18""},{""@Name"":""SubjectUserName"",""#text"":""DISSTESTBEDVM$""},{""@Name"":""SubjectDomainName"",""#text"":""WORKGROUP""},{""@Name"":""SubjectLogonId"",""#text"":""0x3E7""},{""@Name"":""TargetUserSid"",""#text"":""S-1-5-18""},{""@Name"":""TargetUserName"",""#text"":""SYSTEM""},{""@Name"":""TargetDomainName"",""#text"":""NT AUTHORITY""},{""@Name"":""TargetLogonId"",""#text"":""0x3E7""},{""@Name"":""LogonType"",""#text"":""5""},{""@Name"":""LogonProcessName"",""#text"":""Advapi  ""},{""@Name"":""AuthenticationPackageName"",""#text"":""Negotiate""},{""@Name"":""WorkstationName"",""#text"":""-""},{""@Name"":""LogonGuid"",""#text"":""00000000-0000-0000-0000-000000000000""},{""@Name"":""TransmittedServices"",""#text"":""-""},{""@Name"":""LmPackageName"",""#text"":""-""},{""@Name"":""KeyLength"",""#text"":""0""},{""@Name"":""ProcessId"",""#text"":""0x364""},{""@Name"":""ProcessName"",""#text"":""C:\\Windows\\System32\\services.exe""},{""@Name"":""IpAddress"",""#text"":""-""},{""@Name"":""IpPort"",""#text"":""-""},{""@Name"":""ImpersonationLevel"",""#text"":""%%1833""},{""@Name"":""RestrictedAdminMode"",""#text"":""-""},{""@Name"":""RemoteCredentialGuard"",""#text"":""-""},{""@Name"":""TargetOutboundUserName"",""#text"":""-""},{""@Name"":""TargetOutboundDomainName"",""#text"":""-""},{""@Name"":""VirtualAccount"",""#text"":""%%1843""},{""@Name"":""TargetLinkedLogonId"",""#text"":""0x0""},{""@Name"":""ElevatedToken"",""#text"":""%%1842""}]}}"
35242,35242,2026-08-17 18:31:06.2266128,4672,LogAlways,Microsoft-Windows-Security-Auditing,Security,888,1256,disstestbedvm,423,,Administrative logon,NT AUTHORITY\SYSTEM (S-1-5-18),,"PrivilegeList: SeAssignPrimaryTokenPrivilege, SeTcbPrivilege, SeSecurityPrivilege, SeTakeOwnershipPrivilege, SeLoadDriverPrivilege, SeBackupPrivilege, SeRestorePrivilege, SeDebugPrivilege, SeAuditPrivilege, SeSystemEnvironmentPrivilege, SeImpersonatePrivilege, SeDelegateSessionUserImpersonatePrivilege",LogonId: 0x3E7,,,,,,False,D:\UOW\SEM3\msc-diss-7csef001w\scenarios\scenario_2\artefacts\event_logs\Security.evtx,Audit success,0,"{""EventData"":{""Data"":[{""@Name"":""SubjectUserSid"",""#text"":""S-1-5-18""},{""@Name"":""SubjectUserName"",""#text"":""SYSTEM""},{""@Name"":""SubjectDomainName"",""#text"":""NT AUTHORITY""},{""@Name"":""SubjectLogonId"",""#text"":""0x3E7""},{""@Name"":""PrivilegeList"",""#text"":""SeAssignPrimaryTokenPrivilege, SeTcbPrivilege, SeSecurityPrivilege, SeTakeOwnershipPrivilege, SeLoadDriverPrivilege, SeBackupPrivilege, SeRestorePrivilege, SeDebugPrivilege, SeAuditPrivilege, SeSystemEnvironmentPrivilege, SeImpersonatePrivilege, SeDelegateSessionUserImpersonatePrivilege""}]}}"
35243,35243,2026-08-17 18:31:06.2288181,4688,LogAlways,Microsoft-Windows-Security-Auditing,Security,4,6388,disstestbedvm,423,,A new process has been created,WORKGROUP\DISSTESTBEDVM$,,Parent process: C:\Windows\System32\services.exe,PID: 0x364,Parent PID: 0x2414,Mandatory label: SECURITY_MANDATORY_SYSTEM_RID,Target User: -\-,,C:\Windows\System32\svchost.exe C:\WINDOWS\system32\svchost.exe -k netsvcs -p -s wlidsvc,False,D:\UOW\SEM3\msc-diss-7csef001w\scenarios\scenario_2\artefacts\event_logs\Security.evtx,Audit success,0,"{""EventData"":{""Data"":[{""@Name"":""SubjectUserSid"",""#text"":""S-1-5-18""},{""@Name"":""SubjectUserName"",""#text"":""DISSTESTBEDVM$""},{""@Name"":""SubjectDomainName"",""#text"":""WORKGROUP""},{""@Name"":""SubjectLogonId"",""#text"":""0x3E7""},{""@Name"":""NewProcessId"",""#text"":""0x2414""},{""@Name"":""NewProcessName"",""#text"":""C:\\Windows\\System32\\svchost.exe""},{""@Name"":""TokenElevationType"",""#text"":""%%1936""},{""@Name"":""ProcessId"",""#text"":""0x364""},{""@Name"":""CommandLine"",""#text"":""C:\\WINDOWS\\system32\\svchost.exe -k netsvcs -p -s wlidsvc""},{""@Name"":""TargetUserSid"",""#text"":""S-1-0-0""},{""@Name"":""TargetUserName"",""#text"":""-""},{""@Name"":""TargetDomainName"",""#text"":""-""},{""@Name"":""TargetLogonId"",""#text"":""0x0""},{""@Name"":""ParentProcessName"",""#text"":""C:\\Windows\\System32\\services.exe""},{""@Name"":""MandatoryLabel"",""#text"":""S-1-16-16384""}]}}"
35244,35244,2026-08-17 18:31:06.2862530,5379,LogAlways,Microsoft-Windows-Security-Auditing,Security,888,8532,disstestbedvm,423,,,,,,,,,,,,False,D:\UOW\SEM3\msc-diss-7csef001w\scenarios\scenario_2\artefacts\event_logs\Security.evtx,Audit success,0,"{""EventData"":{""Data"":[{""@Name"":""SubjectUserSid"",""#text"":""S-1-5-18""},{""@Name"":""SubjectUserName"",""#text"":""DISSTESTBEDVM$""},{""@Name"":""SubjectDomainName"",""#text"":""WORKGROUP""},{""@Name"":""SubjectLogonId"",""#text"":""0x3E7""},{""@Name"":""TargetName"",""#text"":""WindowsLive:(token):name=02ifhfvyqmtyqxuj;serviceuri=*""},{""@Name"":""Type"",""#text"":""0""},{""@Name"":""CountOfCredentialsReturned"",""#text"":""0""},{""@Name"":""ReadOperation"",""#text"":""%%8100""},{""@Name"":""ReturnCode"",""#text"":""3221226021""},{""@Name"":""ProcessCreationTime"",""#text"":""2026-08-17 18:31:06.2287580""},{""@Name"":""ClientProcessId"",""#text"":""9236""}]}}"
35245,35245,2026-08-17 18:31:06.2865194,5379,LogAlways,Microsoft-Windows-Security-Auditing,Security,888,8532,disstestbedvm,423,,,,,,,,,,,,False,D:\UOW\SEM3\msc-diss-7csef001w\scenarios\scenario_2\artefacts\event_logs\Security.evtx,Audit success,0,"{""EventData"":{""Data"":[{""@Name"":""SubjectUserSid"",""#text"":""S-1-5-18""},{""@Name"":""SubjectUserName"",""#text"":""DISSTESTBEDVM$""},{""@Name"":""SubjectDomainName"",""#text"":""WORKGROUP""},{""@Name"":""SubjectLogonId"",""#text"":""0x3E7""},{""@Name"":""TargetName"",""#text"":""WindowsLive:(cert):name=02ifhfvyqmtyqxuj;serviceuri=*""},{""@Name"":""Type"",""#text"":""0""},{""@Name"":""CountOfCredentialsReturned"",""#text"":""0""},{""@Name"":""ReadOperation"",""#text"":""%%8100""},{""@Name"":""ReturnCode"",""#text"":""3221226021""},{""@Name"":""ProcessCreationTime"",""#text"":""2026-08-17 18:31:06.2287580""},{""@Name"":""ClientProcessId"",""#text"":""9236""}]}}"
35246,35246,2026-08-17 18:31:06.2865885,5379,LogAlways,Microsoft-Windows-Security-Auditing,Security,888,8532,disstestbedvm,423,,,,,,,,,,,,False,D:\UOW\SEM3\msc-diss-7csef001w\scenarios\scenario_2\artefacts\event_logs\Security.evtx,Audit success,0,"{""EventData"":{""Data"":[{""@Name"":""SubjectUserSid"",""#text"":""S-1-5-18""},{""@Name"":""SubjectUserName"",""#text"":""DISSTESTBEDVM$""},{""@Name"":""SubjectDomainName"",""#text"":""WORKGROUP""},{""@Name"":""SubjectLogonId"",""#text"":""0x3E7""},{""@Name"":""TargetName"",""#text"":""WindowsLive:target=virtualapp/didlogical""},{""@Name"":""Type"",""#text"":""0""},{""@Name"":""CountOfCredentialsReturned"",""#text"":""1""},{""@Name"":""ReadOperation"",""#text"":""%%8100""},{""@Name"":""ReturnCode"",""#text"":""0""},{""@Name"":""ProcessCreationTime"",""#text"":""2026-08-17 18:31:06.2287580""},{""@Name"":""ClientProcessId"",""#text"":""9236""}]}}"
35247,35247,2026-08-17 18:31:06.2885311,5379,LogAlways,Microsoft-Windows-Security-Auditing,Security,888,8532,disstestbedvm,423,,,,,,,,,,,,False,D:\UOW\SEM3\msc-diss-7csef001w\scenarios\scenario_2\artefacts\event_logs\Security.evtx,Audit success,0,"{""EventData"":{""Data"":[{""@Name"":""SubjectUserSid"",""#text"":""S-1-5-21-4209295338-567392030-2519289182-1001""},{""@Name"":""SubjectUserName"",""#text"":""dfanalyst""},{""@Name"":""SubjectDomainName"",""#text"":""disstestbedvm""},{""@Name"":""SubjectLogonId"",""#text"":""0x1B772""},{""@Name"":""TargetName"",""#text"":""WindowsLive:(token):name=02fgkkqegieoagrb;serviceuri=*""},{""@Name"":""Type"",""#text"":""0""},{""@Name"":""CountOfCredentialsReturned"",""#text"":""0""},{""@Name"":""ReadOperation"",""#text"":""%%8100""},{""@Name"":""ReturnCode"",""#text"":""3221226021""},{""@Name"":""ProcessCreationTime"",""#text"":""2026-08-17 18:31:06.2287580""},{""@Name"":""ClientProcessId"",""#text"":""9236""}]}}"
35248,35248,2026-08-17 18:31:06.2887182,5379,LogAlways,Microsoft-Windows-Security-Auditing,Security,888,8532,disstestbedvm,423,,,,,,,,,,,,False,D:\UOW\SEM3\msc-diss-7csef001w\scenarios\scenario_2\artefacts\event_logs\Security.evtx,Audit success,0,"{""EventData"":{""Data"":[{""@Name"":""SubjectUserSid"",""#text"":""S-1-5-21-4209295338-567392030-2519289182-1001""},{""@Name"":""SubjectUserName"",""#text"":""dfanalyst""},{""@Name"":""SubjectDomainName"",""#text"":""disstestbedvm""},{""@Name"":""SubjectLogonId"",""#text"":""0x1B772""},{""@Name"":""TargetName"",""#text"":""WindowsLive:(cert):name=02fgkkqegieoagrb;serviceuri=*""},{""@Name"":""Type"",""#text"":""0""},{""@Name"":""CountOfCredentialsReturned"",""#text"":""0""},{""@Name"":""ReadOperation"",""#text"":""%%8100""},{""@Name"":""ReturnCode"",""#text"":""3221226021""},{""@Name"":""ProcessCreationTime"",""#text"":""2026-08-17 18:31:06.2287580""},{""@Name"":""ClientProcessId"",""#text"":""9236""}]}}"
35249,35249,2026-08-17 18:31:06.2887707,5379,LogAlways,Microsoft-Windows-Security-Auditing,Security,888,8532,disstestbedvm,423,,,,,,,,,,,,False,D:\UOW\SEM3\msc-diss-7csef001w\scenarios\scenario_2\artefacts\event_logs\Security.evtx,Audit success,0,"{""EventData"":{""Data"":[{""@Name"":""SubjectUserSid"",""#text"":""S-1-5-21-4209295338-567392030-2519289182-1001""},{""@Name"":""SubjectUserName"",""#text"":""dfanalyst""},{""@Name"":""SubjectDomainName"",""#text"":""disstestbedvm""},{""@Name"":""SubjectLogonId"",""#text"":""0x1B772""},{""@Name"":""TargetName"",""#text"":""WindowsLive:target=virtualapp/didlogical""},{""@Name"":""Type"",""#text"":""0""},{""@Name"":""CountOfCredentialsReturned"",""#text"":""1""},{""@Name"":""ReadOperation"",""#text"":""%%8100""},{""@Name"":""ReturnCode"",""#text"":""0""},{""@Name"":""ProcessCreationTime"",""#text"":""2026-08-17 18:31:06.2287580""},{""@Name"":""ClientProcessId"",""#text"":""9236""}]}}"
35250,35250,2026-08-17 18:31:06.2902440,5379,LogAlways,Microsoft-Windows-Security-Auditing,Security,888,8532,disstestbedvm,423,,,,,,,,,,,,False,D:\UOW\SEM3\msc-diss-7csef001w\scenarios\scenario_2\artefacts\event_logs\Security.evtx,Audit success,0,"{""EventData"":{""Data"":[{""@Name"":""SubjectUserSid"",""#text"":""S-1-5-21-4209295338-567392030-2519289182-1001""},{""@Name"":""SubjectUserName"",""#text"":""dfanalyst""},{""@Name"":""SubjectDomainName"",""#text"":""disstestbedvm""},{""@Name"":""SubjectLogonId"",""#text"":""0x1B772""},{""@Name"":""TargetName"",""#text"":""MicrosoftAccount:user=02fgkkqegieoagrb""},{""@Name"":""Type"",""#text"":""0""},{""@Name"":""CountOfCredentialsReturned"",""#text"":""0""},{""@Name"":""ReadOperation"",""#text"":""%%8100""},{""@Name"":""ReturnCode"",""#text"":""3221226021""},{""@Name"":""ProcessCreationTime"",""#text"":""2026-08-17 18:31:06.2287580""},{""@Name"":""ClientProcessId"",""#text"":""9236""}]}}"
35251,35251,2026-08-17 18:31:06.2903034,5379,LogAlways,Microsoft-Windows-Security-Auditing,Security,888,8532,disstestbedvm,423,,,,,,,,,,,,False,D:\UOW\SEM3\msc-diss-7csef001w\scenarios\scenario_2\artefacts\event_logs\Security.evtx,Audit success,0,"{""EventData"":{""Data"":[{""@Name"":""SubjectUserSid"",""#text"":""S-1-5-21-4209295338-567392030-2519289182-1001""},{""@Name"":""SubjectUserName"",""#text"":""dfanalyst""},{""@Name"":""SubjectDomainName"",""#text"":""disstestbedvm""},{""@Name"":""SubjectLogonId"",""#text"":""0x1B772""},{""@Name"":""TargetName"",""#text"":""WindowsLive:(token):name=02fgkkqegieoagrb;serviceuri=*""},{""@Name"":""Type"",""#text"":""0""},{""@Name"":""CountOfCredentialsReturned"",""#text"":""0""},{""@Name"":""ReadOperation"",""#text"":""%%8100""},{""@Name"":""ReturnCode"",""#text"":""3221226021""},{""@Name"":""ProcessCreationTime"",""#text"":""2026-08-17 18:31:06.2287580""},{""@Name"":""ClientProcessId"",""#text"":""9236""}]}}"
35252,35252,2026-08-17 18:31:06.2907495,5379,LogAlways,Microsoft-Windows-Security-Auditing,Security,888,8532,disstestbedvm,423,,,,,,,,,,,,False,D:\UOW\SEM3\msc-diss-7csef001w\scenarios\scenario_2\artefacts\event_logs\Security.evtx,Audit success,0,"{""EventData"":{""Data"":[{""@Name"":""SubjectUserSid"",""#text"":""S-1-5-21-4209295338-567392030-2519289182-1001""},{""@Name"":""SubjectUserName"",""#text"":""dfanalyst""},{""@Name"":""SubjectDomainName"",""#text"":""disstestbedvm""},{""@Name"":""SubjectLogonId"",""#text"":""0x1B772""},{""@Name"":""TargetName"",""#text"":""WindowsLive:(cert):name=02fgkkqegieoagrb;serviceuri=*""},{""@Name"":""Type"",""#text"":""0""},{""@Name"":""CountOfCredentialsReturned"",""#text"":""0""},{""@Name"":""ReadOperation"",""#text"":""%%8100""},{""@Name"":""ReturnCode"",""#text"":""3221226021""},{""@Name"":""ProcessCreationTime"",""#text"":""2026-08-17 18:31:06.2287580""},{""@Name"":""ClientProcessId"",""#text"":""9236""}]}}"
35253,35253,2026-08-17 18:31:06.6246761,5379,LogAlways,Microsoft-Windows-Security-Auditing,Security,888,1256,disstestbedvm,423,,,,,,,,,,,,False,D:\UOW\SEM3\msc-diss-7csef001w\scenarios\scenario_2\artefacts\event_logs\Security.evtx,Audit success,0,"{""EventData"":{""Data"":[{""@Name"":""SubjectUserSid"",""#text"":""S-1-5-21-4209295338-567392030-2519289182-1001""},{""@Name"":""SubjectUserName"",""#text"":""dfanalyst""},{""@Name"":""SubjectDomainName"",""#text"":""disstestbedvm""},{""@Name"":""SubjectLogonId"",""#text"":""0x1B772""},{""@Name"":""TargetName"",""#text"":""MicrosoftAccount:user=02fgkkqegieoagrb""},{""@Name"":""Type"",""#text"":""0""},{""@Name"":""CountOfCredentialsReturned"",""#text"":""0""},{""@Name"":""ReadOperation"",""#text"":""%%8100""},{""@Name"":""ReturnCode"",""#text"":""3221226021""},{""@Name"":""ProcessCreationTime"",""#text"":""2026-08-17 18:31:06.2287580""},{""@Name"":""ClientProcessId"",""#text"":""9236""}]}}"
35254,35254,2026-08-17 18:31:08.1484637,4688,LogAlways,Microsoft-Windows-Security-Auditing,Security,4,8896,disstestbedvm,423,,A new process has been created,WORKGROUP\DISSTESTBEDVM$,,Parent process: C:\Windows\System32\sihost.exe,PID: 0xFB4,Parent PID: 0x1BD8,Mandatory label: SECURITY_MANDATORY_LOW_RID,Target User: disstestbedvm\dfanalyst,,"C:\Program Files\WindowsApps\Microsoft.WindowsCalculator_11.2606.0.0_x64__8wekyb3d8bbwe\CalculatorApp.exe ""C:\Program Files\WindowsApps\Microsoft.WindowsCalculator_11.2606.0.0_x64__8wekyb3d8bbwe\CalculatorApp.exe"" ",False,D:\UOW\SEM3\msc-diss-7csef001w\scenarios\scenario_2\artefacts\event_logs\Security.evtx,Audit success,0,"{""EventData"":{""Data"":[{""@Name"":""SubjectUserSid"",""#text"":""S-1-5-18""},{""@Name"":""SubjectUserName"",""#text"":""DISSTESTBEDVM$""},{""@Name"":""SubjectDomainName"",""#text"":""WORKGROUP""},{""@Name"":""SubjectLogonId"",""#text"":""0x3E7""},{""@Name"":""NewProcessId"",""#text"":""0x1BD8""},{""@Name"":""NewProcessName"",""#text"":""C:\\Program Files\\WindowsApps\\Microsoft.WindowsCalculator_11.2606.0.0_x64__8wekyb3d8bbwe\\CalculatorApp.exe""},{""@Name"":""TokenElevationType"",""#text"":""%%1938""},{""@Name"":""ProcessId"",""#text"":""0xFB4""},{""@Name"":""CommandLine"",""#text"":""\""C:\\Program Files\\WindowsApps\\Microsoft.WindowsCalculator_11.2606.0.0_x64__8wekyb3d8bbwe\\CalculatorApp.exe\"" ""},{""@Name"":""TargetUserSid"",""#text"":""S-1-5-21-4209295338-567392030-2519289182-1001""},{""@Name"":""TargetUserName"",""#text"":""dfanalyst""},{""@Name"":""TargetDomainName"",""#text"":""disstestbedvm""},{""@Name"":""TargetLogonId"",""#text"":""0x1B772""},{""@Name"":""ParentProcessName"",""#text"":""C:\\Windows\\System32\\sihost.exe""},{""@Name"":""MandatoryLabel"",""#text"":""S-1-16-4096""}]}}"
35255,35255,2026-08-17 18:31:08.2612408,4688,LogAlways,Microsoft-Windows-Security-Auditing,Security,4,8896,disstestbedvm,423,,A new process has been created,WORKGROUP\DISSTESTBEDVM$,,Parent process: C:\Windows\System32\svchost.exe,PID: 0x130,Parent PID: 0x214,Mandatory label: SECURITY_MANDATORY_MEDIUM_RID,Target User: disstestbedvm\dfanalyst,,C:\Windows\System32\dllhost.exe C:\WINDOWS\system32\DllHost.exe /Processid:{AB8902B4-09CA-4BB6-B78D-A8F59079A8D5},False,D:\UOW\SEM3\msc-diss-7csef001w\scenarios\scenario_2\artefacts\event_logs\Security.evtx,Audit success,0,"{""EventData"":{""Data"":[{""@Name"":""SubjectUserSid"",""#text"":""S-1-5-18""},{""@Name"":""SubjectUserName"",""#text"":""DISSTESTBEDVM$""},{""@Name"":""SubjectDomainName"",""#text"":""WORKGROUP""},{""@Name"":""SubjectLogonId"",""#text"":""0x3E7""},{""@Name"":""NewProcessId"",""#text"":""0x214""},{""@Name"":""NewProcessName"",""#text"":""C:\\Windows\\System32\\dllhost.exe""},{""@Name"":""TokenElevationType"",""#text"":""%%1938""},{""@Name"":""ProcessId"",""#text"":""0x130""},{""@Name"":""CommandLine"",""#text"":""C:\\WINDOWS\\system32\\DllHost.exe /Processid:{AB8902B4-09CA-4BB6-B78D-A8F59079A8D5}""},{""@Name"":""TargetUserSid"",""#text"":""S-1-5-21-4209295338-567392030-2519289182-1001""},{""@Name"":""TargetUserName"",""#text"":""dfanalyst""},{""@Name"":""TargetDomainName"",""#text"":""disstestbedvm""},{""@Name"":""TargetLogonId"",""#text"":""0x1B772""},{""@Name"":""ParentProcessName"",""#text"":""C:\\Windows\\System32\\svchost.exe""},{""@Name"":""MandatoryLabel"",""#text"":""S-1-16-8192""}]}}"
35256,35256,2026-08-17 18:31:08.2719944,4688,LogAlways,Microsoft-Windows-Security-Auditing,Security,4,8896,disstestbedvm,423,,A new process has been created,WORKGROUP\DISSTESTBEDVM$,,Parent process: C:\Windows\System32\services.exe,PID: 0x364,Parent PID: 0x1600,Mandatory label: SECURITY_MANDATORY_MEDIUM_RID,Target User: disstestbedvm\dfanalyst,,C:\Windows\System32\svchost.exe C:\WINDOWS\system32\svchost.exe -k LocalService -p -s NPSMSvc,False,D:\UOW\SEM3\msc-diss-7csef001w\scenarios\scenario_2\artefacts\event_logs\Security.evtx,Audit success,0,"{""EventData"":{""Data"":[{""@Name"":""SubjectUserSid"",""#text"":""S-1-5-18""},{""@Name"":""SubjectUserName"",""#text"":""DISSTESTBEDVM$""},{""@Name"":""SubjectDomainName"",""#text"":""WORKGROUP""},{""@Name"":""SubjectLogonId"",""#text"":""0x3E7""},{""@Name"":""NewProcessId"",""#text"":""0x1600""},{""@Name"":""NewProcessName"",""#text"":""C:\\Windows\\System32\\svchost.exe""},{""@Name"":""TokenElevationType"",""#text"":""%%1938""},{""@Name"":""ProcessId"",""#text"":""0x364""},{""@Name"":""CommandLine"",""#text"":""C:\\WINDOWS\\system32\\svchost.exe -k LocalService -p -s NPSMSvc""},{""@Name"":""TargetUserSid"",""#text"":""S-1-5-21-4209295338-567392030-2519289182-1001""},{""@Name"":""TargetUserName"",""#text"":""dfanalyst""},{""@Name"":""TargetDomainName"",""#text"":""disstestbedvm""},{""@Name"":""TargetLogonId"",""#text"":""0x1B772""},{""@Name"":""ParentProcessName"",""#text"":""C:\\Windows\\System32\\services.exe""},{""@Name"":""MandatoryLabel"",""#text"":""S-1-16-8192""}]}}"
35257,35257,2026-08-17 18:31:08.7627844,4688,LogAlways,Microsoft-Windows-Security-Auditing,Security,4,6388,disstestbedvm,423,,A new process has been created,WORKGROUP\DISSTESTBEDVM$,,Parent process: C:\Windows\System32\svchost.exe,PID: 0x130,Parent PID: 0x2344,Mandatory label: SECURITY_MANDATORY_MEDIUM_RID,Target User: disstestbedvm\dfanalyst,,C:\Windows\System32\RuntimeBroker.exe C:\Windows\System32\RuntimeBroker.exe -Embedding,False,D:\UOW\SEM3\msc-diss-7csef001w\scenarios\scenario_2\artefacts\event_logs\Security.evtx,Audit success,0,"{""EventData"":{""Data"":[{""@Name"":""SubjectUserSid"",""#text"":""S-1-5-18""},{""@Name"":""SubjectUserName"",""#text"":""DISSTESTBEDVM$""},{""@Name"":""SubjectDomainName"",""#text"":""WORKGROUP""},{""@Name"":""SubjectLogonId"",""#text"":""0x3E7""},{""@Name"":""NewProcessId"",""#text"":""0x2344""},{""@Name"":""NewProcessName"",""#text"":""C:\\Windows\\System32\\RuntimeBroker.exe""},{""@Name"":""TokenElevationType"",""#text"":""%%1938""},{""@Name"":""ProcessId"",""#text"":""0x130""},{""@Name"":""CommandLine"",""#text"":""C:\\Windows\\System32\\RuntimeBroker.exe -Embedding""},{""@Name"":""TargetUserSid"",""#text"":""S-1-5-21-4209295338-567392030-2519289182-1001""},{""@Name"":""TargetUserName"",""#text"":""dfanalyst""},{""@Name"":""TargetDomainName"",""#text"":""disstestbedvm""},{""@Name"":""TargetLogonId"",""#text"":""0x1B772""},{""@Name"":""ParentProcessName"",""#text"":""C:\\Windows\\System32\\svchost.exe""},{""@Name"":""MandatoryLabel"",""#text"":""S-1-16-8192""}]}}"
35258,35258,2026-08-17 18:31:13.3602728,4689,LogAlways,Microsoft-Windows-Security-Auditing,Security,4,10056,disstestbedvm,423,,A process has exited,disstestbedvm\dfanalyst,,,PID: 0x214,,,,,C:\Windows\System32\dllhost.exe,False,D:\UOW\SEM3\msc-diss-7csef001w\scenarios\scenario_2\artefacts\event_logs\Security.evtx,Audit success,0,"{""EventData"":{""Data"":[{""@Name"":""SubjectUserSid"",""#text"":""S-1-5-21-4209295338-567392030-2519289182-1001""},{""@Name"":""SubjectUserName"",""#text"":""dfanalyst""},{""@Name"":""SubjectDomainName"",""#text"":""disstestbedvm""},{""@Name"":""SubjectLogonId"",""#text"":""0x1B772""},{""@Name"":""Status"",""#text"":""0x0""},{""@Name"":""ProcessId"",""#text"":""0x214""},{""@Name"":""ProcessName"",""#text"":""C:\\Windows\\System32\\dllhost.exe""}]}}"
35259,35259,2026-08-17 18:31:29.6526269,4688,LogAlways,Microsoft-Windows-Security-Auditing,Security,4,10040,disstestbedvm,423,,A new process has been created,WORKGROUP\DISSTESTBEDVM$,,Parent process: C:\Windows\System32\svchost.exe,PID: 0x2614,Parent PID: 0x23D8,Mandatory label: SECURITY_MANDATORY_SYSTEM_RID,Target User: -\-,,"C:\Windows\UUS\amd64\wuaucltcore.exe ""C:\WINDOWS\uus\AMD64\wuaucltcore.exe"" /DeploymentHandlerFullPath \\?\C:\Windows\UUS\AMD64\UpdateDeploy.dll /ClassId 4d0932a4-8fdb-4b2c-aa13-b8a2385abaad /RunHandlerComServer",False,D:\UOW\SEM3\msc-diss-7csef001w\scenarios\scenario_2\artefacts\event_logs\Security.evtx,Audit success,0,"{""EventData"":{""Data"":[{""@Name"":""SubjectUserSid"",""#text"":""S-1-5-18""},{""@Name"":""SubjectUserName"",""#text"":""DISSTESTBEDVM$""},{""@Name"":""SubjectDomainName"",""#text"":""WORKGROUP""},{""@Name"":""SubjectLogonId"",""#text"":""0x3E7""},{""@Name"":""NewProcessId"",""#text"":""0x23D8""},{""@Name"":""NewProcessName"",""#text"":""C:\\Windows\\UUS\\amd64\\wuaucltcore.exe""},{""@Name"":""TokenElevationType"",""#text"":""%%1936""},{""@Name"":""ProcessId"",""#text"":""0x2614""},{""@Name"":""CommandLine"",""#text"":""\""C:\\WINDOWS\\uus\\AMD64\\wuaucltcore.exe\"" /DeploymentHandlerFullPath \\\\?\\C:\\Windows\\UUS\\AMD64\\UpdateDeploy.dll /ClassId 4d0932a4-8fdb-4b2c-aa13-b8a2385abaad /RunHandlerComServer""},{""@Name"":""TargetUserSid"",""#text"":""S-1-0-0""},{""@Name"":""TargetUserName"",""#text"":""-""},{""@Name"":""TargetDomainName"",""#text"":""-""},{""@Name"":""TargetLogonId"",""#text"":""0x0""},{""@Name"":""ParentProcessName"",""#text"":""C:\\Windows\\System32\\svchost.exe""},{""@Name"":""MandatoryLabel"",""#text"":""S-1-16-16384""}]}}"
35260,35260,2026-08-17 18:31:29.7322353,4688,LogAlways,Microsoft-Windows-Security-Auditing,Security,4,120,disstestbedvm,423,,A new process has been created,WORKGROUP\DISSTESTBEDVM$,,Parent process: C:\Windows\UUS\amd64\wuaucltcore.exe,PID: 0x23D8,Parent PID: 0x2B64,Mandatory label: SECURITY_MANDATORY_SYSTEM_RID,Target User: -\-,,"C:\Windows\SoftwareDistribution\Download\Install\AM_Delta_Patch_1.457.187.0.exe ""C:\WINDOWS\SoftwareDistribution\Download\Install\AM_Delta_Patch_1.457.187.0.exe"" WD /q",False,D:\UOW\SEM3\msc-diss-7csef001w\scenarios\scenario_2\artefacts\event_logs\Security.evtx,Audit success,0,"{""EventData"":{""Data"":[{""@Name"":""SubjectUserSid"",""#text"":""S-1-5-18""},{""@Name"":""SubjectUserName"",""#text"":""DISSTESTBEDVM$""},{""@Name"":""SubjectDomainName"",""#text"":""WORKGROUP""},{""@Name"":""SubjectLogonId"",""#text"":""0x3E7""},{""@Name"":""NewProcessId"",""#text"":""0x2B64""},{""@Name"":""NewProcessName"",""#text"":""C:\\Windows\\SoftwareDistribution\\Download\\Install\\AM_Delta_Patch_1.457.187.0.exe""},{""@Name"":""TokenElevationType"",""#text"":""%%1936""},{""@Name"":""ProcessId"",""#text"":""0x23D8""},{""@Name"":""CommandLine"",""#text"":""\""C:\\WINDOWS\\SoftwareDistribution\\Download\\Install\\AM_Delta_Patch_1.457.187.0.exe\"" WD /q""},{""@Name"":""TargetUserSid"",""#text"":""S-1-0-0""},{""@Name"":""TargetUserName"",""#text"":""-""},{""@Name"":""TargetDomainName"",""#text"":""-""},{""@Name"":""TargetLogonId"",""#text"":""0x0""},{""@Name"":""ParentProcessName"",""#text"":""C:\\Windows\\UUS\\amd64\\wuaucltcore.exe""},{""@Name"":""MandatoryLabel"",""#text"":""S-1-16-16384""}]}}"
35261,35261,2026-08-17 18:31:29.7566229,4688,LogAlways,Microsoft-Windows-Security-Auditing,Security,4,120,disstestbedvm,423,,A new process has been created,WORKGROUP\DISSTESTBEDVM$,,Parent process: C:\Windows\UUS\amd64\wuaucltcore.exe,PID: 0x23D8,Parent PID: 0x448,Mandatory label: SECURITY_MANDATORY_SYSTEM_RID,Target User: -\-,,C:\Windows\System32\MpSigStub.exe C:\WINDOWS\system32\MpSigStub.exe /stub 1.1.24010.2001 /payload 1.457.211.0 /MpWUStub /program C:\WINDOWS\SoftwareDistribution\Download\Install\AM_Delta_Patch_1.457.187.0.exe WD /q,False,D:\UOW\SEM3\msc-diss-7csef001w\scenarios\scenario_2\artefacts\event_logs\Security.evtx,Audit success,0,"{""EventData"":{""Data"":[{""@Name"":""SubjectUserSid"",""#text"":""S-1-5-18""},{""@Name"":""SubjectUserName"",""#text"":""DISSTESTBEDVM$""},{""@Name"":""SubjectDomainName"",""#text"":""WORKGROUP""},{""@Name"":""SubjectLogonId"",""#text"":""0x3E7""},{""@Name"":""NewProcessId"",""#text"":""0x448""},{""@Name"":""NewProcessName"",""#text"":""C:\\Windows\\System32\\MpSigStub.exe""},{""@Name"":""TokenElevationType"",""#text"":""%%1936""},{""@Name"":""ProcessId"",""#text"":""0x23D8""},{""@Name"":""CommandLine"",""#text"":""C:\\WINDOWS\\system32\\MpSigStub.exe /stub 1.1.24010.2001 /payload 1.457.211.0 /MpWUStub /program C:\\WINDOWS\\SoftwareDistribution\\Download\\Install\\AM_Delta_Patch_1.457.187.0.exe WD /q""},{""@Name"":""TargetUserSid"",""#text"":""S-1-0-0""},{""@Name"":""TargetUserName"",""#text"":""-""},{""@Name"":""TargetDomainName"",""#text"":""-""},{""@Name"":""TargetLogonId"",""#text"":""0x0""},{""@Name"":""ParentProcessName"",""#text"":""C:\\Windows\\UUS\\amd64\\wuaucltcore.exe""},{""@Name"":""MandatoryLabel"",""#text"":""S-1-16-16384""}]}}"
35262,35262,2026-08-17 18:31:37.1760549,4689,LogAlways,Microsoft-Windows-Security-Auditing,Security,4,10040,disstestbedvm,423,,A process has exited,WORKGROUP\DISSTESTBEDVM$,,,PID: 0x448,,,,,C:\Windows\System32\MpSigStub.exe,False,D:\UOW\SEM3\msc-diss-7csef001w\scenarios\scenario_2\artefacts\event_logs\Security.evtx,Audit success,0,"{""EventData"":{""Data"":[{""@Name"":""SubjectUserSid"",""#text"":""S-1-5-18""},{""@Name"":""SubjectUserName"",""#text"":""DISSTESTBEDVM$""},{""@Name"":""SubjectDomainName"",""#text"":""WORKGROUP""},{""@Name"":""SubjectLogonId"",""#text"":""0x3E7""},{""@Name"":""Status"",""#text"":""0x0""},{""@Name"":""ProcessId"",""#text"":""0x448""},{""@Name"":""ProcessName"",""#text"":""C:\\Windows\\System32\\MpSigStub.exe""}]}}"
35263,35263,2026-08-17 18:31:37.1790847,4689,LogAlways,Microsoft-Windows-Security-Auditing,Security,4,10040,disstestbedvm,423,,A process has exited,WORKGROUP\DISSTESTBEDVM$,,,PID: 0x2B64,,,,,C:\Windows\SoftwareDistribution\Download\Install\AM_Delta_Patch_1.457.187.0.exe,False,D:\UOW\SEM3\msc-diss-7csef001w\scenarios\scenario_2\artefacts\event_logs\Security.evtx,Audit success,0,"{""EventData"":{""Data"":[{""@Name"":""SubjectUserSid"",""#text"":""S-1-5-18""},{""@Name"":""SubjectUserName"",""#text"":""DISSTESTBEDVM$""},{""@Name"":""SubjectDomainName"",""#text"":""WORKGROUP""},{""@Name"":""SubjectLogonId"",""#text"":""0x3E7""},{""@Name"":""Status"",""#text"":""0x0""},{""@Name"":""ProcessId"",""#text"":""0x2B64""},{""@Name"":""ProcessName"",""#text"":""C:\\Windows\\SoftwareDistribution\\Download\\Install\\AM_Delta_Patch_1.457.187.0.exe""}]}}"
35264,35264,2026-08-17 18:31:37.2133975,4689,LogAlways,Microsoft-Windows-Security-Auditing,Security,4,2580,disstestbedvm,423,,A process has exited,WORKGROUP\DISSTESTBEDVM$,,,PID: 0x23D8,,,,,C:\Windows\UUS\amd64\wuaucltcore.exe,False,D:\UOW\SEM3\msc-diss-7csef001w\scenarios\scenario_2\artefacts\event_logs\Security.evtx,Audit success,0,"{""EventData"":{""Data"":[{""@Name"":""SubjectUserSid"",""#text"":""S-1-5-18""},{""@Name"":""SubjectUserName"",""#text"":""DISSTESTBEDVM$""},{""@Name"":""SubjectDomainName"",""#text"":""WORKGROUP""},{""@Name"":""SubjectLogonId"",""#text"":""0x3E7""},{""@Name"":""Status"",""#text"":""0x0""},{""@Name"":""ProcessId"",""#text"":""0x23D8""},{""@Name"":""ProcessName"",""#text"":""C:\\Windows\\UUS\\amd64\\wuaucltcore.exe""}]}}"
35265,35265,2026-08-17 18:31:37.2407759,4689,LogAlways,Microsoft-Windows-Security-Auditing,Security,4,120,disstestbedvm,423,,A process has exited,WORKGROUP\DISSTESTBEDVM$,,,PID: 0x1D7C,,,,,C:\ProgramData\Microsoft\Windows Defender\Platform\4.18.26070.9-0\MpCmdRun.exe,False,D:\UOW\SEM3\msc-diss-7csef001w\scenarios\scenario_2\artefacts\event_logs\Security.evtx,Audit success,0,"{""EventData"":{""Data"":[{""@Name"":""SubjectUserSid"",""#text"":""S-1-5-18""},{""@Name"":""SubjectUserName"",""#text"":""DISSTESTBEDVM$""},{""@Name"":""SubjectDomainName"",""#text"":""WORKGROUP""},{""@Name"":""SubjectLogonId"",""#text"":""0x3E7""},{""@Name"":""Status"",""#text"":""0x0""},{""@Name"":""ProcessId"",""#text"":""0x1D7C""},{""@Name"":""ProcessName"",""#text"":""C:\\ProgramData\\Microsoft\\Windows Defender\\Platform\\4.18.26070.9-0\\MpCmdRun.exe""}]}}"
35266,35266,2026-08-17 18:31:37.2493926,4689,LogAlways,Microsoft-Windows-Security-Auditing,Security,4,120,disstestbedvm,423,,A process has exited,WORKGROUP\DISSTESTBEDVM$,,,PID: 0x21C8,,,,,C:\Windows\System32\conhost.exe,False,D:\UOW\SEM3\msc-diss-7csef001w\scenarios\scenario_2\artefacts\event_logs\Security.evtx,Audit success,0,"{""EventData"":{""Data"":[{""@Name"":""SubjectUserSid"",""#text"":""S-1-5-18""},{""@Name"":""SubjectUserName"",""#text"":""DISSTESTBEDVM$""},{""@Name"":""SubjectDomainName"",""#text"":""WORKGROUP""},{""@Name"":""SubjectLogonId"",""#text"":""0x3E7""},{""@Name"":""Status"",""#text"":""0x0""},{""@Name"":""ProcessId"",""#text"":""0x21C8""},{""@Name"":""ProcessName"",""#text"":""C:\\Windows\\System32\\conhost.exe""}]}}"
35267,35267,2026-08-17 18:31:37.2699201,4689,LogAlways,Microsoft-Windows-Security-Auditing,Security,4,120,disstestbedvm,423,,A process has exited,WORKGROUP\DISSTESTBEDVM$,,,PID: 0x2854,,,,,C:\ProgramData\Microsoft\Windows Defender\Platform\4.18.26070.9-0\MpCmdRun.exe,False,D:\UOW\SEM3\msc-diss-7csef001w\scenarios\scenario_2\artefacts\event_logs\Security.evtx,Audit success,0,"{""EventData"":{""Data"":[{""@Name"":""SubjectUserSid"",""#text"":""S-1-5-18""},{""@Name"":""SubjectUserName"",""#text"":""DISSTESTBEDVM$""},{""@Name"":""SubjectDomainName"",""#text"":""WORKGROUP""},{""@Name"":""SubjectLogonId"",""#text"":""0x3E7""},{""@Name"":""Status"",""#text"":""0x0""},{""@Name"":""ProcessId"",""#text"":""0x2854""},{""@Name"":""ProcessName"",""#text"":""C:\\ProgramData\\Microsoft\\Windows Defender\\Platform\\4.18.26070.9-0\\MpCmdRun.exe""}]}}"
35268,35268,2026-08-17 18:31:37.2719596,4689,LogAlways,Microsoft-Windows-Security-Auditing,Security,4,120,disstestbedvm,423,,A process has exited,WORKGROUP\DISSTESTBEDVM$,,,PID: 0x1C64,,,,,C:\Windows\System32\conhost.exe,False,D:\UOW\SEM3\msc-diss-7csef001w\scenarios\scenario_2\artefacts\event_logs\Security.evtx,Audit success,0,"{""EventData"":{""Data"":[{""@Name"":""SubjectUserSid"",""#text"":""S-1-5-18""},{""@Name"":""SubjectUserName"",""#text"":""DISSTESTBEDVM$""},{""@Name"":""SubjectDomainName"",""#text"":""WORKGROUP""},{""@Name"":""SubjectLogonId"",""#text"":""0x3E7""},{""@Name"":""Status"",""#text"":""0x0""},{""@Name"":""ProcessId"",""#text"":""0x1C64""},{""@Name"":""ProcessName"",""#text"":""C:\\Windows\\System32\\conhost.exe""}]}}"
35269,35269,2026-08-17 18:31:41.1710400,4689,LogAlways,Microsoft-Windows-Security-Auditing,Security,4,10056,disstestbedvm,423,,A process has exited,disstestbedvm\dfanalyst,,,PID: 0x1BD8,,,,,C:\Program Files\WindowsApps\Microsoft.WindowsCalculator_11.2606.0.0_x64__8wekyb3d8bbwe\CalculatorApp.exe,False,D:\UOW\SEM3\msc-diss-7csef001w\scenarios\scenario_2\artefacts\event_logs\Security.evtx,Audit success,0,"{""EventData"":{""Data"":[{""@Name"":""SubjectUserSid"",""#text"":""S-1-5-21-4209295338-567392030-2519289182-1001""},{""@Name"":""SubjectUserName"",""#text"":""dfanalyst""},{""@Name"":""SubjectDomainName"",""#text"":""disstestbedvm""},{""@Name"":""SubjectLogonId"",""#text"":""0x1B772""},{""@Name"":""Status"",""#text"":""0x1""},{""@Name"":""ProcessId"",""#text"":""0x1BD8""},{""@Name"":""ProcessName"",""#text"":""C:\\Program Files\\WindowsApps\\Microsoft.WindowsCalculator_11.2606.0.0_x64__8wekyb3d8bbwe\\CalculatorApp.exe""}]}}"
35287,35287,2026-08-17 18:32:05.8470885,5379,LogAlways,Microsoft-Windows-Security-Auditing,Security,888,1256,disstestbedvm,423,,,,,,,,,,,,False,D:\UOW\SEM3\msc-diss-7csef001w\scenarios\scenario_2\artefacts\event_logs\Security.evtx,Audit success,0,"{""EventData"":{""Data"":[{""@Name"":""SubjectUserSid"",""#text"":""S-1-5-21-4209295338-567392030-2519289182-1001""},{""@Name"":""SubjectUserName"",""#text"":""dfanalyst""},{""@Name"":""SubjectDomainName"",""#text"":""disstestbedvm""},{""@Name"":""SubjectLogonId"",""#text"":""0x1B772""},{""@Name"":""TargetName"",""#text"":""MicrosoftAccount:user=02fgkkqegieoagrb""},{""@Name"":""Type"",""#text"":""0""},{""@Name"":""CountOfCredentialsReturned"",""#text"":""0""},{""@Name"":""ReadOperation"",""#text"":""%%8100""},{""@Name"":""ReturnCode"",""#text"":""3221226021""},{""@Name"":""ProcessCreationTime"",""#text"":""2026-08-17 18:31:06.2287580""},{""@Name"":""ClientProcessId"",""#text"":""9236""}]}}"
35288,35288,2026-08-17 18:32:05.8472520,5379,LogAlways,Microsoft-Windows-Security-Auditing,Security,888,1256,disstestbedvm,423,,,,,,,,,,,,False,D:\UOW\SEM3\msc-diss-7csef001w\scenarios\scenario_2\artefacts\event_logs\Security.evtx,Audit success,0,"{""EventData"":{""Data"":[{""@Name"":""SubjectUserSid"",""#text"":""S-1-5-21-4209295338-567392030-2519289182-1001""},{""@Name"":""SubjectUserName"",""#text"":""dfanalyst""},{""@Name"":""SubjectDomainName"",""#text"":""disstestbedvm""},{""@Name"":""SubjectLogonId"",""#text"":""0x1B772""},{""@Name"":""TargetName"",""#text"":""WindowsLive:(token):name=02fgkkqegieoagrb;serviceuri=*""},{""@Name"":""Type"",""#text"":""0""},{""@Name"":""CountOfCredentialsReturned"",""#text"":""0""},{""@Name"":""ReadOperation"",""#text"":""%%8100""},{""@Name"":""ReturnCode"",""#text"":""3221226021""},{""@Name"":""ProcessCreationTime"",""#text"":""2026-08-17 18:31:06.2287580""},{""@Name"":""ClientProcessId"",""#text"":""9236""}]}}"
35289,35289,2026-08-17 18:32:05.8501106,5379,LogAlways,Microsoft-Windows-Security-Auditing,Security,888,1256,disstestbedvm,423,,,,,,,,,,,,False,D:\UOW\SEM3\msc-diss-7csef001w\scenarios\scenario_2\artefacts\event_logs\Security.evtx,Audit success,0,"{""EventData"":{""Data"":[{""@Name"":""SubjectUserSid"",""#text"":""S-1-5-21-4209295338-567392030-2519289182-1001""},{""@Name"":""SubjectUserName"",""#text"":""dfanalyst""},{""@Name"":""SubjectDomainName"",""#text"":""disstestbedvm""},{""@Name"":""SubjectLogonId"",""#text"":""0x1B772""},{""@Name"":""TargetName"",""#text"":""WindowsLive:(cert):name=02fgkkqegieoagrb;serviceuri=*""},{""@Name"":""Type"",""#text"":""0""},{""@Name"":""CountOfCredentialsReturned"",""#text"":""0""},{""@Name"":""ReadOperation"",""#text"":""%%8100""},{""@Name"":""ReturnCode"",""#text"":""3221226021""},{""@Name"":""ProcessCreationTime"",""#text"":""2026-08-17 18:31:06.2287580""},{""@Name"":""ClientProcessId"",""#text"":""9236""}]}}"
35290,35290,2026-08-17 18:32:06.0037106,5379,LogAlways,Microsoft-Windows-Security-Auditing,Security,888,976,disstestbedvm,423,,,,,,,,,,,,False,D:\UOW\SEM3\msc-diss-7csef001w\scenarios\scenario_2\artefacts\event_logs\Security.evtx,Audit success,0,"{""EventData"":{""Data"":[{""@Name"":""SubjectUserSid"",""#text"":""S-1-5-21-4209295338-567392030-2519289182-1001""},{""@Name"":""SubjectUserName"",""#text"":""dfanalyst""},{""@Name"":""SubjectDomainName"",""#text"":""disstestbedvm""},{""@Name"":""SubjectLogonId"",""#text"":""0x1B772""},{""@Name"":""TargetName"",""#text"":""MicrosoftAccount:user=02fgkkqegieoagrb""},{""@Name"":""Type"",""#text"":""0""},{""@Name"":""CountOfCredentialsReturned"",""#text"":""0""},{""@Name"":""ReadOperation"",""#text"":""%%8100""},{""@Name"":""ReturnCode"",""#text"":""3221226021""},{""@Name"":""ProcessCreationTime"",""#text"":""2026-08-17 18:31:06.2287580""},{""@Name"":""ClientProcessId"",""#text"":""9236""}]}}"
35291,35291,2026-08-17 18:32:07.6388688,4688,LogAlways,Microsoft-Windows-Security-Auditing,Security,4,10036,disstestbedvm,423,,A new process has been created,WORKGROUP\DISSTESTBEDVM$,,Parent process: C:\Windows\System32\svchost.exe,PID: 0x130,Parent PID: 0x2164,Mandatory label: SECURITY_MANDATORY_MEDIUM_RID,Target User: disstestbedvm\dfanalyst,,C:\Windows\System32\dllhost.exe C:\WINDOWS\system32\DllHost.exe /Processid:{AB8902B4-09CA-4BB6-B78D-A8F59079A8D5},False,D:\UOW\SEM3\msc-diss-7csef001w\scenarios\scenario_2\artefacts\event_logs\Security.evtx,Audit success,0,"{""EventData"":{""Data"":[{""@Name"":""SubjectUserSid"",""#text"":""S-1-5-18""},{""@Name"":""SubjectUserName"",""#text"":""DISSTESTBEDVM$""},{""@Name"":""SubjectDomainName"",""#text"":""WORKGROUP""},{""@Name"":""SubjectLogonId"",""#text"":""0x3E7""},{""@Name"":""NewProcessId"",""#text"":""0x2164""},{""@Name"":""NewProcessName"",""#text"":""C:\\Windows\\System32\\dllhost.exe""},{""@Name"":""TokenElevationType"",""#text"":""%%1938""},{""@Name"":""ProcessId"",""#text"":""0x130""},{""@Name"":""CommandLine"",""#text"":""C:\\WINDOWS\\system32\\DllHost.exe /Processid:{AB8902B4-09CA-4BB6-B78D-A8F59079A8D5}""},{""@Name"":""TargetUserSid"",""#text"":""S-1-5-21-4209295338-567392030-2519289182-1001""},{""@Name"":""TargetUserName"",""#text"":""dfanalyst""},{""@Name"":""TargetDomainName"",""#text"":""disstestbedvm""},{""@Name"":""TargetLogonId"",""#text"":""0x1B772""},{""@Name"":""ParentProcessName"",""#text"":""C:\\Windows\\System32\\svchost.exe""},{""@Name"":""MandatoryLabel"",""#text"":""S-1-16-8192""}]}}"
35292,35292,2026-08-17 18:32:07.7528765,4688,LogAlways,Microsoft-Windows-Security-Auditing,Security,4,1392,disstestbedvm,423,,A new process has been created,disstestbedvm\dfanalyst,,Parent process: C:\Windows\explorer.exe,PID: 0x1548,Parent PID: 0x16FC,Mandatory label: SECURITY_MANDATORY_MEDIUM_RID,Target User: -\-,,"C:\Program Files\Google\Chrome\Application\chrome.exe ""C:\Program Files\Google\Chrome\Application\chrome.exe"" ",False,D:\UOW\SEM3\msc-diss-7csef001w\scenarios\scenario_2\artefacts\event_logs\Security.evtx,Audit success,0,"{""EventData"":{""Data"":[{""@Name"":""SubjectUserSid"",""#text"":""S-1-5-21-4209295338-567392030-2519289182-1001""},{""@Name"":""SubjectUserName"",""#text"":""dfanalyst""},{""@Name"":""SubjectDomainName"",""#text"":""disstestbedvm""},{""@Name"":""SubjectLogonId"",""#text"":""0x1B772""},{""@Name"":""NewProcessId"",""#text"":""0x16FC""},{""@Name"":""NewProcessName"",""#text"":""C:\\Program Files\\Google\\Chrome\\Application\\chrome.exe""},{""@Name"":""TokenElevationType"",""#text"":""%%1938""},{""@Name"":""ProcessId"",""#text"":""0x1548""},{""@Name"":""CommandLine"",""#text"":""\""C:\\Program Files\\Google\\Chrome\\Application\\chrome.exe\"" ""},{""@Name"":""TargetUserSid"",""#text"":""S-1-0-0""},{""@Name"":""TargetUserName"",""#text"":""-""},{""@Name"":""TargetDomainName"",""#text"":""-""},{""@Name"":""TargetLogonId"",""#text"":""0x0""},{""@Name"":""ParentProcessName"",""#text"":""C:\\Windows\\explorer.exe""},{""@Name"":""MandatoryLabel"",""#text"":""S-1-16-8192""}]}}"
35293,35293,2026-08-17 18:32:07.9385724,4688,LogAlways,Microsoft-Windows-Security-Auditing,Security,4,1392,disstestbedvm,423,,A new process has been created,disstestbedvm\dfanalyst,,Parent process: C:\Program Files\Google\Chrome\Application\chrome.exe,PID: 0x16FC,Parent PID: 0x738,Mandatory label: SECURITY_MANDATORY_MEDIUM_RID,Target User: -\-,,"C:\Program Files\Google\Chrome\Application\chrome.exe ""C:\Program Files\Google\Chrome\Application\chrome.exe"" --type=crashpad-handler ""--user-data-dir=C:\Users\dfanalyst\AppData\Local\Google\Chrome\User Data"" /prefetch:4 --monitor-self-annotation=ptype=crashpad-handler ""--database=C:\Users\dfanalyst\AppData\Local\Google\Chrome\User Data\Crashpad"" ""--metrics-dir=C:\Users\dfanalyst\AppData\Local\Google\Chrome\User Data"" --url=https://clients2.google.com/cr/report --annotation=channel= --annotation=plat=Win64 --annotation=prod=Chrome --annotation=ver=151.0.7922.138 --initial-client-data=0x11c,0x120,0x124,0xf8,0x128,0x7ffc2021d9c0,0x7ffc2021d9d0,0x7ffc2021d9e0",False,D:\UOW\SEM3\msc-diss-7csef001w\scenarios\scenario_2\artefacts\event_logs\Security.evtx,Audit success,0,"{""EventData"":{""Data"":[{""@Name"":""SubjectUserSid"",""#text"":""S-1-5-21-4209295338-567392030-2519289182-1001""},{""@Name"":""SubjectUserName"",""#text"":""dfanalyst""},{""@Name"":""SubjectDomainName"",""#text"":""disstestbedvm""},{""@Name"":""SubjectLogonId"",""#text"":""0x1B772""},{""@Name"":""NewProcessId"",""#text"":""0x738""},{""@Name"":""NewProcessName"",""#text"":""C:\\Program Files\\Google\\Chrome\\Application\\chrome.exe""},{""@Name"":""TokenElevationType"",""#text"":""%%1938""},{""@Name"":""ProcessId"",""#text"":""0x16FC""},{""@Name"":""CommandLine"",""#text"":""\""C:\\Program Files\\Google\\Chrome\\Application\\chrome.exe\"" --type=crashpad-handler \""--user-data-dir=C:\\Users\\dfanalyst\\AppData\\Local\\Google\\Chrome\\User Data\"" /prefetch:4 --monitor-self-annotation=ptype=crashpad-handler \""--database=C:\\Users\\dfanalyst\\AppData\\Local\\Google\\Chrome\\User Data\\Crashpad\"" \""--metrics-dir=C:\\Users\\dfanalyst\\AppData\\Local\\Google\\Chrome\\User Data\"" --url=https://clients2.google.com/cr/report --annotation=channel= --annotation=plat=Win64 --annotation=prod=Chrome --annotation=ver=151.0.7922.138 --initial-client-data=0x11c,0x120,0x124,0xf8,0x128,0x7ffc2021d9c0,0x7ffc2021d9d0,0x7ffc2021d9e0""},{""@Name"":""TargetUserSid"",""#text"":""S-1-0-0""},{""@Name"":""TargetUserName"",""#text"":""-""},{""@Name"":""TargetDomainName"",""#text"":""-""},{""@Name"":""TargetLogonId"",""#text"":""0x0""},{""@Name"":""ParentProcessName"",""#text"":""C:\\Program Files\\Google\\Chrome\\Application\\chrome.exe""},{""@Name"":""MandatoryLabel"",""#text"":""S-1-16-8192""}]}}"
35294,35294,2026-08-17 18:32:08.2641496,4688,LogAlways,Microsoft-Windows-Security-Auditing,Security,4,1392,disstestbedvm,423,,A new process has been created,disstestbedvm\dfanalyst,,Parent process: C:\Program Files\Google\Chrome\Application\chrome.exe,PID: 0x16FC,Parent PID: 0x1A10,Mandatory label: SECURITY_MANDATORY_LOW_RID,Target User: -\-,,"C:\Program Files\Google\Chrome\Application\chrome.exe ""C:\Program Files\Google\Chrome\Application\chrome.exe"" --type=gpu-process --no-pre-read-main-dll --gpu-preferences=WAAAAAAAAADgAAAEAAAAAAAAAAAAAGAAQAAAAAAAAAADAAAAAAAAADgAAAAAAAAAAAAAAAAAAAACAAAAAAAAAAAAAAAAAAAAKAAAAAAAAAAoAAAAAAAAAAgAAAAAAAAAEAAAAAIAAAABAAAAAAAAAAgAAAAAAAAACAAAAAAAAAA= --metrics-shmem-handle=1680,i,8390322967866886100,17305221274594228588,262144 --field-trial-handle=300,i,12568652149631050601,17836649519809257441,262144 --variations-seed-version=20260815-030035.901000-production --pseudonymization-salt-handle=1736,i,1201548225642530370,3632485646844189389,4 --trace-process-track-uuid=3190708988185955192 --mojo-platform-channel-handle=1892 /prefetch:2",False,D:\UOW\SEM3\msc-diss-7csef001w\scenarios\scenario_2\artefacts\event_logs\Security.evtx,Audit success,0,"{""EventData"":{""Data"":[{""@Name"":""SubjectUserSid"",""#text"":""S-1-5-21-4209295338-567392030-2519289182-1001""},{""@Name"":""SubjectUserName"",""#text"":""dfanalyst""},{""@Name"":""SubjectDomainName"",""#text"":""disstestbedvm""},{""@Name"":""SubjectLogonId"",""#text"":""0x1B772""},{""@Name"":""NewProcessId"",""#text"":""0x1A10""},{""@Name"":""NewProcessName"",""#text"":""C:\\Program Files\\Google\\Chrome\\Application\\chrome.exe""},{""@Name"":""TokenElevationType"",""#text"":""%%1938""},{""@Name"":""ProcessId"",""#text"":""0x16FC""},{""@Name"":""CommandLine"",""#text"":""\""C:\\Program Files\\Google\\Chrome\\Application\\chrome.exe\"" --type=gpu-process --no-pre-read-main-dll --gpu-preferences=WAAAAAAAAADgAAAEAAAAAAAAAAAAAGAAQAAAAAAAAAADAAAAAAAAADgAAAAAAAAAAAAAAAAAAAACAAAAAAAAAAAAAAAAAAAAKAAAAAAAAAAoAAAAAAAAAAgAAAAAAAAAEAAAAAIAAAABAAAAAAAAAAgAAAAAAAAACAAAAAAAAAA= --metrics-shmem-handle=1680,i,8390322967866886100,17305221274594228588,262144 --field-trial-handle=300,i,12568652149631050601,17836649519809257441,262144 --variations-seed-version=20260815-030035.901000-production --pseudonymization-salt-handle=1736,i,1201548225642530370,3632485646844189389,4 --trace-process-track-uuid=3190708988185955192 --mojo-platform-channel-handle=1892 /prefetch:2""},{""@Name"":""TargetUserSid"",""#text"":""S-1-0-0""},{""@Name"":""TargetUserName"",""#text"":""-""},{""@Name"":""TargetDomainName"",""#text"":""-""},{""@Name"":""TargetLogonId"",""#text"":""0x0""},{""@Name"":""ParentProcessName"",""#text"":""C:\\Program Files\\Google\\Chrome\\Application\\chrome.exe""},{""@Name"":""MandatoryLabel"",""#text"":""S-1-16-4096""}]}}"
35295,35295,2026-08-17 18:32:08.2697966,4688,LogAlways,Microsoft-Windows-Security-Auditing,Security,4,10036,disstestbedvm,423,,A new process has been created,disstestbedvm\dfanalyst,,Parent process: C:\Program Files\Google\Chrome\Application\chrome.exe,PID: 0x16FC,Parent PID: 0x844,Mandatory label: SECURITY_MANDATORY_MEDIUM_RID,Target User: -\-,,"C:\Program Files\Google\Chrome\Application\chrome.exe ""C:\Program Files\Google\Chrome\Application\chrome.exe"" --type=utility --utility-sub-type=network.mojom.NetworkService --lang=en-US --service-sandbox-type=none --no-pre-read-main-dll --metrics-shmem-handle=2252,i,1399340258660063264,13642682962836904744,524288 --field-trial-handle=300,i,12568652149631050601,17836649519809257441,262144 --variations-seed-version=20260815-030035.901000-production --pseudonymization-salt-handle=1736,i,1201548225642530370,3632485646844189389,4 --trace-process-track-uuid=3190708989122997041 --mojo-platform-channel-handle=2200 /prefetch:11",False,D:\UOW\SEM3\msc-diss-7csef001w\scenarios\scenario_2\artefacts\event_logs\Security.evtx,Audit success,0,"{""EventData"":{""Data"":[{""@Name"":""SubjectUserSid"",""#text"":""S-1-5-21-4209295338-567392030-2519289182-1001""},{""@Name"":""SubjectUserName"",""#text"":""dfanalyst""},{""@Name"":""SubjectDomainName"",""#text"":""disstestbedvm""},{""@Name"":""SubjectLogonId"",""#text"":""0x1B772""},{""@Name"":""NewProcessId"",""#text"":""0x844""},{""@Name"":""NewProcessName"",""#text"":""C:\\Program Files\\Google\\Chrome\\Application\\chrome.exe""},{""@Name"":""TokenElevationType"",""#text"":""%%1938""},{""@Name"":""ProcessId"",""#text"":""0x16FC""},{""@Name"":""CommandLine"",""#text"":""\""C:\\Program Files\\Google\\Chrome\\Application\\chrome.exe\"" --type=utility --utility-sub-type=network.mojom.NetworkService --lang=en-US --service-sandbox-type=none --no-pre-read-main-dll --metrics-shmem-handle=2252,i,1399340258660063264,13642682962836904744,524288 --field-trial-handle=300,i,12568652149631050601,17836649519809257441,262144 --variations-seed-version=20260815-030035.901000-production --pseudonymization-salt-handle=1736,i,1201548225642530370,3632485646844189389,4 --trace-process-track-uuid=3190708989122997041 --mojo-platform-channel-handle=2200 /prefetch:11""},{""@Name"":""TargetUserSid"",""#text"":""S-1-0-0""},{""@Name"":""TargetUserName"",""#text"":""-""},{""@Name"":""TargetDomainName"",""#text"":""-""},{""@Name"":""TargetLogonId"",""#text"":""0x0""},{""@Name"":""ParentProcessName"",""#text"":""C:\\Program Files\\Google\\Chrome\\Application\\chrome.exe""},{""@Name"":""MandatoryLabel"",""#text"":""S-1-16-8192""}]}}"
35296,35296,2026-08-17 18:32:08.2766999,4688,LogAlways,Microsoft-Windows-Security-Auditing,Security,4,2580,disstestbedvm,423,,A new process has been created,WORKGROUP\DISSTESTBEDVM$,,Parent process: C:\Windows\System32\services.exe,PID: 0x364,Parent PID: 0x2178,Mandatory label: SECURITY_MANDATORY_SYSTEM_RID,Target User: -\-,,"C:\Program Files\Google\Chrome\Application\151.0.7922.138\elevation_service.exe ""C:\Program Files\Google\Chrome\Application\151.0.7922.138\elevation_service.exe""",False,D:\UOW\SEM3\msc-diss-7csef001w\scenarios\scenario_2\artefacts\event_logs\Security.evtx,Audit success,0,"{""EventData"":{""Data"":[{""@Name"":""SubjectUserSid"",""#text"":""S-1-5-18""},{""@Name"":""SubjectUserName"",""#text"":""DISSTESTBEDVM$""},{""@Name"":""SubjectDomainName"",""#text"":""WORKGROUP""},{""@Name"":""SubjectLogonId"",""#text"":""0x3E7""},{""@Name"":""NewProcessId"",""#text"":""0x2178""},{""@Name"":""NewProcessName"",""#text"":""C:\\Program Files\\Google\\Chrome\\Application\\151.0.7922.138\\elevation_service.exe""},{""@Name"":""TokenElevationType"",""#text"":""%%1936""},{""@Name"":""ProcessId"",""#text"":""0x364""},{""@Name"":""CommandLine"",""#text"":""\""C:\\Program Files\\Google\\Chrome\\Application\\151.0.7922.138\\elevation_service.exe\""""},{""@Name"":""TargetUserSid"",""#text"":""S-1-0-0""},{""@Name"":""TargetUserName"",""#text"":""-""},{""@Name"":""TargetDomainName"",""#text"":""-""},{""@Name"":""TargetLogonId"",""#text"":""0x0""},{""@Name"":""ParentProcessName"",""#text"":""C:\\Windows\\System32\\services.exe""},{""@Name"":""MandatoryLabel"",""#text"":""S-1-16-16384""}]}}"
35297,35297,2026-08-17 18:32:08.3569745,5058,LogAlways,Microsoft-Windows-Security-Auditing,Security,888,968,disstestbedvm,424,,,,,,,,,,,,False,D:\UOW\SEM3\msc-diss-7csef001w\scenarios\scenario_2\artefacts\event_logs\Security.evtx,Audit success,0,"{""EventData"":{""Data"":[{""@Name"":""SubjectUserSid"",""#text"":""S-1-5-18""},{""@Name"":""SubjectUserName"",""#text"":""DISSTESTBEDVM$""},{""@Name"":""SubjectDomainName"",""#text"":""WORKGROUP""},{""@Name"":""SubjectLogonId"",""#text"":""0x3E7""},{""@Name"":""ClientProcessId"",""#text"":""8568""},{""@Name"":""ClientCreationTime"",""#text"":""2026-08-17 18:32:08.2766486""},{""@Name"":""ProviderName"",""#text"":""Microsoft Software Key Storage Provider""},{""@Name"":""AlgorithmName"",""#text"":""UNKNOWN""},{""@Name"":""KeyName"",""#text"":""Google Chromekey1""},{""@Name"":""KeyType"",""#text"":""%%2500""},{""@Name"":""KeyFilePath"",""#text"":""C:\\ProgramData\\Microsoft\\Crypto\\SystemKeys\\7096db7aeb75c0d3497ecd56d355a695_cfa595a5-28c0-4ddf-9462-585dc0867f65""},{""@Name"":""Operation"",""#text"":""%%2458""},{""@Name"":""ReturnCode"",""#text"":""0x0""}]}}"
35298,35298,2026-08-17 18:32:08.3575088,5061,LogAlways,Microsoft-Windows-Security-Auditing,Security,888,968,disstestbedvm,424,,,,,,,,,,,,False,D:\UOW\SEM3\msc-diss-7csef001w\scenarios\scenario_2\artefacts\event_logs\Security.evtx,Audit success,0,"{""EventData"":{""Data"":[{""@Name"":""SubjectUserSid"",""#text"":""S-1-5-18""},{""@Name"":""SubjectUserName"",""#text"":""DISSTESTBEDVM$""},{""@Name"":""SubjectDomainName"",""#text"":""WORKGROUP""},{""@Name"":""SubjectLogonId"",""#text"":""0x3E7""},{""@Name"":""ProviderName"",""#text"":""Microsoft Software Key Storage Provider""},{""@Name"":""AlgorithmName"",""#text"":""AES""},{""@Name"":""KeyName"",""#text"":""Google Chromekey1""},{""@Name"":""KeyType"",""#text"":""%%2500""},{""@Name"":""Operation"",""#text"":""%%2480""},{""@Name"":""ReturnCode"",""#text"":""0x0""}]}}"
35299,35299,2026-08-17 18:32:08.3653784,4689,LogAlways,Microsoft-Windows-Security-Auditing,Security,4,6380,disstestbedvm,424,,A process has exited,WORKGROUP\DISSTESTBEDVM$,,,PID: 0x2178,,,,,C:\Program Files\Google\Chrome\Application\151.0.7922.138\elevation_service.exe,False,D:\UOW\SEM3\msc-diss-7csef001w\scenarios\scenario_2\artefacts\event_logs\Security.evtx,Audit success,0,"{""EventData"":{""Data"":[{""@Name"":""SubjectUserSid"",""#text"":""S-1-5-18""},{""@Name"":""SubjectUserName"",""#text"":""DISSTESTBEDVM$""},{""@Name"":""SubjectDomainName"",""#text"":""WORKGROUP""},{""@Name"":""SubjectLogonId"",""#text"":""0x3E7""},{""@Name"":""Status"",""#text"":""0x0""},{""@Name"":""ProcessId"",""#text"":""0x2178""},{""@Name"":""ProcessName"",""#text"":""C:\\Program Files\\Google\\Chrome\\Application\\151.0.7922.138\\elevation_service.exe""}]}}"
35300,35300,2026-08-17 18:32:08.3700591,4688,LogAlways,Microsoft-Windows-Security-Auditing,Security,4,6380,disstestbedvm,424,,A new process has been created,disstestbedvm\dfanalyst,,Parent process: C:\Program Files\Google\Chrome\Application\chrome.exe,PID: 0x16FC,Parent PID: 0x1494,Mandatory label: SECURITY_MANDATORY_LOW_RID,Target User: -\-,,"C:\Program Files\Google\Chrome\Application\chrome.exe ""C:\Program Files\Google\Chrome\Application\chrome.exe"" --type=utility --utility-sub-type=storage.mojom.StorageService --lang=en-US --service-sandbox-type=service --no-pre-read-main-dll --metrics-shmem-handle=2488,i,4980118416983727005,1436053093351705547,524288 --field-trial-handle=300,i,12568652149631050601,17836649519809257441,262144 --variations-seed-version=20260815-030035.901000-production --pseudonymization-salt-handle=1736,i,1201548225642530370,3632485646844189389,4 --trace-process-track-uuid=3190708990060038890 --mojo-platform-channel-handle=2508 /prefetch:13",False,D:\UOW\SEM3\msc-diss-7csef001w\scenarios\scenario_2\artefacts\event_logs\Security.evtx,Audit success,0,"{""EventData"":{""Data"":[{""@Name"":""SubjectUserSid"",""#text"":""S-1-5-21-4209295338-567392030-2519289182-1001""},{""@Name"":""SubjectUserName"",""#text"":""dfanalyst""},{""@Name"":""SubjectDomainName"",""#text"":""disstestbedvm""},{""@Name"":""SubjectLogonId"",""#text"":""0x1B772""},{""@Name"":""NewProcessId"",""#text"":""0x1494""},{""@Name"":""NewProcessName"",""#text"":""C:\\Program Files\\Google\\Chrome\\Application\\chrome.exe""},{""@Name"":""TokenElevationType"",""#text"":""%%1938""},{""@Name"":""ProcessId"",""#text"":""0x16FC""},{""@Name"":""CommandLine"",""#text"":""\""C:\\Program Files\\Google\\Chrome\\Application\\chrome.exe\"" --type=utility --utility-sub-type=storage.mojom.StorageService --lang=en-US --service-sandbox-type=service --no-pre-read-main-dll --metrics-shmem-handle=2488,i,4980118416983727005,1436053093351705547,524288 --field-trial-handle=300,i,12568652149631050601,17836649519809257441,262144 --variations-seed-version=20260815-030035.901000-production --pseudonymization-salt-handle=1736,i,1201548225642530370,3632485646844189389,4 --trace-process-track-uuid=3190708990060038890 --mojo-platform-channel-handle=2508 /prefetch:13""},{""@Name"":""TargetUserSid"",""#text"":""S-1-0-0""},{""@Name"":""TargetUserName"",""#text"":""-""},{""@Name"":""TargetDomainName"",""#text"":""-""},{""@Name"":""TargetLogonId"",""#text"":""0x0""},{""@Name"":""ParentProcessName"",""#text"":""C:\\Program Files\\Google\\Chrome\\Application\\chrome.exe""},{""@Name"":""MandatoryLabel"",""#text"":""S-1-16-4096""}]}}"
35301,35301,2026-08-17 18:32:08.4319992,4688,LogAlways,Microsoft-Windows-Security-Auditing,Security,4,1392,disstestbedvm,424,,A new process has been created,disstestbedvm\dfanalyst,,Parent process: C:\Program Files\Google\Chrome\Application\chrome.exe,PID: 0x16FC,Parent PID: 0x1DA8,Mandatory label: SECURITY_MANDATORY_LOW_RID,Target User: -\-,,"C:\Program Files\Google\Chrome\Application\chrome.exe ""C:\Program Files\Google\Chrome\Application\chrome.exe"" --type=renderer --top-chrome-webui --no-pre-read-main-dll --video-capture-use-gpu-memory-buffer --lang=en-US --device-scale-factor=1 --num-raster-threads=2 --enable-main-frame-before-activation --renderer-client-id=5 --time-ticks-at-unix-epoch=-1786990776947549 --launch-time-ticks=751482646 --metrics-shmem-handle=3416,i,9506627250887112029,1913142744198547538,2097152 --field-trial-handle=300,i,12568652149631050601,17836649519809257441,262144 --variations-seed-version=20260815-030035.901000-production --pseudonymization-salt-handle=1736,i,1201548225642530370,3632485646844189389,4 --trace-process-track-uuid=3190708990997080739 --mojo-platform-channel-handle=3428 /prefetch:1",False,D:\UOW\SEM3\msc-diss-7csef001w\scenarios\scenario_2\artefacts\event_logs\Security.evtx,Audit success,0,"{""EventData"":{""Data"":[{""@Name"":""SubjectUserSid"",""#text"":""S-1-5-21-4209295338-567392030-2519289182-1001""},{""@Name"":""SubjectUserName"",""#text"":""dfanalyst""},{""@Name"":""SubjectDomainName"",""#text"":""disstestbedvm""},{""@Name"":""SubjectLogonId"",""#text"":""0x1B772""},{""@Name"":""NewProcessId"",""#text"":""0x1DA8""},{""@Name"":""NewProcessName"",""#text"":""C:\\Program Files\\Google\\Chrome\\Application\\chrome.exe""},{""@Name"":""TokenElevationType"",""#text"":""%%1938""},{""@Name"":""ProcessId"",""#text"":""0x16FC""},{""@Name"":""CommandLine"",""#text"":""\""C:\\Program Files\\Google\\Chrome\\Application\\chrome.exe\"" --type=renderer --top-chrome-webui --no-pre-read-main-dll --video-capture-use-gpu-memory-buffer --lang=en-US --device-scale-factor=1 --num-raster-threads=2 --enable-main-frame-before-activation --renderer-client-id=5 --time-ticks-at-unix-epoch=-1786990776947549 --launch-time-ticks=751482646 --metrics-shmem-handle=3416,i,9506627250887112029,1913142744198547538,2097152 --field-trial-handle=300,i,12568652149631050601,17836649519809257441,262144 --variations-seed-version=20260815-030035.901000-production --pseudonymization-salt-handle=1736,i,1201548225642530370,3632485646844189389,4 --trace-process-track-uuid=3190708990997080739 --mojo-platform-channel-handle=3428 /prefetch:1""},{""@Name"":""TargetUserSid"",""#text"":""S-1-0-0""},{""@Name"":""TargetUserName"",""#text"":""-""},{""@Name"":""TargetDomainName"",""#text"":""-""},{""@Name"":""TargetLogonId"",""#text"":""0x0""},{""@Name"":""ParentProcessName"",""#text"":""C:\\Program Files\\Google\\Chrome\\Application\\chrome.exe""},{""@Name"":""MandatoryLabel"",""#text"":""S-1-16-4096""}]}}"
35302,35302,2026-08-17 18:32:08.4548329,4624,LogAlways,Microsoft-Windows-Security-Auditing,Security,888,8532,disstestbedvm,424,,Successful logon,WORKGROUP\DISSTESTBEDVM$,- (-),Target: NT AUTHORITY\SYSTEM,LogonType 5,LogonId: 0x3E7,,,,C:\Windows\System32\services.exe,False,D:\UOW\SEM3\msc-diss-7csef001w\scenarios\scenario_2\artefacts\event_logs\Security.evtx,Audit success,0,"{""EventData"":{""Data"":[{""@Name"":""SubjectUserSid"",""#text"":""S-1-5-18""},{""@Name"":""SubjectUserName"",""#text"":""DISSTESTBEDVM$""},{""@Name"":""SubjectDomainName"",""#text"":""WORKGROUP""},{""@Name"":""SubjectLogonId"",""#text"":""0x3E7""},{""@Name"":""TargetUserSid"",""#text"":""S-1-5-18""},{""@Name"":""TargetUserName"",""#text"":""SYSTEM""},{""@Name"":""TargetDomainName"",""#text"":""NT AUTHORITY""},{""@Name"":""TargetLogonId"",""#text"":""0x3E7""},{""@Name"":""LogonType"",""#text"":""5""},{""@Name"":""LogonProcessName"",""#text"":""Advapi  ""},{""@Name"":""AuthenticationPackageName"",""#text"":""Negotiate""},{""@Name"":""WorkstationName"",""#text"":""-""},{""@Name"":""LogonGuid"",""#text"":""00000000-0000-0000-0000-000000000000""},{""@Name"":""TransmittedServices"",""#text"":""-""},{""@Name"":""LmPackageName"",""#text"":""-""},{""@Name"":""KeyLength"",""#text"":""0""},{""@Name"":""ProcessId"",""#text"":""0x364""},{""@Name"":""ProcessName"",""#text"":""C:\\Windows\\System32\\services.exe""},{""@Name"":""IpAddress"",""#text"":""-""},{""@Name"":""IpPort"",""#text"":""-""},{""@Name"":""ImpersonationLevel"",""#text"":""%%1833""},{""@Name"":""RestrictedAdminMode"",""#text"":""-""},{""@Name"":""RemoteCredentialGuard"",""#text"":""-""},{""@Name"":""TargetOutboundUserName"",""#text"":""-""},{""@Name"":""TargetOutboundDomainName"",""#text"":""-""},{""@Name"":""VirtualAccount"",""#text"":""%%1843""},{""@Name"":""TargetLinkedLogonId"",""#text"":""0x0""},{""@Name"":""ElevatedToken"",""#text"":""%%1842""}]}}"
35303,35303,2026-08-17 18:32:08.4548394,4672,LogAlways,Microsoft-Windows-Security-Auditing,Security,888,8532,disstestbedvm,424,,Administrative logon,NT AUTHORITY\SYSTEM (S-1-5-18),,"PrivilegeList: SeAssignPrimaryTokenPrivilege, SeTcbPrivilege, SeSecurityPrivilege, SeTakeOwnershipPrivilege, SeLoadDriverPrivilege, SeBackupPrivilege, SeRestorePrivilege, SeDebugPrivilege, SeAuditPrivilege, SeSystemEnvironmentPrivilege, SeImpersonatePrivilege, SeDelegateSessionUserImpersonatePrivilege",LogonId: 0x3E7,,,,,,False,D:\UOW\SEM3\msc-diss-7csef001w\scenarios\scenario_2\artefacts\event_logs\Security.evtx,Audit success,0,"{""EventData"":{""Data"":[{""@Name"":""SubjectUserSid"",""#text"":""S-1-5-18""},{""@Name"":""SubjectUserName"",""#text"":""SYSTEM""},{""@Name"":""SubjectDomainName"",""#text"":""NT AUTHORITY""},{""@Name"":""SubjectLogonId"",""#text"":""0x3E7""},{""@Name"":""PrivilegeList"",""#text"":""SeAssignPrimaryTokenPrivilege, SeTcbPrivilege, SeSecurityPrivilege, SeTakeOwnershipPrivilege, SeLoadDriverPrivilege, SeBackupPrivilege, SeRestorePrivilege, SeDebugPrivilege, SeAuditPrivilege, SeSystemEnvironmentPrivilege, SeImpersonatePrivilege, SeDelegateSessionUserImpersonatePrivilege""}]}}"
35304,35304,2026-08-17 18:32:08.4564548,4688,LogAlways,Microsoft-Windows-Security-Auditing,Security,4,6380,disstestbedvm,424,,A new process has been created,WORKGROUP\DISSTESTBEDVM$,,Parent process: C:\Windows\System32\services.exe,PID: 0x364,Parent PID: 0x2334,Mandatory label: SECURITY_MANDATORY_SYSTEM_RID,Target User: -\-,,C:\Windows\System32\svchost.exe C:\WINDOWS\system32\svchost.exe -k LocalSystemNetworkRestricted -p -s NgcSvc,False,D:\UOW\SEM3\msc-diss-7csef001w\scenarios\scenario_2\artefacts\event_logs\Security.evtx,Audit success,0,"{""EventData"":{""Data"":[{""@Name"":""SubjectUserSid"",""#text"":""S-1-5-18""},{""@Name"":""SubjectUserName"",""#text"":""DISSTESTBEDVM$""},{""@Name"":""SubjectDomainName"",""#text"":""WORKGROUP""},{""@Name"":""SubjectLogonId"",""#text"":""0x3E7""},{""@Name"":""NewProcessId"",""#text"":""0x2334""},{""@Name"":""NewProcessName"",""#text"":""C:\\Windows\\System32\\svchost.exe""},{""@Name"":""TokenElevationType"",""#text"":""%%1936""},{""@Name"":""ProcessId"",""#text"":""0x364""},{""@Name"":""CommandLine"",""#text"":""C:\\WINDOWS\\system32\\svchost.exe -k LocalSystemNetworkRestricted -p -s NgcSvc""},{""@Name"":""TargetUserSid"",""#text"":""S-1-0-0""},{""@Name"":""TargetUserName"",""#text"":""-""},{""@Name"":""TargetDomainName"",""#text"":""-""},{""@Name"":""TargetLogonId"",""#text"":""0x0""},{""@Name"":""ParentProcessName"",""#text"":""C:\\Windows\\System32\\services.exe""},{""@Name"":""MandatoryLabel"",""#text"":""S-1-16-16384""}]}}"
35305,35305,2026-08-17 18:32:08.4661471,4688,LogAlways,Microsoft-Windows-Security-Auditing,Security,4,8896,disstestbedvm,424,,A new process has been created,disstestbedvm\dfanalyst,,Parent process: C:\Program Files\Google\Chrome\Application\chrome.exe,PID: 0x16FC,Parent PID: 0x209C,Mandatory label: SECURITY_MANDATORY_LOW_RID,Target User: -\-,,"C:\Program Files\Google\Chrome\Application\chrome.exe ""C:\Program Files\Google\Chrome\Application\chrome.exe"" --type=renderer --no-pre-read-main-dll --video-capture-use-gpu-memory-buffer --lang=en-US --device-scale-factor=1 --num-raster-threads=2 --enable-main-frame-before-activation --renderer-client-id=7 --time-ticks-at-unix-epoch=-1786990776947549 --launch-time-ticks=751517516 --metrics-shmem-handle=3784,i,6044780269827200996,12320603623596617446,2097152 --field-trial-handle=300,i,12568652149631050601,17836649519809257441,262144 --variations-seed-version=20260815-030035.901000-production --pseudonymization-salt-handle=1736,i,1201548225642530370,3632485646844189389,4 --trace-process-track-uuid=3190708992871164437 --mojo-platform-channel-handle=3780 /prefetch:1",False,D:\UOW\SEM3\msc-diss-7csef001w\scenarios\scenario_2\artefacts\event_logs\Security.evtx,Audit success,0,"{""EventData"":{""Data"":[{""@Name"":""SubjectUserSid"",""#text"":""S-1-5-21-4209295338-567392030-2519289182-1001""},{""@Name"":""SubjectUserName"",""#text"":""dfanalyst""},{""@Name"":""SubjectDomainName"",""#text"":""disstestbedvm""},{""@Name"":""SubjectLogonId"",""#text"":""0x1B772""},{""@Name"":""NewProcessId"",""#text"":""0x209C""},{""@Name"":""NewProcessName"",""#text"":""C:\\Program Files\\Google\\Chrome\\Application\\chrome.exe""},{""@Name"":""TokenElevationType"",""#text"":""%%1938""},{""@Name"":""ProcessId"",""#text"":""0x16FC""},{""@Name"":""CommandLine"",""#text"":""\""C:\\Program Files\\Google\\Chrome\\Application\\chrome.exe\"" --type=renderer --no-pre-read-main-dll --video-capture-use-gpu-memory-buffer --lang=en-US --device-scale-factor=1 --num-raster-threads=2 --enable-main-frame-before-activation --renderer-client-id=7 --time-ticks-at-unix-epoch=-1786990776947549 --launch-time-ticks=751517516 --metrics-shmem-handle=3784,i,6044780269827200996,12320603623596617446,2097152 --field-trial-handle=300,i,12568652149631050601,17836649519809257441,262144 --variations-seed-version=20260815-030035.901000-production --pseudonymization-salt-handle=1736,i,1201548225642530370,3632485646844189389,4 --trace-process-track-uuid=3190708992871164437 --mojo-platform-channel-handle=3780 /prefetch:1""},{""@Name"":""TargetUserSid"",""#text"":""S-1-0-0""},{""@Name"":""TargetUserName"",""#text"":""-""},{""@Name"":""TargetDomainName"",""#text"":""-""},{""@Name"":""TargetLogonId"",""#text"":""0x0""},{""@Name"":""ParentProcessName"",""#text"":""C:\\Program Files\\Google\\Chrome\\Application\\chrome.exe""},{""@Name"":""MandatoryLabel"",""#text"":""S-1-16-4096""}]}}"
35306,35306,2026-08-17 18:32:08.4676016,4688,LogAlways,Microsoft-Windows-Security-Auditing,Security,4,8896,disstestbedvm,424,,A new process has been created,disstestbedvm\dfanalyst,,Parent process: C:\Program Files\Google\Chrome\Application\chrome.exe,PID: 0x16FC,Parent PID: 0xB80,Mandatory label: SECURITY_MANDATORY_LOW_RID,Target User: -\-,,"C:\Program Files\Google\Chrome\Application\chrome.exe ""C:\Program Files\Google\Chrome\Application\chrome.exe"" --type=renderer --no-pre-read-main-dll --video-capture-use-gpu-memory-buffer --lang=en-US --device-scale-factor=1 --num-raster-threads=2 --enable-main-frame-before-activation --renderer-client-id=6 --time-ticks-at-unix-epoch=-1786990776947549 --launch-time-ticks=751519155 --metrics-shmem-handle=3816,i,14002569099278855769,11852745577809196463,2097152 --field-trial-handle=300,i,12568652149631050601,17836649519809257441,262144 --variations-seed-version=20260815-030035.901000-production --pseudonymization-salt-handle=1736,i,1201548225642530370,3632485646844189389,4 --trace-process-track-uuid=3190708991934122588 --mojo-platform-channel-handle=3820 /prefetch:1",False,D:\UOW\SEM3\msc-diss-7csef001w\scenarios\scenario_2\artefacts\event_logs\Security.evtx,Audit success,0,"{""EventData"":{""Data"":[{""@Name"":""SubjectUserSid"",""#text"":""S-1-5-21-4209295338-567392030-2519289182-1001""},{""@Name"":""SubjectUserName"",""#text"":""dfanalyst""},{""@Name"":""SubjectDomainName"",""#text"":""disstestbedvm""},{""@Name"":""SubjectLogonId"",""#text"":""0x1B772""},{""@Name"":""NewProcessId"",""#text"":""0xB80""},{""@Name"":""NewProcessName"",""#text"":""C:\\Program Files\\Google\\Chrome\\Application\\chrome.exe""},{""@Name"":""TokenElevationType"",""#text"":""%%1938""},{""@Name"":""ProcessId"",""#text"":""0x16FC""},{""@Name"":""CommandLine"",""#text"":""\""C:\\Program Files\\Google\\Chrome\\Application\\chrome.exe\"" --type=renderer --no-pre-read-main-dll --video-capture-use-gpu-memory-buffer --lang=en-US --device-scale-factor=1 --num-raster-threads=2 --enable-main-frame-before-activation --renderer-client-id=6 --time-ticks-at-unix-epoch=-1786990776947549 --launch-time-ticks=751519155 --metrics-shmem-handle=3816,i,14002569099278855769,11852745577809196463,2097152 --field-trial-handle=300,i,12568652149631050601,17836649519809257441,262144 --variations-seed-version=20260815-030035.901000-production --pseudonymization-salt-handle=1736,i,1201548225642530370,3632485646844189389,4 --trace-process-track-uuid=3190708991934122588 --mojo-platform-channel-handle=3820 /prefetch:1""},{""@Name"":""TargetUserSid"",""#text"":""S-1-0-0""},{""@Name"":""TargetUserName"",""#text"":""-""},{""@Name"":""TargetDomainName"",""#text"":""-""},{""@Name"":""TargetLogonId"",""#text"":""0x0""},{""@Name"":""ParentProcessName"",""#text"":""C:\\Program Files\\Google\\Chrome\\Application\\chrome.exe""},{""@Name"":""MandatoryLabel"",""#text"":""S-1-16-4096""}]}}"
35307,35307,2026-08-17 18:32:08.6128299,4688,LogAlways,Microsoft-Windows-Security-Auditing,Security,4,1420,disstestbedvm,424,,A new process has been created,disstestbedvm\dfanalyst,,Parent process: C:\Program Files\Google\Chrome\Application\chrome.exe,PID: 0x16FC,Parent PID: 0x29F8,Mandatory label: SECURITY_MANDATORY_LOW_RID,Target User: -\-,,"C:\Program Files\Google\Chrome\Application\chrome.exe ""C:\Program Files\Google\Chrome\Application\chrome.exe"" --type=renderer --no-pre-read-main-dll --disable-gpu-compositing --video-capture-use-gpu-memory-buffer --lang=en-US --device-scale-factor=1 --num-raster-threads=2 --enable-main-frame-before-activation --renderer-client-id=8 --time-ticks-at-unix-epoch=-1786990776947549 --launch-time-ticks=751664239 --metrics-shmem-handle=4916,i,15023815624449639090,13475532925028014297,2097152 --field-trial-handle=300,i,12568652149631050601,17836649519809257441,262144 --variations-seed-version=20260815-030035.901000-production --pseudonymization-salt-handle=1736,i,1201548225642530370,3632485646844189389,4 --trace-process-track-uuid=3190708993808206286 --mojo-platform-channel-handle=4948 /prefetch:1",False,D:\UOW\SEM3\msc-diss-7csef001w\scenarios\scenario_2\artefacts\event_logs\Security.evtx,Audit success,0,"{""EventData"":{""Data"":[{""@Name"":""SubjectUserSid"",""#text"":""S-1-5-21-4209295338-567392030-2519289182-1001""},{""@Name"":""SubjectUserName"",""#text"":""dfanalyst""},{""@Name"":""SubjectDomainName"",""#text"":""disstestbedvm""},{""@Name"":""SubjectLogonId"",""#text"":""0x1B772""},{""@Name"":""NewProcessId"",""#text"":""0x29F8""},{""@Name"":""NewProcessName"",""#text"":""C:\\Program Files\\Google\\Chrome\\Application\\chrome.exe""},{""@Name"":""TokenElevationType"",""#text"":""%%1938""},{""@Name"":""ProcessId"",""#text"":""0x16FC""},{""@Name"":""CommandLine"",""#text"":""\""C:\\Program Files\\Google\\Chrome\\Application\\chrome.exe\"" --type=renderer --no-pre-read-main-dll --disable-gpu-compositing --video-capture-use-gpu-memory-buffer --lang=en-US --device-scale-factor=1 --num-raster-threads=2 --enable-main-frame-before-activation --renderer-client-id=8 --time-ticks-at-unix-epoch=-1786990776947549 --launch-time-ticks=751664239 --metrics-shmem-handle=4916,i,15023815624449639090,13475532925028014297,2097152 --field-trial-handle=300,i,12568652149631050601,17836649519809257441,262144 --variations-seed-version=20260815-030035.901000-production --pseudonymization-salt-handle=1736,i,1201548225642530370,3632485646844189389,4 --trace-process-track-uuid=3190708993808206286 --mojo-platform-channel-handle=4948 /prefetch:1""},{""@Name"":""TargetUserSid"",""#text"":""S-1-0-0""},{""@Name"":""TargetUserName"",""#text"":""-""},{""@Name"":""TargetDomainName"",""#text"":""-""},{""@Name"":""TargetLogonId"",""#text"":""0x0""},{""@Name"":""ParentProcessName"",""#text"":""C:\\Program Files\\Google\\Chrome\\Application\\chrome.exe""},{""@Name"":""MandatoryLabel"",""#text"":""S-1-16-4096""}]}}"
35308,35308,2026-08-17 18:32:08.6399045,4688,LogAlways,Microsoft-Windows-Security-Auditing,Security,4,1420,disstestbedvm,424,,A new process has been created,disstestbedvm\dfanalyst,,Parent process: C:\Program Files\Google\Chrome\Application\chrome.exe,PID: 0x16FC,Parent PID: 0x1540,Mandatory label: SECURITY_MANDATORY_LOW_RID,Target User: -\-,,"C:\Program Files\Google\Chrome\Application\chrome.exe ""C:\Program Files\Google\Chrome\Application\chrome.exe"" --type=renderer --extension-process --no-pre-read-main-dll --disable-gpu-compositing --video-capture-use-gpu-memory-buffer --lang=en-US --device-scale-factor=1 --num-raster-threads=2 --enable-main-frame-before-activation --renderer-client-id=9 --time-ticks-at-unix-epoch=-1786990776947549 --launch-time-ticks=751691286 --metrics-shmem-handle=5192,i,9159224169994009044,344527971379680509,2097152 --field-trial-handle=300,i,12568652149631050601,17836649519809257441,262144 --variations-seed-version=20260815-030035.901000-production --pseudonymization-salt-handle=1736,i,1201548225642530370,3632485646844189389,4 --trace-process-track-uuid=3190708994745248135 --mojo-platform-channel-handle=5188 /prefetch:9",False,D:\UOW\SEM3\msc-diss-7csef001w\scenarios\scenario_2\artefacts\event_logs\Security.evtx,Audit success,0,"{""EventData"":{""Data"":[{""@Name"":""SubjectUserSid"",""#text"":""S-1-5-21-4209295338-567392030-2519289182-1001""},{""@Name"":""SubjectUserName"",""#text"":""dfanalyst""},{""@Name"":""SubjectDomainName"",""#text"":""disstestbedvm""},{""@Name"":""SubjectLogonId"",""#text"":""0x1B772""},{""@Name"":""NewProcessId"",""#text"":""0x1540""},{""@Name"":""NewProcessName"",""#text"":""C:\\Program Files\\Google\\Chrome\\Application\\chrome.exe""},{""@Name"":""TokenElevationType"",""#text"":""%%1938""},{""@Name"":""ProcessId"",""#text"":""0x16FC""},{""@Name"":""CommandLine"",""#text"":""\""C:\\Program Files\\Google\\Chrome\\Application\\chrome.exe\"" --type=renderer --extension-process --no-pre-read-main-dll --disable-gpu-compositing --video-capture-use-gpu-memory-buffer --lang=en-US --device-scale-factor=1 --num-raster-threads=2 --enable-main-frame-before-activation --renderer-client-id=9 --time-ticks-at-unix-epoch=-1786990776947549 --launch-time-ticks=751691286 --metrics-shmem-handle=5192,i,9159224169994009044,344527971379680509,2097152 --field-trial-handle=300,i,12568652149631050601,17836649519809257441,262144 --variations-seed-version=20260815-030035.901000-production --pseudonymization-salt-handle=1736,i,1201548225642530370,3632485646844189389,4 --trace-process-track-uuid=3190708994745248135 --mojo-platform-channel-handle=5188 /prefetch:9""},{""@Name"":""TargetUserSid"",""#text"":""S-1-0-0""},{""@Name"":""TargetUserName"",""#text"":""-""},{""@Name"":""TargetDomainName"",""#text"":""-""},{""@Name"":""TargetLogonId"",""#text"":""0x0""},{""@Name"":""ParentProcessName"",""#text"":""C:\\Program Files\\Google\\Chrome\\Application\\chrome.exe""},{""@Name"":""MandatoryLabel"",""#text"":""S-1-16-4096""}]}}"
35309,35309,2026-08-17 18:32:08.9168889,4688,LogAlways,Microsoft-Windows-Security-Auditing,Security,4,2584,disstestbedvm,424,,A new process has been created,disstestbedvm\dfanalyst,,Parent process: C:\Program Files\Google\Chrome\Application\chrome.exe,PID: 0x16FC,Parent PID: 0x1AB4,Mandatory label: SECURITY_MANDATORY_LOW_RID,Target User: -\-,,"C:\Program Files\Google\Chrome\Application\chrome.exe ""C:\Program Files\Google\Chrome\Application\chrome.exe"" --type=renderer --no-pre-read-main-dll --disable-gpu-compositing --video-capture-use-gpu-memory-buffer --lang=en-US --device-scale-factor=1 --num-raster-threads=2 --enable-main-frame-before-activation --renderer-client-id=10 --time-ticks-at-unix-epoch=-1786990776947549 --launch-time-ticks=751967950 --metrics-shmem-handle=5396,i,2859898921380176504,5031077342901123990,2097152 --field-trial-handle=300,i,12568652149631050601,17836649519809257441,262144 --variations-seed-version=20260815-030035.901000-production --pseudonymization-salt-handle=1736,i,1201548225642530370,3632485646844189389,4 --trace-process-track-uuid=3190708995682289984 --mojo-platform-channel-handle=5472 /prefetch:1",False,D:\UOW\SEM3\msc-diss-7csef001w\scenarios\scenario_2\artefacts\event_logs\Security.evtx,Audit success,0,"{""EventData"":{""Data"":[{""@Name"":""SubjectUserSid"",""#text"":""S-1-5-21-4209295338-567392030-2519289182-1001""},{""@Name"":""SubjectUserName"",""#text"":""dfanalyst""},{""@Name"":""SubjectDomainName"",""#text"":""disstestbedvm""},{""@Name"":""SubjectLogonId"",""#text"":""0x1B772""},{""@Name"":""NewProcessId"",""#text"":""0x1AB4""},{""@Name"":""NewProcessName"",""#text"":""C:\\Program Files\\Google\\Chrome\\Application\\chrome.exe""},{""@Name"":""TokenElevationType"",""#text"":""%%1938""},{""@Name"":""ProcessId"",""#text"":""0x16FC""},{""@Name"":""CommandLine"",""#text"":""\""C:\\Program Files\\Google\\Chrome\\Application\\chrome.exe\"" --type=renderer --no-pre-read-main-dll --disable-gpu-compositing --video-capture-use-gpu-memory-buffer --lang=en-US --device-scale-factor=1 --num-raster-threads=2 --enable-main-frame-before-activation --renderer-client-id=10 --time-ticks-at-unix-epoch=-1786990776947549 --launch-time-ticks=751967950 --metrics-shmem-handle=5396,i,2859898921380176504,5031077342901123990,2097152 --field-trial-handle=300,i,12568652149631050601,17836649519809257441,262144 --variations-seed-version=20260815-030035.901000-production --pseudonymization-salt-handle=1736,i,1201548225642530370,3632485646844189389,4 --trace-process-track-uuid=3190708995682289984 --mojo-platform-channel-handle=5472 /prefetch:1""},{""@Name"":""TargetUserSid"",""#text"":""S-1-0-0""},{""@Name"":""TargetUserName"",""#text"":""-""},{""@Name"":""TargetDomainName"",""#text"":""-""},{""@Name"":""TargetLogonId"",""#text"":""0x0""},{""@Name"":""ParentProcessName"",""#text"":""C:\\Program Files\\Google\\Chrome\\Application\\chrome.exe""},{""@Name"":""MandatoryLabel"",""#text"":""S-1-16-4096""}]}}"
35310,35310,2026-08-17 18:32:09.6540721,4688,LogAlways,Microsoft-Windows-Security-Auditing,Security,4,404,disstestbedvm,424,,A new process has been created,disstestbedvm\dfanalyst,,Parent process: C:\Program Files\Google\Chrome\Application\chrome.exe,PID: 0x16FC,Parent PID: 0x3E4,Mandatory label: SECURITY_MANDATORY_LOW_RID,Target User: -\-,,"C:\Program Files\Google\Chrome\Application\chrome.exe ""C:\Program Files\Google\Chrome\Application\chrome.exe"" --type=utility --utility-sub-type=data_decoder.mojom.DataDecoderService --lang=en-US --service-sandbox-type=service --no-pre-read-main-dll --metrics-shmem-handle=4268,i,5142864935001849544,12257199104737107048,524288 --field-trial-handle=300,i,12568652149631050601,17836649519809257441,262144 --variations-seed-version=20260815-030035.901000-production --pseudonymization-salt-handle=1736,i,1201548225642530370,3632485646844189389,4 --trace-process-track-uuid=3190708996619331833 --mojo-platform-channel-handle=5224 /prefetch:14",False,D:\UOW\SEM3\msc-diss-7csef001w\scenarios\scenario_2\artefacts\event_logs\Security.evtx,Audit success,0,"{""EventData"":{""Data"":[{""@Name"":""SubjectUserSid"",""#text"":""S-1-5-21-4209295338-567392030-2519289182-1001""},{""@Name"":""SubjectUserName"",""#text"":""dfanalyst""},{""@Name"":""SubjectDomainName"",""#text"":""disstestbedvm""},{""@Name"":""SubjectLogonId"",""#text"":""0x1B772""},{""@Name"":""NewProcessId"",""#text"":""0x3E4""},{""@Name"":""NewProcessName"",""#text"":""C:\\Program Files\\Google\\Chrome\\Application\\chrome.exe""},{""@Name"":""TokenElevationType"",""#text"":""%%1938""},{""@Name"":""ProcessId"",""#text"":""0x16FC""},{""@Name"":""CommandLine"",""#text"":""\""C:\\Program Files\\Google\\Chrome\\Application\\chrome.exe\"" --type=utility --utility-sub-type=data_decoder.mojom.DataDecoderService --lang=en-US --service-sandbox-type=service --no-pre-read-main-dll --metrics-shmem-handle=4268,i,5142864935001849544,12257199104737107048,524288 --field-trial-handle=300,i,12568652149631050601,17836649519809257441,262144 --variations-seed-version=20260815-030035.901000-production --pseudonymization-salt-handle=1736,i,1201548225642530370,3632485646844189389,4 --trace-process-track-uuid=3190708996619331833 --mojo-platform-channel-handle=5224 /prefetch:14""},{""@Name"":""TargetUserSid"",""#text"":""S-1-0-0""},{""@Name"":""TargetUserName"",""#text"":""-""},{""@Name"":""TargetDomainName"",""#text"":""-""},{""@Name"":""TargetLogonId"",""#text"":""0x0""},{""@Name"":""ParentProcessName"",""#text"":""C:\\Program Files\\Google\\Chrome\\Application\\chrome.exe""},{""@Name"":""MandatoryLabel"",""#text"":""S-1-16-4096""}]}}"
35311,35311,2026-08-17 18:32:09.6943626,4689,LogAlways,Microsoft-Windows-Security-Auditing,Security,4,404,disstestbedvm,424,,A process has exited,disstestbedvm\dfanalyst,,,PID: 0x3E4,,,,,C:\Program Files\Google\Chrome\Application\chrome.exe,False,D:\UOW\SEM3\msc-diss-7csef001w\scenarios\scenario_2\artefacts\event_logs\Security.evtx,Audit success,0,"{""EventData"":{""Data"":[{""@Name"":""SubjectUserSid"",""#text"":""S-1-5-21-4209295338-567392030-2519289182-1001""},{""@Name"":""SubjectUserName"",""#text"":""dfanalyst""},{""@Name"":""SubjectDomainName"",""#text"":""disstestbedvm""},{""@Name"":""SubjectLogonId"",""#text"":""0x1B772""},{""@Name"":""Status"",""#text"":""0x0""},{""@Name"":""ProcessId"",""#text"":""0x3E4""},{""@Name"":""ProcessName"",""#text"":""C:\\Program Files\\Google\\Chrome\\Application\\chrome.exe""}]}}"
35312,35312,2026-08-17 18:32:11.1904411,4689,LogAlways,Microsoft-Windows-Security-Auditing,Security,4,1420,disstestbedvm,424,,A process has exited,disstestbedvm\dfanalyst,,,PID: 0x2344,,,,,C:\Windows\System32\RuntimeBroker.exe,False,D:\UOW\SEM3\msc-diss-7csef001w\scenarios\scenario_2\artefacts\event_logs\Security.evtx,Audit success,0,"{""EventData"":{""Data"":[{""@Name"":""SubjectUserSid"",""#text"":""S-1-5-21-4209295338-567392030-2519289182-1001""},{""@Name"":""SubjectUserName"",""#text"":""dfanalyst""},{""@Name"":""SubjectDomainName"",""#text"":""disstestbedvm""},{""@Name"":""SubjectLogonId"",""#text"":""0x1B772""},{""@Name"":""Status"",""#text"":""0x0""},{""@Name"":""ProcessId"",""#text"":""0x2344""},{""@Name"":""ProcessName"",""#text"":""C:\\Windows\\System32\\RuntimeBroker.exe""}]}}"
35313,35313,2026-08-17 18:32:11.9312691,4688,LogAlways,Microsoft-Windows-Security-Auditing,Security,4,224,disstestbedvm,424,,A new process has been created,disstestbedvm\dfanalyst,,Parent process: C:\Program Files\Google\Chrome\Application\chrome.exe,PID: 0x16FC,Parent PID: 0x2BC0,Mandatory label: SECURITY_MANDATORY_MEDIUM_RID,Target User: -\-,,"C:\Program Files\Google\Chrome\Application\chrome.exe ""C:\Program Files\Google\Chrome\Application\chrome.exe"" --type=utility --utility-sub-type=chrome.mojom.ProcessorMetrics --lang=en-US --service-sandbox-type=none --no-pre-read-main-dll --metrics-shmem-handle=5908,i,2793356474298787593,1900327328962372582,524288 --field-trial-handle=300,i,12568652149631050601,17836649519809257441,262144 --variations-seed-version=20260815-030035.901000-production --pseudonymization-salt-handle=1736,i,1201548225642530370,3632485646844189389,4 --trace-process-track-uuid=3190708997556373682 --mojo-platform-channel-handle=5912 /prefetch:14",False,D:\UOW\SEM3\msc-diss-7csef001w\scenarios\scenario_2\artefacts\event_logs\Security.evtx,Audit success,0,"{""EventData"":{""Data"":[{""@Name"":""SubjectUserSid"",""#text"":""S-1-5-21-4209295338-567392030-2519289182-1001""},{""@Name"":""SubjectUserName"",""#text"":""dfanalyst""},{""@Name"":""SubjectDomainName"",""#text"":""disstestbedvm""},{""@Name"":""SubjectLogonId"",""#text"":""0x1B772""},{""@Name"":""NewProcessId"",""#text"":""0x2BC0""},{""@Name"":""NewProcessName"",""#text"":""C:\\Program Files\\Google\\Chrome\\Application\\chrome.exe""},{""@Name"":""TokenElevationType"",""#text"":""%%1938""},{""@Name"":""ProcessId"",""#text"":""0x16FC""},{""@Name"":""CommandLine"",""#text"":""\""C:\\Program Files\\Google\\Chrome\\Application\\chrome.exe\"" --type=utility --utility-sub-type=chrome.mojom.ProcessorMetrics --lang=en-US --service-sandbox-type=none --no-pre-read-main-dll --metrics-shmem-handle=5908,i,2793356474298787593,1900327328962372582,524288 --field-trial-handle=300,i,12568652149631050601,17836649519809257441,262144 --variations-seed-version=20260815-030035.901000-production --pseudonymization-salt-handle=1736,i,1201548225642530370,3632485646844189389,4 --trace-process-track-uuid=3190708997556373682 --mojo-platform-channel-handle=5912 /prefetch:14""},{""@Name"":""TargetUserSid"",""#text"":""S-1-0-0""},{""@Name"":""TargetUserName"",""#text"":""-""},{""@Name"":""TargetDomainName"",""#text"":""-""},{""@Name"":""TargetLogonId"",""#text"":""0x0""},{""@Name"":""ParentProcessName"",""#text"":""C:\\Program Files\\Google\\Chrome\\Application\\chrome.exe""},{""@Name"":""MandatoryLabel"",""#text"":""S-1-16-8192""}]}}"
35314,35314,2026-08-17 18:32:12.0350002,4688,LogAlways,Microsoft-Windows-Security-Auditing,Security,4,2584,disstestbedvm,424,,A new process has been created,disstestbedvm\dfanalyst,,Parent process: C:\Program Files\Google\Chrome\Application\chrome.exe,PID: 0x16FC,Parent PID: 0x2B04,Mandatory label: SECURITY_MANDATORY_LOW_RID,Target User: -\-,,"C:\Program Files\Google\Chrome\Application\chrome.exe ""C:\Program Files\Google\Chrome\Application\chrome.exe"" --type=utility --utility-sub-type=unzip.mojom.Unzipper --lang=en-US --service-sandbox-type=service --no-pre-read-main-dll --metrics-shmem-handle=6148,i,7215081974592493291,17695941902507931343,524288 --field-trial-handle=300,i,12568652149631050601,17836649519809257441,262144 --variations-seed-version=20260815-030035.901000-production --pseudonymization-salt-handle=1736,i,1201548225642530370,3632485646844189389,4 --trace-process-track-uuid=3190708998493415531 --mojo-platform-channel-handle=6172 /prefetch:14",False,D:\UOW\SEM3\msc-diss-7csef001w\scenarios\scenario_2\artefacts\event_logs\Security.evtx,Audit success,0,"{""EventData"":{""Data"":[{""@Name"":""SubjectUserSid"",""#text"":""S-1-5-21-4209295338-567392030-2519289182-1001""},{""@Name"":""SubjectUserName"",""#text"":""dfanalyst""},{""@Name"":""SubjectDomainName"",""#text"":""disstestbedvm""},{""@Name"":""SubjectLogonId"",""#text"":""0x1B772""},{""@Name"":""NewProcessId"",""#text"":""0x2B04""},{""@Name"":""NewProcessName"",""#text"":""C:\\Program Files\\Google\\Chrome\\Application\\chrome.exe""},{""@Name"":""TokenElevationType"",""#text"":""%%1938""},{""@Name"":""ProcessId"",""#text"":""0x16FC""},{""@Name"":""CommandLine"",""#text"":""\""C:\\Program Files\\Google\\Chrome\\Application\\chrome.exe\"" --type=utility --utility-sub-type=unzip.mojom.Unzipper --lang=en-US --service-sandbox-type=service --no-pre-read-main-dll --metrics-shmem-handle=6148,i,7215081974592493291,17695941902507931343,524288 --field-trial-handle=300,i,12568652149631050601,17836649519809257441,262144 --variations-seed-version=20260815-030035.901000-production --pseudonymization-salt-handle=1736,i,1201548225642530370,3632485646844189389,4 --trace-process-track-uuid=3190708998493415531 --mojo-platform-channel-handle=6172 /prefetch:14""},{""@Name"":""TargetUserSid"",""#text"":""S-1-0-0""},{""@Name"":""TargetUserName"",""#text"":""-""},{""@Name"":""TargetDomainName"",""#text"":""-""},{""@Name"":""TargetLogonId"",""#text"":""0x0""},{""@Name"":""ParentProcessName"",""#text"":""C:\\Program Files\\Google\\Chrome\\Application\\chrome.exe""},{""@Name"":""MandatoryLabel"",""#text"":""S-1-16-4096""}]}}"
35315,35315,2026-08-17 18:32:12.1372598,4689,LogAlways,Microsoft-Windows-Security-Auditing,Security,4,1420,disstestbedvm,424,,A process has exited,disstestbedvm\dfanalyst,,,PID: 0x2BC0,,,,,C:\Program Files\Google\Chrome\Application\chrome.exe,False,D:\UOW\SEM3\msc-diss-7csef001w\scenarios\scenario_2\artefacts\event_logs\Security.evtx,Audit success,0,"{""EventData"":{""Data"":[{""@Name"":""SubjectUserSid"",""#text"":""S-1-5-21-4209295338-567392030-2519289182-1001""},{""@Name"":""SubjectUserName"",""#text"":""dfanalyst""},{""@Name"":""SubjectDomainName"",""#text"":""disstestbedvm""},{""@Name"":""SubjectLogonId"",""#text"":""0x1B772""},{""@Name"":""Status"",""#text"":""0x0""},{""@Name"":""ProcessId"",""#text"":""0x2BC0""},{""@Name"":""ProcessName"",""#text"":""C:\\Program Files\\Google\\Chrome\\Application\\chrome.exe""}]}}"
35316,35316,2026-08-17 18:32:12.3116868,4688,LogAlways,Microsoft-Windows-Security-Auditing,Security,4,1392,disstestbedvm,424,,A new process has been created,disstestbedvm\dfanalyst,,Parent process: C:\Program Files\Google\Chrome\Application\chrome.exe,PID: 0x16FC,Parent PID: 0x2854,Mandatory label: SECURITY_MANDATORY_LOW_RID,Target User: -\-,,"C:\Program Files\Google\Chrome\Application\chrome.exe ""C:\Program Files\Google\Chrome\Application\chrome.exe"" --type=utility --utility-sub-type=unzip.mojom.Unzipper --lang=en-US --service-sandbox-type=service --no-pre-read-main-dll --metrics-shmem-handle=6588,i,2738898477129107291,7849708178875878765,524288 --field-trial-handle=300,i,12568652149631050601,17836649519809257441,262144 --variations-seed-version=20260815-030035.901000-production --pseudonymization-salt-handle=1736,i,1201548225642530370,3632485646844189389,4 --trace-process-track-uuid=3190708999430457380 --mojo-platform-channel-handle=6572 /prefetch:14",False,D:\UOW\SEM3\msc-diss-7csef001w\scenarios\scenario_2\artefacts\event_logs\Security.evtx,Audit success,0,"{""EventData"":{""Data"":[{""@Name"":""SubjectUserSid"",""#text"":""S-1-5-21-4209295338-567392030-2519289182-1001""},{""@Name"":""SubjectUserName"",""#text"":""dfanalyst""},{""@Name"":""SubjectDomainName"",""#text"":""disstestbedvm""},{""@Name"":""SubjectLogonId"",""#text"":""0x1B772""},{""@Name"":""NewProcessId"",""#text"":""0x2854""},{""@Name"":""NewProcessName"",""#text"":""C:\\Program Files\\Google\\Chrome\\Application\\chrome.exe""},{""@Name"":""TokenElevationType"",""#text"":""%%1938""},{""@Name"":""ProcessId"",""#text"":""0x16FC""},{""@Name"":""CommandLine"",""#text"":""\""C:\\Program Files\\Google\\Chrome\\Application\\chrome.exe\"" --type=utility --utility-sub-type=unzip.mojom.Unzipper --lang=en-US --service-sandbox-type=service --no-pre-read-main-dll --metrics-shmem-handle=6588,i,2738898477129107291,7849708178875878765,524288 --field-trial-handle=300,i,12568652149631050601,17836649519809257441,262144 --variations-seed-version=20260815-030035.901000-production --pseudonymization-salt-handle=1736,i,1201548225642530370,3632485646844189389,4 --trace-process-track-uuid=3190708999430457380 --mojo-platform-channel-handle=6572 /prefetch:14""},{""@Name"":""TargetUserSid"",""#text"":""S-1-0-0""},{""@Name"":""TargetUserName"",""#text"":""-""},{""@Name"":""TargetDomainName"",""#text"":""-""},{""@Name"":""TargetLogonId"",""#text"":""0x0""},{""@Name"":""ParentProcessName"",""#text"":""C:\\Program Files\\Google\\Chrome\\Application\\chrome.exe""},{""@Name"":""MandatoryLabel"",""#text"":""S-1-16-4096""}]}}"
35317,35317,2026-08-17 18:32:12.3118263,4689,LogAlways,Microsoft-Windows-Security-Auditing,Security,4,1392,disstestbedvm,424,,A process has exited,disstestbedvm\dfanalyst,,,PID: 0x2B04,,,,,C:\Program Files\Google\Chrome\Application\chrome.exe,False,D:\UOW\SEM3\msc-diss-7csef001w\scenarios\scenario_2\artefacts\event_logs\Security.evtx,Audit success,0,"{""EventData"":{""Data"":[{""@Name"":""SubjectUserSid"",""#text"":""S-1-5-21-4209295338-567392030-2519289182-1001""},{""@Name"":""SubjectUserName"",""#text"":""dfanalyst""},{""@Name"":""SubjectDomainName"",""#text"":""disstestbedvm""},{""@Name"":""SubjectLogonId"",""#text"":""0x1B772""},{""@Name"":""Status"",""#text"":""0x0""},{""@Name"":""ProcessId"",""#text"":""0x2B04""},{""@Name"":""ProcessName"",""#text"":""C:\\Program Files\\Google\\Chrome\\Application\\chrome.exe""}]}}"
35318,35318,2026-08-17 18:32:12.6867298,4689,LogAlways,Microsoft-Windows-Security-Auditing,Security,4,2580,disstestbedvm,424,,A process has exited,disstestbedvm\dfanalyst,,,PID: 0x2164,,,,,C:\Windows\System32\dllhost.exe,False,D:\UOW\SEM3\msc-diss-7csef001w\scenarios\scenario_2\artefacts\event_logs\Security.evtx,Audit success,0,"{""EventData"":{""Data"":[{""@Name"":""SubjectUserSid"",""#text"":""S-1-5-21-4209295338-567392030-2519289182-1001""},{""@Name"":""SubjectUserName"",""#text"":""dfanalyst""},{""@Name"":""SubjectDomainName"",""#text"":""disstestbedvm""},{""@Name"":""SubjectLogonId"",""#text"":""0x1B772""},{""@Name"":""Status"",""#text"":""0x0""},{""@Name"":""ProcessId"",""#text"":""0x2164""},{""@Name"":""ProcessName"",""#text"":""C:\\Windows\\System32\\dllhost.exe""}]}}"
35319,35319,2026-08-17 18:32:13.6296850,4689,LogAlways,Microsoft-Windows-Security-Auditing,Security,4,6380,disstestbedvm,424,,A process has exited,disstestbedvm\dfanalyst,,,PID: 0x2854,,,,,C:\Program Files\Google\Chrome\Application\chrome.exe,False,D:\UOW\SEM3\msc-diss-7csef001w\scenarios\scenario_2\artefacts\event_logs\Security.evtx,Audit success,0,"{""EventData"":{""Data"":[{""@Name"":""SubjectUserSid"",""#text"":""S-1-5-21-4209295338-567392030-2519289182-1001""},{""@Name"":""SubjectUserName"",""#text"":""dfanalyst""},{""@Name"":""SubjectDomainName"",""#text"":""disstestbedvm""},{""@Name"":""SubjectLogonId"",""#text"":""0x1B772""},{""@Name"":""Status"",""#text"":""0x0""},{""@Name"":""ProcessId"",""#text"":""0x2854""},{""@Name"":""ProcessName"",""#text"":""C:\\Program Files\\Google\\Chrome\\Application\\chrome.exe""}]}}"
35320,35320,2026-08-17 18:32:13.7328415,4688,LogAlways,Microsoft-Windows-Security-Auditing,Security,4,1392,disstestbedvm,424,,A new process has been created,disstestbedvm\dfanalyst,,Parent process: C:\Program Files\Google\Chrome\Application\chrome.exe,PID: 0x16FC,Parent PID: 0xAB4,Mandatory label: SECURITY_MANDATORY_LOW_RID,Target User: -\-,,"C:\Program Files\Google\Chrome\Application\chrome.exe ""C:\Program Files\Google\Chrome\Application\chrome.exe"" --type=utility --utility-sub-type=data_decoder.mojom.DataDecoderService --lang=en-US --service-sandbox-type=service --no-pre-read-main-dll --metrics-shmem-handle=6592,i,11970948834919300997,10252539333367847759,524288 --field-trial-handle=300,i,12568652149631050601,17836649519809257441,262144 --variations-seed-version=20260815-030035.901000-production --pseudonymization-salt-handle=1736,i,1201548225642530370,3632485646844189389,4 --trace-process-track-uuid=3190709000367499229 --mojo-platform-channel-handle=6244 /prefetch:14",False,D:\UOW\SEM3\msc-diss-7csef001w\scenarios\scenario_2\artefacts\event_logs\Security.evtx,Audit success,0,"{""EventData"":{""Data"":[{""@Name"":""SubjectUserSid"",""#text"":""S-1-5-21-4209295338-567392030-2519289182-1001""},{""@Name"":""SubjectUserName"",""#text"":""dfanalyst""},{""@Name"":""SubjectDomainName"",""#text"":""disstestbedvm""},{""@Name"":""SubjectLogonId"",""#text"":""0x1B772""},{""@Name"":""NewProcessId"",""#text"":""0xAB4""},{""@Name"":""NewProcessName"",""#text"":""C:\\Program Files\\Google\\Chrome\\Application\\chrome.exe""},{""@Name"":""TokenElevationType"",""#text"":""%%1938""},{""@Name"":""ProcessId"",""#text"":""0x16FC""},{""@Name"":""CommandLine"",""#text"":""\""C:\\Program Files\\Google\\Chrome\\Application\\chrome.exe\"" --type=utility --utility-sub-type=data_decoder.mojom.DataDecoderService --lang=en-US --service-sandbox-type=service --no-pre-read-main-dll --metrics-shmem-handle=6592,i,11970948834919300997,10252539333367847759,524288 --field-trial-handle=300,i,12568652149631050601,17836649519809257441,262144 --variations-seed-version=20260815-030035.901000-production --pseudonymization-salt-handle=1736,i,1201548225642530370,3632485646844189389,4 --trace-process-track-uuid=3190709000367499229 --mojo-platform-channel-handle=6244 /prefetch:14""},{""@Name"":""TargetUserSid"",""#text"":""S-1-0-0""},{""@Name"":""TargetUserName"",""#text"":""-""},{""@Name"":""TargetDomainName"",""#text"":""-""},{""@Name"":""TargetLogonId"",""#text"":""0x0""},{""@Name"":""ParentProcessName"",""#text"":""C:\\Program Files\\Google\\Chrome\\Application\\chrome.exe""},{""@Name"":""MandatoryLabel"",""#text"":""S-1-16-4096""}]}}"
35321,35321,2026-08-17 18:32:13.8191902,4689,LogAlways,Microsoft-Windows-Security-Auditing,Security,4,8896,disstestbedvm,424,,A process has exited,disstestbedvm\dfanalyst,,,PID: 0xAB4,,,,,C:\Program Files\Google\Chrome\Application\chrome.exe,False,D:\UOW\SEM3\msc-diss-7csef001w\scenarios\scenario_2\artefacts\event_logs\Security.evtx,Audit success,0,"{""EventData"":{""Data"":[{""@Name"":""SubjectUserSid"",""#text"":""S-1-5-21-4209295338-567392030-2519289182-1001""},{""@Name"":""SubjectUserName"",""#text"":""dfanalyst""},{""@Name"":""SubjectDomainName"",""#text"":""disstestbedvm""},{""@Name"":""SubjectLogonId"",""#text"":""0x1B772""},{""@Name"":""Status"",""#text"":""0x0""},{""@Name"":""ProcessId"",""#text"":""0xAB4""},{""@Name"":""ProcessName"",""#text"":""C:\\Program Files\\Google\\Chrome\\Application\\chrome.exe""}]}}"
35322,35322,2026-08-17 18:32:16.3933450,4688,LogAlways,Microsoft-Windows-Security-Auditing,Security,4,224,disstestbedvm,424,,A new process has been created,disstestbedvm\dfanalyst,,Parent process: C:\Program Files\Google\Chrome\Application\chrome.exe,PID: 0x16FC,Parent PID: 0x19E8,Mandatory label: SECURITY_MANDATORY_LOW_RID,Target User: -\-,,"C:\Program Files\Google\Chrome\Application\chrome.exe ""C:\Program Files\Google\Chrome\Application\chrome.exe"" --type=renderer --extension-process --no-pre-read-main-dll --disable-gpu-compositing --video-capture-use-gpu-memory-buffer --lang=en-US --device-scale-factor=1 --num-raster-threads=2 --enable-main-frame-before-activation --renderer-client-id=16 --time-ticks-at-unix-epoch=-1786990776947549 --launch-time-ticks=759444489 --metrics-shmem-handle=6748,i,1146888424410430470,13656775669305516662,2097152 --field-trial-handle=300,i,12568652149631050601,17836649519809257441,262144 --variations-seed-version=20260815-030035.901000-production --pseudonymization-salt-handle=1736,i,1201548225642530370,3632485646844189389,4 --trace-process-track-uuid=3190709001304541078 --mojo-platform-channel-handle=6736 /prefetch:9",False,D:\UOW\SEM3\msc-diss-7csef001w\scenarios\scenario_2\artefacts\event_logs\Security.evtx,Audit success,0,"{""EventData"":{""Data"":[{""@Name"":""SubjectUserSid"",""#text"":""S-1-5-21-4209295338-567392030-2519289182-1001""},{""@Name"":""SubjectUserName"",""#text"":""dfanalyst""},{""@Name"":""SubjectDomainName"",""#text"":""disstestbedvm""},{""@Name"":""SubjectLogonId"",""#text"":""0x1B772""},{""@Name"":""NewProcessId"",""#text"":""0x19E8""},{""@Name"":""NewProcessName"",""#text"":""C:\\Program Files\\Google\\Chrome\\Application\\chrome.exe""},{""@Name"":""TokenElevationType"",""#text"":""%%1938""},{""@Name"":""ProcessId"",""#text"":""0x16FC""},{""@Name"":""CommandLine"",""#text"":""\""C:\\Program Files\\Google\\Chrome\\Application\\chrome.exe\"" --type=renderer --extension-process --no-pre-read-main-dll --disable-gpu-compositing --video-capture-use-gpu-memory-buffer --lang=en-US --device-scale-factor=1 --num-raster-threads=2 --enable-main-frame-before-activation --renderer-client-id=16 --time-ticks-at-unix-epoch=-1786990776947549 --launch-time-ticks=759444489 --metrics-shmem-handle=6748,i,1146888424410430470,13656775669305516662,2097152 --field-trial-handle=300,i,12568652149631050601,17836649519809257441,262144 --variations-seed-version=20260815-030035.901000-production --pseudonymization-salt-handle=1736,i,1201548225642530370,3632485646844189389,4 --trace-process-track-uuid=3190709001304541078 --mojo-platform-channel-handle=6736 /prefetch:9""},{""@Name"":""TargetUserSid"",""#text"":""S-1-0-0""},{""@Name"":""TargetUserName"",""#text"":""-""},{""@Name"":""TargetDomainName"",""#text"":""-""},{""@Name"":""TargetLogonId"",""#text"":""0x0""},{""@Name"":""ParentProcessName"",""#text"":""C:\\Program Files\\Google\\Chrome\\Application\\chrome.exe""},{""@Name"":""MandatoryLabel"",""#text"":""S-1-16-4096""}]}}"
35323,35323,2026-08-17 18:32:16.7866110,4688,LogAlways,Microsoft-Windows-Security-Auditing,Security,4,8896,disstestbedvm,424,,A new process has been created,disstestbedvm\dfanalyst,,Parent process: C:\Program Files\Google\Chrome\Application\chrome.exe,PID: 0x16FC,Parent PID: 0xA88,Mandatory label: SECURITY_MANDATORY_MEDIUM_RID,Target User: -\-,,"C:\Windows\System32\cmd.exe C:\WINDOWS\system32\cmd.exe /d /s /c """"C:\Program Files\Adobe\Acrobat DC\Acrobat\Browser\WCChromeExtn\WCChromeNativeMessagingHost.exe"" chrome-extension://efaidnbmnnnibpcajpcglclefindmkaj/ --parent-window=0"" &lt; \\.\pipe\chrome.nativeMessaging.in.b9dd31fddaafde2f &gt; \\.\pipe\chrome.nativeMessaging.out.b9dd31fddaafde2f",False,D:\UOW\SEM3\msc-diss-7csef001w\scenarios\scenario_2\artefacts\event_logs\Security.evtx,Audit success,0,"{""EventData"":{""Data"":[{""@Name"":""SubjectUserSid"",""#text"":""S-1-5-21-4209295338-567392030-2519289182-1001""},{""@Name"":""SubjectUserName"",""#text"":""dfanalyst""},{""@Name"":""SubjectDomainName"",""#text"":""disstestbedvm""},{""@Name"":""SubjectLogonId"",""#text"":""0x1B772""},{""@Name"":""NewProcessId"",""#text"":""0xA88""},{""@Name"":""NewProcessName"",""#text"":""C:\\Windows\\System32\\cmd.exe""},{""@Name"":""TokenElevationType"",""#text"":""%%1938""},{""@Name"":""ProcessId"",""#text"":""0x16FC""},{""@Name"":""CommandLine"",""#text"":""C:\\WINDOWS\\system32\\cmd.exe /d /s /c \""\""C:\\Program Files\\Adobe\\Acrobat DC\\Acrobat\\Browser\\WCChromeExtn\\WCChromeNativeMessagingHost.exe\"" chrome-extension://efaidnbmnnnibpcajpcglclefindmkaj/ --parent-window=0\"" &lt; \\\\.\\pipe\\chrome.nativeMessaging.in.b9dd31fddaafde2f &gt; \\\\.\\pipe\\chrome.nativeMessaging.out.b9dd31fddaafde2f""},{""@Name"":""TargetUserSid"",""#text"":""S-1-0-0""},{""@Name"":""TargetUserName"",""#text"":""-""},{""@Name"":""TargetDomainName"",""#text"":""-""},{""@Name"":""TargetLogonId"",""#text"":""0x0""},{""@Name"":""ParentProcessName"",""#text"":""C:\\Program Files\\Google\\Chrome\\Application\\chrome.exe""},{""@Name"":""MandatoryLabel"",""#text"":""S-1-16-8192""}]}}"
35324,35324,2026-08-17 18:32:16.8442482,4688,LogAlways,Microsoft-Windows-Security-Auditing,Security,4,8896,disstestbedvm,424,,A new process has been created,disstestbedvm\dfanalyst,,Parent process: C:\Windows\System32\cmd.exe,PID: 0xA88,Parent PID: 0x12C0,Mandatory label: SECURITY_MANDATORY_MEDIUM_RID,Target User: -\-,,C:\Windows\System32\conhost.exe \??\C:\WINDOWS\system32\conhost.exe 0xffffffff -ForceV1,False,D:\UOW\SEM3\msc-diss-7csef001w\scenarios\scenario_2\artefacts\event_logs\Security.evtx,Audit success,0,"{""EventData"":{""Data"":[{""@Name"":""SubjectUserSid"",""#text"":""S-1-5-21-4209295338-567392030-2519289182-1001""},{""@Name"":""SubjectUserName"",""#text"":""dfanalyst""},{""@Name"":""SubjectDomainName"",""#text"":""disstestbedvm""},{""@Name"":""SubjectLogonId"",""#text"":""0x1B772""},{""@Name"":""NewProcessId"",""#text"":""0x12C0""},{""@Name"":""NewProcessName"",""#text"":""C:\\Windows\\System32\\conhost.exe""},{""@Name"":""TokenElevationType"",""#text"":""%%1938""},{""@Name"":""ProcessId"",""#text"":""0xA88""},{""@Name"":""CommandLine"",""#text"":""\\??\\C:\\WINDOWS\\system32\\conhost.exe 0xffffffff -ForceV1""},{""@Name"":""TargetUserSid"",""#text"":""S-1-0-0""},{""@Name"":""TargetUserName"",""#text"":""-""},{""@Name"":""TargetDomainName"",""#text"":""-""},{""@Name"":""TargetLogonId"",""#text"":""0x0""},{""@Name"":""ParentProcessName"",""#text"":""C:\\Windows\\System32\\cmd.exe""},{""@Name"":""MandatoryLabel"",""#text"":""S-1-16-8192""}]}}"
35325,35325,2026-08-17 18:32:16.9746351,4688,LogAlways,Microsoft-Windows-Security-Auditing,Security,4,8896,disstestbedvm,424,,A new process has been created,disstestbedvm\dfanalyst,,Parent process: C:\Windows\System32\cmd.exe,PID: 0xA88,Parent PID: 0xF90,Mandatory label: SECURITY_MANDATORY_MEDIUM_RID,Target User: -\-,,"C:\Program Files\Adobe\Acrobat DC\Acrobat\Browser\WCChromeExtn\WCChromeNativeMessagingHost.exe ""C:\Program Files\Adobe\Acrobat DC\Acrobat\Browser\WCChromeExtn\WCChromeNativeMessagingHost.exe""  chrome-extension://efaidnbmnnnibpcajpcglclefindmkaj/ --parent-window=0 ",False,D:\UOW\SEM3\msc-diss-7csef001w\scenarios\scenario_2\artefacts\event_logs\Security.evtx,Audit success,0,"{""EventData"":{""Data"":[{""@Name"":""SubjectUserSid"",""#text"":""S-1-5-21-4209295338-567392030-2519289182-1001""},{""@Name"":""SubjectUserName"",""#text"":""dfanalyst""},{""@Name"":""SubjectDomainName"",""#text"":""disstestbedvm""},{""@Name"":""SubjectLogonId"",""#text"":""0x1B772""},{""@Name"":""NewProcessId"",""#text"":""0xF90""},{""@Name"":""NewProcessName"",""#text"":""C:\\Program Files\\Adobe\\Acrobat DC\\Acrobat\\Browser\\WCChromeExtn\\WCChromeNativeMessagingHost.exe""},{""@Name"":""TokenElevationType"",""#text"":""%%1938""},{""@Name"":""ProcessId"",""#text"":""0xA88""},{""@Name"":""CommandLine"",""#text"":""\""C:\\Program Files\\Adobe\\Acrobat DC\\Acrobat\\Browser\\WCChromeExtn\\WCChromeNativeMessagingHost.exe\""  chrome-extension://efaidnbmnnnibpcajpcglclefindmkaj/ --parent-window=0 ""},{""@Name"":""TargetUserSid"",""#text"":""S-1-0-0""},{""@Name"":""TargetUserName"",""#text"":""-""},{""@Name"":""TargetDomainName"",""#text"":""-""},{""@Name"":""TargetLogonId"",""#text"":""0x0""},{""@Name"":""ParentProcessName"",""#text"":""C:\\Windows\\System32\\cmd.exe""},{""@Name"":""MandatoryLabel"",""#text"":""S-1-16-8192""}]}}"
35326,35326,2026-08-17 18:32:18.0143451,4689,LogAlways,Microsoft-Windows-Security-Auditing,Security,4,1392,disstestbedvm,424,,A process has exited,disstestbedvm\dfanalyst,,,PID: 0xF90,,,,,C:\Program Files\Adobe\Acrobat DC\Acrobat\Browser\WCChromeExtn\WCChromeNativeMessagingHost.exe,False,D:\UOW\SEM3\msc-diss-7csef001w\scenarios\scenario_2\artefacts\event_logs\Security.evtx,Audit success,0,"{""EventData"":{""Data"":[{""@Name"":""SubjectUserSid"",""#text"":""S-1-5-21-4209295338-567392030-2519289182-1001""},{""@Name"":""SubjectUserName"",""#text"":""dfanalyst""},{""@Name"":""SubjectDomainName"",""#text"":""disstestbedvm""},{""@Name"":""SubjectLogonId"",""#text"":""0x1B772""},{""@Name"":""Status"",""#text"":""0x0""},{""@Name"":""ProcessId"",""#text"":""0xF90""},{""@Name"":""ProcessName"",""#text"":""C:\\Program Files\\Adobe\\Acrobat DC\\Acrobat\\Browser\\WCChromeExtn\\WCChromeNativeMessagingHost.exe""}]}}"
35327,35327,2026-08-17 18:32:18.0182628,4689,LogAlways,Microsoft-Windows-Security-Auditing,Security,4,1392,disstestbedvm,424,,A process has exited,disstestbedvm\dfanalyst,,,PID: 0xA88,,,,,C:\Windows\System32\cmd.exe,False,D:\UOW\SEM3\msc-diss-7csef001w\scenarios\scenario_2\artefacts\event_logs\Security.evtx,Audit success,0,"{""EventData"":{""Data"":[{""@Name"":""SubjectUserSid"",""#text"":""S-1-5-21-4209295338-567392030-2519289182-1001""},{""@Name"":""SubjectUserName"",""#text"":""dfanalyst""},{""@Name"":""SubjectDomainName"",""#text"":""disstestbedvm""},{""@Name"":""SubjectLogonId"",""#text"":""0x1B772""},{""@Name"":""Status"",""#text"":""0x0""},{""@Name"":""ProcessId"",""#text"":""0xA88""},{""@Name"":""ProcessName"",""#text"":""C:\\Windows\\System32\\cmd.exe""}]}}"
35328,35328,2026-08-17 18:32:18.0205905,4689,LogAlways,Microsoft-Windows-Security-Auditing,Security,4,2580,disstestbedvm,424,,A process has exited,disstestbedvm\dfanalyst,,,PID: 0x12C0,,,,,C:\Windows\System32\conhost.exe,False,D:\UOW\SEM3\msc-diss-7csef001w\scenarios\scenario_2\artefacts\event_logs\Security.evtx,Audit success,0,"{""EventData"":{""Data"":[{""@Name"":""SubjectUserSid"",""#text"":""S-1-5-21-4209295338-567392030-2519289182-1001""},{""@Name"":""SubjectUserName"",""#text"":""dfanalyst""},{""@Name"":""SubjectDomainName"",""#text"":""disstestbedvm""},{""@Name"":""SubjectLogonId"",""#text"":""0x1B772""},{""@Name"":""Status"",""#text"":""0x0""},{""@Name"":""ProcessId"",""#text"":""0x12C0""},{""@Name"":""ProcessName"",""#text"":""C:\\Windows\\System32\\conhost.exe""}]}}"
35329,35329,2026-08-17 18:32:19.0352423,4688,LogAlways,Microsoft-Windows-Security-Auditing,Security,4,224,disstestbedvm,424,,A new process has been created,disstestbedvm\dfanalyst,,Parent process: C:\Program Files\Google\Chrome\Application\chrome.exe,PID: 0x16FC,Parent PID: 0x171C,Mandatory label: SECURITY_MANDATORY_LOW_RID,Target User: -\-,,"C:\Program Files\Google\Chrome\Application\chrome.exe ""C:\Program Files\Google\Chrome\Application\chrome.exe"" --type=renderer --no-pre-read-main-dll --disable-gpu-compositing --video-capture-use-gpu-memory-buffer --lang=en-US --device-scale-factor=1 --num-raster-threads=2 --enable-main-frame-before-activation --renderer-client-id=17 --time-ticks-at-unix-epoch=-1786990776947549 --launch-time-ticks=762086631 --metrics-shmem-handle=6208,i,1855340174775220908,1423380021942209312,2097152 --field-trial-handle=300,i,12568652149631050601,17836649519809257441,262144 --variations-seed-version=20260815-030035.901000-production --pseudonymization-salt-handle=1736,i,1201548225642530370,3632485646844189389,4 --trace-process-track-uuid=3190709002241582927 --mojo-platform-channel-handle=7152 /prefetch:1",False,D:\UOW\SEM3\msc-diss-7csef001w\scenarios\scenario_2\artefacts\event_logs\Security.evtx,Audit success,0,"{""EventData"":{""Data"":[{""@Name"":""SubjectUserSid"",""#text"":""S-1-5-21-4209295338-567392030-2519289182-1001""},{""@Name"":""SubjectUserName"",""#text"":""dfanalyst""},{""@Name"":""SubjectDomainName"",""#text"":""disstestbedvm""},{""@Name"":""SubjectLogonId"",""#text"":""0x1B772""},{""@Name"":""NewProcessId"",""#text"":""0x171C""},{""@Name"":""NewProcessName"",""#text"":""C:\\Program Files\\Google\\Chrome\\Application\\chrome.exe""},{""@Name"":""TokenElevationType"",""#text"":""%%1938""},{""@Name"":""ProcessId"",""#text"":""0x16FC""},{""@Name"":""CommandLine"",""#text"":""\""C:\\Program Files\\Google\\Chrome\\Application\\chrome.exe\"" --type=renderer --no-pre-read-main-dll --disable-gpu-compositing --video-capture-use-gpu-memory-buffer --lang=en-US --device-scale-factor=1 --num-raster-threads=2 --enable-main-frame-before-activation --renderer-client-id=17 --time-ticks-at-unix-epoch=-1786990776947549 --launch-time-ticks=762086631 --metrics-shmem-handle=6208,i,1855340174775220908,1423380021942209312,2097152 --field-trial-handle=300,i,12568652149631050601,17836649519809257441,262144 --variations-seed-version=20260815-030035.901000-production --pseudonymization-salt-handle=1736,i,1201548225642530370,3632485646844189389,4 --trace-process-track-uuid=3190709002241582927 --mojo-platform-channel-handle=7152 /prefetch:1""},{""@Name"":""TargetUserSid"",""#text"":""S-1-0-0""},{""@Name"":""TargetUserName"",""#text"":""-""},{""@Name"":""TargetDomainName"",""#text"":""-""},{""@Name"":""TargetLogonId"",""#text"":""0x0""},{""@Name"":""ParentProcessName"",""#text"":""C:\\Program Files\\Google\\Chrome\\Application\\chrome.exe""},{""@Name"":""MandatoryLabel"",""#text"":""S-1-16-4096""}]}}"
35330,35330,2026-08-17 18:32:19.1753399,4688,LogAlways,Microsoft-Windows-Security-Auditing,Security,4,6388,disstestbedvm,424,,A new process has been created,disstestbedvm\dfanalyst,,Parent process: C:\Program Files\Google\Chrome\Application\chrome.exe,PID: 0x16FC,Parent PID: 0x74C,Mandatory label: SECURITY_MANDATORY_LOW_RID,Target User: -\-,,"C:\Program Files\Google\Chrome\Application\chrome.exe ""C:\Program Files\Google\Chrome\Application\chrome.exe"" --type=renderer --no-pre-read-main-dll --disable-gpu-compositing --video-capture-use-gpu-memory-buffer --lang=en-US --device-scale-factor=1 --num-raster-threads=2 --enable-main-frame-before-activation --renderer-client-id=18 --time-ticks-at-unix-epoch=-1786990776947549 --launch-time-ticks=762226272 --metrics-shmem-handle=6276,i,7613044456725563586,12673468259495714073,2097152 --field-trial-handle=300,i,12568652149631050601,17836649519809257441,262144 --variations-seed-version=20260815-030035.901000-production --pseudonymization-salt-handle=1736,i,1201548225642530370,3632485646844189389,4 --trace-process-track-uuid=3190709003178624776 --mojo-platform-channel-handle=7112 /prefetch:1",False,D:\UOW\SEM3\msc-diss-7csef001w\scenarios\scenario_2\artefacts\event_logs\Security.evtx,Audit success,0,"{""EventData"":{""Data"":[{""@Name"":""SubjectUserSid"",""#text"":""S-1-5-21-4209295338-567392030-2519289182-1001""},{""@Name"":""SubjectUserName"",""#text"":""dfanalyst""},{""@Name"":""SubjectDomainName"",""#text"":""disstestbedvm""},{""@Name"":""SubjectLogonId"",""#text"":""0x1B772""},{""@Name"":""NewProcessId"",""#text"":""0x74C""},{""@Name"":""NewProcessName"",""#text"":""C:\\Program Files\\Google\\Chrome\\Application\\chrome.exe""},{""@Name"":""TokenElevationType"",""#text"":""%%1938""},{""@Name"":""ProcessId"",""#text"":""0x16FC""},{""@Name"":""CommandLine"",""#text"":""\""C:\\Program Files\\Google\\Chrome\\Application\\chrome.exe\"" --type=renderer --no-pre-read-main-dll --disable-gpu-compositing --video-capture-use-gpu-memory-buffer --lang=en-US --device-scale-factor=1 --num-raster-threads=2 --enable-main-frame-before-activation --renderer-client-id=18 --time-ticks-at-unix-epoch=-1786990776947549 --launch-time-ticks=762226272 --metrics-shmem-handle=6276,i,7613044456725563586,12673468259495714073,2097152 --field-trial-handle=300,i,12568652149631050601,17836649519809257441,262144 --variations-seed-version=20260815-030035.901000-production --pseudonymization-salt-handle=1736,i,1201548225642530370,3632485646844189389,4 --trace-process-track-uuid=3190709003178624776 --mojo-platform-channel-handle=7112 /prefetch:1""},{""@Name"":""TargetUserSid"",""#text"":""S-1-0-0""},{""@Name"":""TargetUserName"",""#text"":""-""},{""@Name"":""TargetDomainName"",""#text"":""-""},{""@Name"":""TargetLogonId"",""#text"":""0x0""},{""@Name"":""ParentProcessName"",""#text"":""C:\\Program Files\\Google\\Chrome\\Application\\chrome.exe""},{""@Name"":""MandatoryLabel"",""#text"":""S-1-16-4096""}]}}"
35331,35331,2026-08-17 18:32:19.2697088,4689,LogAlways,Microsoft-Windows-Security-Auditing,Security,4,8896,disstestbedvm,424,,A process has exited,disstestbedvm\dfanalyst,,,PID: 0x1AB4,,,,,C:\Program Files\Google\Chrome\Application\chrome.exe,False,D:\UOW\SEM3\msc-diss-7csef001w\scenarios\scenario_2\artefacts\event_logs\Security.evtx,Audit success,0,"{""EventData"":{""Data"":[{""@Name"":""SubjectUserSid"",""#text"":""S-1-5-21-4209295338-567392030-2519289182-1001""},{""@Name"":""SubjectUserName"",""#text"":""dfanalyst""},{""@Name"":""SubjectDomainName"",""#text"":""disstestbedvm""},{""@Name"":""SubjectLogonId"",""#text"":""0x1B772""},{""@Name"":""Status"",""#text"":""0x0""},{""@Name"":""ProcessId"",""#text"":""0x1AB4""},{""@Name"":""ProcessName"",""#text"":""C:\\Program Files\\Google\\Chrome\\Application\\chrome.exe""}]}}"
35332,35332,2026-08-17 18:32:19.2697478,4689,LogAlways,Microsoft-Windows-Security-Auditing,Security,4,6388,disstestbedvm,424,,A process has exited,disstestbedvm\dfanalyst,,,PID: 0x171C,,,,,C:\Program Files\Google\Chrome\Application\chrome.exe,False,D:\UOW\SEM3\msc-diss-7csef001w\scenarios\scenario_2\artefacts\event_logs\Security.evtx,Audit success,0,"{""EventData"":{""Data"":[{""@Name"":""SubjectUserSid"",""#text"":""S-1-5-21-4209295338-567392030-2519289182-1001""},{""@Name"":""SubjectUserName"",""#text"":""dfanalyst""},{""@Name"":""SubjectDomainName"",""#text"":""disstestbedvm""},{""@Name"":""SubjectLogonId"",""#text"":""0x1B772""},{""@Name"":""Status"",""#text"":""0x0""},{""@Name"":""ProcessId"",""#text"":""0x171C""},{""@Name"":""ProcessName"",""#text"":""C:\\Program Files\\Google\\Chrome\\Application\\chrome.exe""}]}}"
35333,35333,2026-08-17 18:32:19.3703177,4688,LogAlways,Microsoft-Windows-Security-Auditing,Security,4,224,disstestbedvm,424,,A new process has been created,disstestbedvm\dfanalyst,,Parent process: C:\Program Files\Google\Chrome\Application\chrome.exe,PID: 0x16FC,Parent PID: 0x4E4,Mandatory label: SECURITY_MANDATORY_LOW_RID,Target User: -\-,,"C:\Program Files\Google\Chrome\Application\chrome.exe ""C:\Program Files\Google\Chrome\Application\chrome.exe"" --type=renderer --no-pre-read-main-dll --disable-gpu-compositing --video-capture-use-gpu-memory-buffer --lang=en-US --device-scale-factor=1 --num-raster-threads=2 --enable-main-frame-before-activation --renderer-client-id=19 --time-ticks-at-unix-epoch=-1786990776947549 --launch-time-ticks=762421643 --metrics-shmem-handle=7084,i,11309761225773599186,1852912267451000703,2097152 --field-trial-handle=300,i,12568652149631050601,17836649519809257441,262144 --variations-seed-version=20260815-030035.901000-production --pseudonymization-salt-handle=1736,i,1201548225642530370,3632485646844189389,4 --trace-process-track-uuid=3190709004115666625 --mojo-platform-channel-handle=7148 /prefetch:1",False,D:\UOW\SEM3\msc-diss-7csef001w\scenarios\scenario_2\artefacts\event_logs\Security.evtx,Audit success,0,"{""EventData"":{""Data"":[{""@Name"":""SubjectUserSid"",""#text"":""S-1-5-21-4209295338-567392030-2519289182-1001""},{""@Name"":""SubjectUserName"",""#text"":""dfanalyst""},{""@Name"":""SubjectDomainName"",""#text"":""disstestbedvm""},{""@Name"":""SubjectLogonId"",""#text"":""0x1B772""},{""@Name"":""NewProcessId"",""#text"":""0x4E4""},{""@Name"":""NewProcessName"",""#text"":""C:\\Program Files\\Google\\Chrome\\Application\\chrome.exe""},{""@Name"":""TokenElevationType"",""#text"":""%%1938""},{""@Name"":""ProcessId"",""#text"":""0x16FC""},{""@Name"":""CommandLine"",""#text"":""\""C:\\Program Files\\Google\\Chrome\\Application\\chrome.exe\"" --type=renderer --no-pre-read-main-dll --disable-gpu-compositing --video-capture-use-gpu-memory-buffer --lang=en-US --device-scale-factor=1 --num-raster-threads=2 --enable-main-frame-before-activation --renderer-client-id=19 --time-ticks-at-unix-epoch=-1786990776947549 --launch-time-ticks=762421643 --metrics-shmem-handle=7084,i,11309761225773599186,1852912267451000703,2097152 --field-trial-handle=300,i,12568652149631050601,17836649519809257441,262144 --variations-seed-version=20260815-030035.901000-production --pseudonymization-salt-handle=1736,i,1201548225642530370,3632485646844189389,4 --trace-process-track-uuid=3190709004115666625 --mojo-platform-channel-handle=7148 /prefetch:1""},{""@Name"":""TargetUserSid"",""#text"":""S-1-0-0""},{""@Name"":""TargetUserName"",""#text"":""-""},{""@Name"":""TargetDomainName"",""#text"":""-""},{""@Name"":""TargetLogonId"",""#text"":""0x0""},{""@Name"":""ParentProcessName"",""#text"":""C:\\Program Files\\Google\\Chrome\\Application\\chrome.exe""},{""@Name"":""MandatoryLabel"",""#text"":""S-1-16-4096""}]}}"
35334,35334,2026-08-17 18:32:19.4838126,4688,LogAlways,Microsoft-Windows-Security-Auditing,Security,4,6388,disstestbedvm,424,,A new process has been created,disstestbedvm\dfanalyst,,Parent process: C:\Program Files\Google\Chrome\Application\chrome.exe,PID: 0x16FC,Parent PID: 0x1970,Mandatory label: SECURITY_MANDATORY_LOW_RID,Target User: -\-,,"C:\Program Files\Google\Chrome\Application\chrome.exe ""C:\Program Files\Google\Chrome\Application\chrome.exe"" --type=renderer --no-pre-read-main-dll --disable-gpu-compositing --video-capture-use-gpu-memory-buffer --lang=en-US --device-scale-factor=1 --num-raster-threads=2 --enable-main-frame-before-activation --renderer-client-id=20 --time-ticks-at-unix-epoch=-1786990776947549 --launch-time-ticks=762535074 --metrics-shmem-handle=6236,i,10032232008097049415,13937633140375338961,2097152 --field-trial-handle=300,i,12568652149631050601,17836649519809257441,262144 --variations-seed-version=20260815-030035.901000-production --pseudonymization-salt-handle=1736,i,1201548225642530370,3632485646844189389,4 --trace-process-track-uuid=3190709005052708474 --mojo-platform-channel-handle=6628 /prefetch:1",False,D:\UOW\SEM3\msc-diss-7csef001w\scenarios\scenario_2\artefacts\event_logs\Security.evtx,Audit success,0,"{""EventData"":{""Data"":[{""@Name"":""SubjectUserSid"",""#text"":""S-1-5-21-4209295338-567392030-2519289182-1001""},{""@Name"":""SubjectUserName"",""#text"":""dfanalyst""},{""@Name"":""SubjectDomainName"",""#text"":""disstestbedvm""},{""@Name"":""SubjectLogonId"",""#text"":""0x1B772""},{""@Name"":""NewProcessId"",""#text"":""0x1970""},{""@Name"":""NewProcessName"",""#text"":""C:\\Program Files\\Google\\Chrome\\Application\\chrome.exe""},{""@Name"":""TokenElevationType"",""#text"":""%%1938""},{""@Name"":""ProcessId"",""#text"":""0x16FC""},{""@Name"":""CommandLine"",""#text"":""\""C:\\Program Files\\Google\\Chrome\\Application\\chrome.exe\"" --type=renderer --no-pre-read-main-dll --disable-gpu-compositing --video-capture-use-gpu-memory-buffer --lang=en-US --device-scale-factor=1 --num-raster-threads=2 --enable-main-frame-before-activation --renderer-client-id=20 --time-ticks-at-unix-epoch=-1786990776947549 --launch-time-ticks=762535074 --metrics-shmem-handle=6236,i,10032232008097049415,13937633140375338961,2097152 --field-trial-handle=300,i,12568652149631050601,17836649519809257441,262144 --variations-seed-version=20260815-030035.901000-production --pseudonymization-salt-handle=1736,i,1201548225642530370,3632485646844189389,4 --trace-process-track-uuid=3190709005052708474 --mojo-platform-channel-handle=6628 /prefetch:1""},{""@Name"":""TargetUserSid"",""#text"":""S-1-0-0""},{""@Name"":""TargetUserName"",""#text"":""-""},{""@Name"":""TargetDomainName"",""#text"":""-""},{""@Name"":""TargetLogonId"",""#text"":""0x0""},{""@Name"":""ParentProcessName"",""#text"":""C:\\Program Files\\Google\\Chrome\\Application\\chrome.exe""},{""@Name"":""MandatoryLabel"",""#text"":""S-1-16-4096""}]}}"
35335,35335,2026-08-17 18:32:19.5390200,4688,LogAlways,Microsoft-Windows-Security-Auditing,Security,4,6388,disstestbedvm,424,,A new process has been created,disstestbedvm\dfanalyst,,Parent process: C:\Program Files\Google\Chrome\Application\chrome.exe,PID: 0x16FC,Parent PID: 0x2150,Mandatory label: SECURITY_MANDATORY_LOW_RID,Target User: -\-,,"C:\Program Files\Google\Chrome\Application\chrome.exe ""C:\Program Files\Google\Chrome\Application\chrome.exe"" --type=renderer --no-pre-read-main-dll --disable-gpu-compositing --video-capture-use-gpu-memory-buffer --lang=en-US --device-scale-factor=1 --num-raster-threads=2 --enable-main-frame-before-activation --renderer-client-id=21 --time-ticks-at-unix-epoch=-1786990776947549 --launch-time-ticks=762590368 --metrics-shmem-handle=6872,i,2790909635285900212,12483576824353556461,2097152 --field-trial-handle=300,i,12568652149631050601,17836649519809257441,262144 --variations-seed-version=20260815-030035.901000-production --pseudonymization-salt-handle=1736,i,1201548225642530370,3632485646844189389,4 --trace-process-track-uuid=3190709005989750323 --mojo-platform-channel-handle=6264 /prefetch:1",False,D:\UOW\SEM3\msc-diss-7csef001w\scenarios\scenario_2\artefacts\event_logs\Security.evtx,Audit success,0,"{""EventData"":{""Data"":[{""@Name"":""SubjectUserSid"",""#text"":""S-1-5-21-4209295338-567392030-2519289182-1001""},{""@Name"":""SubjectUserName"",""#text"":""dfanalyst""},{""@Name"":""SubjectDomainName"",""#text"":""disstestbedvm""},{""@Name"":""SubjectLogonId"",""#text"":""0x1B772""},{""@Name"":""NewProcessId"",""#text"":""0x2150""},{""@Name"":""NewProcessName"",""#text"":""C:\\Program Files\\Google\\Chrome\\Application\\chrome.exe""},{""@Name"":""TokenElevationType"",""#text"":""%%1938""},{""@Name"":""ProcessId"",""#text"":""0x16FC""},{""@Name"":""CommandLine"",""#text"":""\""C:\\Program Files\\Google\\Chrome\\Application\\chrome.exe\"" --type=renderer --no-pre-read-main-dll --disable-gpu-compositing --video-capture-use-gpu-memory-buffer --lang=en-US --device-scale-factor=1 --num-raster-threads=2 --enable-main-frame-before-activation --renderer-client-id=21 --time-ticks-at-unix-epoch=-1786990776947549 --launch-time-ticks=762590368 --metrics-shmem-handle=6872,i,2790909635285900212,12483576824353556461,2097152 --field-trial-handle=300,i,12568652149631050601,17836649519809257441,262144 --variations-seed-version=20260815-030035.901000-production --pseudonymization-salt-handle=1736,i,1201548225642530370,3632485646844189389,4 --trace-process-track-uuid=3190709005989750323 --mojo-platform-channel-handle=6264 /prefetch:1""},{""@Name"":""TargetUserSid"",""#text"":""S-1-0-0""},{""@Name"":""TargetUserName"",""#text"":""-""},{""@Name"":""TargetDomainName"",""#text"":""-""},{""@Name"":""TargetLogonId"",""#text"":""0x0""},{""@Name"":""ParentProcessName"",""#text"":""C:\\Program Files\\Google\\Chrome\\Application\\chrome.exe""},{""@Name"":""MandatoryLabel"",""#text"":""S-1-16-4096""}]}}"
35336,35336,2026-08-17 18:32:19.6056307,4688,LogAlways,Microsoft-Windows-Security-Auditing,Security,4,6388,disstestbedvm,424,,A new process has been created,disstestbedvm\dfanalyst,,Parent process: C:\Program Files\Google\Chrome\Application\chrome.exe,PID: 0x16FC,Parent PID: 0x2028,Mandatory label: SECURITY_MANDATORY_LOW_RID,Target User: -\-,,"C:\Program Files\Google\Chrome\Application\chrome.exe ""C:\Program Files\Google\Chrome\Application\chrome.exe"" --type=renderer --no-pre-read-main-dll --disable-gpu-compositing --video-capture-use-gpu-memory-buffer --lang=en-US --device-scale-factor=1 --num-raster-threads=2 --enable-main-frame-before-activation --renderer-client-id=22 --time-ticks-at-unix-epoch=-1786990776947549 --launch-time-ticks=762656199 --metrics-shmem-handle=3784,i,14390157528779291081,6202114669565636655,2097152 --field-trial-handle=300,i,12568652149631050601,17836649519809257441,262144 --variations-seed-version=20260815-030035.901000-production --pseudonymization-salt-handle=1736,i,1201548225642530370,3632485646844189389,4 --trace-process-track-uuid=3190709006926792172 --mojo-platform-channel-handle=7164 /prefetch:1",False,D:\UOW\SEM3\msc-diss-7csef001w\scenarios\scenario_2\artefacts\event_logs\Security.evtx,Audit success,0,"{""EventData"":{""Data"":[{""@Name"":""SubjectUserSid"",""#text"":""S-1-5-21-4209295338-567392030-2519289182-1001""},{""@Name"":""SubjectUserName"",""#text"":""dfanalyst""},{""@Name"":""SubjectDomainName"",""#text"":""disstestbedvm""},{""@Name"":""SubjectLogonId"",""#text"":""0x1B772""},{""@Name"":""NewProcessId"",""#text"":""0x2028""},{""@Name"":""NewProcessName"",""#text"":""C:\\Program Files\\Google\\Chrome\\Application\\chrome.exe""},{""@Name"":""TokenElevationType"",""#text"":""%%1938""},{""@Name"":""ProcessId"",""#text"":""0x16FC""},{""@Name"":""CommandLine"",""#text"":""\""C:\\Program Files\\Google\\Chrome\\Application\\chrome.exe\"" --type=renderer --no-pre-read-main-dll --disable-gpu-compositing --video-capture-use-gpu-memory-buffer --lang=en-US --device-scale-factor=1 --num-raster-threads=2 --enable-main-frame-before-activation --renderer-client-id=22 --time-ticks-at-unix-epoch=-1786990776947549 --launch-time-ticks=762656199 --metrics-shmem-handle=3784,i,14390157528779291081,6202114669565636655,2097152 --field-trial-handle=300,i,12568652149631050601,17836649519809257441,262144 --variations-seed-version=20260815-030035.901000-production --pseudonymization-salt-handle=1736,i,1201548225642530370,3632485646844189389,4 --trace-process-track-uuid=3190709006926792172 --mojo-platform-channel-handle=7164 /prefetch:1""},{""@Name"":""TargetUserSid"",""#text"":""S-1-0-0""},{""@Name"":""TargetUserName"",""#text"":""-""},{""@Name"":""TargetDomainName"",""#text"":""-""},{""@Name"":""TargetLogonId"",""#text"":""0x0""},{""@Name"":""ParentProcessName"",""#text"":""C:\\Program Files\\Google\\Chrome\\Application\\chrome.exe""},{""@Name"":""MandatoryLabel"",""#text"":""S-1-16-4096""}]}}"
35337,35337,2026-08-17 18:32:19.7243471,4689,LogAlways,Microsoft-Windows-Security-Auditing,Security,4,6388,disstestbedvm,424,,A process has exited,disstestbedvm\dfanalyst,,,PID: 0x1970,,,,,C:\Program Files\Google\Chrome\Application\chrome.exe,False,D:\UOW\SEM3\msc-diss-7csef001w\scenarios\scenario_2\artefacts\event_logs\Security.evtx,Audit success,0,"{""EventData"":{""Data"":[{""@Name"":""SubjectUserSid"",""#text"":""S-1-5-21-4209295338-567392030-2519289182-1001""},{""@Name"":""SubjectUserName"",""#text"":""dfanalyst""},{""@Name"":""SubjectDomainName"",""#text"":""disstestbedvm""},{""@Name"":""SubjectLogonId"",""#text"":""0x1B772""},{""@Name"":""Status"",""#text"":""0x0""},{""@Name"":""ProcessId"",""#text"":""0x1970""},{""@Name"":""ProcessName"",""#text"":""C:\\Program Files\\Google\\Chrome\\Application\\chrome.exe""}]}}"
35338,35338,2026-08-17 18:32:19.7252967,4689,LogAlways,Microsoft-Windows-Security-Auditing,Security,4,224,disstestbedvm,424,,A process has exited,disstestbedvm\dfanalyst,,,PID: 0x209C,,,,,C:\Program Files\Google\Chrome\Application\chrome.exe,False,D:\UOW\SEM3\msc-diss-7csef001w\scenarios\scenario_2\artefacts\event_logs\Security.evtx,Audit success,0,"{""EventData"":{""Data"":[{""@Name"":""SubjectUserSid"",""#text"":""S-1-5-21-4209295338-567392030-2519289182-1001""},{""@Name"":""SubjectUserName"",""#text"":""dfanalyst""},{""@Name"":""SubjectDomainName"",""#text"":""disstestbedvm""},{""@Name"":""SubjectLogonId"",""#text"":""0x1B772""},{""@Name"":""Status"",""#text"":""0x0""},{""@Name"":""ProcessId"",""#text"":""0x209C""},{""@Name"":""ProcessName"",""#text"":""C:\\Program Files\\Google\\Chrome\\Application\\chrome.exe""}]}}"
35339,35339,2026-08-17 18:32:19.7272213,4689,LogAlways,Microsoft-Windows-Security-Auditing,Security,4,6388,disstestbedvm,424,,A process has exited,disstestbedvm\dfanalyst,,,PID: 0x74C,,,,,C:\Program Files\Google\Chrome\Application\chrome.exe,False,D:\UOW\SEM3\msc-diss-7csef001w\scenarios\scenario_2\artefacts\event_logs\Security.evtx,Audit success,0,"{""EventData"":{""Data"":[{""@Name"":""SubjectUserSid"",""#text"":""S-1-5-21-4209295338-567392030-2519289182-1001""},{""@Name"":""SubjectUserName"",""#text"":""dfanalyst""},{""@Name"":""SubjectDomainName"",""#text"":""disstestbedvm""},{""@Name"":""SubjectLogonId"",""#text"":""0x1B772""},{""@Name"":""Status"",""#text"":""0x0""},{""@Name"":""ProcessId"",""#text"":""0x74C""},{""@Name"":""ProcessName"",""#text"":""C:\\Program Files\\Google\\Chrome\\Application\\chrome.exe""}]}}"
35340,35340,2026-08-17 18:32:20.2497305,4688,LogAlways,Microsoft-Windows-Security-Auditing,Security,4,224,disstestbedvm,424,,A new process has been created,disstestbedvm\dfanalyst,,Parent process: C:\Program Files\Google\Chrome\Application\chrome.exe,PID: 0x16FC,Parent PID: 0x2A4C,Mandatory label: SECURITY_MANDATORY_LOW_RID,Target User: -\-,,"C:\Program Files\Google\Chrome\Application\chrome.exe ""C:\Program Files\Google\Chrome\Application\chrome.exe"" --type=renderer --no-pre-read-main-dll --disable-gpu-compositing --video-capture-use-gpu-memory-buffer --lang=en-US --device-scale-factor=1 --num-raster-threads=2 --enable-main-frame-before-activation --renderer-client-id=23 --time-ticks-at-unix-epoch=-1786990776947549 --launch-time-ticks=763300777 --metrics-shmem-handle=5364,i,9847264775456088781,4482315253215932172,2097152 --field-trial-handle=300,i,12568652149631050601,17836649519809257441,262144 --variations-seed-version=20260815-030035.901000-production --pseudonymization-salt-handle=1736,i,1201548225642530370,3632485646844189389,4 --trace-process-track-uuid=3190709007863834021 --mojo-platform-channel-handle=3788 /prefetch:1",False,D:\UOW\SEM3\msc-diss-7csef001w\scenarios\scenario_2\artefacts\event_logs\Security.evtx,Audit success,0,"{""EventData"":{""Data"":[{""@Name"":""SubjectUserSid"",""#text"":""S-1-5-21-4209295338-567392030-2519289182-1001""},{""@Name"":""SubjectUserName"",""#text"":""dfanalyst""},{""@Name"":""SubjectDomainName"",""#text"":""disstestbedvm""},{""@Name"":""SubjectLogonId"",""#text"":""0x1B772""},{""@Name"":""NewProcessId"",""#text"":""0x2A4C""},{""@Name"":""NewProcessName"",""#text"":""C:\\Program Files\\Google\\Chrome\\Application\\chrome.exe""},{""@Name"":""TokenElevationType"",""#text"":""%%1938""},{""@Name"":""ProcessId"",""#text"":""0x16FC""},{""@Name"":""CommandLine"",""#text"":""\""C:\\Program Files\\Google\\Chrome\\Application\\chrome.exe\"" --type=renderer --no-pre-read-main-dll --disable-gpu-compositing --video-capture-use-gpu-memory-buffer --lang=en-US --device-scale-factor=1 --num-raster-threads=2 --enable-main-frame-before-activation --renderer-client-id=23 --time-ticks-at-unix-epoch=-1786990776947549 --launch-time-ticks=763300777 --metrics-shmem-handle=5364,i,9847264775456088781,4482315253215932172,2097152 --field-trial-handle=300,i,12568652149631050601,17836649519809257441,262144 --variations-seed-version=20260815-030035.901000-production --pseudonymization-salt-handle=1736,i,1201548225642530370,3632485646844189389,4 --trace-process-track-uuid=3190709007863834021 --mojo-platform-channel-handle=3788 /prefetch:1""},{""@Name"":""TargetUserSid"",""#text"":""S-1-0-0""},{""@Name"":""TargetUserName"",""#text"":""-""},{""@Name"":""TargetDomainName"",""#text"":""-""},{""@Name"":""TargetLogonId"",""#text"":""0x0""},{""@Name"":""ParentProcessName"",""#text"":""C:\\Program Files\\Google\\Chrome\\Application\\chrome.exe""},{""@Name"":""MandatoryLabel"",""#text"":""S-1-16-4096""}]}}"
35341,35341,2026-08-17 18:32:21.6688584,4688,LogAlways,Microsoft-Windows-Security-Auditing,Security,4,6380,disstestbedvm,425,,A new process has been created,disstestbedvm\dfanalyst,,Parent process: C:\Program Files\Google\Chrome\Application\chrome.exe,PID: 0x16FC,Parent PID: 0x15D4,Mandatory label: SECURITY_MANDATORY_MEDIUM_RID,Target User: -\-,,"C:\Program Files\Google\Chrome\Application\chrome.exe ""C:\Program Files\Google\Chrome\Application\chrome.exe"" --type=utility --utility-sub-type=quarantine.mojom.Quarantine --lang=en-US --service-sandbox-type=none --no-pre-read-main-dll --metrics-shmem-handle=7384,i,4226251550377035071,11508892086211778596,524288 --field-trial-handle=300,i,12568652149631050601,17836649519809257441,262144 --variations-seed-version=20260815-030035.901000-production --pseudonymization-salt-handle=1736,i,1201548225642530370,3632485646844189389,4 --trace-process-track-uuid=3190709008800875870 --mojo-platform-channel-handle=7156 /prefetch:14",False,D:\UOW\SEM3\msc-diss-7csef001w\scenarios\scenario_2\artefacts\event_logs\Security.evtx,Audit success,0,"{""EventData"":{""Data"":[{""@Name"":""SubjectUserSid"",""#text"":""S-1-5-21-4209295338-567392030-2519289182-1001""},{""@Name"":""SubjectUserName"",""#text"":""dfanalyst""},{""@Name"":""SubjectDomainName"",""#text"":""disstestbedvm""},{""@Name"":""SubjectLogonId"",""#text"":""0x1B772""},{""@Name"":""NewProcessId"",""#text"":""0x15D4""},{""@Name"":""NewProcessName"",""#text"":""C:\\Program Files\\Google\\Chrome\\Application\\chrome.exe""},{""@Name"":""TokenElevationType"",""#text"":""%%1938""},{""@Name"":""ProcessId"",""#text"":""0x16FC""},{""@Name"":""CommandLine"",""#text"":""\""C:\\Program Files\\Google\\Chrome\\Application\\chrome.exe\"" --type=utility --utility-sub-type=quarantine.mojom.Quarantine --lang=en-US --service-sandbox-type=none --no-pre-read-main-dll --metrics-shmem-handle=7384,i,4226251550377035071,11508892086211778596,524288 --field-trial-handle=300,i,12568652149631050601,17836649519809257441,262144 --variations-seed-version=20260815-030035.901000-production --pseudonymization-salt-handle=1736,i,1201548225642530370,3632485646844189389,4 --trace-process-track-uuid=3190709008800875870 --mojo-platform-channel-handle=7156 /prefetch:14""},{""@Name"":""TargetUserSid"",""#text"":""S-1-0-0""},{""@Name"":""TargetUserName"",""#text"":""-""},{""@Name"":""TargetDomainName"",""#text"":""-""},{""@Name"":""TargetLogonId"",""#text"":""0x0""},{""@Name"":""ParentProcessName"",""#text"":""C:\\Program Files\\Google\\Chrome\\Application\\chrome.exe""},{""@Name"":""MandatoryLabel"",""#text"":""S-1-16-8192""}]}}"
35342,35342,2026-08-17 18:32:21.7525336,4688,LogAlways,Microsoft-Windows-Security-Auditing,Security,4,6380,disstestbedvm,425,,A new process has been created,disstestbedvm\dfanalyst,,Parent process: C:\Program Files\Google\Chrome\Application\chrome.exe,PID: 0x16FC,Parent PID: 0x24D8,Mandatory label: SECURITY_MANDATORY_MEDIUM_RID,Target User: -\-,,"C:\Program Files\Google\Chrome\Application\chrome.exe ""C:\Program Files\Google\Chrome\Application\chrome.exe"" --type=utility --utility-sub-type=quarantine.mojom.Quarantine --lang=en-US --service-sandbox-type=none --no-pre-read-main-dll --metrics-shmem-handle=7436,i,12601023021077828739,17698749430174649098,524288 --field-trial-handle=300,i,12568652149631050601,17836649519809257441,262144 --variations-seed-version=20260815-030035.901000-production --pseudonymization-salt-handle=1736,i,1201548225642530370,3632485646844189389,4 --trace-process-track-uuid=3190709009737917719 --mojo-platform-channel-handle=7452 /prefetch:14",False,D:\UOW\SEM3\msc-diss-7csef001w\scenarios\scenario_2\artefacts\event_logs\Security.evtx,Audit success,0,"{""EventData"":{""Data"":[{""@Name"":""SubjectUserSid"",""#text"":""S-1-5-21-4209295338-567392030-2519289182-1001""},{""@Name"":""SubjectUserName"",""#text"":""dfanalyst""},{""@Name"":""SubjectDomainName"",""#text"":""disstestbedvm""},{""@Name"":""SubjectLogonId"",""#text"":""0x1B772""},{""@Name"":""NewProcessId"",""#text"":""0x24D8""},{""@Name"":""NewProcessName"",""#text"":""C:\\Program Files\\Google\\Chrome\\Application\\chrome.exe""},{""@Name"":""TokenElevationType"",""#text"":""%%1938""},{""@Name"":""ProcessId"",""#text"":""0x16FC""},{""@Name"":""CommandLine"",""#text"":""\""C:\\Program Files\\Google\\Chrome\\Application\\chrome.exe\"" --type=utility --utility-sub-type=quarantine.mojom.Quarantine --lang=en-US --service-sandbox-type=none --no-pre-read-main-dll --metrics-shmem-handle=7436,i,12601023021077828739,17698749430174649098,524288 --field-trial-handle=300,i,12568652149631050601,17836649519809257441,262144 --variations-seed-version=20260815-030035.901000-production --pseudonymization-salt-handle=1736,i,1201548225642530370,3632485646844189389,4 --trace-process-track-uuid=3190709009737917719 --mojo-platform-channel-handle=7452 /prefetch:14""},{""@Name"":""TargetUserSid"",""#text"":""S-1-0-0""},{""@Name"":""TargetUserName"",""#text"":""-""},{""@Name"":""TargetDomainName"",""#text"":""-""},{""@Name"":""TargetLogonId"",""#text"":""0x0""},{""@Name"":""ParentProcessName"",""#text"":""C:\\Program Files\\Google\\Chrome\\Application\\chrome.exe""},{""@Name"":""MandatoryLabel"",""#text"":""S-1-16-8192""}]}}"
35343,35343,2026-08-17 18:32:21.8812709,4689,LogAlways,Microsoft-Windows-Security-Auditing,Security,4,224,disstestbedvm,425,,A process has exited,disstestbedvm\dfanalyst,,,PID: 0x17D0,,,,,C:\Program Files\Adobe\Acrobat DC\Acrobat\ADNotificationManager.exe,False,D:\UOW\SEM3\msc-diss-7csef001w\scenarios\scenario_2\artefacts\event_logs\Security.evtx,Audit success,0,"{""EventData"":{""Data"":[{""@Name"":""SubjectUserSid"",""#text"":""S-1-5-21-4209295338-567392030-2519289182-1001""},{""@Name"":""SubjectUserName"",""#text"":""dfanalyst""},{""@Name"":""SubjectDomainName"",""#text"":""disstestbedvm""},{""@Name"":""SubjectLogonId"",""#text"":""0x1B772""},{""@Name"":""Status"",""#text"":""0x0""},{""@Name"":""ProcessId"",""#text"":""0x17D0""},{""@Name"":""ProcessName"",""#text"":""C:\\Program Files\\Adobe\\Acrobat DC\\Acrobat\\ADNotificationManager.exe""}]}}"
35344,35344,2026-08-17 18:32:22.0010939,4689,LogAlways,Microsoft-Windows-Security-Auditing,Security,4,8896,disstestbedvm,425,,A process has exited,disstestbedvm\dfanalyst,,,PID: 0x24D8,,,,,C:\Program Files\Google\Chrome\Application\chrome.exe,False,D:\UOW\SEM3\msc-diss-7csef001w\scenarios\scenario_2\artefacts\event_logs\Security.evtx,Audit success,0,"{""EventData"":{""Data"":[{""@Name"":""SubjectUserSid"",""#text"":""S-1-5-21-4209295338-567392030-2519289182-1001""},{""@Name"":""SubjectUserName"",""#text"":""dfanalyst""},{""@Name"":""SubjectDomainName"",""#text"":""disstestbedvm""},{""@Name"":""SubjectLogonId"",""#text"":""0x1B772""},{""@Name"":""Status"",""#text"":""0x0""},{""@Name"":""ProcessId"",""#text"":""0x24D8""},{""@Name"":""ProcessName"",""#text"":""C:\\Program Files\\Google\\Chrome\\Application\\chrome.exe""}]}}"
35345,35345,2026-08-17 18:32:22.0160628,4689,LogAlways,Microsoft-Windows-Security-Auditing,Security,4,224,disstestbedvm,425,,A process has exited,disstestbedvm\dfanalyst,,,PID: 0x15D4,,,,,C:\Program Files\Google\Chrome\Application\chrome.exe,False,D:\UOW\SEM3\msc-diss-7csef001w\scenarios\scenario_2\artefacts\event_logs\Security.evtx,Audit success,0,"{""EventData"":{""Data"":[{""@Name"":""SubjectUserSid"",""#text"":""S-1-5-21-4209295338-567392030-2519289182-1001""},{""@Name"":""SubjectUserName"",""#text"":""dfanalyst""},{""@Name"":""SubjectDomainName"",""#text"":""disstestbedvm""},{""@Name"":""SubjectLogonId"",""#text"":""0x1B772""},{""@Name"":""Status"",""#text"":""0x0""},{""@Name"":""ProcessId"",""#text"":""0x15D4""},{""@Name"":""ProcessName"",""#text"":""C:\\Program Files\\Google\\Chrome\\Application\\chrome.exe""}]}}"
35346,35346,2026-08-17 18:32:22.1086790,4688,LogAlways,Microsoft-Windows-Security-Auditing,Security,4,8896,disstestbedvm,425,,A new process has been created,disstestbedvm\dfanalyst,,Parent process: C:\Program Files\Google\Chrome\Application\chrome.exe,PID: 0x16FC,Parent PID: 0x1768,Mandatory label: SECURITY_MANDATORY_MEDIUM_RID,Target User: -\-,,"C:\Program Files\Google\Chrome\Application\chrome.exe ""C:\Program Files\Google\Chrome\Application\chrome.exe"" --type=utility --utility-sub-type=quarantine.mojom.Quarantine --lang=en-US --service-sandbox-type=none --no-pre-read-main-dll --metrics-shmem-handle=6756,i,2320428228904171845,2545977067587044987,524288 --field-trial-handle=300,i,12568652149631050601,17836649519809257441,262144 --variations-seed-version=20260815-030035.901000-production --pseudonymization-salt-handle=1736,i,1201548225642530370,3632485646844189389,4 --trace-process-track-uuid=3190709010674959568 --mojo-platform-channel-handle=7156 /prefetch:14",False,D:\UOW\SEM3\msc-diss-7csef001w\scenarios\scenario_2\artefacts\event_logs\Security.evtx,Audit success,0,"{""EventData"":{""Data"":[{""@Name"":""SubjectUserSid"",""#text"":""S-1-5-21-4209295338-567392030-2519289182-1001""},{""@Name"":""SubjectUserName"",""#text"":""dfanalyst""},{""@Name"":""SubjectDomainName"",""#text"":""disstestbedvm""},{""@Name"":""SubjectLogonId"",""#text"":""0x1B772""},{""@Name"":""NewProcessId"",""#text"":""0x1768""},{""@Name"":""NewProcessName"",""#text"":""C:\\Program Files\\Google\\Chrome\\Application\\chrome.exe""},{""@Name"":""TokenElevationType"",""#text"":""%%1938""},{""@Name"":""ProcessId"",""#text"":""0x16FC""},{""@Name"":""CommandLine"",""#text"":""\""C:\\Program Files\\Google\\Chrome\\Application\\chrome.exe\"" --type=utility --utility-sub-type=quarantine.mojom.Quarantine --lang=en-US --service-sandbox-type=none --no-pre-read-main-dll --metrics-shmem-handle=6756,i,2320428228904171845,2545977067587044987,524288 --field-trial-handle=300,i,12568652149631050601,17836649519809257441,262144 --variations-seed-version=20260815-030035.901000-production --pseudonymization-salt-handle=1736,i,1201548225642530370,3632485646844189389,4 --trace-process-track-uuid=3190709010674959568 --mojo-platform-channel-handle=7156 /prefetch:14""},{""@Name"":""TargetUserSid"",""#text"":""S-1-0-0""},{""@Name"":""TargetUserName"",""#text"":""-""},{""@Name"":""TargetDomainName"",""#text"":""-""},{""@Name"":""TargetLogonId"",""#text"":""0x0""},{""@Name"":""ParentProcessName"",""#text"":""C:\\Program Files\\Google\\Chrome\\Application\\chrome.exe""},{""@Name"":""MandatoryLabel"",""#text"":""S-1-16-8192""}]}}"
35347,35347,2026-08-17 18:32:22.3047004,4689,LogAlways,Microsoft-Windows-Security-Auditing,Security,4,224,disstestbedvm,425,,A process has exited,disstestbedvm\dfanalyst,,,PID: 0x1768,,,,,C:\Program Files\Google\Chrome\Application\chrome.exe,False,D:\UOW\SEM3\msc-diss-7csef001w\scenarios\scenario_2\artefacts\event_logs\Security.evtx,Audit success,0,"{""EventData"":{""Data"":[{""@Name"":""SubjectUserSid"",""#text"":""S-1-5-21-4209295338-567392030-2519289182-1001""},{""@Name"":""SubjectUserName"",""#text"":""dfanalyst""},{""@Name"":""SubjectDomainName"",""#text"":""disstestbedvm""},{""@Name"":""SubjectLogonId"",""#text"":""0x1B772""},{""@Name"":""Status"",""#text"":""0x0""},{""@Name"":""ProcessId"",""#text"":""0x1768""},{""@Name"":""ProcessName"",""#text"":""C:\\Program Files\\Google\\Chrome\\Application\\chrome.exe""}]}}"
35348,35348,2026-08-17 18:32:22.3503401,4688,LogAlways,Microsoft-Windows-Security-Auditing,Security,4,8896,disstestbedvm,425,,A new process has been created,disstestbedvm\dfanalyst,,Parent process: C:\Program Files\Google\Chrome\Application\chrome.exe,PID: 0x16FC,Parent PID: 0x10C,Mandatory label: SECURITY_MANDATORY_LOW_RID,Target User: -\-,,"C:\Program Files\Google\Chrome\Application\chrome.exe ""C:\Program Files\Google\Chrome\Application\chrome.exe"" --type=utility --utility-sub-type=unzip.mojom.Unzipper --lang=en-US --service-sandbox-type=service --no-pre-read-main-dll --metrics-shmem-handle=7112,i,186707868024787023,3092293936029868292,524288 --field-trial-handle=300,i,12568652149631050601,17836649519809257441,262144 --variations-seed-version=20260815-030035.901000-production --pseudonymization-salt-handle=1736,i,1201548225642530370,3632485646844189389,4 --trace-process-track-uuid=3190709011612001417 --mojo-platform-channel-handle=5540 /prefetch:14",False,D:\UOW\SEM3\msc-diss-7csef001w\scenarios\scenario_2\artefacts\event_logs\Security.evtx,Audit success,0,"{""EventData"":{""Data"":[{""@Name"":""SubjectUserSid"",""#text"":""S-1-5-21-4209295338-567392030-2519289182-1001""},{""@Name"":""SubjectUserName"",""#text"":""dfanalyst""},{""@Name"":""SubjectDomainName"",""#text"":""disstestbedvm""},{""@Name"":""SubjectLogonId"",""#text"":""0x1B772""},{""@Name"":""NewProcessId"",""#text"":""0x10C""},{""@Name"":""NewProcessName"",""#text"":""C:\\Program Files\\Google\\Chrome\\Application\\chrome.exe""},{""@Name"":""TokenElevationType"",""#text"":""%%1938""},{""@Name"":""ProcessId"",""#text"":""0x16FC""},{""@Name"":""CommandLine"",""#text"":""\""C:\\Program Files\\Google\\Chrome\\Application\\chrome.exe\"" --type=utility --utility-sub-type=unzip.mojom.Unzipper --lang=en-US --service-sandbox-type=service --no-pre-read-main-dll --metrics-shmem-handle=7112,i,186707868024787023,3092293936029868292,524288 --field-trial-handle=300,i,12568652149631050601,17836649519809257441,262144 --variations-seed-version=20260815-030035.901000-production --pseudonymization-salt-handle=1736,i,1201548225642530370,3632485646844189389,4 --trace-process-track-uuid=3190709011612001417 --mojo-platform-channel-handle=5540 /prefetch:14""},{""@Name"":""TargetUserSid"",""#text"":""S-1-0-0""},{""@Name"":""TargetUserName"",""#text"":""-""},{""@Name"":""TargetDomainName"",""#text"":""-""},{""@Name"":""TargetLogonId"",""#text"":""0x0""},{""@Name"":""ParentProcessName"",""#text"":""C:\\Program Files\\Google\\Chrome\\Application\\chrome.exe""},{""@Name"":""MandatoryLabel"",""#text"":""S-1-16-4096""}]}}"
35349,35349,2026-08-17 18:32:22.3527574,4688,LogAlways,Microsoft-Windows-Security-Auditing,Security,4,8896,disstestbedvm,425,,A new process has been created,disstestbedvm\dfanalyst,,Parent process: C:\Program Files\Google\Chrome\Application\chrome.exe,PID: 0x16FC,Parent PID: 0x630,Mandatory label: SECURITY_MANDATORY_LOW_RID,Target User: -\-,,"C:\Program Files\Google\Chrome\Application\chrome.exe ""C:\Program Files\Google\Chrome\Application\chrome.exe"" --type=utility --utility-sub-type=unzip.mojom.Unzipper --lang=en-US --service-sandbox-type=service --no-pre-read-main-dll --metrics-shmem-handle=5468,i,6584460175597269206,4357102167403140086,524288 --field-trial-handle=300,i,12568652149631050601,17836649519809257441,262144 --variations-seed-version=20260815-030035.901000-production --pseudonymization-salt-handle=1736,i,1201548225642530370,3632485646844189389,4 --trace-process-track-uuid=3190709012549043266 --mojo-platform-channel-handle=4232 /prefetch:14",False,D:\UOW\SEM3\msc-diss-7csef001w\scenarios\scenario_2\artefacts\event_logs\Security.evtx,Audit success,0,"{""EventData"":{""Data"":[{""@Name"":""SubjectUserSid"",""#text"":""S-1-5-21-4209295338-567392030-2519289182-1001""},{""@Name"":""SubjectUserName"",""#text"":""dfanalyst""},{""@Name"":""SubjectDomainName"",""#text"":""disstestbedvm""},{""@Name"":""SubjectLogonId"",""#text"":""0x1B772""},{""@Name"":""NewProcessId"",""#text"":""0x630""},{""@Name"":""NewProcessName"",""#text"":""C:\\Program Files\\Google\\Chrome\\Application\\chrome.exe""},{""@Name"":""TokenElevationType"",""#text"":""%%1938""},{""@Name"":""ProcessId"",""#text"":""0x16FC""},{""@Name"":""CommandLine"",""#text"":""\""C:\\Program Files\\Google\\Chrome\\Application\\chrome.exe\"" --type=utility --utility-sub-type=unzip.mojom.Unzipper --lang=en-US --service-sandbox-type=service --no-pre-read-main-dll --metrics-shmem-handle=5468,i,6584460175597269206,4357102167403140086,524288 --field-trial-handle=300,i,12568652149631050601,17836649519809257441,262144 --variations-seed-version=20260815-030035.901000-production --pseudonymization-salt-handle=1736,i,1201548225642530370,3632485646844189389,4 --trace-process-track-uuid=3190709012549043266 --mojo-platform-channel-handle=4232 /prefetch:14""},{""@Name"":""TargetUserSid"",""#text"":""S-1-0-0""},{""@Name"":""TargetUserName"",""#text"":""-""},{""@Name"":""TargetDomainName"",""#text"":""-""},{""@Name"":""TargetLogonId"",""#text"":""0x0""},{""@Name"":""ParentProcessName"",""#text"":""C:\\Program Files\\Google\\Chrome\\Application\\chrome.exe""},{""@Name"":""MandatoryLabel"",""#text"":""S-1-16-4096""}]}}"
35350,35350,2026-08-17 18:32:22.3757751,4688,LogAlways,Microsoft-Windows-Security-Auditing,Security,4,8896,disstestbedvm,425,,A new process has been created,disstestbedvm\dfanalyst,,Parent process: C:\Program Files\Google\Chrome\Application\chrome.exe,PID: 0x16FC,Parent PID: 0x640,Mandatory label: SECURITY_MANDATORY_LOW_RID,Target User: -\-,,"C:\Program Files\Google\Chrome\Application\chrome.exe ""C:\Program Files\Google\Chrome\Application\chrome.exe"" --type=utility --utility-sub-type=unzip.mojom.Unzipper --lang=en-US --service-sandbox-type=service --no-pre-read-main-dll --metrics-shmem-handle=7564,i,609180189630697483,16926396123963247124,524288 --field-trial-handle=300,i,12568652149631050601,17836649519809257441,262144 --variations-seed-version=20260815-030035.901000-production --pseudonymization-salt-handle=1736,i,1201548225642530370,3632485646844189389,4 --trace-process-track-uuid=3190709013486085115 --mojo-platform-channel-handle=6744 /prefetch:14",False,D:\UOW\SEM3\msc-diss-7csef001w\scenarios\scenario_2\artefacts\event_logs\Security.evtx,Audit success,0,"{""EventData"":{""Data"":[{""@Name"":""SubjectUserSid"",""#text"":""S-1-5-21-4209295338-567392030-2519289182-1001""},{""@Name"":""SubjectUserName"",""#text"":""dfanalyst""},{""@Name"":""SubjectDomainName"",""#text"":""disstestbedvm""},{""@Name"":""SubjectLogonId"",""#text"":""0x1B772""},{""@Name"":""NewProcessId"",""#text"":""0x640""},{""@Name"":""NewProcessName"",""#text"":""C:\\Program Files\\Google\\Chrome\\Application\\chrome.exe""},{""@Name"":""TokenElevationType"",""#text"":""%%1938""},{""@Name"":""ProcessId"",""#text"":""0x16FC""},{""@Name"":""CommandLine"",""#text"":""\""C:\\Program Files\\Google\\Chrome\\Application\\chrome.exe\"" --type=utility --utility-sub-type=unzip.mojom.Unzipper --lang=en-US --service-sandbox-type=service --no-pre-read-main-dll --metrics-shmem-handle=7564,i,609180189630697483,16926396123963247124,524288 --field-trial-handle=300,i,12568652149631050601,17836649519809257441,262144 --variations-seed-version=20260815-030035.901000-production --pseudonymization-salt-handle=1736,i,1201548225642530370,3632485646844189389,4 --trace-process-track-uuid=3190709013486085115 --mojo-platform-channel-handle=6744 /prefetch:14""},{""@Name"":""TargetUserSid"",""#text"":""S-1-0-0""},{""@Name"":""TargetUserName"",""#text"":""-""},{""@Name"":""TargetDomainName"",""#text"":""-""},{""@Name"":""TargetLogonId"",""#text"":""0x0""},{""@Name"":""ParentProcessName"",""#text"":""C:\\Program Files\\Google\\Chrome\\Application\\chrome.exe""},{""@Name"":""MandatoryLabel"",""#text"":""S-1-16-4096""}]}}"
35351,35351,2026-08-17 18:32:22.3860146,4688,LogAlways,Microsoft-Windows-Security-Auditing,Security,4,8896,disstestbedvm,425,,A new process has been created,disstestbedvm\dfanalyst,,Parent process: C:\Program Files\Google\Chrome\Application\chrome.exe,PID: 0x16FC,Parent PID: 0x1480,Mandatory label: SECURITY_MANDATORY_MEDIUM_RID,Target User: -\-,,"C:\Program Files\Google\Chrome\Application\chrome.exe ""C:\Program Files\Google\Chrome\Application\chrome.exe"" --type=utility --utility-sub-type=quarantine.mojom.Quarantine --lang=en-US --service-sandbox-type=none --no-pre-read-main-dll --metrics-shmem-handle=7748,i,13868231534745633160,8068950908099317811,524288 --field-trial-handle=300,i,12568652149631050601,17836649519809257441,262144 --variations-seed-version=20260815-030035.901000-production --pseudonymization-salt-handle=1736,i,1201548225642530370,3632485646844189389,4 --trace-process-track-uuid=3190709014423126964 --mojo-platform-channel-handle=7756 /prefetch:14",False,D:\UOW\SEM3\msc-diss-7csef001w\scenarios\scenario_2\artefacts\event_logs\Security.evtx,Audit success,0,"{""EventData"":{""Data"":[{""@Name"":""SubjectUserSid"",""#text"":""S-1-5-21-4209295338-567392030-2519289182-1001""},{""@Name"":""SubjectUserName"",""#text"":""dfanalyst""},{""@Name"":""SubjectDomainName"",""#text"":""disstestbedvm""},{""@Name"":""SubjectLogonId"",""#text"":""0x1B772""},{""@Name"":""NewProcessId"",""#text"":""0x1480""},{""@Name"":""NewProcessName"",""#text"":""C:\\Program Files\\Google\\Chrome\\Application\\chrome.exe""},{""@Name"":""TokenElevationType"",""#text"":""%%1938""},{""@Name"":""ProcessId"",""#text"":""0x16FC""},{""@Name"":""CommandLine"",""#text"":""\""C:\\Program Files\\Google\\Chrome\\Application\\chrome.exe\"" --type=utility --utility-sub-type=quarantine.mojom.Quarantine --lang=en-US --service-sandbox-type=none --no-pre-read-main-dll --metrics-shmem-handle=7748,i,13868231534745633160,8068950908099317811,524288 --field-trial-handle=300,i,12568652149631050601,17836649519809257441,262144 --variations-seed-version=20260815-030035.901000-production --pseudonymization-salt-handle=1736,i,1201548225642530370,3632485646844189389,4 --trace-process-track-uuid=3190709014423126964 --mojo-platform-channel-handle=7756 /prefetch:14""},{""@Name"":""TargetUserSid"",""#text"":""S-1-0-0""},{""@Name"":""TargetUserName"",""#text"":""-""},{""@Name"":""TargetDomainName"",""#text"":""-""},{""@Name"":""TargetLogonId"",""#text"":""0x0""},{""@Name"":""ParentProcessName"",""#text"":""C:\\Program Files\\Google\\Chrome\\Application\\chrome.exe""},{""@Name"":""MandatoryLabel"",""#text"":""S-1-16-8192""}]}}"
35352,35352,2026-08-17 18:32:22.3972861,4688,LogAlways,Microsoft-Windows-Security-Auditing,Security,4,8896,disstestbedvm,425,,A new process has been created,disstestbedvm\dfanalyst,,Parent process: C:\Program Files\Google\Chrome\Application\chrome.exe,PID: 0x16FC,Parent PID: 0x4FC,Mandatory label: SECURITY_MANDATORY_MEDIUM_RID,Target User: -\-,,"C:\Program Files\Google\Chrome\Application\chrome.exe ""C:\Program Files\Google\Chrome\Application\chrome.exe"" --type=utility --utility-sub-type=quarantine.mojom.Quarantine --lang=en-US --service-sandbox-type=none --no-pre-read-main-dll --metrics-shmem-handle=7784,i,3891363721530225808,14067970863003700903,524288 --field-trial-handle=300,i,12568652149631050601,17836649519809257441,262144 --variations-seed-version=20260815-030035.901000-production --pseudonymization-salt-handle=1736,i,1201548225642530370,3632485646844189389,4 --trace-process-track-uuid=3190709015360168813 --mojo-platform-channel-handle=7788 /prefetch:14",False,D:\UOW\SEM3\msc-diss-7csef001w\scenarios\scenario_2\artefacts\event_logs\Security.evtx,Audit success,0,"{""EventData"":{""Data"":[{""@Name"":""SubjectUserSid"",""#text"":""S-1-5-21-4209295338-567392030-2519289182-1001""},{""@Name"":""SubjectUserName"",""#text"":""dfanalyst""},{""@Name"":""SubjectDomainName"",""#text"":""disstestbedvm""},{""@Name"":""SubjectLogonId"",""#text"":""0x1B772""},{""@Name"":""NewProcessId"",""#text"":""0x4FC""},{""@Name"":""NewProcessName"",""#text"":""C:\\Program Files\\Google\\Chrome\\Application\\chrome.exe""},{""@Name"":""TokenElevationType"",""#text"":""%%1938""},{""@Name"":""ProcessId"",""#text"":""0x16FC""},{""@Name"":""CommandLine"",""#text"":""\""C:\\Program Files\\Google\\Chrome\\Application\\chrome.exe\"" --type=utility --utility-sub-type=quarantine.mojom.Quarantine --lang=en-US --service-sandbox-type=none --no-pre-read-main-dll --metrics-shmem-handle=7784,i,3891363721530225808,14067970863003700903,524288 --field-trial-handle=300,i,12568652149631050601,17836649519809257441,262144 --variations-seed-version=20260815-030035.901000-production --pseudonymization-salt-handle=1736,i,1201548225642530370,3632485646844189389,4 --trace-process-track-uuid=3190709015360168813 --mojo-platform-channel-handle=7788 /prefetch:14""},{""@Name"":""TargetUserSid"",""#text"":""S-1-0-0""},{""@Name"":""TargetUserName"",""#text"":""-""},{""@Name"":""TargetDomainName"",""#text"":""-""},{""@Name"":""TargetLogonId"",""#text"":""0x0""},{""@Name"":""ParentProcessName"",""#text"":""C:\\Program Files\\Google\\Chrome\\Application\\chrome.exe""},{""@Name"":""MandatoryLabel"",""#text"":""S-1-16-8192""}]}}"
35353,35353,2026-08-17 18:32:22.4696406,4689,LogAlways,Microsoft-Windows-Security-Auditing,Security,4,8896,disstestbedvm,425,,A process has exited,disstestbedvm\dfanalyst,,,PID: 0x630,,,,,C:\Program Files\Google\Chrome\Application\chrome.exe,False,D:\UOW\SEM3\msc-diss-7csef001w\scenarios\scenario_2\artefacts\event_logs\Security.evtx,Audit success,0,"{""EventData"":{""Data"":[{""@Name"":""SubjectUserSid"",""#text"":""S-1-5-21-4209295338-567392030-2519289182-1001""},{""@Name"":""SubjectUserName"",""#text"":""dfanalyst""},{""@Name"":""SubjectDomainName"",""#text"":""disstestbedvm""},{""@Name"":""SubjectLogonId"",""#text"":""0x1B772""},{""@Name"":""Status"",""#text"":""0x0""},{""@Name"":""ProcessId"",""#text"":""0x630""},{""@Name"":""ProcessName"",""#text"":""C:\\Program Files\\Google\\Chrome\\Application\\chrome.exe""}]}}"
35354,35354,2026-08-17 18:32:22.4810707,4689,LogAlways,Microsoft-Windows-Security-Auditing,Security,4,8896,disstestbedvm,425,,A process has exited,disstestbedvm\dfanalyst,,,PID: 0x10C,,,,,C:\Program Files\Google\Chrome\Application\chrome.exe,False,D:\UOW\SEM3\msc-diss-7csef001w\scenarios\scenario_2\artefacts\event_logs\Security.evtx,Audit success,0,"{""EventData"":{""Data"":[{""@Name"":""SubjectUserSid"",""#text"":""S-1-5-21-4209295338-567392030-2519289182-1001""},{""@Name"":""SubjectUserName"",""#text"":""dfanalyst""},{""@Name"":""SubjectDomainName"",""#text"":""disstestbedvm""},{""@Name"":""SubjectLogonId"",""#text"":""0x1B772""},{""@Name"":""Status"",""#text"":""0x0""},{""@Name"":""ProcessId"",""#text"":""0x10C""},{""@Name"":""ProcessName"",""#text"":""C:\\Program Files\\Google\\Chrome\\Application\\chrome.exe""}]}}"
35355,35355,2026-08-17 18:32:22.5041363,4689,LogAlways,Microsoft-Windows-Security-Auditing,Security,4,224,disstestbedvm,425,,A process has exited,disstestbedvm\dfanalyst,,,PID: 0x640,,,,,C:\Program Files\Google\Chrome\Application\chrome.exe,False,D:\UOW\SEM3\msc-diss-7csef001w\scenarios\scenario_2\artefacts\event_logs\Security.evtx,Audit success,0,"{""EventData"":{""Data"":[{""@Name"":""SubjectUserSid"",""#text"":""S-1-5-21-4209295338-567392030-2519289182-1001""},{""@Name"":""SubjectUserName"",""#text"":""dfanalyst""},{""@Name"":""SubjectDomainName"",""#text"":""disstestbedvm""},{""@Name"":""SubjectLogonId"",""#text"":""0x1B772""},{""@Name"":""Status"",""#text"":""0x0""},{""@Name"":""ProcessId"",""#text"":""0x640""},{""@Name"":""ProcessName"",""#text"":""C:\\Program Files\\Google\\Chrome\\Application\\chrome.exe""}]}}"
35356,35356,2026-08-17 18:32:22.5340974,4688,LogAlways,Microsoft-Windows-Security-Auditing,Security,4,224,disstestbedvm,425,,A new process has been created,disstestbedvm\dfanalyst,,Parent process: C:\Program Files\Google\Chrome\Application\chrome.exe,PID: 0x16FC,Parent PID: 0x1C84,Mandatory label: SECURITY_MANDATORY_LOW_RID,Target User: -\-,,"C:\Program Files\Google\Chrome\Application\chrome.exe ""C:\Program Files\Google\Chrome\Application\chrome.exe"" --type=utility --utility-sub-type=unzip.mojom.Unzipper --lang=en-US --service-sandbox-type=service --no-pre-read-main-dll --metrics-shmem-handle=3864,i,11232388788712282648,3251000678651485712,524288 --field-trial-handle=300,i,12568652149631050601,17836649519809257441,262144 --variations-seed-version=20260815-030035.901000-production --pseudonymization-salt-handle=1736,i,1201548225642530370,3632485646844189389,4 --trace-process-track-uuid=3190709016297210662 --mojo-platform-channel-handle=3912 /prefetch:14",False,D:\UOW\SEM3\msc-diss-7csef001w\scenarios\scenario_2\artefacts\event_logs\Security.evtx,Audit success,0,"{""EventData"":{""Data"":[{""@Name"":""SubjectUserSid"",""#text"":""S-1-5-21-4209295338-567392030-2519289182-1001""},{""@Name"":""SubjectUserName"",""#text"":""dfanalyst""},{""@Name"":""SubjectDomainName"",""#text"":""disstestbedvm""},{""@Name"":""SubjectLogonId"",""#text"":""0x1B772""},{""@Name"":""NewProcessId"",""#text"":""0x1C84""},{""@Name"":""NewProcessName"",""#text"":""C:\\Program Files\\Google\\Chrome\\Application\\chrome.exe""},{""@Name"":""TokenElevationType"",""#text"":""%%1938""},{""@Name"":""ProcessId"",""#text"":""0x16FC""},{""@Name"":""CommandLine"",""#text"":""\""C:\\Program Files\\Google\\Chrome\\Application\\chrome.exe\"" --type=utility --utility-sub-type=unzip.mojom.Unzipper --lang=en-US --service-sandbox-type=service --no-pre-read-main-dll --metrics-shmem-handle=3864,i,11232388788712282648,3251000678651485712,524288 --field-trial-handle=300,i,12568652149631050601,17836649519809257441,262144 --variations-seed-version=20260815-030035.901000-production --pseudonymization-salt-handle=1736,i,1201548225642530370,3632485646844189389,4 --trace-process-track-uuid=3190709016297210662 --mojo-platform-channel-handle=3912 /prefetch:14""},{""@Name"":""TargetUserSid"",""#text"":""S-1-0-0""},{""@Name"":""TargetUserName"",""#text"":""-""},{""@Name"":""TargetDomainName"",""#text"":""-""},{""@Name"":""TargetLogonId"",""#text"":""0x0""},{""@Name"":""ParentProcessName"",""#text"":""C:\\Program Files\\Google\\Chrome\\Application\\chrome.exe""},{""@Name"":""MandatoryLabel"",""#text"":""S-1-16-4096""}]}}"
35357,35357,2026-08-17 18:32:22.6881648,4689,LogAlways,Microsoft-Windows-Security-Auditing,Security,4,8896,disstestbedvm,425,,A process has exited,disstestbedvm\dfanalyst,,,PID: 0x1C84,,,,,C:\Program Files\Google\Chrome\Application\chrome.exe,False,D:\UOW\SEM3\msc-diss-7csef001w\scenarios\scenario_2\artefacts\event_logs\Security.evtx,Audit success,0,"{""EventData"":{""Data"":[{""@Name"":""SubjectUserSid"",""#text"":""S-1-5-21-4209295338-567392030-2519289182-1001""},{""@Name"":""SubjectUserName"",""#text"":""dfanalyst""},{""@Name"":""SubjectDomainName"",""#text"":""disstestbedvm""},{""@Name"":""SubjectLogonId"",""#text"":""0x1B772""},{""@Name"":""Status"",""#text"":""0x0""},{""@Name"":""ProcessId"",""#text"":""0x1C84""},{""@Name"":""ProcessName"",""#text"":""C:\\Program Files\\Google\\Chrome\\Application\\chrome.exe""}]}}"
35358,35358,2026-08-17 18:32:22.6988606,4689,LogAlways,Microsoft-Windows-Security-Auditing,Security,4,8896,disstestbedvm,425,,A process has exited,disstestbedvm\dfanalyst,,,PID: 0x1480,,,,,C:\Program Files\Google\Chrome\Application\chrome.exe,False,D:\UOW\SEM3\msc-diss-7csef001w\scenarios\scenario_2\artefacts\event_logs\Security.evtx,Audit success,0,"{""EventData"":{""Data"":[{""@Name"":""SubjectUserSid"",""#text"":""S-1-5-21-4209295338-567392030-2519289182-1001""},{""@Name"":""SubjectUserName"",""#text"":""dfanalyst""},{""@Name"":""SubjectDomainName"",""#text"":""disstestbedvm""},{""@Name"":""SubjectLogonId"",""#text"":""0x1B772""},{""@Name"":""Status"",""#text"":""0x0""},{""@Name"":""ProcessId"",""#text"":""0x1480""},{""@Name"":""ProcessName"",""#text"":""C:\\Program Files\\Google\\Chrome\\Application\\chrome.exe""}]}}"
35359,35359,2026-08-17 18:32:22.7401003,4689,LogAlways,Microsoft-Windows-Security-Auditing,Security,4,8896,disstestbedvm,425,,A process has exited,disstestbedvm\dfanalyst,,,PID: 0x4FC,,,,,C:\Program Files\Google\Chrome\Application\chrome.exe,False,D:\UOW\SEM3\msc-diss-7csef001w\scenarios\scenario_2\artefacts\event_logs\Security.evtx,Audit success,0,"{""EventData"":{""Data"":[{""@Name"":""SubjectUserSid"",""#text"":""S-1-5-21-4209295338-567392030-2519289182-1001""},{""@Name"":""SubjectUserName"",""#text"":""dfanalyst""},{""@Name"":""SubjectDomainName"",""#text"":""disstestbedvm""},{""@Name"":""SubjectLogonId"",""#text"":""0x1B772""},{""@Name"":""Status"",""#text"":""0x0""},{""@Name"":""ProcessId"",""#text"":""0x4FC""},{""@Name"":""ProcessName"",""#text"":""C:\\Program Files\\Google\\Chrome\\Application\\chrome.exe""}]}}"
35360,35360,2026-08-17 18:32:22.7413652,4689,LogAlways,Microsoft-Windows-Security-Auditing,Security,4,8896,disstestbedvm,425,,A process has exited,disstestbedvm\dfanalyst,,,PID: 0x2150,,,,,C:\Program Files\Google\Chrome\Application\chrome.exe,False,D:\UOW\SEM3\msc-diss-7csef001w\scenarios\scenario_2\artefacts\event_logs\Security.evtx,Audit success,0,"{""EventData"":{""Data"":[{""@Name"":""SubjectUserSid"",""#text"":""S-1-5-21-4209295338-567392030-2519289182-1001""},{""@Name"":""SubjectUserName"",""#text"":""dfanalyst""},{""@Name"":""SubjectDomainName"",""#text"":""disstestbedvm""},{""@Name"":""SubjectLogonId"",""#text"":""0x1B772""},{""@Name"":""Status"",""#text"":""0x0""},{""@Name"":""ProcessId"",""#text"":""0x2150""},{""@Name"":""ProcessName"",""#text"":""C:\\Program Files\\Google\\Chrome\\Application\\chrome.exe""}]}}"
35361,35361,2026-08-17 18:32:22.7496967,4688,LogAlways,Microsoft-Windows-Security-Auditing,Security,4,8896,disstestbedvm,425,,A new process has been created,disstestbedvm\dfanalyst,,Parent process: C:\Program Files\Google\Chrome\Application\chrome.exe,PID: 0x16FC,Parent PID: 0x1490,Mandatory label: SECURITY_MANDATORY_LOW_RID,Target User: -\-,,"C:\Program Files\Google\Chrome\Application\chrome.exe ""C:\Program Files\Google\Chrome\Application\chrome.exe"" --type=utility --utility-sub-type=unzip.mojom.Unzipper --lang=en-US --service-sandbox-type=service --no-pre-read-main-dll --metrics-shmem-handle=7748,i,10265787750499040810,52904754233613309,524288 --field-trial-handle=300,i,12568652149631050601,17836649519809257441,262144 --variations-seed-version=20260815-030035.901000-production --pseudonymization-salt-handle=1736,i,1201548225642530370,3632485646844189389,4 --trace-process-track-uuid=3190709017234252511 --mojo-platform-channel-handle=7624 /prefetch:14",False,D:\UOW\SEM3\msc-diss-7csef001w\scenarios\scenario_2\artefacts\event_logs\Security.evtx,Audit success,0,"{""EventData"":{""Data"":[{""@Name"":""SubjectUserSid"",""#text"":""S-1-5-21-4209295338-567392030-2519289182-1001""},{""@Name"":""SubjectUserName"",""#text"":""dfanalyst""},{""@Name"":""SubjectDomainName"",""#text"":""disstestbedvm""},{""@Name"":""SubjectLogonId"",""#text"":""0x1B772""},{""@Name"":""NewProcessId"",""#text"":""0x1490""},{""@Name"":""NewProcessName"",""#text"":""C:\\Program Files\\Google\\Chrome\\Application\\chrome.exe""},{""@Name"":""TokenElevationType"",""#text"":""%%1938""},{""@Name"":""ProcessId"",""#text"":""0x16FC""},{""@Name"":""CommandLine"",""#text"":""\""C:\\Program Files\\Google\\Chrome\\Application\\chrome.exe\"" --type=utility --utility-sub-type=unzip.mojom.Unzipper --lang=en-US --service-sandbox-type=service --no-pre-read-main-dll --metrics-shmem-handle=7748,i,10265787750499040810,52904754233613309,524288 --field-trial-handle=300,i,12568652149631050601,17836649519809257441,262144 --variations-seed-version=20260815-030035.901000-production --pseudonymization-salt-handle=1736,i,1201548225642530370,3632485646844189389,4 --trace-process-track-uuid=3190709017234252511 --mojo-platform-channel-handle=7624 /prefetch:14""},{""@Name"":""TargetUserSid"",""#text"":""S-1-0-0""},{""@Name"":""TargetUserName"",""#text"":""-""},{""@Name"":""TargetDomainName"",""#text"":""-""},{""@Name"":""TargetLogonId"",""#text"":""0x0""},{""@Name"":""ParentProcessName"",""#text"":""C:\\Program Files\\Google\\Chrome\\Application\\chrome.exe""},{""@Name"":""MandatoryLabel"",""#text"":""S-1-16-4096""}]}}"
35362,35362,2026-08-17 18:32:22.8432932,4689,LogAlways,Microsoft-Windows-Security-Auditing,Security,4,8896,disstestbedvm,425,,A process has exited,disstestbedvm\dfanalyst,,,PID: 0x1490,,,,,C:\Program Files\Google\Chrome\Application\chrome.exe,False,D:\UOW\SEM3\msc-diss-7csef001w\scenarios\scenario_2\artefacts\event_logs\Security.evtx,Audit success,0,"{""EventData"":{""Data"":[{""@Name"":""SubjectUserSid"",""#text"":""S-1-5-21-4209295338-567392030-2519289182-1001""},{""@Name"":""SubjectUserName"",""#text"":""dfanalyst""},{""@Name"":""SubjectDomainName"",""#text"":""disstestbedvm""},{""@Name"":""SubjectLogonId"",""#text"":""0x1B772""},{""@Name"":""Status"",""#text"":""0x0""},{""@Name"":""ProcessId"",""#text"":""0x1490""},{""@Name"":""ProcessName"",""#text"":""C:\\Program Files\\Google\\Chrome\\Application\\chrome.exe""}]}}"
35363,35363,2026-08-17 18:32:23.1232353,4688,LogAlways,Microsoft-Windows-Security-Auditing,Security,4,8896,disstestbedvm,425,,A new process has been created,disstestbedvm\dfanalyst,,Parent process: C:\Program Files\Google\Chrome\Application\chrome.exe,PID: 0x16FC,Parent PID: 0x644,Mandatory label: SECURITY_MANDATORY_MEDIUM_RID,Target User: -\-,,"C:\Program Files\Google\Chrome\Application\chrome.exe ""C:\Program Files\Google\Chrome\Application\chrome.exe"" --type=utility --utility-sub-type=quarantine.mojom.Quarantine --lang=en-US --service-sandbox-type=none --no-pre-read-main-dll --metrics-shmem-handle=7788,i,13418194965726732898,4774423579308417522,524288 --field-trial-handle=300,i,12568652149631050601,17836649519809257441,262144 --variations-seed-version=20260815-030035.901000-production --pseudonymization-salt-handle=1736,i,1201548225642530370,3632485646844189389,4 --trace-process-track-uuid=3190709018171294360 --mojo-platform-channel-handle=6688 /prefetch:14",False,D:\UOW\SEM3\msc-diss-7csef001w\scenarios\scenario_2\artefacts\event_logs\Security.evtx,Audit success,0,"{""EventData"":{""Data"":[{""@Name"":""SubjectUserSid"",""#text"":""S-1-5-21-4209295338-567392030-2519289182-1001""},{""@Name"":""SubjectUserName"",""#text"":""dfanalyst""},{""@Name"":""SubjectDomainName"",""#text"":""disstestbedvm""},{""@Name"":""SubjectLogonId"",""#text"":""0x1B772""},{""@Name"":""NewProcessId"",""#text"":""0x644""},{""@Name"":""NewProcessName"",""#text"":""C:\\Program Files\\Google\\Chrome\\Application\\chrome.exe""},{""@Name"":""TokenElevationType"",""#text"":""%%1938""},{""@Name"":""ProcessId"",""#text"":""0x16FC""},{""@Name"":""CommandLine"",""#text"":""\""C:\\Program Files\\Google\\Chrome\\Application\\chrome.exe\"" --type=utility --utility-sub-type=quarantine.mojom.Quarantine --lang=en-US --service-sandbox-type=none --no-pre-read-main-dll --metrics-shmem-handle=7788,i,13418194965726732898,4774423579308417522,524288 --field-trial-handle=300,i,12568652149631050601,17836649519809257441,262144 --variations-seed-version=20260815-030035.901000-production --pseudonymization-salt-handle=1736,i,1201548225642530370,3632485646844189389,4 --trace-process-track-uuid=3190709018171294360 --mojo-platform-channel-handle=6688 /prefetch:14""},{""@Name"":""TargetUserSid"",""#text"":""S-1-0-0""},{""@Name"":""TargetUserName"",""#text"":""-""},{""@Name"":""TargetDomainName"",""#text"":""-""},{""@Name"":""TargetLogonId"",""#text"":""0x0""},{""@Name"":""ParentProcessName"",""#text"":""C:\\Program Files\\Google\\Chrome\\Application\\chrome.exe""},{""@Name"":""MandatoryLabel"",""#text"":""S-1-16-8192""}]}}"
35364,35364,2026-08-17 18:32:23.3080282,4688,LogAlways,Microsoft-Windows-Security-Auditing,Security,4,224,disstestbedvm,425,,A new process has been created,disstestbedvm\dfanalyst,,Parent process: C:\Program Files\Google\Chrome\Application\chrome.exe,PID: 0x16FC,Parent PID: 0x2960,Mandatory label: SECURITY_MANDATORY_MEDIUM_RID,Target User: -\-,,"C:\Program Files\Google\Chrome\Application\chrome.exe ""C:\Program Files\Google\Chrome\Application\chrome.exe"" --type=utility --utility-sub-type=quarantine.mojom.Quarantine --lang=en-US --service-sandbox-type=none --no-pre-read-main-dll --metrics-shmem-handle=7748,i,8397613747199659787,13840061482170210870,524288 --field-trial-handle=300,i,12568652149631050601,17836649519809257441,262144 --variations-seed-version=20260815-030035.901000-production --pseudonymization-salt-handle=1736,i,1201548225642530370,3632485646844189389,4 --trace-process-track-uuid=3190709019108336209 --mojo-platform-channel-handle=7692 /prefetch:14",False,D:\UOW\SEM3\msc-diss-7csef001w\scenarios\scenario_2\artefacts\event_logs\Security.evtx,Audit success,0,"{""EventData"":{""Data"":[{""@Name"":""SubjectUserSid"",""#text"":""S-1-5-21-4209295338-567392030-2519289182-1001""},{""@Name"":""SubjectUserName"",""#text"":""dfanalyst""},{""@Name"":""SubjectDomainName"",""#text"":""disstestbedvm""},{""@Name"":""SubjectLogonId"",""#text"":""0x1B772""},{""@Name"":""NewProcessId"",""#text"":""0x2960""},{""@Name"":""NewProcessName"",""#text"":""C:\\Program Files\\Google\\Chrome\\Application\\chrome.exe""},{""@Name"":""TokenElevationType"",""#text"":""%%1938""},{""@Name"":""ProcessId"",""#text"":""0x16FC""},{""@Name"":""CommandLine"",""#text"":""\""C:\\Program Files\\Google\\Chrome\\Application\\chrome.exe\"" --type=utility --utility-sub-type=quarantine.mojom.Quarantine --lang=en-US --service-sandbox-type=none --no-pre-read-main-dll --metrics-shmem-handle=7748,i,8397613747199659787,13840061482170210870,524288 --field-trial-handle=300,i,12568652149631050601,17836649519809257441,262144 --variations-seed-version=20260815-030035.901000-production --pseudonymization-salt-handle=1736,i,1201548225642530370,3632485646844189389,4 --trace-process-track-uuid=3190709019108336209 --mojo-platform-channel-handle=7692 /prefetch:14""},{""@Name"":""TargetUserSid"",""#text"":""S-1-0-0""},{""@Name"":""TargetUserName"",""#text"":""-""},{""@Name"":""TargetDomainName"",""#text"":""-""},{""@Name"":""TargetLogonId"",""#text"":""0x0""},{""@Name"":""ParentProcessName"",""#text"":""C:\\Program Files\\Google\\Chrome\\Application\\chrome.exe""},{""@Name"":""MandatoryLabel"",""#text"":""S-1-16-8192""}]}}"
35365,35365,2026-08-17 18:32:23.4442749,4688,LogAlways,Microsoft-Windows-Security-Auditing,Security,4,8896,disstestbedvm,425,,A new process has been created,disstestbedvm\dfanalyst,,Parent process: C:\Program Files\Google\Chrome\Application\chrome.exe,PID: 0x16FC,Parent PID: 0xE84,Mandatory label: SECURITY_MANDATORY_LOW_RID,Target User: -\-,,"C:\Program Files\Google\Chrome\Application\chrome.exe ""C:\Program Files\Google\Chrome\Application\chrome.exe"" --type=utility --utility-sub-type=unzip.mojom.Unzipper --lang=en-US --service-sandbox-type=service --no-pre-read-main-dll --metrics-shmem-handle=7620,i,13436736931816343822,723113497595580032,524288 --field-trial-handle=300,i,12568652149631050601,17836649519809257441,262144 --variations-seed-version=20260815-030035.901000-production --pseudonymization-salt-handle=1736,i,1201548225642530370,3632485646844189389,4 --trace-process-track-uuid=3190709020045378058 --mojo-platform-channel-handle=7696 /prefetch:14",False,D:\UOW\SEM3\msc-diss-7csef001w\scenarios\scenario_2\artefacts\event_logs\Security.evtx,Audit success,0,"{""EventData"":{""Data"":[{""@Name"":""SubjectUserSid"",""#text"":""S-1-5-21-4209295338-567392030-2519289182-1001""},{""@Name"":""SubjectUserName"",""#text"":""dfanalyst""},{""@Name"":""SubjectDomainName"",""#text"":""disstestbedvm""},{""@Name"":""SubjectLogonId"",""#text"":""0x1B772""},{""@Name"":""NewProcessId"",""#text"":""0xE84""},{""@Name"":""NewProcessName"",""#text"":""C:\\Program Files\\Google\\Chrome\\Application\\chrome.exe""},{""@Name"":""TokenElevationType"",""#text"":""%%1938""},{""@Name"":""ProcessId"",""#text"":""0x16FC""},{""@Name"":""CommandLine"",""#text"":""\""C:\\Program Files\\Google\\Chrome\\Application\\chrome.exe\"" --type=utility --utility-sub-type=unzip.mojom.Unzipper --lang=en-US --service-sandbox-type=service --no-pre-read-main-dll --metrics-shmem-handle=7620,i,13436736931816343822,723113497595580032,524288 --field-trial-handle=300,i,12568652149631050601,17836649519809257441,262144 --variations-seed-version=20260815-030035.901000-production --pseudonymization-salt-handle=1736,i,1201548225642530370,3632485646844189389,4 --trace-process-track-uuid=3190709020045378058 --mojo-platform-channel-handle=7696 /prefetch:14""},{""@Name"":""TargetUserSid"",""#text"":""S-1-0-0""},{""@Name"":""TargetUserName"",""#text"":""-""},{""@Name"":""TargetDomainName"",""#text"":""-""},{""@Name"":""TargetLogonId"",""#text"":""0x0""},{""@Name"":""ParentProcessName"",""#text"":""C:\\Program Files\\Google\\Chrome\\Application\\chrome.exe""},{""@Name"":""MandatoryLabel"",""#text"":""S-1-16-4096""}]}}"
35366,35366,2026-08-17 18:32:23.4443544,4689,LogAlways,Microsoft-Windows-Security-Auditing,Security,4,8896,disstestbedvm,425,,A process has exited,disstestbedvm\dfanalyst,,,PID: 0x644,,,,,C:\Program Files\Google\Chrome\Application\chrome.exe,False,D:\UOW\SEM3\msc-diss-7csef001w\scenarios\scenario_2\artefacts\event_logs\Security.evtx,Audit success,0,"{""EventData"":{""Data"":[{""@Name"":""SubjectUserSid"",""#text"":""S-1-5-21-4209295338-567392030-2519289182-1001""},{""@Name"":""SubjectUserName"",""#text"":""dfanalyst""},{""@Name"":""SubjectDomainName"",""#text"":""disstestbedvm""},{""@Name"":""SubjectLogonId"",""#text"":""0x1B772""},{""@Name"":""Status"",""#text"":""0x0""},{""@Name"":""ProcessId"",""#text"":""0x644""},{""@Name"":""ProcessName"",""#text"":""C:\\Program Files\\Google\\Chrome\\Application\\chrome.exe""}]}}"
35367,35367,2026-08-17 18:32:23.5128101,4688,LogAlways,Microsoft-Windows-Security-Auditing,Security,4,8896,disstestbedvm,425,,A new process has been created,disstestbedvm\dfanalyst,,Parent process: C:\Program Files\Google\Chrome\Application\chrome.exe,PID: 0x16FC,Parent PID: 0x768,Mandatory label: SECURITY_MANDATORY_MEDIUM_RID,Target User: -\-,,"C:\Program Files\Google\Chrome\Application\chrome.exe ""C:\Program Files\Google\Chrome\Application\chrome.exe"" --type=utility --utility-sub-type=quarantine.mojom.Quarantine --lang=en-US --service-sandbox-type=none --no-pre-read-main-dll --metrics-shmem-handle=6044,i,15640232664544846705,16814005995489004934,524288 --field-trial-handle=300,i,12568652149631050601,17836649519809257441,262144 --variations-seed-version=20260815-030035.901000-production --pseudonymization-salt-handle=1736,i,1201548225642530370,3632485646844189389,4 --trace-process-track-uuid=3190709020982419907 --mojo-platform-channel-handle=7764 /prefetch:14",False,D:\UOW\SEM3\msc-diss-7csef001w\scenarios\scenario_2\artefacts\event_logs\Security.evtx,Audit success,0,"{""EventData"":{""Data"":[{""@Name"":""SubjectUserSid"",""#text"":""S-1-5-21-4209295338-567392030-2519289182-1001""},{""@Name"":""SubjectUserName"",""#text"":""dfanalyst""},{""@Name"":""SubjectDomainName"",""#text"":""disstestbedvm""},{""@Name"":""SubjectLogonId"",""#text"":""0x1B772""},{""@Name"":""NewProcessId"",""#text"":""0x768""},{""@Name"":""NewProcessName"",""#text"":""C:\\Program Files\\Google\\Chrome\\Application\\chrome.exe""},{""@Name"":""TokenElevationType"",""#text"":""%%1938""},{""@Name"":""ProcessId"",""#text"":""0x16FC""},{""@Name"":""CommandLine"",""#text"":""\""C:\\Program Files\\Google\\Chrome\\Application\\chrome.exe\"" --type=utility --utility-sub-type=quarantine.mojom.Quarantine --lang=en-US --service-sandbox-type=none --no-pre-read-main-dll --metrics-shmem-handle=6044,i,15640232664544846705,16814005995489004934,524288 --field-trial-handle=300,i,12568652149631050601,17836649519809257441,262144 --variations-seed-version=20260815-030035.901000-production --pseudonymization-salt-handle=1736,i,1201548225642530370,3632485646844189389,4 --trace-process-track-uuid=3190709020982419907 --mojo-platform-channel-handle=7764 /prefetch:14""},{""@Name"":""TargetUserSid"",""#text"":""S-1-0-0""},{""@Name"":""TargetUserName"",""#text"":""-""},{""@Name"":""TargetDomainName"",""#text"":""-""},{""@Name"":""TargetLogonId"",""#text"":""0x0""},{""@Name"":""ParentProcessName"",""#text"":""C:\\Program Files\\Google\\Chrome\\Application\\chrome.exe""},{""@Name"":""MandatoryLabel"",""#text"":""S-1-16-8192""}]}}"
35368,35368,2026-08-17 18:32:23.5607032,4689,LogAlways,Microsoft-Windows-Security-Auditing,Security,4,8896,disstestbedvm,425,,A process has exited,disstestbedvm\dfanalyst,,,PID: 0xE84,,,,,C:\Program Files\Google\Chrome\Application\chrome.exe,False,D:\UOW\SEM3\msc-diss-7csef001w\scenarios\scenario_2\artefacts\event_logs\Security.evtx,Audit success,0,"{""EventData"":{""Data"":[{""@Name"":""SubjectUserSid"",""#text"":""S-1-5-21-4209295338-567392030-2519289182-1001""},{""@Name"":""SubjectUserName"",""#text"":""dfanalyst""},{""@Name"":""SubjectDomainName"",""#text"":""disstestbedvm""},{""@Name"":""SubjectLogonId"",""#text"":""0x1B772""},{""@Name"":""Status"",""#text"":""0x0""},{""@Name"":""ProcessId"",""#text"":""0xE84""},{""@Name"":""ProcessName"",""#text"":""C:\\Program Files\\Google\\Chrome\\Application\\chrome.exe""}]}}"
35369,35369,2026-08-17 18:32:23.5609992,4689,LogAlways,Microsoft-Windows-Security-Auditing,Security,4,8896,disstestbedvm,425,,A process has exited,disstestbedvm\dfanalyst,,,PID: 0x2960,,,,,C:\Program Files\Google\Chrome\Application\chrome.exe,False,D:\UOW\SEM3\msc-diss-7csef001w\scenarios\scenario_2\artefacts\event_logs\Security.evtx,Audit success,0,"{""EventData"":{""Data"":[{""@Name"":""SubjectUserSid"",""#text"":""S-1-5-21-4209295338-567392030-2519289182-1001""},{""@Name"":""SubjectUserName"",""#text"":""dfanalyst""},{""@Name"":""SubjectDomainName"",""#text"":""disstestbedvm""},{""@Name"":""SubjectLogonId"",""#text"":""0x1B772""},{""@Name"":""Status"",""#text"":""0x0""},{""@Name"":""ProcessId"",""#text"":""0x2960""},{""@Name"":""ProcessName"",""#text"":""C:\\Program Files\\Google\\Chrome\\Application\\chrome.exe""}]}}"
35370,35370,2026-08-17 18:32:23.5644984,4688,LogAlways,Microsoft-Windows-Security-Auditing,Security,4,8896,disstestbedvm,425,,A new process has been created,disstestbedvm\dfanalyst,,Parent process: C:\Program Files\Google\Chrome\Application\chrome.exe,PID: 0x16FC,Parent PID: 0x2A9C,Mandatory label: SECURITY_MANDATORY_LOW_RID,Target User: -\-,,"C:\Program Files\Google\Chrome\Application\chrome.exe ""C:\Program Files\Google\Chrome\Application\chrome.exe"" --type=utility --utility-sub-type=unzip.mojom.Unzipper --lang=en-US --service-sandbox-type=service --no-pre-read-main-dll --metrics-shmem-handle=7696,i,7747643291503595084,5422721358483008879,524288 --field-trial-handle=300,i,12568652149631050601,17836649519809257441,262144 --variations-seed-version=20260815-030035.901000-production --pseudonymization-salt-handle=1736,i,1201548225642530370,3632485646844189389,4 --trace-process-track-uuid=3190709021919461756 --mojo-platform-channel-handle=6964 /prefetch:14",False,D:\UOW\SEM3\msc-diss-7csef001w\scenarios\scenario_2\artefacts\event_logs\Security.evtx,Audit success,0,"{""EventData"":{""Data"":[{""@Name"":""SubjectUserSid"",""#text"":""S-1-5-21-4209295338-567392030-2519289182-1001""},{""@Name"":""SubjectUserName"",""#text"":""dfanalyst""},{""@Name"":""SubjectDomainName"",""#text"":""disstestbedvm""},{""@Name"":""SubjectLogonId"",""#text"":""0x1B772""},{""@Name"":""NewProcessId"",""#text"":""0x2A9C""},{""@Name"":""NewProcessName"",""#text"":""C:\\Program Files\\Google\\Chrome\\Application\\chrome.exe""},{""@Name"":""TokenElevationType"",""#text"":""%%1938""},{""@Name"":""ProcessId"",""#text"":""0x16FC""},{""@Name"":""CommandLine"",""#text"":""\""C:\\Program Files\\Google\\Chrome\\Application\\chrome.exe\"" --type=utility --utility-sub-type=unzip.mojom.Unzipper --lang=en-US --service-sandbox-type=service --no-pre-read-main-dll --metrics-shmem-handle=7696,i,7747643291503595084,5422721358483008879,524288 --field-trial-handle=300,i,12568652149631050601,17836649519809257441,262144 --variations-seed-version=20260815-030035.901000-production --pseudonymization-salt-handle=1736,i,1201548225642530370,3632485646844189389,4 --trace-process-track-uuid=3190709021919461756 --mojo-platform-channel-handle=6964 /prefetch:14""},{""@Name"":""TargetUserSid"",""#text"":""S-1-0-0""},{""@Name"":""TargetUserName"",""#text"":""-""},{""@Name"":""TargetDomainName"",""#text"":""-""},{""@Name"":""TargetLogonId"",""#text"":""0x0""},{""@Name"":""ParentProcessName"",""#text"":""C:\\Program Files\\Google\\Chrome\\Application\\chrome.exe""},{""@Name"":""MandatoryLabel"",""#text"":""S-1-16-4096""}]}}"
35371,35371,2026-08-17 18:32:23.6635340,4689,LogAlways,Microsoft-Windows-Security-Auditing,Security,4,8896,disstestbedvm,425,,A process has exited,disstestbedvm\dfanalyst,,,PID: 0x2A9C,,,,,C:\Program Files\Google\Chrome\Application\chrome.exe,False,D:\UOW\SEM3\msc-diss-7csef001w\scenarios\scenario_2\artefacts\event_logs\Security.evtx,Audit success,0,"{""EventData"":{""Data"":[{""@Name"":""SubjectUserSid"",""#text"":""S-1-5-21-4209295338-567392030-2519289182-1001""},{""@Name"":""SubjectUserName"",""#text"":""dfanalyst""},{""@Name"":""SubjectDomainName"",""#text"":""disstestbedvm""},{""@Name"":""SubjectLogonId"",""#text"":""0x1B772""},{""@Name"":""Status"",""#text"":""0x0""},{""@Name"":""ProcessId"",""#text"":""0x2A9C""},{""@Name"":""ProcessName"",""#text"":""C:\\Program Files\\Google\\Chrome\\Application\\chrome.exe""}]}}"
35372,35372,2026-08-17 18:32:23.6822188,4688,LogAlways,Microsoft-Windows-Security-Auditing,Security,4,8896,disstestbedvm,425,,A new process has been created,disstestbedvm\dfanalyst,,Parent process: C:\Program Files\Google\Chrome\Application\chrome.exe,PID: 0x16FC,Parent PID: 0x1C7C,Mandatory label: SECURITY_MANDATORY_LOW_RID,Target User: -\-,,"C:\Program Files\Google\Chrome\Application\chrome.exe ""C:\Program Files\Google\Chrome\Application\chrome.exe"" --type=utility --utility-sub-type=unzip.mojom.Unzipper --lang=en-US --service-sandbox-type=service --no-pre-read-main-dll --metrics-shmem-handle=5468,i,5775072914594213009,13938348830383115863,524288 --field-trial-handle=300,i,12568652149631050601,17836649519809257441,262144 --variations-seed-version=20260815-030035.901000-production --pseudonymization-salt-handle=1736,i,1201548225642530370,3632485646844189389,4 --trace-process-track-uuid=3190709022856503605 --mojo-platform-channel-handle=6860 /prefetch:14",False,D:\UOW\SEM3\msc-diss-7csef001w\scenarios\scenario_2\artefacts\event_logs\Security.evtx,Audit success,0,"{""EventData"":{""Data"":[{""@Name"":""SubjectUserSid"",""#text"":""S-1-5-21-4209295338-567392030-2519289182-1001""},{""@Name"":""SubjectUserName"",""#text"":""dfanalyst""},{""@Name"":""SubjectDomainName"",""#text"":""disstestbedvm""},{""@Name"":""SubjectLogonId"",""#text"":""0x1B772""},{""@Name"":""NewProcessId"",""#text"":""0x1C7C""},{""@Name"":""NewProcessName"",""#text"":""C:\\Program Files\\Google\\Chrome\\Application\\chrome.exe""},{""@Name"":""TokenElevationType"",""#text"":""%%1938""},{""@Name"":""ProcessId"",""#text"":""0x16FC""},{""@Name"":""CommandLine"",""#text"":""\""C:\\Program Files\\Google\\Chrome\\Application\\chrome.exe\"" --type=utility --utility-sub-type=unzip.mojom.Unzipper --lang=en-US --service-sandbox-type=service --no-pre-read-main-dll --metrics-shmem-handle=5468,i,5775072914594213009,13938348830383115863,524288 --field-trial-handle=300,i,12568652149631050601,17836649519809257441,262144 --variations-seed-version=20260815-030035.901000-production --pseudonymization-salt-handle=1736,i,1201548225642530370,3632485646844189389,4 --trace-process-track-uuid=3190709022856503605 --mojo-platform-channel-handle=6860 /prefetch:14""},{""@Name"":""TargetUserSid"",""#text"":""S-1-0-0""},{""@Name"":""TargetUserName"",""#text"":""-""},{""@Name"":""TargetDomainName"",""#text"":""-""},{""@Name"":""TargetLogonId"",""#text"":""0x0""},{""@Name"":""ParentProcessName"",""#text"":""C:\\Program Files\\Google\\Chrome\\Application\\chrome.exe""},{""@Name"":""MandatoryLabel"",""#text"":""S-1-16-4096""}]}}"
35373,35373,2026-08-17 18:32:23.6854122,4689,LogAlways,Microsoft-Windows-Security-Auditing,Security,4,8896,disstestbedvm,425,,A process has exited,disstestbedvm\dfanalyst,,,PID: 0x768,,,,,C:\Program Files\Google\Chrome\Application\chrome.exe,False,D:\UOW\SEM3\msc-diss-7csef001w\scenarios\scenario_2\artefacts\event_logs\Security.evtx,Audit success,0,"{""EventData"":{""Data"":[{""@Name"":""SubjectUserSid"",""#text"":""S-1-5-21-4209295338-567392030-2519289182-1001""},{""@Name"":""SubjectUserName"",""#text"":""dfanalyst""},{""@Name"":""SubjectDomainName"",""#text"":""disstestbedvm""},{""@Name"":""SubjectLogonId"",""#text"":""0x1B772""},{""@Name"":""Status"",""#text"":""0x0""},{""@Name"":""ProcessId"",""#text"":""0x768""},{""@Name"":""ProcessName"",""#text"":""C:\\Program Files\\Google\\Chrome\\Application\\chrome.exe""}]}}"
35374,35374,2026-08-17 18:32:23.7262316,4689,LogAlways,Microsoft-Windows-Security-Auditing,Security,4,8896,disstestbedvm,425,,A process has exited,disstestbedvm\dfanalyst,,,PID: 0x1C7C,,,,,C:\Program Files\Google\Chrome\Application\chrome.exe,False,D:\UOW\SEM3\msc-diss-7csef001w\scenarios\scenario_2\artefacts\event_logs\Security.evtx,Audit success,0,"{""EventData"":{""Data"":[{""@Name"":""SubjectUserSid"",""#text"":""S-1-5-21-4209295338-567392030-2519289182-1001""},{""@Name"":""SubjectUserName"",""#text"":""dfanalyst""},{""@Name"":""SubjectDomainName"",""#text"":""disstestbedvm""},{""@Name"":""SubjectLogonId"",""#text"":""0x1B772""},{""@Name"":""Status"",""#text"":""0x0""},{""@Name"":""ProcessId"",""#text"":""0x1C7C""},{""@Name"":""ProcessName"",""#text"":""C:\\Program Files\\Google\\Chrome\\Application\\chrome.exe""}]}}"
35375,35375,2026-08-17 18:32:23.7656392,4688,LogAlways,Microsoft-Windows-Security-Auditing,Security,4,8896,disstestbedvm,425,,A new process has been created,disstestbedvm\dfanalyst,,Parent process: C:\Program Files\Google\Chrome\Application\chrome.exe,PID: 0x16FC,Parent PID: 0x14E4,Mandatory label: SECURITY_MANDATORY_MEDIUM_RID,Target User: -\-,,"C:\Program Files\Google\Chrome\Application\chrome.exe ""C:\Program Files\Google\Chrome\Application\chrome.exe"" --type=utility --utility-sub-type=quarantine.mojom.Quarantine --lang=en-US --service-sandbox-type=none --no-pre-read-main-dll --metrics-shmem-handle=6580,i,7968991899566701279,6999906555393197527,524288 --field-trial-handle=300,i,12568652149631050601,17836649519809257441,262144 --variations-seed-version=20260815-030035.901000-production --pseudonymization-salt-handle=1736,i,1201548225642530370,3632485646844189389,4 --trace-process-track-uuid=3190709023793545454 --mojo-platform-channel-handle=6620 /prefetch:14",False,D:\UOW\SEM3\msc-diss-7csef001w\scenarios\scenario_2\artefacts\event_logs\Security.evtx,Audit success,0,"{""EventData"":{""Data"":[{""@Name"":""SubjectUserSid"",""#text"":""S-1-5-21-4209295338-567392030-2519289182-1001""},{""@Name"":""SubjectUserName"",""#text"":""dfanalyst""},{""@Name"":""SubjectDomainName"",""#text"":""disstestbedvm""},{""@Name"":""SubjectLogonId"",""#text"":""0x1B772""},{""@Name"":""NewProcessId"",""#text"":""0x14E4""},{""@Name"":""NewProcessName"",""#text"":""C:\\Program Files\\Google\\Chrome\\Application\\chrome.exe""},{""@Name"":""TokenElevationType"",""#text"":""%%1938""},{""@Name"":""ProcessId"",""#text"":""0x16FC""},{""@Name"":""CommandLine"",""#text"":""\""C:\\Program Files\\Google\\Chrome\\Application\\chrome.exe\"" --type=utility --utility-sub-type=quarantine.mojom.Quarantine --lang=en-US --service-sandbox-type=none --no-pre-read-main-dll --metrics-shmem-handle=6580,i,7968991899566701279,6999906555393197527,524288 --field-trial-handle=300,i,12568652149631050601,17836649519809257441,262144 --variations-seed-version=20260815-030035.901000-production --pseudonymization-salt-handle=1736,i,1201548225642530370,3632485646844189389,4 --trace-process-track-uuid=3190709023793545454 --mojo-platform-channel-handle=6620 /prefetch:14""},{""@Name"":""TargetUserSid"",""#text"":""S-1-0-0""},{""@Name"":""TargetUserName"",""#text"":""-""},{""@Name"":""TargetDomainName"",""#text"":""-""},{""@Name"":""TargetLogonId"",""#text"":""0x0""},{""@Name"":""ParentProcessName"",""#text"":""C:\\Program Files\\Google\\Chrome\\Application\\chrome.exe""},{""@Name"":""MandatoryLabel"",""#text"":""S-1-16-8192""}]}}"
35376,35376,2026-08-17 18:32:23.9438429,4689,LogAlways,Microsoft-Windows-Security-Auditing,Security,4,8896,disstestbedvm,425,,A process has exited,disstestbedvm\dfanalyst,,,PID: 0x14E4,,,,,C:\Program Files\Google\Chrome\Application\chrome.exe,False,D:\UOW\SEM3\msc-diss-7csef001w\scenarios\scenario_2\artefacts\event_logs\Security.evtx,Audit success,0,"{""EventData"":{""Data"":[{""@Name"":""SubjectUserSid"",""#text"":""S-1-5-21-4209295338-567392030-2519289182-1001""},{""@Name"":""SubjectUserName"",""#text"":""dfanalyst""},{""@Name"":""SubjectDomainName"",""#text"":""disstestbedvm""},{""@Name"":""SubjectLogonId"",""#text"":""0x1B772""},{""@Name"":""Status"",""#text"":""0x0""},{""@Name"":""ProcessId"",""#text"":""0x14E4""},{""@Name"":""ProcessName"",""#text"":""C:\\Program Files\\Google\\Chrome\\Application\\chrome.exe""}]}}"
35377,35377,2026-08-17 18:32:23.9481444,4688,LogAlways,Microsoft-Windows-Security-Auditing,Security,4,8896,disstestbedvm,425,,A new process has been created,disstestbedvm\dfanalyst,,Parent process: C:\Program Files\Google\Chrome\Application\chrome.exe,PID: 0x16FC,Parent PID: 0x1A14,Mandatory label: SECURITY_MANDATORY_LOW_RID,Target User: -\-,,"C:\Program Files\Google\Chrome\Application\chrome.exe ""C:\Program Files\Google\Chrome\Application\chrome.exe"" --type=utility --utility-sub-type=unzip.mojom.Unzipper --lang=en-US --service-sandbox-type=service --no-pre-read-main-dll --metrics-shmem-handle=3772,i,5326042168992399827,3356077788520371343,524288 --field-trial-handle=300,i,12568652149631050601,17836649519809257441,262144 --variations-seed-version=20260815-030035.901000-production --pseudonymization-salt-handle=1736,i,1201548225642530370,3632485646844189389,4 --trace-process-track-uuid=3190709024730587303 --mojo-platform-channel-handle=6580 /prefetch:14",False,D:\UOW\SEM3\msc-diss-7csef001w\scenarios\scenario_2\artefacts\event_logs\Security.evtx,Audit success,0,"{""EventData"":{""Data"":[{""@Name"":""SubjectUserSid"",""#text"":""S-1-5-21-4209295338-567392030-2519289182-1001""},{""@Name"":""SubjectUserName"",""#text"":""dfanalyst""},{""@Name"":""SubjectDomainName"",""#text"":""disstestbedvm""},{""@Name"":""SubjectLogonId"",""#text"":""0x1B772""},{""@Name"":""NewProcessId"",""#text"":""0x1A14""},{""@Name"":""NewProcessName"",""#text"":""C:\\Program Files\\Google\\Chrome\\Application\\chrome.exe""},{""@Name"":""TokenElevationType"",""#text"":""%%1938""},{""@Name"":""ProcessId"",""#text"":""0x16FC""},{""@Name"":""CommandLine"",""#text"":""\""C:\\Program Files\\Google\\Chrome\\Application\\chrome.exe\"" --type=utility --utility-sub-type=unzip.mojom.Unzipper --lang=en-US --service-sandbox-type=service --no-pre-read-main-dll --metrics-shmem-handle=3772,i,5326042168992399827,3356077788520371343,524288 --field-trial-handle=300,i,12568652149631050601,17836649519809257441,262144 --variations-seed-version=20260815-030035.901000-production --pseudonymization-salt-handle=1736,i,1201548225642530370,3632485646844189389,4 --trace-process-track-uuid=3190709024730587303 --mojo-platform-channel-handle=6580 /prefetch:14""},{""@Name"":""TargetUserSid"",""#text"":""S-1-0-0""},{""@Name"":""TargetUserName"",""#text"":""-""},{""@Name"":""TargetDomainName"",""#text"":""-""},{""@Name"":""TargetLogonId"",""#text"":""0x0""},{""@Name"":""ParentProcessName"",""#text"":""C:\\Program Files\\Google\\Chrome\\Application\\chrome.exe""},{""@Name"":""MandatoryLabel"",""#text"":""S-1-16-4096""}]}}"
35378,35378,2026-08-17 18:32:23.9987993,4689,LogAlways,Microsoft-Windows-Security-Auditing,Security,4,8896,disstestbedvm,425,,A process has exited,disstestbedvm\dfanalyst,,,PID: 0x1A14,,,,,C:\Program Files\Google\Chrome\Application\chrome.exe,False,D:\UOW\SEM3\msc-diss-7csef001w\scenarios\scenario_2\artefacts\event_logs\Security.evtx,Audit success,0,"{""EventData"":{""Data"":[{""@Name"":""SubjectUserSid"",""#text"":""S-1-5-21-4209295338-567392030-2519289182-1001""},{""@Name"":""SubjectUserName"",""#text"":""dfanalyst""},{""@Name"":""SubjectDomainName"",""#text"":""disstestbedvm""},{""@Name"":""SubjectLogonId"",""#text"":""0x1B772""},{""@Name"":""Status"",""#text"":""0x0""},{""@Name"":""ProcessId"",""#text"":""0x1A14""},{""@Name"":""ProcessName"",""#text"":""C:\\Program Files\\Google\\Chrome\\Application\\chrome.exe""}]}}"
35379,35379,2026-08-17 18:32:24.0458012,4688,LogAlways,Microsoft-Windows-Security-Auditing,Security,4,224,disstestbedvm,425,,A new process has been created,disstestbedvm\dfanalyst,,Parent process: C:\Program Files\Google\Chrome\Application\chrome.exe,PID: 0x16FC,Parent PID: 0x2368,Mandatory label: SECURITY_MANDATORY_MEDIUM_RID,Target User: -\-,,"C:\Program Files\Google\Chrome\Application\chrome.exe ""C:\Program Files\Google\Chrome\Application\chrome.exe"" --type=utility --utility-sub-type=quarantine.mojom.Quarantine --lang=en-US --service-sandbox-type=none --no-pre-read-main-dll --metrics-shmem-handle=6180,i,14110163208567062309,14419959166091117629,524288 --field-trial-handle=300,i,12568652149631050601,17836649519809257441,262144 --variations-seed-version=20260815-030035.901000-production --pseudonymization-salt-handle=1736,i,1201548225642530370,3632485646844189389,4 --trace-process-track-uuid=3190709025667629152 --mojo-platform-channel-handle=7572 /prefetch:14",False,D:\UOW\SEM3\msc-diss-7csef001w\scenarios\scenario_2\artefacts\event_logs\Security.evtx,Audit success,0,"{""EventData"":{""Data"":[{""@Name"":""SubjectUserSid"",""#text"":""S-1-5-21-4209295338-567392030-2519289182-1001""},{""@Name"":""SubjectUserName"",""#text"":""dfanalyst""},{""@Name"":""SubjectDomainName"",""#text"":""disstestbedvm""},{""@Name"":""SubjectLogonId"",""#text"":""0x1B772""},{""@Name"":""NewProcessId"",""#text"":""0x2368""},{""@Name"":""NewProcessName"",""#text"":""C:\\Program Files\\Google\\Chrome\\Application\\chrome.exe""},{""@Name"":""TokenElevationType"",""#text"":""%%1938""},{""@Name"":""ProcessId"",""#text"":""0x16FC""},{""@Name"":""CommandLine"",""#text"":""\""C:\\Program Files\\Google\\Chrome\\Application\\chrome.exe\"" --type=utility --utility-sub-type=quarantine.mojom.Quarantine --lang=en-US --service-sandbox-type=none --no-pre-read-main-dll --metrics-shmem-handle=6180,i,14110163208567062309,14419959166091117629,524288 --field-trial-handle=300,i,12568652149631050601,17836649519809257441,262144 --variations-seed-version=20260815-030035.901000-production --pseudonymization-salt-handle=1736,i,1201548225642530370,3632485646844189389,4 --trace-process-track-uuid=3190709025667629152 --mojo-platform-channel-handle=7572 /prefetch:14""},{""@Name"":""TargetUserSid"",""#text"":""S-1-0-0""},{""@Name"":""TargetUserName"",""#text"":""-""},{""@Name"":""TargetDomainName"",""#text"":""-""},{""@Name"":""TargetLogonId"",""#text"":""0x0""},{""@Name"":""ParentProcessName"",""#text"":""C:\\Program Files\\Google\\Chrome\\Application\\chrome.exe""},{""@Name"":""MandatoryLabel"",""#text"":""S-1-16-8192""}]}}"
35380,35380,2026-08-17 18:32:24.1844083,4688,LogAlways,Microsoft-Windows-Security-Auditing,Security,4,8896,disstestbedvm,425,,A new process has been created,disstestbedvm\dfanalyst,,Parent process: C:\Program Files\Google\Chrome\Application\chrome.exe,PID: 0x16FC,Parent PID: 0xA94,Mandatory label: SECURITY_MANDATORY_LOW_RID,Target User: -\-,,"C:\Program Files\Google\Chrome\Application\chrome.exe ""C:\Program Files\Google\Chrome\Application\chrome.exe"" --type=utility --utility-sub-type=unzip.mojom.Unzipper --lang=en-US --service-sandbox-type=service --no-pre-read-main-dll --metrics-shmem-handle=7472,i,4988833280290728348,12550789816975331095,524288 --field-trial-handle=300,i,12568652149631050601,17836649519809257441,262144 --variations-seed-version=20260815-030035.901000-production --pseudonymization-salt-handle=1736,i,1201548225642530370,3632485646844189389,4 --trace-process-track-uuid=3190709026604671001 --mojo-platform-channel-handle=6660 /prefetch:14",False,D:\UOW\SEM3\msc-diss-7csef001w\scenarios\scenario_2\artefacts\event_logs\Security.evtx,Audit success,0,"{""EventData"":{""Data"":[{""@Name"":""SubjectUserSid"",""#text"":""S-1-5-21-4209295338-567392030-2519289182-1001""},{""@Name"":""SubjectUserName"",""#text"":""dfanalyst""},{""@Name"":""SubjectDomainName"",""#text"":""disstestbedvm""},{""@Name"":""SubjectLogonId"",""#text"":""0x1B772""},{""@Name"":""NewProcessId"",""#text"":""0xA94""},{""@Name"":""NewProcessName"",""#text"":""C:\\Program Files\\Google\\Chrome\\Application\\chrome.exe""},{""@Name"":""TokenElevationType"",""#text"":""%%1938""},{""@Name"":""ProcessId"",""#text"":""0x16FC""},{""@Name"":""CommandLine"",""#text"":""\""C:\\Program Files\\Google\\Chrome\\Application\\chrome.exe\"" --type=utility --utility-sub-type=unzip.mojom.Unzipper --lang=en-US --service-sandbox-type=service --no-pre-read-main-dll --metrics-shmem-handle=7472,i,4988833280290728348,12550789816975331095,524288 --field-trial-handle=300,i,12568652149631050601,17836649519809257441,262144 --variations-seed-version=20260815-030035.901000-production --pseudonymization-salt-handle=1736,i,1201548225642530370,3632485646844189389,4 --trace-process-track-uuid=3190709026604671001 --mojo-platform-channel-handle=6660 /prefetch:14""},{""@Name"":""TargetUserSid"",""#text"":""S-1-0-0""},{""@Name"":""TargetUserName"",""#text"":""-""},{""@Name"":""TargetDomainName"",""#text"":""-""},{""@Name"":""TargetLogonId"",""#text"":""0x0""},{""@Name"":""ParentProcessName"",""#text"":""C:\\Program Files\\Google\\Chrome\\Application\\chrome.exe""},{""@Name"":""MandatoryLabel"",""#text"":""S-1-16-4096""}]}}"
35381,35381,2026-08-17 18:32:24.1846013,4689,LogAlways,Microsoft-Windows-Security-Auditing,Security,4,8896,disstestbedvm,425,,A process has exited,disstestbedvm\dfanalyst,,,PID: 0x2368,,,,,C:\Program Files\Google\Chrome\Application\chrome.exe,False,D:\UOW\SEM3\msc-diss-7csef001w\scenarios\scenario_2\artefacts\event_logs\Security.evtx,Audit success,0,"{""EventData"":{""Data"":[{""@Name"":""SubjectUserSid"",""#text"":""S-1-5-21-4209295338-567392030-2519289182-1001""},{""@Name"":""SubjectUserName"",""#text"":""dfanalyst""},{""@Name"":""SubjectDomainName"",""#text"":""disstestbedvm""},{""@Name"":""SubjectLogonId"",""#text"":""0x1B772""},{""@Name"":""Status"",""#text"":""0x0""},{""@Name"":""ProcessId"",""#text"":""0x2368""},{""@Name"":""ProcessName"",""#text"":""C:\\Program Files\\Google\\Chrome\\Application\\chrome.exe""}]}}"
35382,35382,2026-08-17 18:32:24.2283108,4689,LogAlways,Microsoft-Windows-Security-Auditing,Security,4,8896,disstestbedvm,425,,A process has exited,disstestbedvm\dfanalyst,,,PID: 0xA94,,,,,C:\Program Files\Google\Chrome\Application\chrome.exe,False,D:\UOW\SEM3\msc-diss-7csef001w\scenarios\scenario_2\artefacts\event_logs\Security.evtx,Audit success,0,"{""EventData"":{""Data"":[{""@Name"":""SubjectUserSid"",""#text"":""S-1-5-21-4209295338-567392030-2519289182-1001""},{""@Name"":""SubjectUserName"",""#text"":""dfanalyst""},{""@Name"":""SubjectDomainName"",""#text"":""disstestbedvm""},{""@Name"":""SubjectLogonId"",""#text"":""0x1B772""},{""@Name"":""Status"",""#text"":""0x0""},{""@Name"":""ProcessId"",""#text"":""0xA94""},{""@Name"":""ProcessName"",""#text"":""C:\\Program Files\\Google\\Chrome\\Application\\chrome.exe""}]}}"
35383,35383,2026-08-17 18:32:24.2723377,4688,LogAlways,Microsoft-Windows-Security-Auditing,Security,4,224,disstestbedvm,425,,A new process has been created,disstestbedvm\dfanalyst,,Parent process: C:\Program Files\Google\Chrome\Application\chrome.exe,PID: 0x16FC,Parent PID: 0x2A48,Mandatory label: SECURITY_MANDATORY_MEDIUM_RID,Target User: -\-,,"C:\Program Files\Google\Chrome\Application\chrome.exe ""C:\Program Files\Google\Chrome\Application\chrome.exe"" --type=utility --utility-sub-type=quarantine.mojom.Quarantine --lang=en-US --service-sandbox-type=none --no-pre-read-main-dll --metrics-shmem-handle=7732,i,14693301556182751333,13716505468885688359,524288 --field-trial-handle=300,i,12568652149631050601,17836649519809257441,262144 --variations-seed-version=20260815-030035.901000-production --pseudonymization-salt-handle=1736,i,1201548225642530370,3632485646844189389,4 --trace-process-track-uuid=3190709027541712850 --mojo-platform-channel-handle=6756 /prefetch:14",False,D:\UOW\SEM3\msc-diss-7csef001w\scenarios\scenario_2\artefacts\event_logs\Security.evtx,Audit success,0,"{""EventData"":{""Data"":[{""@Name"":""SubjectUserSid"",""#text"":""S-1-5-21-4209295338-567392030-2519289182-1001""},{""@Name"":""SubjectUserName"",""#text"":""dfanalyst""},{""@Name"":""SubjectDomainName"",""#text"":""disstestbedvm""},{""@Name"":""SubjectLogonId"",""#text"":""0x1B772""},{""@Name"":""NewProcessId"",""#text"":""0x2A48""},{""@Name"":""NewProcessName"",""#text"":""C:\\Program Files\\Google\\Chrome\\Application\\chrome.exe""},{""@Name"":""TokenElevationType"",""#text"":""%%1938""},{""@Name"":""ProcessId"",""#text"":""0x16FC""},{""@Name"":""CommandLine"",""#text"":""\""C:\\Program Files\\Google\\Chrome\\Application\\chrome.exe\"" --type=utility --utility-sub-type=quarantine.mojom.Quarantine --lang=en-US --service-sandbox-type=none --no-pre-read-main-dll --metrics-shmem-handle=7732,i,14693301556182751333,13716505468885688359,524288 --field-trial-handle=300,i,12568652149631050601,17836649519809257441,262144 --variations-seed-version=20260815-030035.901000-production --pseudonymization-salt-handle=1736,i,1201548225642530370,3632485646844189389,4 --trace-process-track-uuid=3190709027541712850 --mojo-platform-channel-handle=6756 /prefetch:14""},{""@Name"":""TargetUserSid"",""#text"":""S-1-0-0""},{""@Name"":""TargetUserName"",""#text"":""-""},{""@Name"":""TargetDomainName"",""#text"":""-""},{""@Name"":""TargetLogonId"",""#text"":""0x0""},{""@Name"":""ParentProcessName"",""#text"":""C:\\Program Files\\Google\\Chrome\\Application\\chrome.exe""},{""@Name"":""MandatoryLabel"",""#text"":""S-1-16-8192""}]}}"
35384,35384,2026-08-17 18:32:24.4111153,4688,LogAlways,Microsoft-Windows-Security-Auditing,Security,4,224,disstestbedvm,425,,A new process has been created,disstestbedvm\dfanalyst,,Parent process: C:\Program Files\Google\Chrome\Application\chrome.exe,PID: 0x16FC,Parent PID: 0x23C4,Mandatory label: SECURITY_MANDATORY_LOW_RID,Target User: -\-,,"C:\Program Files\Google\Chrome\Application\chrome.exe ""C:\Program Files\Google\Chrome\Application\chrome.exe"" --type=utility --utility-sub-type=unzip.mojom.Unzipper --lang=en-US --service-sandbox-type=service --no-pre-read-main-dll --metrics-shmem-handle=6208,i,7996568391114521062,327443501827310735,524288 --field-trial-handle=300,i,12568652149631050601,17836649519809257441,262144 --variations-seed-version=20260815-030035.901000-production --pseudonymization-salt-handle=1736,i,1201548225642530370,3632485646844189389,4 --trace-process-track-uuid=3190709028478754699 --mojo-platform-channel-handle=6760 /prefetch:14",False,D:\UOW\SEM3\msc-diss-7csef001w\scenarios\scenario_2\artefacts\event_logs\Security.evtx,Audit success,0,"{""EventData"":{""Data"":[{""@Name"":""SubjectUserSid"",""#text"":""S-1-5-21-4209295338-567392030-2519289182-1001""},{""@Name"":""SubjectUserName"",""#text"":""dfanalyst""},{""@Name"":""SubjectDomainName"",""#text"":""disstestbedvm""},{""@Name"":""SubjectLogonId"",""#text"":""0x1B772""},{""@Name"":""NewProcessId"",""#text"":""0x23C4""},{""@Name"":""NewProcessName"",""#text"":""C:\\Program Files\\Google\\Chrome\\Application\\chrome.exe""},{""@Name"":""TokenElevationType"",""#text"":""%%1938""},{""@Name"":""ProcessId"",""#text"":""0x16FC""},{""@Name"":""CommandLine"",""#text"":""\""C:\\Program Files\\Google\\Chrome\\Application\\chrome.exe\"" --type=utility --utility-sub-type=unzip.mojom.Unzipper --lang=en-US --service-sandbox-type=service --no-pre-read-main-dll --metrics-shmem-handle=6208,i,7996568391114521062,327443501827310735,524288 --field-trial-handle=300,i,12568652149631050601,17836649519809257441,262144 --variations-seed-version=20260815-030035.901000-production --pseudonymization-salt-handle=1736,i,1201548225642530370,3632485646844189389,4 --trace-process-track-uuid=3190709028478754699 --mojo-platform-channel-handle=6760 /prefetch:14""},{""@Name"":""TargetUserSid"",""#text"":""S-1-0-0""},{""@Name"":""TargetUserName"",""#text"":""-""},{""@Name"":""TargetDomainName"",""#text"":""-""},{""@Name"":""TargetLogonId"",""#text"":""0x0""},{""@Name"":""ParentProcessName"",""#text"":""C:\\Program Files\\Google\\Chrome\\Application\\chrome.exe""},{""@Name"":""MandatoryLabel"",""#text"":""S-1-16-4096""}]}}"
35385,35385,2026-08-17 18:32:24.4111511,4689,LogAlways,Microsoft-Windows-Security-Auditing,Security,4,224,disstestbedvm,425,,A process has exited,disstestbedvm\dfanalyst,,,PID: 0x2A48,,,,,C:\Program Files\Google\Chrome\Application\chrome.exe,False,D:\UOW\SEM3\msc-diss-7csef001w\scenarios\scenario_2\artefacts\event_logs\Security.evtx,Audit success,0,"{""EventData"":{""Data"":[{""@Name"":""SubjectUserSid"",""#text"":""S-1-5-21-4209295338-567392030-2519289182-1001""},{""@Name"":""SubjectUserName"",""#text"":""dfanalyst""},{""@Name"":""SubjectDomainName"",""#text"":""disstestbedvm""},{""@Name"":""SubjectLogonId"",""#text"":""0x1B772""},{""@Name"":""Status"",""#text"":""0x0""},{""@Name"":""ProcessId"",""#text"":""0x2A48""},{""@Name"":""ProcessName"",""#text"":""C:\\Program Files\\Google\\Chrome\\Application\\chrome.exe""}]}}"
35386,35386,2026-08-17 18:32:24.4468152,4689,LogAlways,Microsoft-Windows-Security-Auditing,Security,4,224,disstestbedvm,425,,A process has exited,disstestbedvm\dfanalyst,,,PID: 0x23C4,,,,,C:\Program Files\Google\Chrome\Application\chrome.exe,False,D:\UOW\SEM3\msc-diss-7csef001w\scenarios\scenario_2\artefacts\event_logs\Security.evtx,Audit success,0,"{""EventData"":{""Data"":[{""@Name"":""SubjectUserSid"",""#text"":""S-1-5-21-4209295338-567392030-2519289182-1001""},{""@Name"":""SubjectUserName"",""#text"":""dfanalyst""},{""@Name"":""SubjectDomainName"",""#text"":""disstestbedvm""},{""@Name"":""SubjectLogonId"",""#text"":""0x1B772""},{""@Name"":""Status"",""#text"":""0x0""},{""@Name"":""ProcessId"",""#text"":""0x23C4""},{""@Name"":""ProcessName"",""#text"":""C:\\Program Files\\Google\\Chrome\\Application\\chrome.exe""}]}}"
35387,35387,2026-08-17 18:32:24.7067519,4688,LogAlways,Microsoft-Windows-Security-Auditing,Security,4,8896,disstestbedvm,425,,A new process has been created,disstestbedvm\dfanalyst,,Parent process: C:\Program Files\Google\Chrome\Application\chrome.exe,PID: 0x16FC,Parent PID: 0x2298,Mandatory label: SECURITY_MANDATORY_MEDIUM_RID,Target User: -\-,,"C:\Program Files\Google\Chrome\Application\chrome.exe ""C:\Program Files\Google\Chrome\Application\chrome.exe"" --type=utility --utility-sub-type=quarantine.mojom.Quarantine --lang=en-US --service-sandbox-type=none --no-pre-read-main-dll --metrics-shmem-handle=7836,i,3361006449657637469,1744530909609401606,524288 --field-trial-handle=300,i,12568652149631050601,17836649519809257441,262144 --variations-seed-version=20260815-030035.901000-production --pseudonymization-salt-handle=1736,i,1201548225642530370,3632485646844189389,4 --trace-process-track-uuid=3190709029415796548 --mojo-platform-channel-handle=7116 /prefetch:14",False,D:\UOW\SEM3\msc-diss-7csef001w\scenarios\scenario_2\artefacts\event_logs\Security.evtx,Audit success,0,"{""EventData"":{""Data"":[{""@Name"":""SubjectUserSid"",""#text"":""S-1-5-21-4209295338-567392030-2519289182-1001""},{""@Name"":""SubjectUserName"",""#text"":""dfanalyst""},{""@Name"":""SubjectDomainName"",""#text"":""disstestbedvm""},{""@Name"":""SubjectLogonId"",""#text"":""0x1B772""},{""@Name"":""NewProcessId"",""#text"":""0x2298""},{""@Name"":""NewProcessName"",""#text"":""C:\\Program Files\\Google\\Chrome\\Application\\chrome.exe""},{""@Name"":""TokenElevationType"",""#text"":""%%1938""},{""@Name"":""ProcessId"",""#text"":""0x16FC""},{""@Name"":""CommandLine"",""#text"":""\""C:\\Program Files\\Google\\Chrome\\Application\\chrome.exe\"" --type=utility --utility-sub-type=quarantine.mojom.Quarantine --lang=en-US --service-sandbox-type=none --no-pre-read-main-dll --metrics-shmem-handle=7836,i,3361006449657637469,1744530909609401606,524288 --field-trial-handle=300,i,12568652149631050601,17836649519809257441,262144 --variations-seed-version=20260815-030035.901000-production --pseudonymization-salt-handle=1736,i,1201548225642530370,3632485646844189389,4 --trace-process-track-uuid=3190709029415796548 --mojo-platform-channel-handle=7116 /prefetch:14""},{""@Name"":""TargetUserSid"",""#text"":""S-1-0-0""},{""@Name"":""TargetUserName"",""#text"":""-""},{""@Name"":""TargetDomainName"",""#text"":""-""},{""@Name"":""TargetLogonId"",""#text"":""0x0""},{""@Name"":""ParentProcessName"",""#text"":""C:\\Program Files\\Google\\Chrome\\Application\\chrome.exe""},{""@Name"":""MandatoryLabel"",""#text"":""S-1-16-8192""}]}}"
35388,35388,2026-08-17 18:32:25.0674578,4689,LogAlways,Microsoft-Windows-Security-Auditing,Security,4,8896,disstestbedvm,425,,A process has exited,disstestbedvm\dfanalyst,,,PID: 0x2298,,,,,C:\Program Files\Google\Chrome\Application\chrome.exe,False,D:\UOW\SEM3\msc-diss-7csef001w\scenarios\scenario_2\artefacts\event_logs\Security.evtx,Audit success,0,"{""EventData"":{""Data"":[{""@Name"":""SubjectUserSid"",""#text"":""S-1-5-21-4209295338-567392030-2519289182-1001""},{""@Name"":""SubjectUserName"",""#text"":""dfanalyst""},{""@Name"":""SubjectDomainName"",""#text"":""disstestbedvm""},{""@Name"":""SubjectLogonId"",""#text"":""0x1B772""},{""@Name"":""Status"",""#text"":""0x0""},{""@Name"":""ProcessId"",""#text"":""0x2298""},{""@Name"":""ProcessName"",""#text"":""C:\\Program Files\\Google\\Chrome\\Application\\chrome.exe""}]}}"
35389,35389,2026-08-17 18:32:25.0711458,4688,LogAlways,Microsoft-Windows-Security-Auditing,Security,4,224,disstestbedvm,425,,A new process has been created,disstestbedvm\dfanalyst,,Parent process: C:\Program Files\Google\Chrome\Application\chrome.exe,PID: 0x16FC,Parent PID: 0x60C,Mandatory label: SECURITY_MANDATORY_LOW_RID,Target User: -\-,,"C:\Program Files\Google\Chrome\Application\chrome.exe ""C:\Program Files\Google\Chrome\Application\chrome.exe"" --type=utility --utility-sub-type=unzip.mojom.Unzipper --lang=en-US --service-sandbox-type=service --no-pre-read-main-dll --metrics-shmem-handle=5540,i,11261639433891381115,15020206468335288020,524288 --field-trial-handle=300,i,12568652149631050601,17836649519809257441,262144 --variations-seed-version=20260815-030035.901000-production --pseudonymization-salt-handle=1736,i,1201548225642530370,3632485646844189389,4 --trace-process-track-uuid=3190709030352838397 --mojo-platform-channel-handle=7836 /prefetch:14",False,D:\UOW\SEM3\msc-diss-7csef001w\scenarios\scenario_2\artefacts\event_logs\Security.evtx,Audit success,0,"{""EventData"":{""Data"":[{""@Name"":""SubjectUserSid"",""#text"":""S-1-5-21-4209295338-567392030-2519289182-1001""},{""@Name"":""SubjectUserName"",""#text"":""dfanalyst""},{""@Name"":""SubjectDomainName"",""#text"":""disstestbedvm""},{""@Name"":""SubjectLogonId"",""#text"":""0x1B772""},{""@Name"":""NewProcessId"",""#text"":""0x60C""},{""@Name"":""NewProcessName"",""#text"":""C:\\Program Files\\Google\\Chrome\\Application\\chrome.exe""},{""@Name"":""TokenElevationType"",""#text"":""%%1938""},{""@Name"":""ProcessId"",""#text"":""0x16FC""},{""@Name"":""CommandLine"",""#text"":""\""C:\\Program Files\\Google\\Chrome\\Application\\chrome.exe\"" --type=utility --utility-sub-type=unzip.mojom.Unzipper --lang=en-US --service-sandbox-type=service --no-pre-read-main-dll --metrics-shmem-handle=5540,i,11261639433891381115,15020206468335288020,524288 --field-trial-handle=300,i,12568652149631050601,17836649519809257441,262144 --variations-seed-version=20260815-030035.901000-production --pseudonymization-salt-handle=1736,i,1201548225642530370,3632485646844189389,4 --trace-process-track-uuid=3190709030352838397 --mojo-platform-channel-handle=7836 /prefetch:14""},{""@Name"":""TargetUserSid"",""#text"":""S-1-0-0""},{""@Name"":""TargetUserName"",""#text"":""-""},{""@Name"":""TargetDomainName"",""#text"":""-""},{""@Name"":""TargetLogonId"",""#text"":""0x0""},{""@Name"":""ParentProcessName"",""#text"":""C:\\Program Files\\Google\\Chrome\\Application\\chrome.exe""},{""@Name"":""MandatoryLabel"",""#text"":""S-1-16-4096""}]}}"
35390,35390,2026-08-17 18:32:25.1293141,4689,LogAlways,Microsoft-Windows-Security-Auditing,Security,4,224,disstestbedvm,425,,A process has exited,disstestbedvm\dfanalyst,,,PID: 0x60C,,,,,C:\Program Files\Google\Chrome\Application\chrome.exe,False,D:\UOW\SEM3\msc-diss-7csef001w\scenarios\scenario_2\artefacts\event_logs\Security.evtx,Audit success,0,"{""EventData"":{""Data"":[{""@Name"":""SubjectUserSid"",""#text"":""S-1-5-21-4209295338-567392030-2519289182-1001""},{""@Name"":""SubjectUserName"",""#text"":""dfanalyst""},{""@Name"":""SubjectDomainName"",""#text"":""disstestbedvm""},{""@Name"":""SubjectLogonId"",""#text"":""0x1B772""},{""@Name"":""Status"",""#text"":""0x0""},{""@Name"":""ProcessId"",""#text"":""0x60C""},{""@Name"":""ProcessName"",""#text"":""C:\\Program Files\\Google\\Chrome\\Application\\chrome.exe""}]}}"
35391,35391,2026-08-17 18:32:26.1455360,4688,LogAlways,Microsoft-Windows-Security-Auditing,Security,4,8896,disstestbedvm,425,,A new process has been created,disstestbedvm\dfanalyst,,Parent process: C:\Program Files\Google\Chrome\Application\chrome.exe,PID: 0x16FC,Parent PID: 0x86C,Mandatory label: SECURITY_MANDATORY_MEDIUM_RID,Target User: -\-,,"C:\Program Files\Google\Chrome\Application\chrome.exe ""C:\Program Files\Google\Chrome\Application\chrome.exe"" --type=utility --utility-sub-type=quarantine.mojom.Quarantine --lang=en-US --service-sandbox-type=none --no-pre-read-main-dll --metrics-shmem-handle=5572,i,220966843371865745,13113913738704706552,524288 --field-trial-handle=300,i,12568652149631050601,17836649519809257441,262144 --variations-seed-version=20260815-030035.901000-production --pseudonymization-salt-handle=1736,i,1201548225642530370,3632485646844189389,4 --trace-process-track-uuid=3190709031289880246 --mojo-platform-channel-handle=7896 /prefetch:14",False,D:\UOW\SEM3\msc-diss-7csef001w\scenarios\scenario_2\artefacts\event_logs\Security.evtx,Audit success,0,"{""EventData"":{""Data"":[{""@Name"":""SubjectUserSid"",""#text"":""S-1-5-21-4209295338-567392030-2519289182-1001""},{""@Name"":""SubjectUserName"",""#text"":""dfanalyst""},{""@Name"":""SubjectDomainName"",""#text"":""disstestbedvm""},{""@Name"":""SubjectLogonId"",""#text"":""0x1B772""},{""@Name"":""NewProcessId"",""#text"":""0x86C""},{""@Name"":""NewProcessName"",""#text"":""C:\\Program Files\\Google\\Chrome\\Application\\chrome.exe""},{""@Name"":""TokenElevationType"",""#text"":""%%1938""},{""@Name"":""ProcessId"",""#text"":""0x16FC""},{""@Name"":""CommandLine"",""#text"":""\""C:\\Program Files\\Google\\Chrome\\Application\\chrome.exe\"" --type=utility --utility-sub-type=quarantine.mojom.Quarantine --lang=en-US --service-sandbox-type=none --no-pre-read-main-dll --metrics-shmem-handle=5572,i,220966843371865745,13113913738704706552,524288 --field-trial-handle=300,i,12568652149631050601,17836649519809257441,262144 --variations-seed-version=20260815-030035.901000-production --pseudonymization-salt-handle=1736,i,1201548225642530370,3632485646844189389,4 --trace-process-track-uuid=3190709031289880246 --mojo-platform-channel-handle=7896 /prefetch:14""},{""@Name"":""TargetUserSid"",""#text"":""S-1-0-0""},{""@Name"":""TargetUserName"",""#text"":""-""},{""@Name"":""TargetDomainName"",""#text"":""-""},{""@Name"":""TargetLogonId"",""#text"":""0x0""},{""@Name"":""ParentProcessName"",""#text"":""C:\\Program Files\\Google\\Chrome\\Application\\chrome.exe""},{""@Name"":""MandatoryLabel"",""#text"":""S-1-16-8192""}]}}"
35392,35392,2026-08-17 18:32:26.3809263,4689,LogAlways,Microsoft-Windows-Security-Auditing,Security,4,8896,disstestbedvm,425,,A process has exited,disstestbedvm\dfanalyst,,,PID: 0x86C,,,,,C:\Program Files\Google\Chrome\Application\chrome.exe,False,D:\UOW\SEM3\msc-diss-7csef001w\scenarios\scenario_2\artefacts\event_logs\Security.evtx,Audit success,0,"{""EventData"":{""Data"":[{""@Name"":""SubjectUserSid"",""#text"":""S-1-5-21-4209295338-567392030-2519289182-1001""},{""@Name"":""SubjectUserName"",""#text"":""dfanalyst""},{""@Name"":""SubjectDomainName"",""#text"":""disstestbedvm""},{""@Name"":""SubjectLogonId"",""#text"":""0x1B772""},{""@Name"":""Status"",""#text"":""0x0""},{""@Name"":""ProcessId"",""#text"":""0x86C""},{""@Name"":""ProcessName"",""#text"":""C:\\Program Files\\Google\\Chrome\\Application\\chrome.exe""}]}}"
35393,35393,2026-08-17 18:32:26.3894523,4688,LogAlways,Microsoft-Windows-Security-Auditing,Security,4,8896,disstestbedvm,426,,A new process has been created,disstestbedvm\dfanalyst,,Parent process: C:\Program Files\Google\Chrome\Application\chrome.exe,PID: 0x16FC,Parent PID: 0x21F4,Mandatory label: SECURITY_MANDATORY_LOW_RID,Target User: -\-,,"C:\Program Files\Google\Chrome\Application\chrome.exe ""C:\Program Files\Google\Chrome\Application\chrome.exe"" --type=utility --utility-sub-type=unzip.mojom.Unzipper --lang=en-US --service-sandbox-type=service --no-pre-read-main-dll --metrics-shmem-handle=7056,i,9530338293516741796,5884053633177255625,524288 --field-trial-handle=300,i,12568652149631050601,17836649519809257441,262144 --variations-seed-version=20260815-030035.901000-production --pseudonymization-salt-handle=1736,i,1201548225642530370,3632485646844189389,4 --trace-process-track-uuid=3190709032226922095 --mojo-platform-channel-handle=7116 /prefetch:14",False,D:\UOW\SEM3\msc-diss-7csef001w\scenarios\scenario_2\artefacts\event_logs\Security.evtx,Audit success,0,"{""EventData"":{""Data"":[{""@Name"":""SubjectUserSid"",""#text"":""S-1-5-21-4209295338-567392030-2519289182-1001""},{""@Name"":""SubjectUserName"",""#text"":""dfanalyst""},{""@Name"":""SubjectDomainName"",""#text"":""disstestbedvm""},{""@Name"":""SubjectLogonId"",""#text"":""0x1B772""},{""@Name"":""NewProcessId"",""#text"":""0x21F4""},{""@Name"":""NewProcessName"",""#text"":""C:\\Program Files\\Google\\Chrome\\Application\\chrome.exe""},{""@Name"":""TokenElevationType"",""#text"":""%%1938""},{""@Name"":""ProcessId"",""#text"":""0x16FC""},{""@Name"":""CommandLine"",""#text"":""\""C:\\Program Files\\Google\\Chrome\\Application\\chrome.exe\"" --type=utility --utility-sub-type=unzip.mojom.Unzipper --lang=en-US --service-sandbox-type=service --no-pre-read-main-dll --metrics-shmem-handle=7056,i,9530338293516741796,5884053633177255625,524288 --field-trial-handle=300,i,12568652149631050601,17836649519809257441,262144 --variations-seed-version=20260815-030035.901000-production --pseudonymization-salt-handle=1736,i,1201548225642530370,3632485646844189389,4 --trace-process-track-uuid=3190709032226922095 --mojo-platform-channel-handle=7116 /prefetch:14""},{""@Name"":""TargetUserSid"",""#text"":""S-1-0-0""},{""@Name"":""TargetUserName"",""#text"":""-""},{""@Name"":""TargetDomainName"",""#text"":""-""},{""@Name"":""TargetLogonId"",""#text"":""0x0""},{""@Name"":""ParentProcessName"",""#text"":""C:\\Program Files\\Google\\Chrome\\Application\\chrome.exe""},{""@Name"":""MandatoryLabel"",""#text"":""S-1-16-4096""}]}}"
35394,35394,2026-08-17 18:32:26.4633516,4689,LogAlways,Microsoft-Windows-Security-Auditing,Security,4,8896,disstestbedvm,426,,A process has exited,disstestbedvm\dfanalyst,,,PID: 0x21F4,,,,,C:\Program Files\Google\Chrome\Application\chrome.exe,False,D:\UOW\SEM3\msc-diss-7csef001w\scenarios\scenario_2\artefacts\event_logs\Security.evtx,Audit success,0,"{""EventData"":{""Data"":[{""@Name"":""SubjectUserSid"",""#text"":""S-1-5-21-4209295338-567392030-2519289182-1001""},{""@Name"":""SubjectUserName"",""#text"":""dfanalyst""},{""@Name"":""SubjectDomainName"",""#text"":""disstestbedvm""},{""@Name"":""SubjectLogonId"",""#text"":""0x1B772""},{""@Name"":""Status"",""#text"":""0x0""},{""@Name"":""ProcessId"",""#text"":""0x21F4""},{""@Name"":""ProcessName"",""#text"":""C:\\Program Files\\Google\\Chrome\\Application\\chrome.exe""}]}}"
35395,35395,2026-08-17 18:32:26.4810511,4688,LogAlways,Microsoft-Windows-Security-Auditing,Security,4,404,disstestbedvm,426,,A new process has been created,disstestbedvm\dfanalyst,,Parent process: C:\Program Files\Google\Chrome\Application\chrome.exe,PID: 0x16FC,Parent PID: 0x8B4,Mandatory label: SECURITY_MANDATORY_MEDIUM_RID,Target User: -\-,,"C:\Program Files\Google\Chrome\Application\chrome.exe ""C:\Program Files\Google\Chrome\Application\chrome.exe"" --type=utility --utility-sub-type=quarantine.mojom.Quarantine --lang=en-US --service-sandbox-type=none --no-pre-read-main-dll --metrics-shmem-handle=7956,i,10070730873702022841,3902320529126654944,524288 --field-trial-handle=300,i,12568652149631050601,17836649519809257441,262144 --variations-seed-version=20260815-030035.901000-production --pseudonymization-salt-handle=1736,i,1201548225642530370,3632485646844189389,4 --trace-process-track-uuid=3190709033163963944 --mojo-platform-channel-handle=7556 /prefetch:14",False,D:\UOW\SEM3\msc-diss-7csef001w\scenarios\scenario_2\artefacts\event_logs\Security.evtx,Audit success,0,"{""EventData"":{""Data"":[{""@Name"":""SubjectUserSid"",""#text"":""S-1-5-21-4209295338-567392030-2519289182-1001""},{""@Name"":""SubjectUserName"",""#text"":""dfanalyst""},{""@Name"":""SubjectDomainName"",""#text"":""disstestbedvm""},{""@Name"":""SubjectLogonId"",""#text"":""0x1B772""},{""@Name"":""NewProcessId"",""#text"":""0x8B4""},{""@Name"":""NewProcessName"",""#text"":""C:\\Program Files\\Google\\Chrome\\Application\\chrome.exe""},{""@Name"":""TokenElevationType"",""#text"":""%%1938""},{""@Name"":""ProcessId"",""#text"":""0x16FC""},{""@Name"":""CommandLine"",""#text"":""\""C:\\Program Files\\Google\\Chrome\\Application\\chrome.exe\"" --type=utility --utility-sub-type=quarantine.mojom.Quarantine --lang=en-US --service-sandbox-type=none --no-pre-read-main-dll --metrics-shmem-handle=7956,i,10070730873702022841,3902320529126654944,524288 --field-trial-handle=300,i,12568652149631050601,17836649519809257441,262144 --variations-seed-version=20260815-030035.901000-production --pseudonymization-salt-handle=1736,i,1201548225642530370,3632485646844189389,4 --trace-process-track-uuid=3190709033163963944 --mojo-platform-channel-handle=7556 /prefetch:14""},{""@Name"":""TargetUserSid"",""#text"":""S-1-0-0""},{""@Name"":""TargetUserName"",""#text"":""-""},{""@Name"":""TargetDomainName"",""#text"":""-""},{""@Name"":""TargetLogonId"",""#text"":""0x0""},{""@Name"":""ParentProcessName"",""#text"":""C:\\Program Files\\Google\\Chrome\\Application\\chrome.exe""},{""@Name"":""MandatoryLabel"",""#text"":""S-1-16-8192""}]}}"
35396,35396,2026-08-17 18:32:26.6988176,4689,LogAlways,Microsoft-Windows-Security-Auditing,Security,4,404,disstestbedvm,426,,A process has exited,disstestbedvm\dfanalyst,,,PID: 0x8B4,,,,,C:\Program Files\Google\Chrome\Application\chrome.exe,False,D:\UOW\SEM3\msc-diss-7csef001w\scenarios\scenario_2\artefacts\event_logs\Security.evtx,Audit success,0,"{""EventData"":{""Data"":[{""@Name"":""SubjectUserSid"",""#text"":""S-1-5-21-4209295338-567392030-2519289182-1001""},{""@Name"":""SubjectUserName"",""#text"":""dfanalyst""},{""@Name"":""SubjectDomainName"",""#text"":""disstestbedvm""},{""@Name"":""SubjectLogonId"",""#text"":""0x1B772""},{""@Name"":""Status"",""#text"":""0x0""},{""@Name"":""ProcessId"",""#text"":""0x8B4""},{""@Name"":""ProcessName"",""#text"":""C:\\Program Files\\Google\\Chrome\\Application\\chrome.exe""}]}}"
35397,35397,2026-08-17 18:32:26.6992683,4688,LogAlways,Microsoft-Windows-Security-Auditing,Security,4,404,disstestbedvm,426,,A new process has been created,disstestbedvm\dfanalyst,,Parent process: C:\Program Files\Google\Chrome\Application\chrome.exe,PID: 0x16FC,Parent PID: 0x450,Mandatory label: SECURITY_MANDATORY_LOW_RID,Target User: -\-,,"C:\Program Files\Google\Chrome\Application\chrome.exe ""C:\Program Files\Google\Chrome\Application\chrome.exe"" --type=utility --utility-sub-type=unzip.mojom.Unzipper --lang=en-US --service-sandbox-type=service --no-pre-read-main-dll --metrics-shmem-handle=7604,i,3272808512358193414,10152073150764476701,524288 --field-trial-handle=300,i,12568652149631050601,17836649519809257441,262144 --variations-seed-version=20260815-030035.901000-production --pseudonymization-salt-handle=1736,i,1201548225642530370,3632485646844189389,4 --trace-process-track-uuid=3190709034101005793 --mojo-platform-channel-handle=7628 /prefetch:14",False,D:\UOW\SEM3\msc-diss-7csef001w\scenarios\scenario_2\artefacts\event_logs\Security.evtx,Audit success,0,"{""EventData"":{""Data"":[{""@Name"":""SubjectUserSid"",""#text"":""S-1-5-21-4209295338-567392030-2519289182-1001""},{""@Name"":""SubjectUserName"",""#text"":""dfanalyst""},{""@Name"":""SubjectDomainName"",""#text"":""disstestbedvm""},{""@Name"":""SubjectLogonId"",""#text"":""0x1B772""},{""@Name"":""NewProcessId"",""#text"":""0x450""},{""@Name"":""NewProcessName"",""#text"":""C:\\Program Files\\Google\\Chrome\\Application\\chrome.exe""},{""@Name"":""TokenElevationType"",""#text"":""%%1938""},{""@Name"":""ProcessId"",""#text"":""0x16FC""},{""@Name"":""CommandLine"",""#text"":""\""C:\\Program Files\\Google\\Chrome\\Application\\chrome.exe\"" --type=utility --utility-sub-type=unzip.mojom.Unzipper --lang=en-US --service-sandbox-type=service --no-pre-read-main-dll --metrics-shmem-handle=7604,i,3272808512358193414,10152073150764476701,524288 --field-trial-handle=300,i,12568652149631050601,17836649519809257441,262144 --variations-seed-version=20260815-030035.901000-production --pseudonymization-salt-handle=1736,i,1201548225642530370,3632485646844189389,4 --trace-process-track-uuid=3190709034101005793 --mojo-platform-channel-handle=7628 /prefetch:14""},{""@Name"":""TargetUserSid"",""#text"":""S-1-0-0""},{""@Name"":""TargetUserName"",""#text"":""-""},{""@Name"":""TargetDomainName"",""#text"":""-""},{""@Name"":""TargetLogonId"",""#text"":""0x0""},{""@Name"":""ParentProcessName"",""#text"":""C:\\Program Files\\Google\\Chrome\\Application\\chrome.exe""},{""@Name"":""MandatoryLabel"",""#text"":""S-1-16-4096""}]}}"
35398,35398,2026-08-17 18:32:26.7590567,4689,LogAlways,Microsoft-Windows-Security-Auditing,Security,4,404,disstestbedvm,426,,A process has exited,disstestbedvm\dfanalyst,,,PID: 0x450,,,,,C:\Program Files\Google\Chrome\Application\chrome.exe,False,D:\UOW\SEM3\msc-diss-7csef001w\scenarios\scenario_2\artefacts\event_logs\Security.evtx,Audit success,0,"{""EventData"":{""Data"":[{""@Name"":""SubjectUserSid"",""#text"":""S-1-5-21-4209295338-567392030-2519289182-1001""},{""@Name"":""SubjectUserName"",""#text"":""dfanalyst""},{""@Name"":""SubjectDomainName"",""#text"":""disstestbedvm""},{""@Name"":""SubjectLogonId"",""#text"":""0x1B772""},{""@Name"":""Status"",""#text"":""0x0""},{""@Name"":""ProcessId"",""#text"":""0x450""},{""@Name"":""ProcessName"",""#text"":""C:\\Program Files\\Google\\Chrome\\Application\\chrome.exe""}]}}"
35399,35399,2026-08-17 18:32:27.2200017,4688,LogAlways,Microsoft-Windows-Security-Auditing,Security,4,404,disstestbedvm,426,,A new process has been created,WORKGROUP\DISSTESTBEDVM$,,Parent process: C:\Windows\System32\services.exe,PID: 0x364,Parent PID: 0x2ADC,Mandatory label: SECURITY_MANDATORY_SYSTEM_RID,Target User: -\-,,"C:\Program Files (x86)\Google\GoogleUpdater\152.0.7933.0\updater.exe ""C:\Program Files (x86)\Google\GoogleUpdater\152.0.7933.0\updater.exe"" --system --windows-service --service=update",False,D:\UOW\SEM3\msc-diss-7csef001w\scenarios\scenario_2\artefacts\event_logs\Security.evtx,Audit success,0,"{""EventData"":{""Data"":[{""@Name"":""SubjectUserSid"",""#text"":""S-1-5-18""},{""@Name"":""SubjectUserName"",""#text"":""DISSTESTBEDVM$""},{""@Name"":""SubjectDomainName"",""#text"":""WORKGROUP""},{""@Name"":""SubjectLogonId"",""#text"":""0x3E7""},{""@Name"":""NewProcessId"",""#text"":""0x2ADC""},{""@Name"":""NewProcessName"",""#text"":""C:\\Program Files (x86)\\Google\\GoogleUpdater\\152.0.7933.0\\updater.exe""},{""@Name"":""TokenElevationType"",""#text"":""%%1936""},{""@Name"":""ProcessId"",""#text"":""0x364""},{""@Name"":""CommandLine"",""#text"":""\""C:\\Program Files (x86)\\Google\\GoogleUpdater\\152.0.7933.0\\updater.exe\"" --system --windows-service --service=update""},{""@Name"":""TargetUserSid"",""#text"":""S-1-0-0""},{""@Name"":""TargetUserName"",""#text"":""-""},{""@Name"":""TargetDomainName"",""#text"":""-""},{""@Name"":""TargetLogonId"",""#text"":""0x0""},{""@Name"":""ParentProcessName"",""#text"":""C:\\Windows\\System32\\services.exe""},{""@Name"":""MandatoryLabel"",""#text"":""S-1-16-16384""}]}}"
35400,35400,2026-08-17 18:32:27.2799483,4688,LogAlways,Microsoft-Windows-Security-Auditing,Security,4,10052,disstestbedvm,426,,A new process has been created,WORKGROUP\DISSTESTBEDVM$,,Parent process: C:\Program Files (x86)\Google\GoogleUpdater\152.0.7933.0\updater.exe,PID: 0x2ADC,Parent PID: 0xA78,Mandatory label: SECURITY_MANDATORY_SYSTEM_RID,Target User: -\-,,"C:\Program Files (x86)\Google\GoogleUpdater\152.0.7933.0\updater.exe ""C:\Program Files (x86)\Google\GoogleUpdater\152.0.7933.0\updater.exe"" --crash-handler --system ""--database=C:\Program Files (x86)\Google\GoogleUpdater\152.0.7933.0\Crashpad"" --url=https://clients2.google.com/cr/report --annotation=prod=Update4 --annotation=ver=152.0.7933.0 ""--attachment=C:\Program Files (x86)\Google\GoogleUpdater\updater.log"" ""--attachment=C:\Program Files (x86)\Google\GoogleUpdater\updater_history.jsonl"" --initial-client-data=0x2b4,0x2b8,0x2bc,0x2b0,0x2c0,0xe61e40,0xe61e4c,0xe61e58",False,D:\UOW\SEM3\msc-diss-7csef001w\scenarios\scenario_2\artefacts\event_logs\Security.evtx,Audit success,0,"{""EventData"":{""Data"":[{""@Name"":""SubjectUserSid"",""#text"":""S-1-5-18""},{""@Name"":""SubjectUserName"",""#text"":""DISSTESTBEDVM$""},{""@Name"":""SubjectDomainName"",""#text"":""WORKGROUP""},{""@Name"":""SubjectLogonId"",""#text"":""0x3E7""},{""@Name"":""NewProcessId"",""#text"":""0xA78""},{""@Name"":""NewProcessName"",""#text"":""C:\\Program Files (x86)\\Google\\GoogleUpdater\\152.0.7933.0\\updater.exe""},{""@Name"":""TokenElevationType"",""#text"":""%%1936""},{""@Name"":""ProcessId"",""#text"":""0x2ADC""},{""@Name"":""CommandLine"",""#text"":""\""C:\\Program Files (x86)\\Google\\GoogleUpdater\\152.0.7933.0\\updater.exe\"" --crash-handler --system \""--database=C:\\Program Files (x86)\\Google\\GoogleUpdater\\152.0.7933.0\\Crashpad\"" --url=https://clients2.google.com/cr/report --annotation=prod=Update4 --annotation=ver=152.0.7933.0 \""--attachment=C:\\Program Files (x86)\\Google\\GoogleUpdater\\updater.log\"" \""--attachment=C:\\Program Files (x86)\\Google\\GoogleUpdater\\updater_history.jsonl\"" --initial-client-data=0x2b4,0x2b8,0x2bc,0x2b0,0x2c0,0xe61e40,0xe61e4c,0xe61e58""},{""@Name"":""TargetUserSid"",""#text"":""S-1-0-0""},{""@Name"":""TargetUserName"",""#text"":""-""},{""@Name"":""TargetDomainName"",""#text"":""-""},{""@Name"":""TargetLogonId"",""#text"":""0x0""},{""@Name"":""ParentProcessName"",""#text"":""C:\\Program Files (x86)\\Google\\GoogleUpdater\\152.0.7933.0\\updater.exe""},{""@Name"":""MandatoryLabel"",""#text"":""S-1-16-16384""}]}}"
35401,35401,2026-08-17 18:32:27.4289437,4689,LogAlways,Microsoft-Windows-Security-Auditing,Security,4,1420,disstestbedvm,426,,A process has exited,WORKGROUP\DISSTESTBEDVM$,,,PID: 0x2ADC,,,,,C:\Program Files (x86)\Google\GoogleUpdater\152.0.7933.0\updater.exe,False,D:\UOW\SEM3\msc-diss-7csef001w\scenarios\scenario_2\artefacts\event_logs\Security.evtx,Audit success,0,"{""EventData"":{""Data"":[{""@Name"":""SubjectUserSid"",""#text"":""S-1-5-18""},{""@Name"":""SubjectUserName"",""#text"":""DISSTESTBEDVM$""},{""@Name"":""SubjectDomainName"",""#text"":""WORKGROUP""},{""@Name"":""SubjectLogonId"",""#text"":""0x3E7""},{""@Name"":""Status"",""#text"":""0x0""},{""@Name"":""ProcessId"",""#text"":""0x2ADC""},{""@Name"":""ProcessName"",""#text"":""C:\\Program Files (x86)\\Google\\GoogleUpdater\\152.0.7933.0\\updater.exe""}]}}"
35402,35402,2026-08-17 18:32:27.4349350,4689,LogAlways,Microsoft-Windows-Security-Auditing,Security,4,10052,disstestbedvm,426,,A process has exited,WORKGROUP\DISSTESTBEDVM$,,,PID: 0xA78,,,,,C:\Program Files (x86)\Google\GoogleUpdater\152.0.7933.0\updater.exe,False,D:\UOW\SEM3\msc-diss-7csef001w\scenarios\scenario_2\artefacts\event_logs\Security.evtx,Audit success,0,"{""EventData"":{""Data"":[{""@Name"":""SubjectUserSid"",""#text"":""S-1-5-18""},{""@Name"":""SubjectUserName"",""#text"":""DISSTESTBEDVM$""},{""@Name"":""SubjectDomainName"",""#text"":""WORKGROUP""},{""@Name"":""SubjectLogonId"",""#text"":""0x3E7""},{""@Name"":""Status"",""#text"":""0x0""},{""@Name"":""ProcessId"",""#text"":""0xA78""},{""@Name"":""ProcessName"",""#text"":""C:\\Program Files (x86)\\Google\\GoogleUpdater\\152.0.7933.0\\updater.exe""}]}}"
35403,35403,2026-08-17 18:32:27.6056943,4688,LogAlways,Microsoft-Windows-Security-Auditing,Security,4,2584,disstestbedvm,426,,A new process has been created,WORKGROUP\DISSTESTBEDVM$,,Parent process: C:\Windows\System32\services.exe,PID: 0x364,Parent PID: 0xE3C,Mandatory label: SECURITY_MANDATORY_SYSTEM_RID,Target User: -\-,,"C:\Program Files (x86)\Google\GoogleUpdater\152.0.7933.0\updater.exe ""C:\Program Files (x86)\Google\GoogleUpdater\152.0.7933.0\updater.exe"" --system --windows-service --service=update",False,D:\UOW\SEM3\msc-diss-7csef001w\scenarios\scenario_2\artefacts\event_logs\Security.evtx,Audit success,0,"{""EventData"":{""Data"":[{""@Name"":""SubjectUserSid"",""#text"":""S-1-5-18""},{""@Name"":""SubjectUserName"",""#text"":""DISSTESTBEDVM$""},{""@Name"":""SubjectDomainName"",""#text"":""WORKGROUP""},{""@Name"":""SubjectLogonId"",""#text"":""0x3E7""},{""@Name"":""NewProcessId"",""#text"":""0xE3C""},{""@Name"":""NewProcessName"",""#text"":""C:\\Program Files (x86)\\Google\\GoogleUpdater\\152.0.7933.0\\updater.exe""},{""@Name"":""TokenElevationType"",""#text"":""%%1936""},{""@Name"":""ProcessId"",""#text"":""0x364""},{""@Name"":""CommandLine"",""#text"":""\""C:\\Program Files (x86)\\Google\\GoogleUpdater\\152.0.7933.0\\updater.exe\"" --system --windows-service --service=update""},{""@Name"":""TargetUserSid"",""#text"":""S-1-0-0""},{""@Name"":""TargetUserName"",""#text"":""-""},{""@Name"":""TargetDomainName"",""#text"":""-""},{""@Name"":""TargetLogonId"",""#text"":""0x0""},{""@Name"":""ParentProcessName"",""#text"":""C:\\Windows\\System32\\services.exe""},{""@Name"":""MandatoryLabel"",""#text"":""S-1-16-16384""}]}}"
35404,35404,2026-08-17 18:32:27.6355662,4688,LogAlways,Microsoft-Windows-Security-Auditing,Security,4,2584,disstestbedvm,426,,A new process has been created,WORKGROUP\DISSTESTBEDVM$,,Parent process: C:\Program Files (x86)\Google\GoogleUpdater\152.0.7933.0\updater.exe,PID: 0xE3C,Parent PID: 0x2590,Mandatory label: SECURITY_MANDATORY_SYSTEM_RID,Target User: -\-,,"C:\Program Files (x86)\Google\GoogleUpdater\152.0.7933.0\updater.exe ""C:\Program Files (x86)\Google\GoogleUpdater\152.0.7933.0\updater.exe"" --crash-handler --system ""--database=C:\Program Files (x86)\Google\GoogleUpdater\152.0.7933.0\Crashpad"" --url=https://clients2.google.com/cr/report --annotation=prod=Update4 --annotation=ver=152.0.7933.0 ""--attachment=C:\Program Files (x86)\Google\GoogleUpdater\updater.log"" ""--attachment=C:\Program Files (x86)\Google\GoogleUpdater\updater_history.jsonl"" --initial-client-data=0x2b4,0x2b8,0x2bc,0x2b0,0x2c0,0xe61e40,0xe61e4c,0xe61e58",False,D:\UOW\SEM3\msc-diss-7csef001w\scenarios\scenario_2\artefacts\event_logs\Security.evtx,Audit success,0,"{""EventData"":{""Data"":[{""@Name"":""SubjectUserSid"",""#text"":""S-1-5-18""},{""@Name"":""SubjectUserName"",""#text"":""DISSTESTBEDVM$""},{""@Name"":""SubjectDomainName"",""#text"":""WORKGROUP""},{""@Name"":""SubjectLogonId"",""#text"":""0x3E7""},{""@Name"":""NewProcessId"",""#text"":""0x2590""},{""@Name"":""NewProcessName"",""#text"":""C:\\Program Files (x86)\\Google\\GoogleUpdater\\152.0.7933.0\\updater.exe""},{""@Name"":""TokenElevationType"",""#text"":""%%1936""},{""@Name"":""ProcessId"",""#text"":""0xE3C""},{""@Name"":""CommandLine"",""#text"":""\""C:\\Program Files (x86)\\Google\\GoogleUpdater\\152.0.7933.0\\updater.exe\"" --crash-handler --system \""--database=C:\\Program Files (x86)\\Google\\GoogleUpdater\\152.0.7933.0\\Crashpad\"" --url=https://clients2.google.com/cr/report --annotation=prod=Update4 --annotation=ver=152.0.7933.0 \""--attachment=C:\\Program Files (x86)\\Google\\GoogleUpdater\\updater.log\"" \""--attachment=C:\\Program Files (x86)\\Google\\GoogleUpdater\\updater_history.jsonl\"" --initial-client-data=0x2b4,0x2b8,0x2bc,0x2b0,0x2c0,0xe61e40,0xe61e4c,0xe61e58""},{""@Name"":""TargetUserSid"",""#text"":""S-1-0-0""},{""@Name"":""TargetUserName"",""#text"":""-""},{""@Name"":""TargetDomainName"",""#text"":""-""},{""@Name"":""TargetLogonId"",""#text"":""0x0""},{""@Name"":""ParentProcessName"",""#text"":""C:\\Program Files (x86)\\Google\\GoogleUpdater\\152.0.7933.0\\updater.exe""},{""@Name"":""MandatoryLabel"",""#text"":""S-1-16-16384""}]}}"
35405,35405,2026-08-17 18:32:27.7155895,4689,LogAlways,Microsoft-Windows-Security-Auditing,Security,4,2584,disstestbedvm,426,,A process has exited,WORKGROUP\DISSTESTBEDVM$,,,PID: 0xE3C,,,,,C:\Program Files (x86)\Google\GoogleUpdater\152.0.7933.0\updater.exe,False,D:\UOW\SEM3\msc-diss-7csef001w\scenarios\scenario_2\artefacts\event_logs\Security.evtx,Audit success,0,"{""EventData"":{""Data"":[{""@Name"":""SubjectUserSid"",""#text"":""S-1-5-18""},{""@Name"":""SubjectUserName"",""#text"":""DISSTESTBEDVM$""},{""@Name"":""SubjectDomainName"",""#text"":""WORKGROUP""},{""@Name"":""SubjectLogonId"",""#text"":""0x3E7""},{""@Name"":""Status"",""#text"":""0x0""},{""@Name"":""ProcessId"",""#text"":""0xE3C""},{""@Name"":""ProcessName"",""#text"":""C:\\Program Files (x86)\\Google\\GoogleUpdater\\152.0.7933.0\\updater.exe""}]}}"
35406,35406,2026-08-17 18:32:27.7213533,4689,LogAlways,Microsoft-Windows-Security-Auditing,Security,4,2584,disstestbedvm,426,,A process has exited,WORKGROUP\DISSTESTBEDVM$,,,PID: 0x2590,,,,,C:\Program Files (x86)\Google\GoogleUpdater\152.0.7933.0\updater.exe,False,D:\UOW\SEM3\msc-diss-7csef001w\scenarios\scenario_2\artefacts\event_logs\Security.evtx,Audit success,0,"{""EventData"":{""Data"":[{""@Name"":""SubjectUserSid"",""#text"":""S-1-5-18""},{""@Name"":""SubjectUserName"",""#text"":""DISSTESTBEDVM$""},{""@Name"":""SubjectDomainName"",""#text"":""WORKGROUP""},{""@Name"":""SubjectLogonId"",""#text"":""0x3E7""},{""@Name"":""Status"",""#text"":""0x0""},{""@Name"":""ProcessId"",""#text"":""0x2590""},{""@Name"":""ProcessName"",""#text"":""C:\\Program Files (x86)\\Google\\GoogleUpdater\\152.0.7933.0\\updater.exe""}]}}"
35407,35407,2026-08-17 18:32:28.1139927,4688,LogAlways,Microsoft-Windows-Security-Auditing,Security,4,2584,disstestbedvm,426,,A new process has been created,WORKGROUP\DISSTESTBEDVM$,,Parent process: C:\Windows\System32\services.exe,PID: 0x364,Parent PID: 0x2570,Mandatory label: SECURITY_MANDATORY_SYSTEM_RID,Target User: -\-,,"C:\Program Files (x86)\Google\GoogleUpdater\152.0.7933.0\updater.exe ""C:\Program Files (x86)\Google\GoogleUpdater\152.0.7933.0\updater.exe"" --system --windows-service --service=update",False,D:\UOW\SEM3\msc-diss-7csef001w\scenarios\scenario_2\artefacts\event_logs\Security.evtx,Audit success,0,"{""EventData"":{""Data"":[{""@Name"":""SubjectUserSid"",""#text"":""S-1-5-18""},{""@Name"":""SubjectUserName"",""#text"":""DISSTESTBEDVM$""},{""@Name"":""SubjectDomainName"",""#text"":""WORKGROUP""},{""@Name"":""SubjectLogonId"",""#text"":""0x3E7""},{""@Name"":""NewProcessId"",""#text"":""0x2570""},{""@Name"":""NewProcessName"",""#text"":""C:\\Program Files (x86)\\Google\\GoogleUpdater\\152.0.7933.0\\updater.exe""},{""@Name"":""TokenElevationType"",""#text"":""%%1936""},{""@Name"":""ProcessId"",""#text"":""0x364""},{""@Name"":""CommandLine"",""#text"":""\""C:\\Program Files (x86)\\Google\\GoogleUpdater\\152.0.7933.0\\updater.exe\"" --system --windows-service --service=update""},{""@Name"":""TargetUserSid"",""#text"":""S-1-0-0""},{""@Name"":""TargetUserName"",""#text"":""-""},{""@Name"":""TargetDomainName"",""#text"":""-""},{""@Name"":""TargetLogonId"",""#text"":""0x0""},{""@Name"":""ParentProcessName"",""#text"":""C:\\Windows\\System32\\services.exe""},{""@Name"":""MandatoryLabel"",""#text"":""S-1-16-16384""}]}}"
35408,35408,2026-08-17 18:32:28.1442112,4688,LogAlways,Microsoft-Windows-Security-Auditing,Security,4,2584,disstestbedvm,426,,A new process has been created,WORKGROUP\DISSTESTBEDVM$,,Parent process: C:\Program Files (x86)\Google\GoogleUpdater\152.0.7933.0\updater.exe,PID: 0x2570,Parent PID: 0x1B38,Mandatory label: SECURITY_MANDATORY_SYSTEM_RID,Target User: -\-,,"C:\Program Files (x86)\Google\GoogleUpdater\152.0.7933.0\updater.exe ""C:\Program Files (x86)\Google\GoogleUpdater\152.0.7933.0\updater.exe"" --crash-handler --system ""--database=C:\Program Files (x86)\Google\GoogleUpdater\152.0.7933.0\Crashpad"" --url=https://clients2.google.com/cr/report --annotation=prod=Update4 --annotation=ver=152.0.7933.0 ""--attachment=C:\Program Files (x86)\Google\GoogleUpdater\updater.log"" ""--attachment=C:\Program Files (x86)\Google\GoogleUpdater\updater_history.jsonl"" --initial-client-data=0x2b4,0x2b8,0x2bc,0x2b0,0x2c0,0xe61e40,0xe61e4c,0xe61e58",False,D:\UOW\SEM3\msc-diss-7csef001w\scenarios\scenario_2\artefacts\event_logs\Security.evtx,Audit success,0,"{""EventData"":{""Data"":[{""@Name"":""SubjectUserSid"",""#text"":""S-1-5-18""},{""@Name"":""SubjectUserName"",""#text"":""DISSTESTBEDVM$""},{""@Name"":""SubjectDomainName"",""#text"":""WORKGROUP""},{""@Name"":""SubjectLogonId"",""#text"":""0x3E7""},{""@Name"":""NewProcessId"",""#text"":""0x1B38""},{""@Name"":""NewProcessName"",""#text"":""C:\\Program Files (x86)\\Google\\GoogleUpdater\\152.0.7933.0\\updater.exe""},{""@Name"":""TokenElevationType"",""#text"":""%%1936""},{""@Name"":""ProcessId"",""#text"":""0x2570""},{""@Name"":""CommandLine"",""#text"":""\""C:\\Program Files (x86)\\Google\\GoogleUpdater\\152.0.7933.0\\updater.exe\"" --crash-handler --system \""--database=C:\\Program Files (x86)\\Google\\GoogleUpdater\\152.0.7933.0\\Crashpad\"" --url=https://clients2.google.com/cr/report --annotation=prod=Update4 --annotation=ver=152.0.7933.0 \""--attachment=C:\\Program Files (x86)\\Google\\GoogleUpdater\\updater.log\"" \""--attachment=C:\\Program Files (x86)\\Google\\GoogleUpdater\\updater_history.jsonl\"" --initial-client-data=0x2b4,0x2b8,0x2bc,0x2b0,0x2c0,0xe61e40,0xe61e4c,0xe61e58""},{""@Name"":""TargetUserSid"",""#text"":""S-1-0-0""},{""@Name"":""TargetUserName"",""#text"":""-""},{""@Name"":""TargetDomainName"",""#text"":""-""},{""@Name"":""TargetLogonId"",""#text"":""0x0""},{""@Name"":""ParentProcessName"",""#text"":""C:\\Program Files (x86)\\Google\\GoogleUpdater\\152.0.7933.0\\updater.exe""},{""@Name"":""MandatoryLabel"",""#text"":""S-1-16-16384""}]}}"
35409,35409,2026-08-17 18:32:28.2309498,4689,LogAlways,Microsoft-Windows-Security-Auditing,Security,4,2584,disstestbedvm,426,,A process has exited,WORKGROUP\DISSTESTBEDVM$,,,PID: 0x2570,,,,,C:\Program Files (x86)\Google\GoogleUpdater\152.0.7933.0\updater.exe,False,D:\UOW\SEM3\msc-diss-7csef001w\scenarios\scenario_2\artefacts\event_logs\Security.evtx,Audit success,0,"{""EventData"":{""Data"":[{""@Name"":""SubjectUserSid"",""#text"":""S-1-5-18""},{""@Name"":""SubjectUserName"",""#text"":""DISSTESTBEDVM$""},{""@Name"":""SubjectDomainName"",""#text"":""WORKGROUP""},{""@Name"":""SubjectLogonId"",""#text"":""0x3E7""},{""@Name"":""Status"",""#text"":""0x0""},{""@Name"":""ProcessId"",""#text"":""0x2570""},{""@Name"":""ProcessName"",""#text"":""C:\\Program Files (x86)\\Google\\GoogleUpdater\\152.0.7933.0\\updater.exe""}]}}"
35410,35410,2026-08-17 18:32:28.2364560,4689,LogAlways,Microsoft-Windows-Security-Auditing,Security,4,10052,disstestbedvm,426,,A process has exited,WORKGROUP\DISSTESTBEDVM$,,,PID: 0x1B38,,,,,C:\Program Files (x86)\Google\GoogleUpdater\152.0.7933.0\updater.exe,False,D:\UOW\SEM3\msc-diss-7csef001w\scenarios\scenario_2\artefacts\event_logs\Security.evtx,Audit success,0,"{""EventData"":{""Data"":[{""@Name"":""SubjectUserSid"",""#text"":""S-1-5-18""},{""@Name"":""SubjectUserName"",""#text"":""DISSTESTBEDVM$""},{""@Name"":""SubjectDomainName"",""#text"":""WORKGROUP""},{""@Name"":""SubjectLogonId"",""#text"":""0x3E7""},{""@Name"":""Status"",""#text"":""0x0""},{""@Name"":""ProcessId"",""#text"":""0x1B38""},{""@Name"":""ProcessName"",""#text"":""C:\\Program Files (x86)\\Google\\GoogleUpdater\\152.0.7933.0\\updater.exe""}]}}"
35411,35411,2026-08-17 18:32:28.8185188,4688,LogAlways,Microsoft-Windows-Security-Auditing,Security,4,224,disstestbedvm,426,,A new process has been created,disstestbedvm\dfanalyst,,Parent process: C:\Program Files\Google\Chrome\Application\chrome.exe,PID: 0x16FC,Parent PID: 0x1A38,Mandatory label: SECURITY_MANDATORY_MEDIUM_RID,Target User: -\-,,"C:\Program Files\Google\Chrome\Application\chrome.exe ""C:\Program Files\Google\Chrome\Application\chrome.exe"" --type=utility --utility-sub-type=quarantine.mojom.Quarantine --lang=en-US --service-sandbox-type=none --no-pre-read-main-dll --metrics-shmem-handle=7628,i,16281747762174203129,13123915704184874223,524288 --field-trial-handle=300,i,12568652149631050601,17836649519809257441,262144 --variations-seed-version=20260815-030035.901000-production --pseudonymization-salt-handle=1736,i,1201548225642530370,3632485646844189389,4 --trace-process-track-uuid=3190709035038047642 --mojo-platform-channel-handle=7624 /prefetch:14",False,D:\UOW\SEM3\msc-diss-7csef001w\scenarios\scenario_2\artefacts\event_logs\Security.evtx,Audit success,0,"{""EventData"":{""Data"":[{""@Name"":""SubjectUserSid"",""#text"":""S-1-5-21-4209295338-567392030-2519289182-1001""},{""@Name"":""SubjectUserName"",""#text"":""dfanalyst""},{""@Name"":""SubjectDomainName"",""#text"":""disstestbedvm""},{""@Name"":""SubjectLogonId"",""#text"":""0x1B772""},{""@Name"":""NewProcessId"",""#text"":""0x1A38""},{""@Name"":""NewProcessName"",""#text"":""C:\\Program Files\\Google\\Chrome\\Application\\chrome.exe""},{""@Name"":""TokenElevationType"",""#text"":""%%1938""},{""@Name"":""ProcessId"",""#text"":""0x16FC""},{""@Name"":""CommandLine"",""#text"":""\""C:\\Program Files\\Google\\Chrome\\Application\\chrome.exe\"" --type=utility --utility-sub-type=quarantine.mojom.Quarantine --lang=en-US --service-sandbox-type=none --no-pre-read-main-dll --metrics-shmem-handle=7628,i,16281747762174203129,13123915704184874223,524288 --field-trial-handle=300,i,12568652149631050601,17836649519809257441,262144 --variations-seed-version=20260815-030035.901000-production --pseudonymization-salt-handle=1736,i,1201548225642530370,3632485646844189389,4 --trace-process-track-uuid=3190709035038047642 --mojo-platform-channel-handle=7624 /prefetch:14""},{""@Name"":""TargetUserSid"",""#text"":""S-1-0-0""},{""@Name"":""TargetUserName"",""#text"":""-""},{""@Name"":""TargetDomainName"",""#text"":""-""},{""@Name"":""TargetLogonId"",""#text"":""0x0""},{""@Name"":""ParentProcessName"",""#text"":""C:\\Program Files\\Google\\Chrome\\Application\\chrome.exe""},{""@Name"":""MandatoryLabel"",""#text"":""S-1-16-8192""}]}}"
35412,35412,2026-08-17 18:32:28.8255858,4688,LogAlways,Microsoft-Windows-Security-Auditing,Security,4,224,disstestbedvm,426,,A new process has been created,WORKGROUP\DISSTESTBEDVM$,,Parent process: C:\Windows\System32\services.exe,PID: 0x364,Parent PID: 0x2288,Mandatory label: SECURITY_MANDATORY_SYSTEM_RID,Target User: -\-,,"C:\Program Files (x86)\Google\GoogleUpdater\152.0.7933.0\updater.exe ""C:\Program Files (x86)\Google\GoogleUpdater\152.0.7933.0\updater.exe"" --system --windows-service --service=update",False,D:\UOW\SEM3\msc-diss-7csef001w\scenarios\scenario_2\artefacts\event_logs\Security.evtx,Audit success,0,"{""EventData"":{""Data"":[{""@Name"":""SubjectUserSid"",""#text"":""S-1-5-18""},{""@Name"":""SubjectUserName"",""#text"":""DISSTESTBEDVM$""},{""@Name"":""SubjectDomainName"",""#text"":""WORKGROUP""},{""@Name"":""SubjectLogonId"",""#text"":""0x3E7""},{""@Name"":""NewProcessId"",""#text"":""0x2288""},{""@Name"":""NewProcessName"",""#text"":""C:\\Program Files (x86)\\Google\\GoogleUpdater\\152.0.7933.0\\updater.exe""},{""@Name"":""TokenElevationType"",""#text"":""%%1936""},{""@Name"":""ProcessId"",""#text"":""0x364""},{""@Name"":""CommandLine"",""#text"":""\""C:\\Program Files (x86)\\Google\\GoogleUpdater\\152.0.7933.0\\updater.exe\"" --system --windows-service --service=update""},{""@Name"":""TargetUserSid"",""#text"":""S-1-0-0""},{""@Name"":""TargetUserName"",""#text"":""-""},{""@Name"":""TargetDomainName"",""#text"":""-""},{""@Name"":""TargetLogonId"",""#text"":""0x0""},{""@Name"":""ParentProcessName"",""#text"":""C:\\Windows\\System32\\services.exe""},{""@Name"":""MandatoryLabel"",""#text"":""S-1-16-16384""}]}}"
35413,35413,2026-08-17 18:32:28.8556711,4688,LogAlways,Microsoft-Windows-Security-Auditing,Security,4,224,disstestbedvm,426,,A new process has been created,WORKGROUP\DISSTESTBEDVM$,,Parent process: C:\Program Files (x86)\Google\GoogleUpdater\152.0.7933.0\updater.exe,PID: 0x2288,Parent PID: 0x7A4,Mandatory label: SECURITY_MANDATORY_SYSTEM_RID,Target User: -\-,,"C:\Program Files (x86)\Google\GoogleUpdater\152.0.7933.0\updater.exe ""C:\Program Files (x86)\Google\GoogleUpdater\152.0.7933.0\updater.exe"" --crash-handler --system ""--database=C:\Program Files (x86)\Google\GoogleUpdater\152.0.7933.0\Crashpad"" --url=https://clients2.google.com/cr/report --annotation=prod=Update4 --annotation=ver=152.0.7933.0 ""--attachment=C:\Program Files (x86)\Google\GoogleUpdater\updater.log"" ""--attachment=C:\Program Files (x86)\Google\GoogleUpdater\updater_history.jsonl"" --initial-client-data=0xf8,0x2b8,0x2bc,0xf0,0x2c0,0xe61e40,0xe61e4c,0xe61e58",False,D:\UOW\SEM3\msc-diss-7csef001w\scenarios\scenario_2\artefacts\event_logs\Security.evtx,Audit success,0,"{""EventData"":{""Data"":[{""@Name"":""SubjectUserSid"",""#text"":""S-1-5-18""},{""@Name"":""SubjectUserName"",""#text"":""DISSTESTBEDVM$""},{""@Name"":""SubjectDomainName"",""#text"":""WORKGROUP""},{""@Name"":""SubjectLogonId"",""#text"":""0x3E7""},{""@Name"":""NewProcessId"",""#text"":""0x7A4""},{""@Name"":""NewProcessName"",""#text"":""C:\\Program Files (x86)\\Google\\GoogleUpdater\\152.0.7933.0\\updater.exe""},{""@Name"":""TokenElevationType"",""#text"":""%%1936""},{""@Name"":""ProcessId"",""#text"":""0x2288""},{""@Name"":""CommandLine"",""#text"":""\""C:\\Program Files (x86)\\Google\\GoogleUpdater\\152.0.7933.0\\updater.exe\"" --crash-handler --system \""--database=C:\\Program Files (x86)\\Google\\GoogleUpdater\\152.0.7933.0\\Crashpad\"" --url=https://clients2.google.com/cr/report --annotation=prod=Update4 --annotation=ver=152.0.7933.0 \""--attachment=C:\\Program Files (x86)\\Google\\GoogleUpdater\\updater.log\"" \""--attachment=C:\\Program Files (x86)\\Google\\GoogleUpdater\\updater_history.jsonl\"" --initial-client-data=0xf8,0x2b8,0x2bc,0xf0,0x2c0,0xe61e40,0xe61e4c,0xe61e58""},{""@Name"":""TargetUserSid"",""#text"":""S-1-0-0""},{""@Name"":""TargetUserName"",""#text"":""-""},{""@Name"":""TargetDomainName"",""#text"":""-""},{""@Name"":""TargetLogonId"",""#text"":""0x0""},{""@Name"":""ParentProcessName"",""#text"":""C:\\Program Files (x86)\\Google\\GoogleUpdater\\152.0.7933.0\\updater.exe""},{""@Name"":""MandatoryLabel"",""#text"":""S-1-16-16384""}]}}"
35414,35414,2026-08-17 18:32:28.9132152,4689,LogAlways,Microsoft-Windows-Security-Auditing,Security,4,224,disstestbedvm,426,,A process has exited,disstestbedvm\dfanalyst,,,PID: 0x1A38,,,,,C:\Program Files\Google\Chrome\Application\chrome.exe,False,D:\UOW\SEM3\msc-diss-7csef001w\scenarios\scenario_2\artefacts\event_logs\Security.evtx,Audit success,0,"{""EventData"":{""Data"":[{""@Name"":""SubjectUserSid"",""#text"":""S-1-5-21-4209295338-567392030-2519289182-1001""},{""@Name"":""SubjectUserName"",""#text"":""dfanalyst""},{""@Name"":""SubjectDomainName"",""#text"":""disstestbedvm""},{""@Name"":""SubjectLogonId"",""#text"":""0x1B772""},{""@Name"":""Status"",""#text"":""0x0""},{""@Name"":""ProcessId"",""#text"":""0x1A38""},{""@Name"":""ProcessName"",""#text"":""C:\\Program Files\\Google\\Chrome\\Application\\chrome.exe""}]}}"
35415,35415,2026-08-17 18:32:28.9241421,4689,LogAlways,Microsoft-Windows-Security-Auditing,Security,4,224,disstestbedvm,426,,A process has exited,WORKGROUP\DISSTESTBEDVM$,,,PID: 0x2288,,,,,C:\Program Files (x86)\Google\GoogleUpdater\152.0.7933.0\updater.exe,False,D:\UOW\SEM3\msc-diss-7csef001w\scenarios\scenario_2\artefacts\event_logs\Security.evtx,Audit success,0,"{""EventData"":{""Data"":[{""@Name"":""SubjectUserSid"",""#text"":""S-1-5-18""},{""@Name"":""SubjectUserName"",""#text"":""DISSTESTBEDVM$""},{""@Name"":""SubjectDomainName"",""#text"":""WORKGROUP""},{""@Name"":""SubjectLogonId"",""#text"":""0x3E7""},{""@Name"":""Status"",""#text"":""0x0""},{""@Name"":""ProcessId"",""#text"":""0x2288""},{""@Name"":""ProcessName"",""#text"":""C:\\Program Files (x86)\\Google\\GoogleUpdater\\152.0.7933.0\\updater.exe""}]}}"
35416,35416,2026-08-17 18:32:28.9290951,4689,LogAlways,Microsoft-Windows-Security-Auditing,Security,4,224,disstestbedvm,426,,A process has exited,WORKGROUP\DISSTESTBEDVM$,,,PID: 0x7A4,,,,,C:\Program Files (x86)\Google\GoogleUpdater\152.0.7933.0\updater.exe,False,D:\UOW\SEM3\msc-diss-7csef001w\scenarios\scenario_2\artefacts\event_logs\Security.evtx,Audit success,0,"{""EventData"":{""Data"":[{""@Name"":""SubjectUserSid"",""#text"":""S-1-5-18""},{""@Name"":""SubjectUserName"",""#text"":""DISSTESTBEDVM$""},{""@Name"":""SubjectDomainName"",""#text"":""WORKGROUP""},{""@Name"":""SubjectLogonId"",""#text"":""0x3E7""},{""@Name"":""Status"",""#text"":""0x0""},{""@Name"":""ProcessId"",""#text"":""0x7A4""},{""@Name"":""ProcessName"",""#text"":""C:\\Program Files (x86)\\Google\\GoogleUpdater\\152.0.7933.0\\updater.exe""}]}}"
35417,35417,2026-08-17 18:32:28.9922663,4688,LogAlways,Microsoft-Windows-Security-Auditing,Security,4,224,disstestbedvm,426,,A new process has been created,disstestbedvm\dfanalyst,,Parent process: C:\Program Files\Google\Chrome\Application\chrome.exe,PID: 0x16FC,Parent PID: 0x1C7C,Mandatory label: SECURITY_MANDATORY_LOW_RID,Target User: -\-,,"C:\Program Files\Google\Chrome\Application\chrome.exe ""C:\Program Files\Google\Chrome\Application\chrome.exe"" --type=utility --utility-sub-type=unzip.mojom.Unzipper --lang=en-US --service-sandbox-type=service --no-pre-read-main-dll --metrics-shmem-handle=7440,i,2108024578644519841,10040900209562449895,524288 --field-trial-handle=300,i,12568652149631050601,17836649519809257441,262144 --variations-seed-version=20260815-030035.901000-production --pseudonymization-salt-handle=1736,i,1201548225642530370,3632485646844189389,4 --trace-process-track-uuid=3190709035975089491 --mojo-platform-channel-handle=7628 /prefetch:14",False,D:\UOW\SEM3\msc-diss-7csef001w\scenarios\scenario_2\artefacts\event_logs\Security.evtx,Audit success,0,"{""EventData"":{""Data"":[{""@Name"":""SubjectUserSid"",""#text"":""S-1-5-21-4209295338-567392030-2519289182-1001""},{""@Name"":""SubjectUserName"",""#text"":""dfanalyst""},{""@Name"":""SubjectDomainName"",""#text"":""disstestbedvm""},{""@Name"":""SubjectLogonId"",""#text"":""0x1B772""},{""@Name"":""NewProcessId"",""#text"":""0x1C7C""},{""@Name"":""NewProcessName"",""#text"":""C:\\Program Files\\Google\\Chrome\\Application\\chrome.exe""},{""@Name"":""TokenElevationType"",""#text"":""%%1938""},{""@Name"":""ProcessId"",""#text"":""0x16FC""},{""@Name"":""CommandLine"",""#text"":""\""C:\\Program Files\\Google\\Chrome\\Application\\chrome.exe\"" --type=utility --utility-sub-type=unzip.mojom.Unzipper --lang=en-US --service-sandbox-type=service --no-pre-read-main-dll --metrics-shmem-handle=7440,i,2108024578644519841,10040900209562449895,524288 --field-trial-handle=300,i,12568652149631050601,17836649519809257441,262144 --variations-seed-version=20260815-030035.901000-production --pseudonymization-salt-handle=1736,i,1201548225642530370,3632485646844189389,4 --trace-process-track-uuid=3190709035975089491 --mojo-platform-channel-handle=7628 /prefetch:14""},{""@Name"":""TargetUserSid"",""#text"":""S-1-0-0""},{""@Name"":""TargetUserName"",""#text"":""-""},{""@Name"":""TargetDomainName"",""#text"":""-""},{""@Name"":""TargetLogonId"",""#text"":""0x0""},{""@Name"":""ParentProcessName"",""#text"":""C:\\Program Files\\Google\\Chrome\\Application\\chrome.exe""},{""@Name"":""MandatoryLabel"",""#text"":""S-1-16-4096""}]}}"
35418,35418,2026-08-17 18:32:29.2345625,4689,LogAlways,Microsoft-Windows-Security-Auditing,Security,4,224,disstestbedvm,426,,A process has exited,disstestbedvm\dfanalyst,,,PID: 0x1C7C,,,,,C:\Program Files\Google\Chrome\Application\chrome.exe,False,D:\UOW\SEM3\msc-diss-7csef001w\scenarios\scenario_2\artefacts\event_logs\Security.evtx,Audit success,0,"{""EventData"":{""Data"":[{""@Name"":""SubjectUserSid"",""#text"":""S-1-5-21-4209295338-567392030-2519289182-1001""},{""@Name"":""SubjectUserName"",""#text"":""dfanalyst""},{""@Name"":""SubjectDomainName"",""#text"":""disstestbedvm""},{""@Name"":""SubjectLogonId"",""#text"":""0x1B772""},{""@Name"":""Status"",""#text"":""0x0""},{""@Name"":""ProcessId"",""#text"":""0x1C7C""},{""@Name"":""ProcessName"",""#text"":""C:\\Program Files\\Google\\Chrome\\Application\\chrome.exe""}]}}"
35419,35419,2026-08-17 18:32:29.7199738,4688,LogAlways,Microsoft-Windows-Security-Auditing,Security,4,6380,disstestbedvm,426,,A new process has been created,WORKGROUP\DISSTESTBEDVM$,,Parent process: C:\Windows\System32\services.exe,PID: 0x364,Parent PID: 0x1C28,Mandatory label: SECURITY_MANDATORY_SYSTEM_RID,Target User: -\-,,"C:\Program Files (x86)\Google\GoogleUpdater\152.0.7933.0\updater.exe ""C:\Program Files (x86)\Google\GoogleUpdater\152.0.7933.0\updater.exe"" --system --windows-service --service=update",False,D:\UOW\SEM3\msc-diss-7csef001w\scenarios\scenario_2\artefacts\event_logs\Security.evtx,Audit success,0,"{""EventData"":{""Data"":[{""@Name"":""SubjectUserSid"",""#text"":""S-1-5-18""},{""@Name"":""SubjectUserName"",""#text"":""DISSTESTBEDVM$""},{""@Name"":""SubjectDomainName"",""#text"":""WORKGROUP""},{""@Name"":""SubjectLogonId"",""#text"":""0x3E7""},{""@Name"":""NewProcessId"",""#text"":""0x1C28""},{""@Name"":""NewProcessName"",""#text"":""C:\\Program Files (x86)\\Google\\GoogleUpdater\\152.0.7933.0\\updater.exe""},{""@Name"":""TokenElevationType"",""#text"":""%%1936""},{""@Name"":""ProcessId"",""#text"":""0x364""},{""@Name"":""CommandLine"",""#text"":""\""C:\\Program Files (x86)\\Google\\GoogleUpdater\\152.0.7933.0\\updater.exe\"" --system --windows-service --service=update""},{""@Name"":""TargetUserSid"",""#text"":""S-1-0-0""},{""@Name"":""TargetUserName"",""#text"":""-""},{""@Name"":""TargetDomainName"",""#text"":""-""},{""@Name"":""TargetLogonId"",""#text"":""0x0""},{""@Name"":""ParentProcessName"",""#text"":""C:\\Windows\\System32\\services.exe""},{""@Name"":""MandatoryLabel"",""#text"":""S-1-16-16384""}]}}"
35420,35420,2026-08-17 18:32:29.7466517,4688,LogAlways,Microsoft-Windows-Security-Auditing,Security,4,6380,disstestbedvm,426,,A new process has been created,WORKGROUP\DISSTESTBEDVM$,,Parent process: C:\Program Files (x86)\Google\GoogleUpdater\152.0.7933.0\updater.exe,PID: 0x1C28,Parent PID: 0x14E4,Mandatory label: SECURITY_MANDATORY_SYSTEM_RID,Target User: -\-,,"C:\Program Files (x86)\Google\GoogleUpdater\152.0.7933.0\updater.exe ""C:\Program Files (x86)\Google\GoogleUpdater\152.0.7933.0\updater.exe"" --crash-handler --system ""--database=C:\Program Files (x86)\Google\GoogleUpdater\152.0.7933.0\Crashpad"" --url=https://clients2.google.com/cr/report --annotation=prod=Update4 --annotation=ver=152.0.7933.0 ""--attachment=C:\Program Files (x86)\Google\GoogleUpdater\updater.log"" ""--attachment=C:\Program Files (x86)\Google\GoogleUpdater\updater_history.jsonl"" --initial-client-data=0x2c0,0x2c4,0x2c8,0x2bc,0x2cc,0xe61e40,0xe61e4c,0xe61e58",False,D:\UOW\SEM3\msc-diss-7csef001w\scenarios\scenario_2\artefacts\event_logs\Security.evtx,Audit success,0,"{""EventData"":{""Data"":[{""@Name"":""SubjectUserSid"",""#text"":""S-1-5-18""},{""@Name"":""SubjectUserName"",""#text"":""DISSTESTBEDVM$""},{""@Name"":""SubjectDomainName"",""#text"":""WORKGROUP""},{""@Name"":""SubjectLogonId"",""#text"":""0x3E7""},{""@Name"":""NewProcessId"",""#text"":""0x14E4""},{""@Name"":""NewProcessName"",""#text"":""C:\\Program Files (x86)\\Google\\GoogleUpdater\\152.0.7933.0\\updater.exe""},{""@Name"":""TokenElevationType"",""#text"":""%%1936""},{""@Name"":""ProcessId"",""#text"":""0x1C28""},{""@Name"":""CommandLine"",""#text"":""\""C:\\Program Files (x86)\\Google\\GoogleUpdater\\152.0.7933.0\\updater.exe\"" --crash-handler --system \""--database=C:\\Program Files (x86)\\Google\\GoogleUpdater\\152.0.7933.0\\Crashpad\"" --url=https://clients2.google.com/cr/report --annotation=prod=Update4 --annotation=ver=152.0.7933.0 \""--attachment=C:\\Program Files (x86)\\Google\\GoogleUpdater\\updater.log\"" \""--attachment=C:\\Program Files (x86)\\Google\\GoogleUpdater\\updater_history.jsonl\"" --initial-client-data=0x2c0,0x2c4,0x2c8,0x2bc,0x2cc,0xe61e40,0xe61e4c,0xe61e58""},{""@Name"":""TargetUserSid"",""#text"":""S-1-0-0""},{""@Name"":""TargetUserName"",""#text"":""-""},{""@Name"":""TargetDomainName"",""#text"":""-""},{""@Name"":""TargetLogonId"",""#text"":""0x0""},{""@Name"":""ParentProcessName"",""#text"":""C:\\Program Files (x86)\\Google\\GoogleUpdater\\152.0.7933.0\\updater.exe""},{""@Name"":""MandatoryLabel"",""#text"":""S-1-16-16384""}]}}"
35421,35421,2026-08-17 18:32:29.8162158,4689,LogAlways,Microsoft-Windows-Security-Auditing,Security,4,6380,disstestbedvm,426,,A process has exited,WORKGROUP\DISSTESTBEDVM$,,,PID: 0x1C28,,,,,C:\Program Files (x86)\Google\GoogleUpdater\152.0.7933.0\updater.exe,False,D:\UOW\SEM3\msc-diss-7csef001w\scenarios\scenario_2\artefacts\event_logs\Security.evtx,Audit success,0,"{""EventData"":{""Data"":[{""@Name"":""SubjectUserSid"",""#text"":""S-1-5-18""},{""@Name"":""SubjectUserName"",""#text"":""DISSTESTBEDVM$""},{""@Name"":""SubjectDomainName"",""#text"":""WORKGROUP""},{""@Name"":""SubjectLogonId"",""#text"":""0x3E7""},{""@Name"":""Status"",""#text"":""0x0""},{""@Name"":""ProcessId"",""#text"":""0x1C28""},{""@Name"":""ProcessName"",""#text"":""C:\\Program Files (x86)\\Google\\GoogleUpdater\\152.0.7933.0\\updater.exe""}]}}"
35422,35422,2026-08-17 18:32:29.8208905,4689,LogAlways,Microsoft-Windows-Security-Auditing,Security,4,6380,disstestbedvm,426,,A process has exited,WORKGROUP\DISSTESTBEDVM$,,,PID: 0x14E4,,,,,C:\Program Files (x86)\Google\GoogleUpdater\152.0.7933.0\updater.exe,False,D:\UOW\SEM3\msc-diss-7csef001w\scenarios\scenario_2\artefacts\event_logs\Security.evtx,Audit success,0,"{""EventData"":{""Data"":[{""@Name"":""SubjectUserSid"",""#text"":""S-1-5-18""},{""@Name"":""SubjectUserName"",""#text"":""DISSTESTBEDVM$""},{""@Name"":""SubjectDomainName"",""#text"":""WORKGROUP""},{""@Name"":""SubjectLogonId"",""#text"":""0x3E7""},{""@Name"":""Status"",""#text"":""0x0""},{""@Name"":""ProcessId"",""#text"":""0x14E4""},{""@Name"":""ProcessName"",""#text"":""C:\\Program Files (x86)\\Google\\GoogleUpdater\\152.0.7933.0\\updater.exe""}]}}"
35423,35423,2026-08-17 18:32:30.8129558,4688,LogAlways,Microsoft-Windows-Security-Auditing,Security,4,1420,disstestbedvm,426,,A new process has been created,WORKGROUP\DISSTESTBEDVM$,,Parent process: C:\Windows\System32\services.exe,PID: 0x364,Parent PID: 0x1F8C,Mandatory label: SECURITY_MANDATORY_SYSTEM_RID,Target User: -\-,,"C:\Program Files (x86)\Google\GoogleUpdater\152.0.7933.0\updater.exe ""C:\Program Files (x86)\Google\GoogleUpdater\152.0.7933.0\updater.exe"" --system --windows-service --service=update",False,D:\UOW\SEM3\msc-diss-7csef001w\scenarios\scenario_2\artefacts\event_logs\Security.evtx,Audit success,0,"{""EventData"":{""Data"":[{""@Name"":""SubjectUserSid"",""#text"":""S-1-5-18""},{""@Name"":""SubjectUserName"",""#text"":""DISSTESTBEDVM$""},{""@Name"":""SubjectDomainName"",""#text"":""WORKGROUP""},{""@Name"":""SubjectLogonId"",""#text"":""0x3E7""},{""@Name"":""NewProcessId"",""#text"":""0x1F8C""},{""@Name"":""NewProcessName"",""#text"":""C:\\Program Files (x86)\\Google\\GoogleUpdater\\152.0.7933.0\\updater.exe""},{""@Name"":""TokenElevationType"",""#text"":""%%1936""},{""@Name"":""ProcessId"",""#text"":""0x364""},{""@Name"":""CommandLine"",""#text"":""\""C:\\Program Files (x86)\\Google\\GoogleUpdater\\152.0.7933.0\\updater.exe\"" --system --windows-service --service=update""},{""@Name"":""TargetUserSid"",""#text"":""S-1-0-0""},{""@Name"":""TargetUserName"",""#text"":""-""},{""@Name"":""TargetDomainName"",""#text"":""-""},{""@Name"":""TargetLogonId"",""#text"":""0x0""},{""@Name"":""ParentProcessName"",""#text"":""C:\\Windows\\System32\\services.exe""},{""@Name"":""MandatoryLabel"",""#text"":""S-1-16-16384""}]}}"
35424,35424,2026-08-17 18:32:30.8319885,4688,LogAlways,Microsoft-Windows-Security-Auditing,Security,4,1420,disstestbedvm,426,,A new process has been created,WORKGROUP\DISSTESTBEDVM$,,Parent process: C:\Program Files (x86)\Google\GoogleUpdater\152.0.7933.0\updater.exe,PID: 0x1F8C,Parent PID: 0x165C,Mandatory label: SECURITY_MANDATORY_SYSTEM_RID,Target User: -\-,,"C:\Program Files (x86)\Google\GoogleUpdater\152.0.7933.0\updater.exe ""C:\Program Files (x86)\Google\GoogleUpdater\152.0.7933.0\updater.exe"" --crash-handler --system ""--database=C:\Program Files (x86)\Google\GoogleUpdater\152.0.7933.0\Crashpad"" --url=https://clients2.google.com/cr/report --annotation=prod=Update4 --annotation=ver=152.0.7933.0 ""--attachment=C:\Program Files (x86)\Google\GoogleUpdater\updater.log"" ""--attachment=C:\Program Files (x86)\Google\GoogleUpdater\updater_history.jsonl"" --initial-client-data=0x2b4,0x2b8,0x2bc,0x2b0,0x2c0,0xe61e40,0xe61e4c,0xe61e58",False,D:\UOW\SEM3\msc-diss-7csef001w\scenarios\scenario_2\artefacts\event_logs\Security.evtx,Audit success,0,"{""EventData"":{""Data"":[{""@Name"":""SubjectUserSid"",""#text"":""S-1-5-18""},{""@Name"":""SubjectUserName"",""#text"":""DISSTESTBEDVM$""},{""@Name"":""SubjectDomainName"",""#text"":""WORKGROUP""},{""@Name"":""SubjectLogonId"",""#text"":""0x3E7""},{""@Name"":""NewProcessId"",""#text"":""0x165C""},{""@Name"":""NewProcessName"",""#text"":""C:\\Program Files (x86)\\Google\\GoogleUpdater\\152.0.7933.0\\updater.exe""},{""@Name"":""TokenElevationType"",""#text"":""%%1936""},{""@Name"":""ProcessId"",""#text"":""0x1F8C""},{""@Name"":""CommandLine"",""#text"":""\""C:\\Program Files (x86)\\Google\\GoogleUpdater\\152.0.7933.0\\updater.exe\"" --crash-handler --system \""--database=C:\\Program Files (x86)\\Google\\GoogleUpdater\\152.0.7933.0\\Crashpad\"" --url=https://clients2.google.com/cr/report --annotation=prod=Update4 --annotation=ver=152.0.7933.0 \""--attachment=C:\\Program Files (x86)\\Google\\GoogleUpdater\\updater.log\"" \""--attachment=C:\\Program Files (x86)\\Google\\GoogleUpdater\\updater_history.jsonl\"" --initial-client-data=0x2b4,0x2b8,0x2bc,0x2b0,0x2c0,0xe61e40,0xe61e4c,0xe61e58""},{""@Name"":""TargetUserSid"",""#text"":""S-1-0-0""},{""@Name"":""TargetUserName"",""#text"":""-""},{""@Name"":""TargetDomainName"",""#text"":""-""},{""@Name"":""TargetLogonId"",""#text"":""0x0""},{""@Name"":""ParentProcessName"",""#text"":""C:\\Program Files (x86)\\Google\\GoogleUpdater\\152.0.7933.0\\updater.exe""},{""@Name"":""MandatoryLabel"",""#text"":""S-1-16-16384""}]}}"
35425,35425,2026-08-17 18:32:30.8944937,4689,LogAlways,Microsoft-Windows-Security-Auditing,Security,4,1420,disstestbedvm,426,,A process has exited,WORKGROUP\DISSTESTBEDVM$,,,PID: 0x1F8C,,,,,C:\Program Files (x86)\Google\GoogleUpdater\152.0.7933.0\updater.exe,False,D:\UOW\SEM3\msc-diss-7csef001w\scenarios\scenario_2\artefacts\event_logs\Security.evtx,Audit success,0,"{""EventData"":{""Data"":[{""@Name"":""SubjectUserSid"",""#text"":""S-1-5-18""},{""@Name"":""SubjectUserName"",""#text"":""DISSTESTBEDVM$""},{""@Name"":""SubjectDomainName"",""#text"":""WORKGROUP""},{""@Name"":""SubjectLogonId"",""#text"":""0x3E7""},{""@Name"":""Status"",""#text"":""0x0""},{""@Name"":""ProcessId"",""#text"":""0x1F8C""},{""@Name"":""ProcessName"",""#text"":""C:\\Program Files (x86)\\Google\\GoogleUpdater\\152.0.7933.0\\updater.exe""}]}}"
35426,35426,2026-08-17 18:32:30.8989262,4689,LogAlways,Microsoft-Windows-Security-Auditing,Security,4,1420,disstestbedvm,426,,A process has exited,WORKGROUP\DISSTESTBEDVM$,,,PID: 0x165C,,,,,C:\Program Files (x86)\Google\GoogleUpdater\152.0.7933.0\updater.exe,False,D:\UOW\SEM3\msc-diss-7csef001w\scenarios\scenario_2\artefacts\event_logs\Security.evtx,Audit success,0,"{""EventData"":{""Data"":[{""@Name"":""SubjectUserSid"",""#text"":""S-1-5-18""},{""@Name"":""SubjectUserName"",""#text"":""DISSTESTBEDVM$""},{""@Name"":""SubjectDomainName"",""#text"":""WORKGROUP""},{""@Name"":""SubjectLogonId"",""#text"":""0x3E7""},{""@Name"":""Status"",""#text"":""0x0""},{""@Name"":""ProcessId"",""#text"":""0x165C""},{""@Name"":""ProcessName"",""#text"":""C:\\Program Files (x86)\\Google\\GoogleUpdater\\152.0.7933.0\\updater.exe""}]}}"
35427,35427,2026-08-17 18:32:32.0858646,4688,LogAlways,Microsoft-Windows-Security-Auditing,Security,4,6380,disstestbedvm,426,,A new process has been created,WORKGROUP\DISSTESTBEDVM$,,Parent process: C:\Windows\System32\services.exe,PID: 0x364,Parent PID: 0x19A0,Mandatory label: SECURITY_MANDATORY_SYSTEM_RID,Target User: -\-,,"C:\Program Files (x86)\Google\GoogleUpdater\152.0.7933.0\updater.exe ""C:\Program Files (x86)\Google\GoogleUpdater\152.0.7933.0\updater.exe"" --system --windows-service --service=update",False,D:\UOW\SEM3\msc-diss-7csef001w\scenarios\scenario_2\artefacts\event_logs\Security.evtx,Audit success,0,"{""EventData"":{""Data"":[{""@Name"":""SubjectUserSid"",""#text"":""S-1-5-18""},{""@Name"":""SubjectUserName"",""#text"":""DISSTESTBEDVM$""},{""@Name"":""SubjectDomainName"",""#text"":""WORKGROUP""},{""@Name"":""SubjectLogonId"",""#text"":""0x3E7""},{""@Name"":""NewProcessId"",""#text"":""0x19A0""},{""@Name"":""NewProcessName"",""#text"":""C:\\Program Files (x86)\\Google\\GoogleUpdater\\152.0.7933.0\\updater.exe""},{""@Name"":""TokenElevationType"",""#text"":""%%1936""},{""@Name"":""ProcessId"",""#text"":""0x364""},{""@Name"":""CommandLine"",""#text"":""\""C:\\Program Files (x86)\\Google\\GoogleUpdater\\152.0.7933.0\\updater.exe\"" --system --windows-service --service=update""},{""@Name"":""TargetUserSid"",""#text"":""S-1-0-0""},{""@Name"":""TargetUserName"",""#text"":""-""},{""@Name"":""TargetDomainName"",""#text"":""-""},{""@Name"":""TargetLogonId"",""#text"":""0x0""},{""@Name"":""ParentProcessName"",""#text"":""C:\\Windows\\System32\\services.exe""},{""@Name"":""MandatoryLabel"",""#text"":""S-1-16-16384""}]}}"
35428,35428,2026-08-17 18:32:32.1079974,4688,LogAlways,Microsoft-Windows-Security-Auditing,Security,4,6380,disstestbedvm,426,,A new process has been created,WORKGROUP\DISSTESTBEDVM$,,Parent process: C:\Program Files (x86)\Google\GoogleUpdater\152.0.7933.0\updater.exe,PID: 0x19A0,Parent PID: 0x2B44,Mandatory label: SECURITY_MANDATORY_SYSTEM_RID,Target User: -\-,,"C:\Program Files (x86)\Google\GoogleUpdater\152.0.7933.0\updater.exe ""C:\Program Files (x86)\Google\GoogleUpdater\152.0.7933.0\updater.exe"" --crash-handler --system ""--database=C:\Program Files (x86)\Google\GoogleUpdater\152.0.7933.0\Crashpad"" --url=https://clients2.google.com/cr/report --annotation=prod=Update4 --annotation=ver=152.0.7933.0 ""--attachment=C:\Program Files (x86)\Google\GoogleUpdater\updater.log"" ""--attachment=C:\Program Files (x86)\Google\GoogleUpdater\updater_history.jsonl"" --initial-client-data=0xec,0xf0,0x108,0xe4,0x2c0,0xe61e40,0xe61e4c,0xe61e58",False,D:\UOW\SEM3\msc-diss-7csef001w\scenarios\scenario_2\artefacts\event_logs\Security.evtx,Audit success,0,"{""EventData"":{""Data"":[{""@Name"":""SubjectUserSid"",""#text"":""S-1-5-18""},{""@Name"":""SubjectUserName"",""#text"":""DISSTESTBEDVM$""},{""@Name"":""SubjectDomainName"",""#text"":""WORKGROUP""},{""@Name"":""SubjectLogonId"",""#text"":""0x3E7""},{""@Name"":""NewProcessId"",""#text"":""0x2B44""},{""@Name"":""NewProcessName"",""#text"":""C:\\Program Files (x86)\\Google\\GoogleUpdater\\152.0.7933.0\\updater.exe""},{""@Name"":""TokenElevationType"",""#text"":""%%1936""},{""@Name"":""ProcessId"",""#text"":""0x19A0""},{""@Name"":""CommandLine"",""#text"":""\""C:\\Program Files (x86)\\Google\\GoogleUpdater\\152.0.7933.0\\updater.exe\"" --crash-handler --system \""--database=C:\\Program Files (x86)\\Google\\GoogleUpdater\\152.0.7933.0\\Crashpad\"" --url=https://clients2.google.com/cr/report --annotation=prod=Update4 --annotation=ver=152.0.7933.0 \""--attachment=C:\\Program Files (x86)\\Google\\GoogleUpdater\\updater.log\"" \""--attachment=C:\\Program Files (x86)\\Google\\GoogleUpdater\\updater_history.jsonl\"" --initial-client-data=0xec,0xf0,0x108,0xe4,0x2c0,0xe61e40,0xe61e4c,0xe61e58""},{""@Name"":""TargetUserSid"",""#text"":""S-1-0-0""},{""@Name"":""TargetUserName"",""#text"":""-""},{""@Name"":""TargetDomainName"",""#text"":""-""},{""@Name"":""TargetLogonId"",""#text"":""0x0""},{""@Name"":""ParentProcessName"",""#text"":""C:\\Program Files (x86)\\Google\\GoogleUpdater\\152.0.7933.0\\updater.exe""},{""@Name"":""MandatoryLabel"",""#text"":""S-1-16-16384""}]}}"
35429,35429,2026-08-17 18:32:32.1713533,4689,LogAlways,Microsoft-Windows-Security-Auditing,Security,4,6380,disstestbedvm,426,,A process has exited,WORKGROUP\DISSTESTBEDVM$,,,PID: 0x19A0,,,,,C:\Program Files (x86)\Google\GoogleUpdater\152.0.7933.0\updater.exe,False,D:\UOW\SEM3\msc-diss-7csef001w\scenarios\scenario_2\artefacts\event_logs\Security.evtx,Audit success,0,"{""EventData"":{""Data"":[{""@Name"":""SubjectUserSid"",""#text"":""S-1-5-18""},{""@Name"":""SubjectUserName"",""#text"":""DISSTESTBEDVM$""},{""@Name"":""SubjectDomainName"",""#text"":""WORKGROUP""},{""@Name"":""SubjectLogonId"",""#text"":""0x3E7""},{""@Name"":""Status"",""#text"":""0x0""},{""@Name"":""ProcessId"",""#text"":""0x19A0""},{""@Name"":""ProcessName"",""#text"":""C:\\Program Files (x86)\\Google\\GoogleUpdater\\152.0.7933.0\\updater.exe""}]}}"
35430,35430,2026-08-17 18:32:32.1755675,4689,LogAlways,Microsoft-Windows-Security-Auditing,Security,4,6380,disstestbedvm,426,,A process has exited,WORKGROUP\DISSTESTBEDVM$,,,PID: 0x2B44,,,,,C:\Program Files (x86)\Google\GoogleUpdater\152.0.7933.0\updater.exe,False,D:\UOW\SEM3\msc-diss-7csef001w\scenarios\scenario_2\artefacts\event_logs\Security.evtx,Audit success,0,"{""EventData"":{""Data"":[{""@Name"":""SubjectUserSid"",""#text"":""S-1-5-18""},{""@Name"":""SubjectUserName"",""#text"":""DISSTESTBEDVM$""},{""@Name"":""SubjectDomainName"",""#text"":""WORKGROUP""},{""@Name"":""SubjectLogonId"",""#text"":""0x3E7""},{""@Name"":""Status"",""#text"":""0x0""},{""@Name"":""ProcessId"",""#text"":""0x2B44""},{""@Name"":""ProcessName"",""#text"":""C:\\Program Files (x86)\\Google\\GoogleUpdater\\152.0.7933.0\\updater.exe""}]}}"
35431,35431,2026-08-17 18:32:33.5728972,4688,LogAlways,Microsoft-Windows-Security-Auditing,Security,4,6380,disstestbedvm,426,,A new process has been created,WORKGROUP\DISSTESTBEDVM$,,Parent process: C:\Windows\System32\services.exe,PID: 0x364,Parent PID: 0x2838,Mandatory label: SECURITY_MANDATORY_SYSTEM_RID,Target User: -\-,,"C:\Program Files (x86)\Google\GoogleUpdater\152.0.7933.0\updater.exe ""C:\Program Files (x86)\Google\GoogleUpdater\152.0.7933.0\updater.exe"" --system --windows-service --service=update",False,D:\UOW\SEM3\msc-diss-7csef001w\scenarios\scenario_2\artefacts\event_logs\Security.evtx,Audit success,0,"{""EventData"":{""Data"":[{""@Name"":""SubjectUserSid"",""#text"":""S-1-5-18""},{""@Name"":""SubjectUserName"",""#text"":""DISSTESTBEDVM$""},{""@Name"":""SubjectDomainName"",""#text"":""WORKGROUP""},{""@Name"":""SubjectLogonId"",""#text"":""0x3E7""},{""@Name"":""NewProcessId"",""#text"":""0x2838""},{""@Name"":""NewProcessName"",""#text"":""C:\\Program Files (x86)\\Google\\GoogleUpdater\\152.0.7933.0\\updater.exe""},{""@Name"":""TokenElevationType"",""#text"":""%%1936""},{""@Name"":""ProcessId"",""#text"":""0x364""},{""@Name"":""CommandLine"",""#text"":""\""C:\\Program Files (x86)\\Google\\GoogleUpdater\\152.0.7933.0\\updater.exe\"" --system --windows-service --service=update""},{""@Name"":""TargetUserSid"",""#text"":""S-1-0-0""},{""@Name"":""TargetUserName"",""#text"":""-""},{""@Name"":""TargetDomainName"",""#text"":""-""},{""@Name"":""TargetLogonId"",""#text"":""0x0""},{""@Name"":""ParentProcessName"",""#text"":""C:\\Windows\\System32\\services.exe""},{""@Name"":""MandatoryLabel"",""#text"":""S-1-16-16384""}]}}"
35432,35432,2026-08-17 18:32:33.5926934,4688,LogAlways,Microsoft-Windows-Security-Auditing,Security,4,6380,disstestbedvm,426,,A new process has been created,WORKGROUP\DISSTESTBEDVM$,,Parent process: C:\Program Files (x86)\Google\GoogleUpdater\152.0.7933.0\updater.exe,PID: 0x2838,Parent PID: 0x2740,Mandatory label: SECURITY_MANDATORY_SYSTEM_RID,Target User: -\-,,"C:\Program Files (x86)\Google\GoogleUpdater\152.0.7933.0\updater.exe ""C:\Program Files (x86)\Google\GoogleUpdater\152.0.7933.0\updater.exe"" --crash-handler --system ""--database=C:\Program Files (x86)\Google\GoogleUpdater\152.0.7933.0\Crashpad"" --url=https://clients2.google.com/cr/report --annotation=prod=Update4 --annotation=ver=152.0.7933.0 ""--attachment=C:\Program Files (x86)\Google\GoogleUpdater\updater.log"" ""--attachment=C:\Program Files (x86)\Google\GoogleUpdater\updater_history.jsonl"" --initial-client-data=0x2cc,0x2d0,0x2d4,0x2c8,0x2d8,0xe61e40,0xe61e4c,0xe61e58",False,D:\UOW\SEM3\msc-diss-7csef001w\scenarios\scenario_2\artefacts\event_logs\Security.evtx,Audit success,0,"{""EventData"":{""Data"":[{""@Name"":""SubjectUserSid"",""#text"":""S-1-5-18""},{""@Name"":""SubjectUserName"",""#text"":""DISSTESTBEDVM$""},{""@Name"":""SubjectDomainName"",""#text"":""WORKGROUP""},{""@Name"":""SubjectLogonId"",""#text"":""0x3E7""},{""@Name"":""NewProcessId"",""#text"":""0x2740""},{""@Name"":""NewProcessName"",""#text"":""C:\\Program Files (x86)\\Google\\GoogleUpdater\\152.0.7933.0\\updater.exe""},{""@Name"":""TokenElevationType"",""#text"":""%%1936""},{""@Name"":""ProcessId"",""#text"":""0x2838""},{""@Name"":""CommandLine"",""#text"":""\""C:\\Program Files (x86)\\Google\\GoogleUpdater\\152.0.7933.0\\updater.exe\"" --crash-handler --system \""--database=C:\\Program Files (x86)\\Google\\GoogleUpdater\\152.0.7933.0\\Crashpad\"" --url=https://clients2.google.com/cr/report --annotation=prod=Update4 --annotation=ver=152.0.7933.0 \""--attachment=C:\\Program Files (x86)\\Google\\GoogleUpdater\\updater.log\"" \""--attachment=C:\\Program Files (x86)\\Google\\GoogleUpdater\\updater_history.jsonl\"" --initial-client-data=0x2cc,0x2d0,0x2d4,0x2c8,0x2d8,0xe61e40,0xe61e4c,0xe61e58""},{""@Name"":""TargetUserSid"",""#text"":""S-1-0-0""},{""@Name"":""TargetUserName"",""#text"":""-""},{""@Name"":""TargetDomainName"",""#text"":""-""},{""@Name"":""TargetLogonId"",""#text"":""0x0""},{""@Name"":""ParentProcessName"",""#text"":""C:\\Program Files (x86)\\Google\\GoogleUpdater\\152.0.7933.0\\updater.exe""},{""@Name"":""MandatoryLabel"",""#text"":""S-1-16-16384""}]}}"
35433,35433,2026-08-17 18:32:33.6581401,4689,LogAlways,Microsoft-Windows-Security-Auditing,Security,4,6380,disstestbedvm,426,,A process has exited,WORKGROUP\DISSTESTBEDVM$,,,PID: 0x2838,,,,,C:\Program Files (x86)\Google\GoogleUpdater\152.0.7933.0\updater.exe,False,D:\UOW\SEM3\msc-diss-7csef001w\scenarios\scenario_2\artefacts\event_logs\Security.evtx,Audit success,0,"{""EventData"":{""Data"":[{""@Name"":""SubjectUserSid"",""#text"":""S-1-5-18""},{""@Name"":""SubjectUserName"",""#text"":""DISSTESTBEDVM$""},{""@Name"":""SubjectDomainName"",""#text"":""WORKGROUP""},{""@Name"":""SubjectLogonId"",""#text"":""0x3E7""},{""@Name"":""Status"",""#text"":""0x0""},{""@Name"":""ProcessId"",""#text"":""0x2838""},{""@Name"":""ProcessName"",""#text"":""C:\\Program Files (x86)\\Google\\GoogleUpdater\\152.0.7933.0\\updater.exe""}]}}"
35434,35434,2026-08-17 18:32:33.6626678,4689,LogAlways,Microsoft-Windows-Security-Auditing,Security,4,6380,disstestbedvm,426,,A process has exited,WORKGROUP\DISSTESTBEDVM$,,,PID: 0x2740,,,,,C:\Program Files (x86)\Google\GoogleUpdater\152.0.7933.0\updater.exe,False,D:\UOW\SEM3\msc-diss-7csef001w\scenarios\scenario_2\artefacts\event_logs\Security.evtx,Audit success,0,"{""EventData"":{""Data"":[{""@Name"":""SubjectUserSid"",""#text"":""S-1-5-18""},{""@Name"":""SubjectUserName"",""#text"":""DISSTESTBEDVM$""},{""@Name"":""SubjectDomainName"",""#text"":""WORKGROUP""},{""@Name"":""SubjectLogonId"",""#text"":""0x3E7""},{""@Name"":""Status"",""#text"":""0x0""},{""@Name"":""ProcessId"",""#text"":""0x2740""},{""@Name"":""ProcessName"",""#text"":""C:\\Program Files (x86)\\Google\\GoogleUpdater\\152.0.7933.0\\updater.exe""}]}}"
35435,35435,2026-08-17 18:32:34.4926060,4689,LogAlways,Microsoft-Windows-Security-Auditing,Security,4,6380,disstestbedvm,426,,A process has exited,disstestbedvm\dfanalyst,,,PID: 0xF78,,,,,C:\Windows\System32\RuntimeBroker.exe,False,D:\UOW\SEM3\msc-diss-7csef001w\scenarios\scenario_2\artefacts\event_logs\Security.evtx,Audit success,0,"{""EventData"":{""Data"":[{""@Name"":""SubjectUserSid"",""#text"":""S-1-5-21-4209295338-567392030-2519289182-1001""},{""@Name"":""SubjectUserName"",""#text"":""dfanalyst""},{""@Name"":""SubjectDomainName"",""#text"":""disstestbedvm""},{""@Name"":""SubjectLogonId"",""#text"":""0x1B772""},{""@Name"":""Status"",""#text"":""0x0""},{""@Name"":""ProcessId"",""#text"":""0xF78""},{""@Name"":""ProcessName"",""#text"":""C:\\Windows\\System32\\RuntimeBroker.exe""}]}}"
35436,35436,2026-08-17 18:32:35.2548024,4688,LogAlways,Microsoft-Windows-Security-Auditing,Security,4,6380,disstestbedvm,426,,A new process has been created,WORKGROUP\DISSTESTBEDVM$,,Parent process: C:\Windows\System32\services.exe,PID: 0x364,Parent PID: 0x86C,Mandatory label: SECURITY_MANDATORY_SYSTEM_RID,Target User: -\-,,"C:\Program Files (x86)\Google\GoogleUpdater\152.0.7933.0\updater.exe ""C:\Program Files (x86)\Google\GoogleUpdater\152.0.7933.0\updater.exe"" --system --windows-service --service=update",False,D:\UOW\SEM3\msc-diss-7csef001w\scenarios\scenario_2\artefacts\event_logs\Security.evtx,Audit success,0,"{""EventData"":{""Data"":[{""@Name"":""SubjectUserSid"",""#text"":""S-1-5-18""},{""@Name"":""SubjectUserName"",""#text"":""DISSTESTBEDVM$""},{""@Name"":""SubjectDomainName"",""#text"":""WORKGROUP""},{""@Name"":""SubjectLogonId"",""#text"":""0x3E7""},{""@Name"":""NewProcessId"",""#text"":""0x86C""},{""@Name"":""NewProcessName"",""#text"":""C:\\Program Files (x86)\\Google\\GoogleUpdater\\152.0.7933.0\\updater.exe""},{""@Name"":""TokenElevationType"",""#text"":""%%1936""},{""@Name"":""ProcessId"",""#text"":""0x364""},{""@Name"":""CommandLine"",""#text"":""\""C:\\Program Files (x86)\\Google\\GoogleUpdater\\152.0.7933.0\\updater.exe\"" --system --windows-service --service=update""},{""@Name"":""TargetUserSid"",""#text"":""S-1-0-0""},{""@Name"":""TargetUserName"",""#text"":""-""},{""@Name"":""TargetDomainName"",""#text"":""-""},{""@Name"":""TargetLogonId"",""#text"":""0x0""},{""@Name"":""ParentProcessName"",""#text"":""C:\\Windows\\System32\\services.exe""},{""@Name"":""MandatoryLabel"",""#text"":""S-1-16-16384""}]}}"
35437,35437,2026-08-17 18:32:35.2820579,4688,LogAlways,Microsoft-Windows-Security-Auditing,Security,4,6380,disstestbedvm,426,,A new process has been created,WORKGROUP\DISSTESTBEDVM$,,Parent process: C:\Program Files (x86)\Google\GoogleUpdater\152.0.7933.0\updater.exe,PID: 0x86C,Parent PID: 0xA50,Mandatory label: SECURITY_MANDATORY_SYSTEM_RID,Target User: -\-,,"C:\Program Files (x86)\Google\GoogleUpdater\152.0.7933.0\updater.exe ""C:\Program Files (x86)\Google\GoogleUpdater\152.0.7933.0\updater.exe"" --crash-handler --system ""--database=C:\Program Files (x86)\Google\GoogleUpdater\152.0.7933.0\Crashpad"" --url=https://clients2.google.com/cr/report --annotation=prod=Update4 --annotation=ver=152.0.7933.0 ""--attachment=C:\Program Files (x86)\Google\GoogleUpdater\updater.log"" ""--attachment=C:\Program Files (x86)\Google\GoogleUpdater\updater_history.jsonl"" --initial-client-data=0x2b4,0x2b8,0x2bc,0x2b0,0x2c0,0xe61e40,0xe61e4c,0xe61e58",False,D:\UOW\SEM3\msc-diss-7csef001w\scenarios\scenario_2\artefacts\event_logs\Security.evtx,Audit success,0,"{""EventData"":{""Data"":[{""@Name"":""SubjectUserSid"",""#text"":""S-1-5-18""},{""@Name"":""SubjectUserName"",""#text"":""DISSTESTBEDVM$""},{""@Name"":""SubjectDomainName"",""#text"":""WORKGROUP""},{""@Name"":""SubjectLogonId"",""#text"":""0x3E7""},{""@Name"":""NewProcessId"",""#text"":""0xA50""},{""@Name"":""NewProcessName"",""#text"":""C:\\Program Files (x86)\\Google\\GoogleUpdater\\152.0.7933.0\\updater.exe""},{""@Name"":""TokenElevationType"",""#text"":""%%1936""},{""@Name"":""ProcessId"",""#text"":""0x86C""},{""@Name"":""CommandLine"",""#text"":""\""C:\\Program Files (x86)\\Google\\GoogleUpdater\\152.0.7933.0\\updater.exe\"" --crash-handler --system \""--database=C:\\Program Files (x86)\\Google\\GoogleUpdater\\152.0.7933.0\\Crashpad\"" --url=https://clients2.google.com/cr/report --annotation=prod=Update4 --annotation=ver=152.0.7933.0 \""--attachment=C:\\Program Files (x86)\\Google\\GoogleUpdater\\updater.log\"" \""--attachment=C:\\Program Files (x86)\\Google\\GoogleUpdater\\updater_history.jsonl\"" --initial-client-data=0x2b4,0x2b8,0x2bc,0x2b0,0x2c0,0xe61e40,0xe61e4c,0xe61e58""},{""@Name"":""TargetUserSid"",""#text"":""S-1-0-0""},{""@Name"":""TargetUserName"",""#text"":""-""},{""@Name"":""TargetDomainName"",""#text"":""-""},{""@Name"":""TargetLogonId"",""#text"":""0x0""},{""@Name"":""ParentProcessName"",""#text"":""C:\\Program Files (x86)\\Google\\GoogleUpdater\\152.0.7933.0\\updater.exe""},{""@Name"":""MandatoryLabel"",""#text"":""S-1-16-16384""}]}}"
35438,35438,2026-08-17 18:32:35.3484502,4689,LogAlways,Microsoft-Windows-Security-Auditing,Security,4,6380,disstestbedvm,426,,A process has exited,WORKGROUP\DISSTESTBEDVM$,,,PID: 0x86C,,,,,C:\Program Files (x86)\Google\GoogleUpdater\152.0.7933.0\updater.exe,False,D:\UOW\SEM3\msc-diss-7csef001w\scenarios\scenario_2\artefacts\event_logs\Security.evtx,Audit success,0,"{""EventData"":{""Data"":[{""@Name"":""SubjectUserSid"",""#text"":""S-1-5-18""},{""@Name"":""SubjectUserName"",""#text"":""DISSTESTBEDVM$""},{""@Name"":""SubjectDomainName"",""#text"":""WORKGROUP""},{""@Name"":""SubjectLogonId"",""#text"":""0x3E7""},{""@Name"":""Status"",""#text"":""0x0""},{""@Name"":""ProcessId"",""#text"":""0x86C""},{""@Name"":""ProcessName"",""#text"":""C:\\Program Files (x86)\\Google\\GoogleUpdater\\152.0.7933.0\\updater.exe""}]}}"
35439,35439,2026-08-17 18:32:35.3549087,4689,LogAlways,Microsoft-Windows-Security-Auditing,Security,4,6380,disstestbedvm,426,,A process has exited,WORKGROUP\DISSTESTBEDVM$,,,PID: 0xA50,,,,,C:\Program Files (x86)\Google\GoogleUpdater\152.0.7933.0\updater.exe,False,D:\UOW\SEM3\msc-diss-7csef001w\scenarios\scenario_2\artefacts\event_logs\Security.evtx,Audit success,0,"{""EventData"":{""Data"":[{""@Name"":""SubjectUserSid"",""#text"":""S-1-5-18""},{""@Name"":""SubjectUserName"",""#text"":""DISSTESTBEDVM$""},{""@Name"":""SubjectDomainName"",""#text"":""WORKGROUP""},{""@Name"":""SubjectLogonId"",""#text"":""0x3E7""},{""@Name"":""Status"",""#text"":""0x0""},{""@Name"":""ProcessId"",""#text"":""0xA50""},{""@Name"":""ProcessName"",""#text"":""C:\\Program Files (x86)\\Google\\GoogleUpdater\\152.0.7933.0\\updater.exe""}]}}"
35440,35440,2026-08-17 18:32:37.1542705,4688,LogAlways,Microsoft-Windows-Security-Auditing,Security,4,10052,disstestbedvm,426,,A new process has been created,WORKGROUP\DISSTESTBEDVM$,,Parent process: C:\Windows\System32\services.exe,PID: 0x364,Parent PID: 0x2BC0,Mandatory label: SECURITY_MANDATORY_SYSTEM_RID,Target User: -\-,,"C:\Program Files (x86)\Google\GoogleUpdater\152.0.7933.0\updater.exe ""C:\Program Files (x86)\Google\GoogleUpdater\152.0.7933.0\updater.exe"" --system --windows-service --service=update",False,D:\UOW\SEM3\msc-diss-7csef001w\scenarios\scenario_2\artefacts\event_logs\Security.evtx,Audit success,0,"{""EventData"":{""Data"":[{""@Name"":""SubjectUserSid"",""#text"":""S-1-5-18""},{""@Name"":""SubjectUserName"",""#text"":""DISSTESTBEDVM$""},{""@Name"":""SubjectDomainName"",""#text"":""WORKGROUP""},{""@Name"":""SubjectLogonId"",""#text"":""0x3E7""},{""@Name"":""NewProcessId"",""#text"":""0x2BC0""},{""@Name"":""NewProcessName"",""#text"":""C:\\Program Files (x86)\\Google\\GoogleUpdater\\152.0.7933.0\\updater.exe""},{""@Name"":""TokenElevationType"",""#text"":""%%1936""},{""@Name"":""ProcessId"",""#text"":""0x364""},{""@Name"":""CommandLine"",""#text"":""\""C:\\Program Files (x86)\\Google\\GoogleUpdater\\152.0.7933.0\\updater.exe\"" --system --windows-service --service=update""},{""@Name"":""TargetUserSid"",""#text"":""S-1-0-0""},{""@Name"":""TargetUserName"",""#text"":""-""},{""@Name"":""TargetDomainName"",""#text"":""-""},{""@Name"":""TargetLogonId"",""#text"":""0x0""},{""@Name"":""ParentProcessName"",""#text"":""C:\\Windows\\System32\\services.exe""},{""@Name"":""MandatoryLabel"",""#text"":""S-1-16-16384""}]}}"
35441,35441,2026-08-17 18:32:37.1730777,4688,LogAlways,Microsoft-Windows-Security-Auditing,Security,4,10052,disstestbedvm,426,,A new process has been created,WORKGROUP\DISSTESTBEDVM$,,Parent process: C:\Program Files (x86)\Google\GoogleUpdater\152.0.7933.0\updater.exe,PID: 0x2BC0,Parent PID: 0x1D50,Mandatory label: SECURITY_MANDATORY_SYSTEM_RID,Target User: -\-,,"C:\Program Files (x86)\Google\GoogleUpdater\152.0.7933.0\updater.exe ""C:\Program Files (x86)\Google\GoogleUpdater\152.0.7933.0\updater.exe"" --crash-handler --system ""--database=C:\Program Files (x86)\Google\GoogleUpdater\152.0.7933.0\Crashpad"" --url=https://clients2.google.com/cr/report --annotation=prod=Update4 --annotation=ver=152.0.7933.0 ""--attachment=C:\Program Files (x86)\Google\GoogleUpdater\updater.log"" ""--attachment=C:\Program Files (x86)\Google\GoogleUpdater\updater_history.jsonl"" --initial-client-data=0x2b4,0x2b8,0x2bc,0x2b0,0x2c0,0xe61e40,0xe61e4c,0xe61e58",False,D:\UOW\SEM3\msc-diss-7csef001w\scenarios\scenario_2\artefacts\event_logs\Security.evtx,Audit success,0,"{""EventData"":{""Data"":[{""@Name"":""SubjectUserSid"",""#text"":""S-1-5-18""},{""@Name"":""SubjectUserName"",""#text"":""DISSTESTBEDVM$""},{""@Name"":""SubjectDomainName"",""#text"":""WORKGROUP""},{""@Name"":""SubjectLogonId"",""#text"":""0x3E7""},{""@Name"":""NewProcessId"",""#text"":""0x1D50""},{""@Name"":""NewProcessName"",""#text"":""C:\\Program Files (x86)\\Google\\GoogleUpdater\\152.0.7933.0\\updater.exe""},{""@Name"":""TokenElevationType"",""#text"":""%%1936""},{""@Name"":""ProcessId"",""#text"":""0x2BC0""},{""@Name"":""CommandLine"",""#text"":""\""C:\\Program Files (x86)\\Google\\GoogleUpdater\\152.0.7933.0\\updater.exe\"" --crash-handler --system \""--database=C:\\Program Files (x86)\\Google\\GoogleUpdater\\152.0.7933.0\\Crashpad\"" --url=https://clients2.google.com/cr/report --annotation=prod=Update4 --annotation=ver=152.0.7933.0 \""--attachment=C:\\Program Files (x86)\\Google\\GoogleUpdater\\updater.log\"" \""--attachment=C:\\Program Files (x86)\\Google\\GoogleUpdater\\updater_history.jsonl\"" --initial-client-data=0x2b4,0x2b8,0x2bc,0x2b0,0x2c0,0xe61e40,0xe61e4c,0xe61e58""},{""@Name"":""TargetUserSid"",""#text"":""S-1-0-0""},{""@Name"":""TargetUserName"",""#text"":""-""},{""@Name"":""TargetDomainName"",""#text"":""-""},{""@Name"":""TargetLogonId"",""#text"":""0x0""},{""@Name"":""ParentProcessName"",""#text"":""C:\\Program Files (x86)\\Google\\GoogleUpdater\\152.0.7933.0\\updater.exe""},{""@Name"":""MandatoryLabel"",""#text"":""S-1-16-16384""}]}}"
35442,35442,2026-08-17 18:32:37.2515139,4689,LogAlways,Microsoft-Windows-Security-Auditing,Security,4,10052,disstestbedvm,426,,A process has exited,WORKGROUP\DISSTESTBEDVM$,,,PID: 0x2BC0,,,,,C:\Program Files (x86)\Google\GoogleUpdater\152.0.7933.0\updater.exe,False,D:\UOW\SEM3\msc-diss-7csef001w\scenarios\scenario_2\artefacts\event_logs\Security.evtx,Audit success,0,"{""EventData"":{""Data"":[{""@Name"":""SubjectUserSid"",""#text"":""S-1-5-18""},{""@Name"":""SubjectUserName"",""#text"":""DISSTESTBEDVM$""},{""@Name"":""SubjectDomainName"",""#text"":""WORKGROUP""},{""@Name"":""SubjectLogonId"",""#text"":""0x3E7""},{""@Name"":""Status"",""#text"":""0x0""},{""@Name"":""ProcessId"",""#text"":""0x2BC0""},{""@Name"":""ProcessName"",""#text"":""C:\\Program Files (x86)\\Google\\GoogleUpdater\\152.0.7933.0\\updater.exe""}]}}"
35443,35443,2026-08-17 18:32:37.2564603,4689,LogAlways,Microsoft-Windows-Security-Auditing,Security,4,10052,disstestbedvm,426,,A process has exited,WORKGROUP\DISSTESTBEDVM$,,,PID: 0x1D50,,,,,C:\Program Files (x86)\Google\GoogleUpdater\152.0.7933.0\updater.exe,False,D:\UOW\SEM3\msc-diss-7csef001w\scenarios\scenario_2\artefacts\event_logs\Security.evtx,Audit success,0,"{""EventData"":{""Data"":[{""@Name"":""SubjectUserSid"",""#text"":""S-1-5-18""},{""@Name"":""SubjectUserName"",""#text"":""DISSTESTBEDVM$""},{""@Name"":""SubjectDomainName"",""#text"":""WORKGROUP""},{""@Name"":""SubjectLogonId"",""#text"":""0x3E7""},{""@Name"":""Status"",""#text"":""0x0""},{""@Name"":""ProcessId"",""#text"":""0x1D50""},{""@Name"":""ProcessName"",""#text"":""C:\\Program Files (x86)\\Google\\GoogleUpdater\\152.0.7933.0\\updater.exe""}]}}"
35444,35444,2026-08-17 18:32:38.2834025,4688,LogAlways,Microsoft-Windows-Security-Auditing,Security,4,1420,disstestbedvm,426,,A new process has been created,disstestbedvm\dfanalyst,,Parent process: C:\Program Files\Google\Chrome\Application\chrome.exe,PID: 0x16FC,Parent PID: 0x2828,Mandatory label: SECURITY_MANDATORY_MEDIUM_RID,Target User: -\-,,"C:\Program Files\Google\Chrome\Application\chrome.exe ""C:\Program Files\Google\Chrome\Application\chrome.exe"" --type=utility --utility-sub-type=chrome.mojom.UtilWin --lang=en-US --service-sandbox-type=none --message-loop-type-ui --no-pre-read-main-dll --metrics-shmem-handle=7532,i,11353641920496615024,6206282225021498472,524288 --field-trial-handle=300,i,12568652149631050601,17836649519809257441,262144 --variations-seed-version=20260815-030035.901000-production --pseudonymization-salt-handle=1736,i,1201548225642530370,3632485646844189389,4 --trace-process-track-uuid=3190709036912131340 --mojo-platform-channel-handle=7092 /prefetch:14",False,D:\UOW\SEM3\msc-diss-7csef001w\scenarios\scenario_2\artefacts\event_logs\Security.evtx,Audit success,0,"{""EventData"":{""Data"":[{""@Name"":""SubjectUserSid"",""#text"":""S-1-5-21-4209295338-567392030-2519289182-1001""},{""@Name"":""SubjectUserName"",""#text"":""dfanalyst""},{""@Name"":""SubjectDomainName"",""#text"":""disstestbedvm""},{""@Name"":""SubjectLogonId"",""#text"":""0x1B772""},{""@Name"":""NewProcessId"",""#text"":""0x2828""},{""@Name"":""NewProcessName"",""#text"":""C:\\Program Files\\Google\\Chrome\\Application\\chrome.exe""},{""@Name"":""TokenElevationType"",""#text"":""%%1938""},{""@Name"":""ProcessId"",""#text"":""0x16FC""},{""@Name"":""CommandLine"",""#text"":""\""C:\\Program Files\\Google\\Chrome\\Application\\chrome.exe\"" --type=utility --utility-sub-type=chrome.mojom.UtilWin --lang=en-US --service-sandbox-type=none --message-loop-type-ui --no-pre-read-main-dll --metrics-shmem-handle=7532,i,11353641920496615024,6206282225021498472,524288 --field-trial-handle=300,i,12568652149631050601,17836649519809257441,262144 --variations-seed-version=20260815-030035.901000-production --pseudonymization-salt-handle=1736,i,1201548225642530370,3632485646844189389,4 --trace-process-track-uuid=3190709036912131340 --mojo-platform-channel-handle=7092 /prefetch:14""},{""@Name"":""TargetUserSid"",""#text"":""S-1-0-0""},{""@Name"":""TargetUserName"",""#text"":""-""},{""@Name"":""TargetDomainName"",""#text"":""-""},{""@Name"":""TargetLogonId"",""#text"":""0x0""},{""@Name"":""ParentProcessName"",""#text"":""C:\\Program Files\\Google\\Chrome\\Application\\chrome.exe""},{""@Name"":""MandatoryLabel"",""#text"":""S-1-16-8192""}]}}"
35445,35445,2026-08-17 18:32:38.2873085,4688,LogAlways,Microsoft-Windows-Security-Auditing,Security,4,1420,disstestbedvm,426,,A new process has been created,disstestbedvm\dfanalyst,,Parent process: C:\Program Files\Google\Chrome\Application\chrome.exe,PID: 0x16FC,Parent PID: 0x354,Mandatory label: SECURITY_MANDATORY_MEDIUM_RID,Target User: -\-,,"C:\Program Files\Google\Chrome\Application\chrome.exe ""C:\Program Files\Google\Chrome\Application\chrome.exe"" --type=utility --utility-sub-type=chrome.mojom.UtilWin --lang=en-US --service-sandbox-type=none --message-loop-type-ui --no-pre-read-main-dll --metrics-shmem-handle=7916,i,225321639394619392,13233928718676451072,524288 --field-trial-handle=300,i,12568652149631050601,17836649519809257441,262144 --variations-seed-version=20260815-030035.901000-production --pseudonymization-salt-handle=1736,i,1201548225642530370,3632485646844189389,4 --trace-process-track-uuid=3190709037849173189 --mojo-platform-channel-handle=5504 /prefetch:14",False,D:\UOW\SEM3\msc-diss-7csef001w\scenarios\scenario_2\artefacts\event_logs\Security.evtx,Audit success,0,"{""EventData"":{""Data"":[{""@Name"":""SubjectUserSid"",""#text"":""S-1-5-21-4209295338-567392030-2519289182-1001""},{""@Name"":""SubjectUserName"",""#text"":""dfanalyst""},{""@Name"":""SubjectDomainName"",""#text"":""disstestbedvm""},{""@Name"":""SubjectLogonId"",""#text"":""0x1B772""},{""@Name"":""NewProcessId"",""#text"":""0x354""},{""@Name"":""NewProcessName"",""#text"":""C:\\Program Files\\Google\\Chrome\\Application\\chrome.exe""},{""@Name"":""TokenElevationType"",""#text"":""%%1938""},{""@Name"":""ProcessId"",""#text"":""0x16FC""},{""@Name"":""CommandLine"",""#text"":""\""C:\\Program Files\\Google\\Chrome\\Application\\chrome.exe\"" --type=utility --utility-sub-type=chrome.mojom.UtilWin --lang=en-US --service-sandbox-type=none --message-loop-type-ui --no-pre-read-main-dll --metrics-shmem-handle=7916,i,225321639394619392,13233928718676451072,524288 --field-trial-handle=300,i,12568652149631050601,17836649519809257441,262144 --variations-seed-version=20260815-030035.901000-production --pseudonymization-salt-handle=1736,i,1201548225642530370,3632485646844189389,4 --trace-process-track-uuid=3190709037849173189 --mojo-platform-channel-handle=5504 /prefetch:14""},{""@Name"":""TargetUserSid"",""#text"":""S-1-0-0""},{""@Name"":""TargetUserName"",""#text"":""-""},{""@Name"":""TargetDomainName"",""#text"":""-""},{""@Name"":""TargetLogonId"",""#text"":""0x0""},{""@Name"":""ParentProcessName"",""#text"":""C:\\Program Files\\Google\\Chrome\\Application\\chrome.exe""},{""@Name"":""MandatoryLabel"",""#text"":""S-1-16-8192""}]}}"
35446,35446,2026-08-17 18:32:38.2903540,4688,LogAlways,Microsoft-Windows-Security-Auditing,Security,4,1420,disstestbedvm,426,,A new process has been created,disstestbedvm\dfanalyst,,Parent process: C:\Program Files\Google\Chrome\Application\chrome.exe,PID: 0x16FC,Parent PID: 0x1BA4,Mandatory label: SECURITY_MANDATORY_MEDIUM_RID,Target User: -\-,,"C:\Program Files\Google\Chrome\Application\chrome.exe ""C:\Program Files\Google\Chrome\Application\chrome.exe"" --type=utility --utility-sub-type=chrome.mojom.UtilWin --lang=en-US --service-sandbox-type=none --message-loop-type-ui --no-pre-read-main-dll --metrics-shmem-handle=6576,i,6313354061720537933,18155004273565044679,524288 --field-trial-handle=300,i,12568652149631050601,17836649519809257441,262144 --variations-seed-version=20260815-030035.901000-production --pseudonymization-salt-handle=1736,i,1201548225642530370,3632485646844189389,4 --trace-process-track-uuid=3190709038786215038 --mojo-platform-channel-handle=7420 /prefetch:14",False,D:\UOW\SEM3\msc-diss-7csef001w\scenarios\scenario_2\artefacts\event_logs\Security.evtx,Audit success,0,"{""EventData"":{""Data"":[{""@Name"":""SubjectUserSid"",""#text"":""S-1-5-21-4209295338-567392030-2519289182-1001""},{""@Name"":""SubjectUserName"",""#text"":""dfanalyst""},{""@Name"":""SubjectDomainName"",""#text"":""disstestbedvm""},{""@Name"":""SubjectLogonId"",""#text"":""0x1B772""},{""@Name"":""NewProcessId"",""#text"":""0x1BA4""},{""@Name"":""NewProcessName"",""#text"":""C:\\Program Files\\Google\\Chrome\\Application\\chrome.exe""},{""@Name"":""TokenElevationType"",""#text"":""%%1938""},{""@Name"":""ProcessId"",""#text"":""0x16FC""},{""@Name"":""CommandLine"",""#text"":""\""C:\\Program Files\\Google\\Chrome\\Application\\chrome.exe\"" --type=utility --utility-sub-type=chrome.mojom.UtilWin --lang=en-US --service-sandbox-type=none --message-loop-type-ui --no-pre-read-main-dll --metrics-shmem-handle=6576,i,6313354061720537933,18155004273565044679,524288 --field-trial-handle=300,i,12568652149631050601,17836649519809257441,262144 --variations-seed-version=20260815-030035.901000-production --pseudonymization-salt-handle=1736,i,1201548225642530370,3632485646844189389,4 --trace-process-track-uuid=3190709038786215038 --mojo-platform-channel-handle=7420 /prefetch:14""},{""@Name"":""TargetUserSid"",""#text"":""S-1-0-0""},{""@Name"":""TargetUserName"",""#text"":""-""},{""@Name"":""TargetDomainName"",""#text"":""-""},{""@Name"":""TargetLogonId"",""#text"":""0x0""},{""@Name"":""ParentProcessName"",""#text"":""C:\\Program Files\\Google\\Chrome\\Application\\chrome.exe""},{""@Name"":""MandatoryLabel"",""#text"":""S-1-16-8192""}]}}"
35447,35447,2026-08-17 18:32:38.3314953,4689,LogAlways,Microsoft-Windows-Security-Auditing,Security,4,1420,disstestbedvm,426,,A process has exited,disstestbedvm\dfanalyst,,,PID: 0x1BA4,,,,,C:\Program Files\Google\Chrome\Application\chrome.exe,False,D:\UOW\SEM3\msc-diss-7csef001w\scenarios\scenario_2\artefacts\event_logs\Security.evtx,Audit success,0,"{""EventData"":{""Data"":[{""@Name"":""SubjectUserSid"",""#text"":""S-1-5-21-4209295338-567392030-2519289182-1001""},{""@Name"":""SubjectUserName"",""#text"":""dfanalyst""},{""@Name"":""SubjectDomainName"",""#text"":""disstestbedvm""},{""@Name"":""SubjectLogonId"",""#text"":""0x1B772""},{""@Name"":""Status"",""#text"":""0x0""},{""@Name"":""ProcessId"",""#text"":""0x1BA4""},{""@Name"":""ProcessName"",""#text"":""C:\\Program Files\\Google\\Chrome\\Application\\chrome.exe""}]}}"
35448,35448,2026-08-17 18:32:38.3335245,4689,LogAlways,Microsoft-Windows-Security-Auditing,Security,4,1420,disstestbedvm,426,,A process has exited,disstestbedvm\dfanalyst,,,PID: 0x2828,,,,,C:\Program Files\Google\Chrome\Application\chrome.exe,False,D:\UOW\SEM3\msc-diss-7csef001w\scenarios\scenario_2\artefacts\event_logs\Security.evtx,Audit success,0,"{""EventData"":{""Data"":[{""@Name"":""SubjectUserSid"",""#text"":""S-1-5-21-4209295338-567392030-2519289182-1001""},{""@Name"":""SubjectUserName"",""#text"":""dfanalyst""},{""@Name"":""SubjectDomainName"",""#text"":""disstestbedvm""},{""@Name"":""SubjectLogonId"",""#text"":""0x1B772""},{""@Name"":""Status"",""#text"":""0x0""},{""@Name"":""ProcessId"",""#text"":""0x2828""},{""@Name"":""ProcessName"",""#text"":""C:\\Program Files\\Google\\Chrome\\Application\\chrome.exe""}]}}"
35449,35449,2026-08-17 18:32:38.3366915,4689,LogAlways,Microsoft-Windows-Security-Auditing,Security,4,1420,disstestbedvm,426,,A process has exited,disstestbedvm\dfanalyst,,,PID: 0x354,,,,,C:\Program Files\Google\Chrome\Application\chrome.exe,False,D:\UOW\SEM3\msc-diss-7csef001w\scenarios\scenario_2\artefacts\event_logs\Security.evtx,Audit success,0,"{""EventData"":{""Data"":[{""@Name"":""SubjectUserSid"",""#text"":""S-1-5-21-4209295338-567392030-2519289182-1001""},{""@Name"":""SubjectUserName"",""#text"":""dfanalyst""},{""@Name"":""SubjectDomainName"",""#text"":""disstestbedvm""},{""@Name"":""SubjectLogonId"",""#text"":""0x1B772""},{""@Name"":""Status"",""#text"":""0x0""},{""@Name"":""ProcessId"",""#text"":""0x354""},{""@Name"":""ProcessName"",""#text"":""C:\\Program Files\\Google\\Chrome\\Application\\chrome.exe""}]}}"
35450,35450,2026-08-17 18:32:39.0959809,4689,LogAlways,Microsoft-Windows-Security-Auditing,Security,4,6380,disstestbedvm,426,,A process has exited,disstestbedvm\dfanalyst,,,PID: 0x1540,,,,,C:\Program Files\Google\Chrome\Application\chrome.exe,False,D:\UOW\SEM3\msc-diss-7csef001w\scenarios\scenario_2\artefacts\event_logs\Security.evtx,Audit success,0,"{""EventData"":{""Data"":[{""@Name"":""SubjectUserSid"",""#text"":""S-1-5-21-4209295338-567392030-2519289182-1001""},{""@Name"":""SubjectUserName"",""#text"":""dfanalyst""},{""@Name"":""SubjectDomainName"",""#text"":""disstestbedvm""},{""@Name"":""SubjectLogonId"",""#text"":""0x1B772""},{""@Name"":""Status"",""#text"":""0x0""},{""@Name"":""ProcessId"",""#text"":""0x1540""},{""@Name"":""ProcessName"",""#text"":""C:\\Program Files\\Google\\Chrome\\Application\\chrome.exe""}]}}"
35451,35451,2026-08-17 18:32:39.2397587,4688,LogAlways,Microsoft-Windows-Security-Auditing,Security,4,1420,disstestbedvm,426,,A new process has been created,WORKGROUP\DISSTESTBEDVM$,,Parent process: C:\Windows\System32\services.exe,PID: 0x364,Parent PID: 0xE3C,Mandatory label: SECURITY_MANDATORY_SYSTEM_RID,Target User: -\-,,"C:\Program Files (x86)\Google\GoogleUpdater\152.0.7933.0\updater.exe ""C:\Program Files (x86)\Google\GoogleUpdater\152.0.7933.0\updater.exe"" --system --windows-service --service=update",False,D:\UOW\SEM3\msc-diss-7csef001w\scenarios\scenario_2\artefacts\event_logs\Security.evtx,Audit success,0,"{""EventData"":{""Data"":[{""@Name"":""SubjectUserSid"",""#text"":""S-1-5-18""},{""@Name"":""SubjectUserName"",""#text"":""DISSTESTBEDVM$""},{""@Name"":""SubjectDomainName"",""#text"":""WORKGROUP""},{""@Name"":""SubjectLogonId"",""#text"":""0x3E7""},{""@Name"":""NewProcessId"",""#text"":""0xE3C""},{""@Name"":""NewProcessName"",""#text"":""C:\\Program Files (x86)\\Google\\GoogleUpdater\\152.0.7933.0\\updater.exe""},{""@Name"":""TokenElevationType"",""#text"":""%%1936""},{""@Name"":""ProcessId"",""#text"":""0x364""},{""@Name"":""CommandLine"",""#text"":""\""C:\\Program Files (x86)\\Google\\GoogleUpdater\\152.0.7933.0\\updater.exe\"" --system --windows-service --service=update""},{""@Name"":""TargetUserSid"",""#text"":""S-1-0-0""},{""@Name"":""TargetUserName"",""#text"":""-""},{""@Name"":""TargetDomainName"",""#text"":""-""},{""@Name"":""TargetLogonId"",""#text"":""0x0""},{""@Name"":""ParentProcessName"",""#text"":""C:\\Windows\\System32\\services.exe""},{""@Name"":""MandatoryLabel"",""#text"":""S-1-16-16384""}]}}"
35452,35452,2026-08-17 18:32:39.2669595,4688,LogAlways,Microsoft-Windows-Security-Auditing,Security,4,1420,disstestbedvm,426,,A new process has been created,WORKGROUP\DISSTESTBEDVM$,,Parent process: C:\Program Files (x86)\Google\GoogleUpdater\152.0.7933.0\updater.exe,PID: 0xE3C,Parent PID: 0x2698,Mandatory label: SECURITY_MANDATORY_SYSTEM_RID,Target User: -\-,,"C:\Program Files (x86)\Google\GoogleUpdater\152.0.7933.0\updater.exe ""C:\Program Files (x86)\Google\GoogleUpdater\152.0.7933.0\updater.exe"" --crash-handler --system ""--database=C:\Program Files (x86)\Google\GoogleUpdater\152.0.7933.0\Crashpad"" --url=https://clients2.google.com/cr/report --annotation=prod=Update4 --annotation=ver=152.0.7933.0 ""--attachment=C:\Program Files (x86)\Google\GoogleUpdater\updater.log"" ""--attachment=C:\Program Files (x86)\Google\GoogleUpdater\updater_history.jsonl"" --initial-client-data=0x2c0,0x2c4,0x2c8,0x2bc,0x2cc,0xe61e40,0xe61e4c,0xe61e58",False,D:\UOW\SEM3\msc-diss-7csef001w\scenarios\scenario_2\artefacts\event_logs\Security.evtx,Audit success,0,"{""EventData"":{""Data"":[{""@Name"":""SubjectUserSid"",""#text"":""S-1-5-18""},{""@Name"":""SubjectUserName"",""#text"":""DISSTESTBEDVM$""},{""@Name"":""SubjectDomainName"",""#text"":""WORKGROUP""},{""@Name"":""SubjectLogonId"",""#text"":""0x3E7""},{""@Name"":""NewProcessId"",""#text"":""0x2698""},{""@Name"":""NewProcessName"",""#text"":""C:\\Program Files (x86)\\Google\\GoogleUpdater\\152.0.7933.0\\updater.exe""},{""@Name"":""TokenElevationType"",""#text"":""%%1936""},{""@Name"":""ProcessId"",""#text"":""0xE3C""},{""@Name"":""CommandLine"",""#text"":""\""C:\\Program Files (x86)\\Google\\GoogleUpdater\\152.0.7933.0\\updater.exe\"" --crash-handler --system \""--database=C:\\Program Files (x86)\\Google\\GoogleUpdater\\152.0.7933.0\\Crashpad\"" --url=https://clients2.google.com/cr/report --annotation=prod=Update4 --annotation=ver=152.0.7933.0 \""--attachment=C:\\Program Files (x86)\\Google\\GoogleUpdater\\updater.log\"" \""--attachment=C:\\Program Files (x86)\\Google\\GoogleUpdater\\updater_history.jsonl\"" --initial-client-data=0x2c0,0x2c4,0x2c8,0x2bc,0x2cc,0xe61e40,0xe61e4c,0xe61e58""},{""@Name"":""TargetUserSid"",""#text"":""S-1-0-0""},{""@Name"":""TargetUserName"",""#text"":""-""},{""@Name"":""TargetDomainName"",""#text"":""-""},{""@Name"":""TargetLogonId"",""#text"":""0x0""},{""@Name"":""ParentProcessName"",""#text"":""C:\\Program Files (x86)\\Google\\GoogleUpdater\\152.0.7933.0\\updater.exe""},{""@Name"":""MandatoryLabel"",""#text"":""S-1-16-16384""}]}}"
35453,35453,2026-08-17 18:32:39.3348719,4689,LogAlways,Microsoft-Windows-Security-Auditing,Security,4,1420,disstestbedvm,426,,A process has exited,WORKGROUP\DISSTESTBEDVM$,,,PID: 0xE3C,,,,,C:\Program Files (x86)\Google\GoogleUpdater\152.0.7933.0\updater.exe,False,D:\UOW\SEM3\msc-diss-7csef001w\scenarios\scenario_2\artefacts\event_logs\Security.evtx,Audit success,0,"{""EventData"":{""Data"":[{""@Name"":""SubjectUserSid"",""#text"":""S-1-5-18""},{""@Name"":""SubjectUserName"",""#text"":""DISSTESTBEDVM$""},{""@Name"":""SubjectDomainName"",""#text"":""WORKGROUP""},{""@Name"":""SubjectLogonId"",""#text"":""0x3E7""},{""@Name"":""Status"",""#text"":""0x0""},{""@Name"":""ProcessId"",""#text"":""0xE3C""},{""@Name"":""ProcessName"",""#text"":""C:\\Program Files (x86)\\Google\\GoogleUpdater\\152.0.7933.0\\updater.exe""}]}}"
35454,35454,2026-08-17 18:32:39.3388465,4689,LogAlways,Microsoft-Windows-Security-Auditing,Security,4,1420,disstestbedvm,426,,A process has exited,WORKGROUP\DISSTESTBEDVM$,,,PID: 0x2698,,,,,C:\Program Files (x86)\Google\GoogleUpdater\152.0.7933.0\updater.exe,False,D:\UOW\SEM3\msc-diss-7csef001w\scenarios\scenario_2\artefacts\event_logs\Security.evtx,Audit success,0,"{""EventData"":{""Data"":[{""@Name"":""SubjectUserSid"",""#text"":""S-1-5-18""},{""@Name"":""SubjectUserName"",""#text"":""DISSTESTBEDVM$""},{""@Name"":""SubjectDomainName"",""#text"":""WORKGROUP""},{""@Name"":""SubjectLogonId"",""#text"":""0x3E7""},{""@Name"":""Status"",""#text"":""0x0""},{""@Name"":""ProcessId"",""#text"":""0x2698""},{""@Name"":""ProcessName"",""#text"":""C:\\Program Files (x86)\\Google\\GoogleUpdater\\152.0.7933.0\\updater.exe""}]}}"
35455,35455,2026-08-17 18:32:40.5111200,4688,LogAlways,Microsoft-Windows-Security-Auditing,Security,4,1420,disstestbedvm,427,,A new process has been created,WORKGROUP\DISSTESTBEDVM$,,Parent process: C:\Windows\System32\svchost.exe,PID: 0x600,Parent PID: 0x1B38,Mandatory label: SECURITY_MANDATORY_MEDIUM_RID,Target User: disstestbedvm\dfanalyst,,"C:\Users\dfanalyst\AppData\Roaming\Zoom\bin\Zoom.exe ""C:\Users\dfanalyst\AppData\Roaming\Zoom\bin\Zoom.exe"" --action=UpdateSchedule",False,D:\UOW\SEM3\msc-diss-7csef001w\scenarios\scenario_2\artefacts\event_logs\Security.evtx,Audit success,0,"{""EventData"":{""Data"":[{""@Name"":""SubjectUserSid"",""#text"":""S-1-5-18""},{""@Name"":""SubjectUserName"",""#text"":""DISSTESTBEDVM$""},{""@Name"":""SubjectDomainName"",""#text"":""WORKGROUP""},{""@Name"":""SubjectLogonId"",""#text"":""0x3E7""},{""@Name"":""NewProcessId"",""#text"":""0x1B38""},{""@Name"":""NewProcessName"",""#text"":""C:\\Users\\dfanalyst\\AppData\\Roaming\\Zoom\\bin\\Zoom.exe""},{""@Name"":""TokenElevationType"",""#text"":""%%1938""},{""@Name"":""ProcessId"",""#text"":""0x600""},{""@Name"":""CommandLine"",""#text"":""\""C:\\Users\\dfanalyst\\AppData\\Roaming\\Zoom\\bin\\Zoom.exe\"" --action=UpdateSchedule""},{""@Name"":""TargetUserSid"",""#text"":""S-1-5-21-4209295338-567392030-2519289182-1001""},{""@Name"":""TargetUserName"",""#text"":""dfanalyst""},{""@Name"":""TargetDomainName"",""#text"":""disstestbedvm""},{""@Name"":""TargetLogonId"",""#text"":""0x1B772""},{""@Name"":""ParentProcessName"",""#text"":""C:\\Windows\\System32\\svchost.exe""},{""@Name"":""MandatoryLabel"",""#text"":""S-1-16-8192""}]}}"
35456,35456,2026-08-17 18:32:41.5402747,4688,LogAlways,Microsoft-Windows-Security-Auditing,Security,4,6416,disstestbedvm,427,,A new process has been created,WORKGROUP\DISSTESTBEDVM$,,Parent process: C:\Windows\System32\services.exe,PID: 0x364,Parent PID: 0x1864,Mandatory label: SECURITY_MANDATORY_SYSTEM_RID,Target User: -\-,,"C:\Program Files (x86)\Google\GoogleUpdater\152.0.7933.0\updater.exe ""C:\Program Files (x86)\Google\GoogleUpdater\152.0.7933.0\updater.exe"" --system --windows-service --service=update",False,D:\UOW\SEM3\msc-diss-7csef001w\scenarios\scenario_2\artefacts\event_logs\Security.evtx,Audit success,0,"{""EventData"":{""Data"":[{""@Name"":""SubjectUserSid"",""#text"":""S-1-5-18""},{""@Name"":""SubjectUserName"",""#text"":""DISSTESTBEDVM$""},{""@Name"":""SubjectDomainName"",""#text"":""WORKGROUP""},{""@Name"":""SubjectLogonId"",""#text"":""0x3E7""},{""@Name"":""NewProcessId"",""#text"":""0x1864""},{""@Name"":""NewProcessName"",""#text"":""C:\\Program Files (x86)\\Google\\GoogleUpdater\\152.0.7933.0\\updater.exe""},{""@Name"":""TokenElevationType"",""#text"":""%%1936""},{""@Name"":""ProcessId"",""#text"":""0x364""},{""@Name"":""CommandLine"",""#text"":""\""C:\\Program Files (x86)\\Google\\GoogleUpdater\\152.0.7933.0\\updater.exe\"" --system --windows-service --service=update""},{""@Name"":""TargetUserSid"",""#text"":""S-1-0-0""},{""@Name"":""TargetUserName"",""#text"":""-""},{""@Name"":""TargetDomainName"",""#text"":""-""},{""@Name"":""TargetLogonId"",""#text"":""0x0""},{""@Name"":""ParentProcessName"",""#text"":""C:\\Windows\\System32\\services.exe""},{""@Name"":""MandatoryLabel"",""#text"":""S-1-16-16384""}]}}"
35457,35457,2026-08-17 18:32:41.5637227,4688,LogAlways,Microsoft-Windows-Security-Auditing,Security,4,6416,disstestbedvm,427,,A new process has been created,WORKGROUP\DISSTESTBEDVM$,,Parent process: C:\Program Files (x86)\Google\GoogleUpdater\152.0.7933.0\updater.exe,PID: 0x1864,Parent PID: 0x85C,Mandatory label: SECURITY_MANDATORY_SYSTEM_RID,Target User: -\-,,"C:\Program Files (x86)\Google\GoogleUpdater\152.0.7933.0\updater.exe ""C:\Program Files (x86)\Google\GoogleUpdater\152.0.7933.0\updater.exe"" --crash-handler --system ""--database=C:\Program Files (x86)\Google\GoogleUpdater\152.0.7933.0\Crashpad"" --url=https://clients2.google.com/cr/report --annotation=prod=Update4 --annotation=ver=152.0.7933.0 ""--attachment=C:\Program Files (x86)\Google\GoogleUpdater\updater.log"" ""--attachment=C:\Program Files (x86)\Google\GoogleUpdater\updater_history.jsonl"" --initial-client-data=0x2c0,0x2c4,0x2c8,0x2bc,0x2cc,0xe61e40,0xe61e4c,0xe61e58",False,D:\UOW\SEM3\msc-diss-7csef001w\scenarios\scenario_2\artefacts\event_logs\Security.evtx,Audit success,0,"{""EventData"":{""Data"":[{""@Name"":""SubjectUserSid"",""#text"":""S-1-5-18""},{""@Name"":""SubjectUserName"",""#text"":""DISSTESTBEDVM$""},{""@Name"":""SubjectDomainName"",""#text"":""WORKGROUP""},{""@Name"":""SubjectLogonId"",""#text"":""0x3E7""},{""@Name"":""NewProcessId"",""#text"":""0x85C""},{""@Name"":""NewProcessName"",""#text"":""C:\\Program Files (x86)\\Google\\GoogleUpdater\\152.0.7933.0\\updater.exe""},{""@Name"":""TokenElevationType"",""#text"":""%%1936""},{""@Name"":""ProcessId"",""#text"":""0x1864""},{""@Name"":""CommandLine"",""#text"":""\""C:\\Program Files (x86)\\Google\\GoogleUpdater\\152.0.7933.0\\updater.exe\"" --crash-handler --system \""--database=C:\\Program Files (x86)\\Google\\GoogleUpdater\\152.0.7933.0\\Crashpad\"" --url=https://clients2.google.com/cr/report --annotation=prod=Update4 --annotation=ver=152.0.7933.0 \""--attachment=C:\\Program Files (x86)\\Google\\GoogleUpdater\\updater.log\"" \""--attachment=C:\\Program Files (x86)\\Google\\GoogleUpdater\\updater_history.jsonl\"" --initial-client-data=0x2c0,0x2c4,0x2c8,0x2bc,0x2cc,0xe61e40,0xe61e4c,0xe61e58""},{""@Name"":""TargetUserSid"",""#text"":""S-1-0-0""},{""@Name"":""TargetUserName"",""#text"":""-""},{""@Name"":""TargetDomainName"",""#text"":""-""},{""@Name"":""TargetLogonId"",""#text"":""0x0""},{""@Name"":""ParentProcessName"",""#text"":""C:\\Program Files (x86)\\Google\\GoogleUpdater\\152.0.7933.0\\updater.exe""},{""@Name"":""MandatoryLabel"",""#text"":""S-1-16-16384""}]}}"
35458,35458,2026-08-17 18:32:41.6351390,4689,LogAlways,Microsoft-Windows-Security-Auditing,Security,4,6416,disstestbedvm,427,,A process has exited,WORKGROUP\DISSTESTBEDVM$,,,PID: 0x1864,,,,,C:\Program Files (x86)\Google\GoogleUpdater\152.0.7933.0\updater.exe,False,D:\UOW\SEM3\msc-diss-7csef001w\scenarios\scenario_2\artefacts\event_logs\Security.evtx,Audit success,0,"{""EventData"":{""Data"":[{""@Name"":""SubjectUserSid"",""#text"":""S-1-5-18""},{""@Name"":""SubjectUserName"",""#text"":""DISSTESTBEDVM$""},{""@Name"":""SubjectDomainName"",""#text"":""WORKGROUP""},{""@Name"":""SubjectLogonId"",""#text"":""0x3E7""},{""@Name"":""Status"",""#text"":""0x0""},{""@Name"":""ProcessId"",""#text"":""0x1864""},{""@Name"":""ProcessName"",""#text"":""C:\\Program Files (x86)\\Google\\GoogleUpdater\\152.0.7933.0\\updater.exe""}]}}"
35459,35459,2026-08-17 18:32:41.6413545,4689,LogAlways,Microsoft-Windows-Security-Auditing,Security,4,6416,disstestbedvm,427,,A process has exited,WORKGROUP\DISSTESTBEDVM$,,,PID: 0x85C,,,,,C:\Program Files (x86)\Google\GoogleUpdater\152.0.7933.0\updater.exe,False,D:\UOW\SEM3\msc-diss-7csef001w\scenarios\scenario_2\artefacts\event_logs\Security.evtx,Audit success,0,"{""EventData"":{""Data"":[{""@Name"":""SubjectUserSid"",""#text"":""S-1-5-18""},{""@Name"":""SubjectUserName"",""#text"":""DISSTESTBEDVM$""},{""@Name"":""SubjectDomainName"",""#text"":""WORKGROUP""},{""@Name"":""SubjectLogonId"",""#text"":""0x3E7""},{""@Name"":""Status"",""#text"":""0x0""},{""@Name"":""ProcessId"",""#text"":""0x85C""},{""@Name"":""ProcessName"",""#text"":""C:\\Program Files (x86)\\Google\\GoogleUpdater\\152.0.7933.0\\updater.exe""}]}}"
35460,35460,2026-08-17 18:32:42.2182276,4688,LogAlways,Microsoft-Windows-Security-Auditing,Security,4,1420,disstestbedvm,427,,A new process has been created,WORKGROUP\DISSTESTBEDVM$,,Parent process: C:\Windows\System32\services.exe,PID: 0x364,Parent PID: 0x1B14,Mandatory label: SECURITY_MANDATORY_SYSTEM_RID,Target User: -\-,,"C:\Program Files (x86)\Google\GoogleUpdater\152.0.7933.0\updater.exe ""C:\Program Files (x86)\Google\GoogleUpdater\152.0.7933.0\updater.exe"" --system --windows-service --service=update",False,D:\UOW\SEM3\msc-diss-7csef001w\scenarios\scenario_2\artefacts\event_logs\Security.evtx,Audit success,0,"{""EventData"":{""Data"":[{""@Name"":""SubjectUserSid"",""#text"":""S-1-5-18""},{""@Name"":""SubjectUserName"",""#text"":""DISSTESTBEDVM$""},{""@Name"":""SubjectDomainName"",""#text"":""WORKGROUP""},{""@Name"":""SubjectLogonId"",""#text"":""0x3E7""},{""@Name"":""NewProcessId"",""#text"":""0x1B14""},{""@Name"":""NewProcessName"",""#text"":""C:\\Program Files (x86)\\Google\\GoogleUpdater\\152.0.7933.0\\updater.exe""},{""@Name"":""TokenElevationType"",""#text"":""%%1936""},{""@Name"":""ProcessId"",""#text"":""0x364""},{""@Name"":""CommandLine"",""#text"":""\""C:\\Program Files (x86)\\Google\\GoogleUpdater\\152.0.7933.0\\updater.exe\"" --system --windows-service --service=update""},{""@Name"":""TargetUserSid"",""#text"":""S-1-0-0""},{""@Name"":""TargetUserName"",""#text"":""-""},{""@Name"":""TargetDomainName"",""#text"":""-""},{""@Name"":""TargetLogonId"",""#text"":""0x0""},{""@Name"":""ParentProcessName"",""#text"":""C:\\Windows\\System32\\services.exe""},{""@Name"":""MandatoryLabel"",""#text"":""S-1-16-16384""}]}}"
35461,35461,2026-08-17 18:32:42.2453122,4688,LogAlways,Microsoft-Windows-Security-Auditing,Security,4,2580,disstestbedvm,427,,A new process has been created,WORKGROUP\DISSTESTBEDVM$,,Parent process: C:\Program Files (x86)\Google\GoogleUpdater\152.0.7933.0\updater.exe,PID: 0x1B14,Parent PID: 0x2BA0,Mandatory label: SECURITY_MANDATORY_SYSTEM_RID,Target User: -\-,,"C:\Program Files (x86)\Google\GoogleUpdater\152.0.7933.0\updater.exe ""C:\Program Files (x86)\Google\GoogleUpdater\152.0.7933.0\updater.exe"" --crash-handler --system ""--database=C:\Program Files (x86)\Google\GoogleUpdater\152.0.7933.0\Crashpad"" --url=https://clients2.google.com/cr/report --annotation=prod=Update4 --annotation=ver=152.0.7933.0 ""--attachment=C:\Program Files (x86)\Google\GoogleUpdater\updater.log"" ""--attachment=C:\Program Files (x86)\Google\GoogleUpdater\updater_history.jsonl"" --initial-client-data=0x50,0xf8,0x2bc,0xe8,0x2c0,0xe61e40,0xe61e4c,0xe61e58",False,D:\UOW\SEM3\msc-diss-7csef001w\scenarios\scenario_2\artefacts\event_logs\Security.evtx,Audit success,0,"{""EventData"":{""Data"":[{""@Name"":""SubjectUserSid"",""#text"":""S-1-5-18""},{""@Name"":""SubjectUserName"",""#text"":""DISSTESTBEDVM$""},{""@Name"":""SubjectDomainName"",""#text"":""WORKGROUP""},{""@Name"":""SubjectLogonId"",""#text"":""0x3E7""},{""@Name"":""NewProcessId"",""#text"":""0x2BA0""},{""@Name"":""NewProcessName"",""#text"":""C:\\Program Files (x86)\\Google\\GoogleUpdater\\152.0.7933.0\\updater.exe""},{""@Name"":""TokenElevationType"",""#text"":""%%1936""},{""@Name"":""ProcessId"",""#text"":""0x1B14""},{""@Name"":""CommandLine"",""#text"":""\""C:\\Program Files (x86)\\Google\\GoogleUpdater\\152.0.7933.0\\updater.exe\"" --crash-handler --system \""--database=C:\\Program Files (x86)\\Google\\GoogleUpdater\\152.0.7933.0\\Crashpad\"" --url=https://clients2.google.com/cr/report --annotation=prod=Update4 --annotation=ver=152.0.7933.0 \""--attachment=C:\\Program Files (x86)\\Google\\GoogleUpdater\\updater.log\"" \""--attachment=C:\\Program Files (x86)\\Google\\GoogleUpdater\\updater_history.jsonl\"" --initial-client-data=0x50,0xf8,0x2bc,0xe8,0x2c0,0xe61e40,0xe61e4c,0xe61e58""},{""@Name"":""TargetUserSid"",""#text"":""S-1-0-0""},{""@Name"":""TargetUserName"",""#text"":""-""},{""@Name"":""TargetDomainName"",""#text"":""-""},{""@Name"":""TargetLogonId"",""#text"":""0x0""},{""@Name"":""ParentProcessName"",""#text"":""C:\\Program Files (x86)\\Google\\GoogleUpdater\\152.0.7933.0\\updater.exe""},{""@Name"":""MandatoryLabel"",""#text"":""S-1-16-16384""}]}}"
35462,35462,2026-08-17 18:32:42.3313147,4689,LogAlways,Microsoft-Windows-Security-Auditing,Security,4,6416,disstestbedvm,427,,A process has exited,WORKGROUP\DISSTESTBEDVM$,,,PID: 0x1B14,,,,,C:\Program Files (x86)\Google\GoogleUpdater\152.0.7933.0\updater.exe,False,D:\UOW\SEM3\msc-diss-7csef001w\scenarios\scenario_2\artefacts\event_logs\Security.evtx,Audit success,0,"{""EventData"":{""Data"":[{""@Name"":""SubjectUserSid"",""#text"":""S-1-5-18""},{""@Name"":""SubjectUserName"",""#text"":""DISSTESTBEDVM$""},{""@Name"":""SubjectDomainName"",""#text"":""WORKGROUP""},{""@Name"":""SubjectLogonId"",""#text"":""0x3E7""},{""@Name"":""Status"",""#text"":""0x0""},{""@Name"":""ProcessId"",""#text"":""0x1B14""},{""@Name"":""ProcessName"",""#text"":""C:\\Program Files (x86)\\Google\\GoogleUpdater\\152.0.7933.0\\updater.exe""}]}}"
35463,35463,2026-08-17 18:32:42.3367118,4689,LogAlways,Microsoft-Windows-Security-Auditing,Security,4,6416,disstestbedvm,427,,A process has exited,WORKGROUP\DISSTESTBEDVM$,,,PID: 0x2BA0,,,,,C:\Program Files (x86)\Google\GoogleUpdater\152.0.7933.0\updater.exe,False,D:\UOW\SEM3\msc-diss-7csef001w\scenarios\scenario_2\artefacts\event_logs\Security.evtx,Audit success,0,"{""EventData"":{""Data"":[{""@Name"":""SubjectUserSid"",""#text"":""S-1-5-18""},{""@Name"":""SubjectUserName"",""#text"":""DISSTESTBEDVM$""},{""@Name"":""SubjectDomainName"",""#text"":""WORKGROUP""},{""@Name"":""SubjectLogonId"",""#text"":""0x3E7""},{""@Name"":""Status"",""#text"":""0x0""},{""@Name"":""ProcessId"",""#text"":""0x2BA0""},{""@Name"":""ProcessName"",""#text"":""C:\\Program Files (x86)\\Google\\GoogleUpdater\\152.0.7933.0\\updater.exe""}]}}"
35464,35464,2026-08-17 18:32:43.6114314,4689,LogAlways,Microsoft-Windows-Security-Auditing,Security,4,2580,disstestbedvm,427,,A process has exited,disstestbedvm\dfanalyst,,,PID: 0x1B38,,,,,C:\Users\dfanalyst\AppData\Roaming\Zoom\bin\Zoom.exe,False,D:\UOW\SEM3\msc-diss-7csef001w\scenarios\scenario_2\artefacts\event_logs\Security.evtx,Audit success,0,"{""EventData"":{""Data"":[{""@Name"":""SubjectUserSid"",""#text"":""S-1-5-21-4209295338-567392030-2519289182-1001""},{""@Name"":""SubjectUserName"",""#text"":""dfanalyst""},{""@Name"":""SubjectDomainName"",""#text"":""disstestbedvm""},{""@Name"":""SubjectLogonId"",""#text"":""0x1B772""},{""@Name"":""Status"",""#text"":""0x0""},{""@Name"":""ProcessId"",""#text"":""0x1B38""},{""@Name"":""ProcessName"",""#text"":""C:\\Users\\dfanalyst\\AppData\\Roaming\\Zoom\\bin\\Zoom.exe""}]}}"
35465,35465,2026-08-17 18:32:44.3341271,4688,LogAlways,Microsoft-Windows-Security-Auditing,Security,4,2580,disstestbedvm,427,,A new process has been created,WORKGROUP\DISSTESTBEDVM$,,Parent process: C:\Windows\System32\services.exe,PID: 0x364,Parent PID: 0xB0C,Mandatory label: SECURITY_MANDATORY_SYSTEM_RID,Target User: -\-,,"C:\Program Files (x86)\Google\GoogleUpdater\152.0.7933.0\updater.exe ""C:\Program Files (x86)\Google\GoogleUpdater\152.0.7933.0\updater.exe"" --system --windows-service --service=update",False,D:\UOW\SEM3\msc-diss-7csef001w\scenarios\scenario_2\artefacts\event_logs\Security.evtx,Audit success,0,"{""EventData"":{""Data"":[{""@Name"":""SubjectUserSid"",""#text"":""S-1-5-18""},{""@Name"":""SubjectUserName"",""#text"":""DISSTESTBEDVM$""},{""@Name"":""SubjectDomainName"",""#text"":""WORKGROUP""},{""@Name"":""SubjectLogonId"",""#text"":""0x3E7""},{""@Name"":""NewProcessId"",""#text"":""0xB0C""},{""@Name"":""NewProcessName"",""#text"":""C:\\Program Files (x86)\\Google\\GoogleUpdater\\152.0.7933.0\\updater.exe""},{""@Name"":""TokenElevationType"",""#text"":""%%1936""},{""@Name"":""ProcessId"",""#text"":""0x364""},{""@Name"":""CommandLine"",""#text"":""\""C:\\Program Files (x86)\\Google\\GoogleUpdater\\152.0.7933.0\\updater.exe\"" --system --windows-service --service=update""},{""@Name"":""TargetUserSid"",""#text"":""S-1-0-0""},{""@Name"":""TargetUserName"",""#text"":""-""},{""@Name"":""TargetDomainName"",""#text"":""-""},{""@Name"":""TargetLogonId"",""#text"":""0x0""},{""@Name"":""ParentProcessName"",""#text"":""C:\\Windows\\System32\\services.exe""},{""@Name"":""MandatoryLabel"",""#text"":""S-1-16-16384""}]}}"
35466,35466,2026-08-17 18:32:44.3687542,4688,LogAlways,Microsoft-Windows-Security-Auditing,Security,4,2580,disstestbedvm,427,,A new process has been created,WORKGROUP\DISSTESTBEDVM$,,Parent process: C:\Program Files (x86)\Google\GoogleUpdater\152.0.7933.0\updater.exe,PID: 0xB0C,Parent PID: 0x1F8C,Mandatory label: SECURITY_MANDATORY_SYSTEM_RID,Target User: -\-,,"C:\Program Files (x86)\Google\GoogleUpdater\152.0.7933.0\updater.exe ""C:\Program Files (x86)\Google\GoogleUpdater\152.0.7933.0\updater.exe"" --crash-handler --system ""--database=C:\Program Files (x86)\Google\GoogleUpdater\152.0.7933.0\Crashpad"" --url=https://clients2.google.com/cr/report --annotation=prod=Update4 --annotation=ver=152.0.7933.0 ""--attachment=C:\Program Files (x86)\Google\GoogleUpdater\updater.log"" ""--attachment=C:\Program Files (x86)\Google\GoogleUpdater\updater_history.jsonl"" --initial-client-data=0xfc,0x10c,0x2bc,0xf4,0x2c0,0xe61e40,0xe61e4c,0xe61e58",False,D:\UOW\SEM3\msc-diss-7csef001w\scenarios\scenario_2\artefacts\event_logs\Security.evtx,Audit success,0,"{""EventData"":{""Data"":[{""@Name"":""SubjectUserSid"",""#text"":""S-1-5-18""},{""@Name"":""SubjectUserName"",""#text"":""DISSTESTBEDVM$""},{""@Name"":""SubjectDomainName"",""#text"":""WORKGROUP""},{""@Name"":""SubjectLogonId"",""#text"":""0x3E7""},{""@Name"":""NewProcessId"",""#text"":""0x1F8C""},{""@Name"":""NewProcessName"",""#text"":""C:\\Program Files (x86)\\Google\\GoogleUpdater\\152.0.7933.0\\updater.exe""},{""@Name"":""TokenElevationType"",""#text"":""%%1936""},{""@Name"":""ProcessId"",""#text"":""0xB0C""},{""@Name"":""CommandLine"",""#text"":""\""C:\\Program Files (x86)\\Google\\GoogleUpdater\\152.0.7933.0\\updater.exe\"" --crash-handler --system \""--database=C:\\Program Files (x86)\\Google\\GoogleUpdater\\152.0.7933.0\\Crashpad\"" --url=https://clients2.google.com/cr/report --annotation=prod=Update4 --annotation=ver=152.0.7933.0 \""--attachment=C:\\Program Files (x86)\\Google\\GoogleUpdater\\updater.log\"" \""--attachment=C:\\Program Files (x86)\\Google\\GoogleUpdater\\updater_history.jsonl\"" --initial-client-data=0xfc,0x10c,0x2bc,0xf4,0x2c0,0xe61e40,0xe61e4c,0xe61e58""},{""@Name"":""TargetUserSid"",""#text"":""S-1-0-0""},{""@Name"":""TargetUserName"",""#text"":""-""},{""@Name"":""TargetDomainName"",""#text"":""-""},{""@Name"":""TargetLogonId"",""#text"":""0x0""},{""@Name"":""ParentProcessName"",""#text"":""C:\\Program Files (x86)\\Google\\GoogleUpdater\\152.0.7933.0\\updater.exe""},{""@Name"":""MandatoryLabel"",""#text"":""S-1-16-16384""}]}}"
35467,35467,2026-08-17 18:32:44.4441455,4689,LogAlways,Microsoft-Windows-Security-Auditing,Security,4,2580,disstestbedvm,427,,A process has exited,WORKGROUP\DISSTESTBEDVM$,,,PID: 0xB0C,,,,,C:\Program Files (x86)\Google\GoogleUpdater\152.0.7933.0\updater.exe,False,D:\UOW\SEM3\msc-diss-7csef001w\scenarios\scenario_2\artefacts\event_logs\Security.evtx,Audit success,0,"{""EventData"":{""Data"":[{""@Name"":""SubjectUserSid"",""#text"":""S-1-5-18""},{""@Name"":""SubjectUserName"",""#text"":""DISSTESTBEDVM$""},{""@Name"":""SubjectDomainName"",""#text"":""WORKGROUP""},{""@Name"":""SubjectLogonId"",""#text"":""0x3E7""},{""@Name"":""Status"",""#text"":""0x0""},{""@Name"":""ProcessId"",""#text"":""0xB0C""},{""@Name"":""ProcessName"",""#text"":""C:\\Program Files (x86)\\Google\\GoogleUpdater\\152.0.7933.0\\updater.exe""}]}}"
35468,35468,2026-08-17 18:32:44.4482068,4689,LogAlways,Microsoft-Windows-Security-Auditing,Security,4,2580,disstestbedvm,427,,A process has exited,WORKGROUP\DISSTESTBEDVM$,,,PID: 0x1F8C,,,,,C:\Program Files (x86)\Google\GoogleUpdater\152.0.7933.0\updater.exe,False,D:\UOW\SEM3\msc-diss-7csef001w\scenarios\scenario_2\artefacts\event_logs\Security.evtx,Audit success,0,"{""EventData"":{""Data"":[{""@Name"":""SubjectUserSid"",""#text"":""S-1-5-18""},{""@Name"":""SubjectUserName"",""#text"":""DISSTESTBEDVM$""},{""@Name"":""SubjectDomainName"",""#text"":""WORKGROUP""},{""@Name"":""SubjectLogonId"",""#text"":""0x3E7""},{""@Name"":""Status"",""#text"":""0x0""},{""@Name"":""ProcessId"",""#text"":""0x1F8C""},{""@Name"":""ProcessName"",""#text"":""C:\\Program Files (x86)\\Google\\GoogleUpdater\\152.0.7933.0\\updater.exe""}]}}"
35469,35469,2026-08-17 18:32:44.6408039,4688,LogAlways,Microsoft-Windows-Security-Auditing,Security,4,2580,disstestbedvm,427,,A new process has been created,WORKGROUP\DISSTESTBEDVM$,,Parent process: C:\Windows\System32\services.exe,PID: 0x364,Parent PID: 0x1734,Mandatory label: SECURITY_MANDATORY_SYSTEM_RID,Target User: -\-,,"C:\Program Files (x86)\Google\GoogleUpdater\152.0.7933.0\updater.exe ""C:\Program Files (x86)\Google\GoogleUpdater\152.0.7933.0\updater.exe"" --system --windows-service --service=update",False,D:\UOW\SEM3\msc-diss-7csef001w\scenarios\scenario_2\artefacts\event_logs\Security.evtx,Audit success,0,"{""EventData"":{""Data"":[{""@Name"":""SubjectUserSid"",""#text"":""S-1-5-18""},{""@Name"":""SubjectUserName"",""#text"":""DISSTESTBEDVM$""},{""@Name"":""SubjectDomainName"",""#text"":""WORKGROUP""},{""@Name"":""SubjectLogonId"",""#text"":""0x3E7""},{""@Name"":""NewProcessId"",""#text"":""0x1734""},{""@Name"":""NewProcessName"",""#text"":""C:\\Program Files (x86)\\Google\\GoogleUpdater\\152.0.7933.0\\updater.exe""},{""@Name"":""TokenElevationType"",""#text"":""%%1936""},{""@Name"":""ProcessId"",""#text"":""0x364""},{""@Name"":""CommandLine"",""#text"":""\""C:\\Program Files (x86)\\Google\\GoogleUpdater\\152.0.7933.0\\updater.exe\"" --system --windows-service --service=update""},{""@Name"":""TargetUserSid"",""#text"":""S-1-0-0""},{""@Name"":""TargetUserName"",""#text"":""-""},{""@Name"":""TargetDomainName"",""#text"":""-""},{""@Name"":""TargetLogonId"",""#text"":""0x0""},{""@Name"":""ParentProcessName"",""#text"":""C:\\Windows\\System32\\services.exe""},{""@Name"":""MandatoryLabel"",""#text"":""S-1-16-16384""}]}}"
35470,35470,2026-08-17 18:32:44.6681755,4688,LogAlways,Microsoft-Windows-Security-Auditing,Security,4,2580,disstestbedvm,427,,A new process has been created,WORKGROUP\DISSTESTBEDVM$,,Parent process: C:\Program Files (x86)\Google\GoogleUpdater\152.0.7933.0\updater.exe,PID: 0x1734,Parent PID: 0x1628,Mandatory label: SECURITY_MANDATORY_SYSTEM_RID,Target User: -\-,,"C:\Program Files (x86)\Google\GoogleUpdater\152.0.7933.0\updater.exe ""C:\Program Files (x86)\Google\GoogleUpdater\152.0.7933.0\updater.exe"" --crash-handler --system ""--database=C:\Program Files (x86)\Google\GoogleUpdater\152.0.7933.0\Crashpad"" --url=https://clients2.google.com/cr/report --annotation=prod=Update4 --annotation=ver=152.0.7933.0 ""--attachment=C:\Program Files (x86)\Google\GoogleUpdater\updater.log"" ""--attachment=C:\Program Files (x86)\Google\GoogleUpdater\updater_history.jsonl"" --initial-client-data=0x2b4,0x2b8,0x2bc,0x2b0,0x2c0,0xe61e40,0xe61e4c,0xe61e58",False,D:\UOW\SEM3\msc-diss-7csef001w\scenarios\scenario_2\artefacts\event_logs\Security.evtx,Audit success,0,"{""EventData"":{""Data"":[{""@Name"":""SubjectUserSid"",""#text"":""S-1-5-18""},{""@Name"":""SubjectUserName"",""#text"":""DISSTESTBEDVM$""},{""@Name"":""SubjectDomainName"",""#text"":""WORKGROUP""},{""@Name"":""SubjectLogonId"",""#text"":""0x3E7""},{""@Name"":""NewProcessId"",""#text"":""0x1628""},{""@Name"":""NewProcessName"",""#text"":""C:\\Program Files (x86)\\Google\\GoogleUpdater\\152.0.7933.0\\updater.exe""},{""@Name"":""TokenElevationType"",""#text"":""%%1936""},{""@Name"":""ProcessId"",""#text"":""0x1734""},{""@Name"":""CommandLine"",""#text"":""\""C:\\Program Files (x86)\\Google\\GoogleUpdater\\152.0.7933.0\\updater.exe\"" --crash-handler --system \""--database=C:\\Program Files (x86)\\Google\\GoogleUpdater\\152.0.7933.0\\Crashpad\"" --url=https://clients2.google.com/cr/report --annotation=prod=Update4 --annotation=ver=152.0.7933.0 \""--attachment=C:\\Program Files (x86)\\Google\\GoogleUpdater\\updater.log\"" \""--attachment=C:\\Program Files (x86)\\Google\\GoogleUpdater\\updater_history.jsonl\"" --initial-client-data=0x2b4,0x2b8,0x2bc,0x2b0,0x2c0,0xe61e40,0xe61e4c,0xe61e58""},{""@Name"":""TargetUserSid"",""#text"":""S-1-0-0""},{""@Name"":""TargetUserName"",""#text"":""-""},{""@Name"":""TargetDomainName"",""#text"":""-""},{""@Name"":""TargetLogonId"",""#text"":""0x0""},{""@Name"":""ParentProcessName"",""#text"":""C:\\Program Files (x86)\\Google\\GoogleUpdater\\152.0.7933.0\\updater.exe""},{""@Name"":""MandatoryLabel"",""#text"":""S-1-16-16384""}]}}"
35471,35471,2026-08-17 18:32:44.7347616,4689,LogAlways,Microsoft-Windows-Security-Auditing,Security,4,224,disstestbedvm,427,,A process has exited,WORKGROUP\DISSTESTBEDVM$,,,PID: 0x1734,,,,,C:\Program Files (x86)\Google\GoogleUpdater\152.0.7933.0\updater.exe,False,D:\UOW\SEM3\msc-diss-7csef001w\scenarios\scenario_2\artefacts\event_logs\Security.evtx,Audit success,0,"{""EventData"":{""Data"":[{""@Name"":""SubjectUserSid"",""#text"":""S-1-5-18""},{""@Name"":""SubjectUserName"",""#text"":""DISSTESTBEDVM$""},{""@Name"":""SubjectDomainName"",""#text"":""WORKGROUP""},{""@Name"":""SubjectLogonId"",""#text"":""0x3E7""},{""@Name"":""Status"",""#text"":""0x0""},{""@Name"":""ProcessId"",""#text"":""0x1734""},{""@Name"":""ProcessName"",""#text"":""C:\\Program Files (x86)\\Google\\GoogleUpdater\\152.0.7933.0\\updater.exe""}]}}"
35472,35472,2026-08-17 18:32:44.7388999,4689,LogAlways,Microsoft-Windows-Security-Auditing,Security,4,224,disstestbedvm,427,,A process has exited,WORKGROUP\DISSTESTBEDVM$,,,PID: 0x1628,,,,,C:\Program Files (x86)\Google\GoogleUpdater\152.0.7933.0\updater.exe,False,D:\UOW\SEM3\msc-diss-7csef001w\scenarios\scenario_2\artefacts\event_logs\Security.evtx,Audit success,0,"{""EventData"":{""Data"":[{""@Name"":""SubjectUserSid"",""#text"":""S-1-5-18""},{""@Name"":""SubjectUserName"",""#text"":""DISSTESTBEDVM$""},{""@Name"":""SubjectDomainName"",""#text"":""WORKGROUP""},{""@Name"":""SubjectLogonId"",""#text"":""0x3E7""},{""@Name"":""Status"",""#text"":""0x0""},{""@Name"":""ProcessId"",""#text"":""0x1628""},{""@Name"":""ProcessName"",""#text"":""C:\\Program Files (x86)\\Google\\GoogleUpdater\\152.0.7933.0\\updater.exe""}]}}"
35473,35473,2026-08-17 18:32:45.1369953,4688,LogAlways,Microsoft-Windows-Security-Auditing,Security,4,8896,disstestbedvm,427,,A new process has been created,WORKGROUP\DISSTESTBEDVM$,,Parent process: C:\Windows\System32\services.exe,PID: 0x364,Parent PID: 0x23C4,Mandatory label: SECURITY_MANDATORY_SYSTEM_RID,Target User: -\-,,"C:\Program Files (x86)\Google\GoogleUpdater\152.0.7933.0\updater.exe ""C:\Program Files (x86)\Google\GoogleUpdater\152.0.7933.0\updater.exe"" --system --windows-service --service=update",False,D:\UOW\SEM3\msc-diss-7csef001w\scenarios\scenario_2\artefacts\event_logs\Security.evtx,Audit success,0,"{""EventData"":{""Data"":[{""@Name"":""SubjectUserSid"",""#text"":""S-1-5-18""},{""@Name"":""SubjectUserName"",""#text"":""DISSTESTBEDVM$""},{""@Name"":""SubjectDomainName"",""#text"":""WORKGROUP""},{""@Name"":""SubjectLogonId"",""#text"":""0x3E7""},{""@Name"":""NewProcessId"",""#text"":""0x23C4""},{""@Name"":""NewProcessName"",""#text"":""C:\\Program Files (x86)\\Google\\GoogleUpdater\\152.0.7933.0\\updater.exe""},{""@Name"":""TokenElevationType"",""#text"":""%%1936""},{""@Name"":""ProcessId"",""#text"":""0x364""},{""@Name"":""CommandLine"",""#text"":""\""C:\\Program Files (x86)\\Google\\GoogleUpdater\\152.0.7933.0\\updater.exe\"" --system --windows-service --service=update""},{""@Name"":""TargetUserSid"",""#text"":""S-1-0-0""},{""@Name"":""TargetUserName"",""#text"":""-""},{""@Name"":""TargetDomainName"",""#text"":""-""},{""@Name"":""TargetLogonId"",""#text"":""0x0""},{""@Name"":""ParentProcessName"",""#text"":""C:\\Windows\\System32\\services.exe""},{""@Name"":""MandatoryLabel"",""#text"":""S-1-16-16384""}]}}"
35474,35474,2026-08-17 18:32:45.1583103,4688,LogAlways,Microsoft-Windows-Security-Auditing,Security,4,8896,disstestbedvm,427,,A new process has been created,WORKGROUP\DISSTESTBEDVM$,,Parent process: C:\Program Files (x86)\Google\GoogleUpdater\152.0.7933.0\updater.exe,PID: 0x23C4,Parent PID: 0x2870,Mandatory label: SECURITY_MANDATORY_SYSTEM_RID,Target User: -\-,,"C:\Program Files (x86)\Google\GoogleUpdater\152.0.7933.0\updater.exe ""C:\Program Files (x86)\Google\GoogleUpdater\152.0.7933.0\updater.exe"" --crash-handler --system ""--database=C:\Program Files (x86)\Google\GoogleUpdater\152.0.7933.0\Crashpad"" --url=https://clients2.google.com/cr/report --annotation=prod=Update4 --annotation=ver=152.0.7933.0 ""--attachment=C:\Program Files (x86)\Google\GoogleUpdater\updater.log"" ""--attachment=C:\Program Files (x86)\Google\GoogleUpdater\updater_history.jsonl"" --initial-client-data=0x2b4,0x2b8,0x2bc,0x2b0,0x2c0,0xe61e40,0xe61e4c,0xe61e58",False,D:\UOW\SEM3\msc-diss-7csef001w\scenarios\scenario_2\artefacts\event_logs\Security.evtx,Audit success,0,"{""EventData"":{""Data"":[{""@Name"":""SubjectUserSid"",""#text"":""S-1-5-18""},{""@Name"":""SubjectUserName"",""#text"":""DISSTESTBEDVM$""},{""@Name"":""SubjectDomainName"",""#text"":""WORKGROUP""},{""@Name"":""SubjectLogonId"",""#text"":""0x3E7""},{""@Name"":""NewProcessId"",""#text"":""0x2870""},{""@Name"":""NewProcessName"",""#text"":""C:\\Program Files (x86)\\Google\\GoogleUpdater\\152.0.7933.0\\updater.exe""},{""@Name"":""TokenElevationType"",""#text"":""%%1936""},{""@Name"":""ProcessId"",""#text"":""0x23C4""},{""@Name"":""CommandLine"",""#text"":""\""C:\\Program Files (x86)\\Google\\GoogleUpdater\\152.0.7933.0\\updater.exe\"" --crash-handler --system \""--database=C:\\Program Files (x86)\\Google\\GoogleUpdater\\152.0.7933.0\\Crashpad\"" --url=https://clients2.google.com/cr/report --annotation=prod=Update4 --annotation=ver=152.0.7933.0 \""--attachment=C:\\Program Files (x86)\\Google\\GoogleUpdater\\updater.log\"" \""--attachment=C:\\Program Files (x86)\\Google\\GoogleUpdater\\updater_history.jsonl\"" --initial-client-data=0x2b4,0x2b8,0x2bc,0x2b0,0x2c0,0xe61e40,0xe61e4c,0xe61e58""},{""@Name"":""TargetUserSid"",""#text"":""S-1-0-0""},{""@Name"":""TargetUserName"",""#text"":""-""},{""@Name"":""TargetDomainName"",""#text"":""-""},{""@Name"":""TargetLogonId"",""#text"":""0x0""},{""@Name"":""ParentProcessName"",""#text"":""C:\\Program Files (x86)\\Google\\GoogleUpdater\\152.0.7933.0\\updater.exe""},{""@Name"":""MandatoryLabel"",""#text"":""S-1-16-16384""}]}}"
35475,35475,2026-08-17 18:32:45.2324908,4689,LogAlways,Microsoft-Windows-Security-Auditing,Security,4,8896,disstestbedvm,427,,A process has exited,WORKGROUP\DISSTESTBEDVM$,,,PID: 0x23C4,,,,,C:\Program Files (x86)\Google\GoogleUpdater\152.0.7933.0\updater.exe,False,D:\UOW\SEM3\msc-diss-7csef001w\scenarios\scenario_2\artefacts\event_logs\Security.evtx,Audit success,0,"{""EventData"":{""Data"":[{""@Name"":""SubjectUserSid"",""#text"":""S-1-5-18""},{""@Name"":""SubjectUserName"",""#text"":""DISSTESTBEDVM$""},{""@Name"":""SubjectDomainName"",""#text"":""WORKGROUP""},{""@Name"":""SubjectLogonId"",""#text"":""0x3E7""},{""@Name"":""Status"",""#text"":""0x0""},{""@Name"":""ProcessId"",""#text"":""0x23C4""},{""@Name"":""ProcessName"",""#text"":""C:\\Program Files (x86)\\Google\\GoogleUpdater\\152.0.7933.0\\updater.exe""}]}}"
35476,35476,2026-08-17 18:32:45.2366376,4689,LogAlways,Microsoft-Windows-Security-Auditing,Security,4,8896,disstestbedvm,427,,A process has exited,WORKGROUP\DISSTESTBEDVM$,,,PID: 0x2870,,,,,C:\Program Files (x86)\Google\GoogleUpdater\152.0.7933.0\updater.exe,False,D:\UOW\SEM3\msc-diss-7csef001w\scenarios\scenario_2\artefacts\event_logs\Security.evtx,Audit success,0,"{""EventData"":{""Data"":[{""@Name"":""SubjectUserSid"",""#text"":""S-1-5-18""},{""@Name"":""SubjectUserName"",""#text"":""DISSTESTBEDVM$""},{""@Name"":""SubjectDomainName"",""#text"":""WORKGROUP""},{""@Name"":""SubjectLogonId"",""#text"":""0x3E7""},{""@Name"":""Status"",""#text"":""0x0""},{""@Name"":""ProcessId"",""#text"":""0x2870""},{""@Name"":""ProcessName"",""#text"":""C:\\Program Files (x86)\\Google\\GoogleUpdater\\152.0.7933.0\\updater.exe""}]}}"
35477,35477,2026-08-17 18:32:45.8339683,4688,LogAlways,Microsoft-Windows-Security-Auditing,Security,4,8896,disstestbedvm,427,,A new process has been created,WORKGROUP\DISSTESTBEDVM$,,Parent process: C:\Windows\System32\services.exe,PID: 0x364,Parent PID: 0x2300,Mandatory label: SECURITY_MANDATORY_SYSTEM_RID,Target User: -\-,,"C:\Program Files (x86)\Google\GoogleUpdater\152.0.7933.0\updater.exe ""C:\Program Files (x86)\Google\GoogleUpdater\152.0.7933.0\updater.exe"" --system --windows-service --service=update",False,D:\UOW\SEM3\msc-diss-7csef001w\scenarios\scenario_2\artefacts\event_logs\Security.evtx,Audit success,0,"{""EventData"":{""Data"":[{""@Name"":""SubjectUserSid"",""#text"":""S-1-5-18""},{""@Name"":""SubjectUserName"",""#text"":""DISSTESTBEDVM$""},{""@Name"":""SubjectDomainName"",""#text"":""WORKGROUP""},{""@Name"":""SubjectLogonId"",""#text"":""0x3E7""},{""@Name"":""NewProcessId"",""#text"":""0x2300""},{""@Name"":""NewProcessName"",""#text"":""C:\\Program Files (x86)\\Google\\GoogleUpdater\\152.0.7933.0\\updater.exe""},{""@Name"":""TokenElevationType"",""#text"":""%%1936""},{""@Name"":""ProcessId"",""#text"":""0x364""},{""@Name"":""CommandLine"",""#text"":""\""C:\\Program Files (x86)\\Google\\GoogleUpdater\\152.0.7933.0\\updater.exe\"" --system --windows-service --service=update""},{""@Name"":""TargetUserSid"",""#text"":""S-1-0-0""},{""@Name"":""TargetUserName"",""#text"":""-""},{""@Name"":""TargetDomainName"",""#text"":""-""},{""@Name"":""TargetLogonId"",""#text"":""0x0""},{""@Name"":""ParentProcessName"",""#text"":""C:\\Windows\\System32\\services.exe""},{""@Name"":""MandatoryLabel"",""#text"":""S-1-16-16384""}]}}"
35478,35478,2026-08-17 18:32:45.8576817,4688,LogAlways,Microsoft-Windows-Security-Auditing,Security,4,8896,disstestbedvm,427,,A new process has been created,WORKGROUP\DISSTESTBEDVM$,,Parent process: C:\Program Files (x86)\Google\GoogleUpdater\152.0.7933.0\updater.exe,PID: 0x2300,Parent PID: 0x2838,Mandatory label: SECURITY_MANDATORY_SYSTEM_RID,Target User: -\-,,"C:\Program Files (x86)\Google\GoogleUpdater\152.0.7933.0\updater.exe ""C:\Program Files (x86)\Google\GoogleUpdater\152.0.7933.0\updater.exe"" --crash-handler --system ""--database=C:\Program Files (x86)\Google\GoogleUpdater\152.0.7933.0\Crashpad"" --url=https://clients2.google.com/cr/report --annotation=prod=Update4 --annotation=ver=152.0.7933.0 ""--attachment=C:\Program Files (x86)\Google\GoogleUpdater\updater.log"" ""--attachment=C:\Program Files (x86)\Google\GoogleUpdater\updater_history.jsonl"" --initial-client-data=0x2b4,0x2b8,0x2bc,0x2b0,0x2c0,0xe61e40,0xe61e4c,0xe61e58",False,D:\UOW\SEM3\msc-diss-7csef001w\scenarios\scenario_2\artefacts\event_logs\Security.evtx,Audit success,0,"{""EventData"":{""Data"":[{""@Name"":""SubjectUserSid"",""#text"":""S-1-5-18""},{""@Name"":""SubjectUserName"",""#text"":""DISSTESTBEDVM$""},{""@Name"":""SubjectDomainName"",""#text"":""WORKGROUP""},{""@Name"":""SubjectLogonId"",""#text"":""0x3E7""},{""@Name"":""NewProcessId"",""#text"":""0x2838""},{""@Name"":""NewProcessName"",""#text"":""C:\\Program Files (x86)\\Google\\GoogleUpdater\\152.0.7933.0\\updater.exe""},{""@Name"":""TokenElevationType"",""#text"":""%%1936""},{""@Name"":""ProcessId"",""#text"":""0x2300""},{""@Name"":""CommandLine"",""#text"":""\""C:\\Program Files (x86)\\Google\\GoogleUpdater\\152.0.7933.0\\updater.exe\"" --crash-handler --system \""--database=C:\\Program Files (x86)\\Google\\GoogleUpdater\\152.0.7933.0\\Crashpad\"" --url=https://clients2.google.com/cr/report --annotation=prod=Update4 --annotation=ver=152.0.7933.0 \""--attachment=C:\\Program Files (x86)\\Google\\GoogleUpdater\\updater.log\"" \""--attachment=C:\\Program Files (x86)\\Google\\GoogleUpdater\\updater_history.jsonl\"" --initial-client-data=0x2b4,0x2b8,0x2bc,0x2b0,0x2c0,0xe61e40,0xe61e4c,0xe61e58""},{""@Name"":""TargetUserSid"",""#text"":""S-1-0-0""},{""@Name"":""TargetUserName"",""#text"":""-""},{""@Name"":""TargetDomainName"",""#text"":""-""},{""@Name"":""TargetLogonId"",""#text"":""0x0""},{""@Name"":""ParentProcessName"",""#text"":""C:\\Program Files (x86)\\Google\\GoogleUpdater\\152.0.7933.0\\updater.exe""},{""@Name"":""MandatoryLabel"",""#text"":""S-1-16-16384""}]}}"
35479,35479,2026-08-17 18:32:45.9317552,4689,LogAlways,Microsoft-Windows-Security-Auditing,Security,4,6416,disstestbedvm,427,,A process has exited,WORKGROUP\DISSTESTBEDVM$,,,PID: 0x2300,,,,,C:\Program Files (x86)\Google\GoogleUpdater\152.0.7933.0\updater.exe,False,D:\UOW\SEM3\msc-diss-7csef001w\scenarios\scenario_2\artefacts\event_logs\Security.evtx,Audit success,0,"{""EventData"":{""Data"":[{""@Name"":""SubjectUserSid"",""#text"":""S-1-5-18""},{""@Name"":""SubjectUserName"",""#text"":""DISSTESTBEDVM$""},{""@Name"":""SubjectDomainName"",""#text"":""WORKGROUP""},{""@Name"":""SubjectLogonId"",""#text"":""0x3E7""},{""@Name"":""Status"",""#text"":""0x0""},{""@Name"":""ProcessId"",""#text"":""0x2300""},{""@Name"":""ProcessName"",""#text"":""C:\\Program Files (x86)\\Google\\GoogleUpdater\\152.0.7933.0\\updater.exe""}]}}"
35480,35480,2026-08-17 18:32:45.9360274,4689,LogAlways,Microsoft-Windows-Security-Auditing,Security,4,8896,disstestbedvm,427,,A process has exited,WORKGROUP\DISSTESTBEDVM$,,,PID: 0x2838,,,,,C:\Program Files (x86)\Google\GoogleUpdater\152.0.7933.0\updater.exe,False,D:\UOW\SEM3\msc-diss-7csef001w\scenarios\scenario_2\artefacts\event_logs\Security.evtx,Audit success,0,"{""EventData"":{""Data"":[{""@Name"":""SubjectUserSid"",""#text"":""S-1-5-18""},{""@Name"":""SubjectUserName"",""#text"":""DISSTESTBEDVM$""},{""@Name"":""SubjectDomainName"",""#text"":""WORKGROUP""},{""@Name"":""SubjectLogonId"",""#text"":""0x3E7""},{""@Name"":""Status"",""#text"":""0x0""},{""@Name"":""ProcessId"",""#text"":""0x2838""},{""@Name"":""ProcessName"",""#text"":""C:\\Program Files (x86)\\Google\\GoogleUpdater\\152.0.7933.0\\updater.exe""}]}}"
35481,35481,2026-08-17 18:32:46.7236945,4688,LogAlways,Microsoft-Windows-Security-Auditing,Security,4,224,disstestbedvm,427,,A new process has been created,WORKGROUP\DISSTESTBEDVM$,,Parent process: C:\Windows\System32\services.exe,PID: 0x364,Parent PID: 0xF7C,Mandatory label: SECURITY_MANDATORY_SYSTEM_RID,Target User: -\-,,"C:\Program Files (x86)\Google\GoogleUpdater\152.0.7933.0\updater.exe ""C:\Program Files (x86)\Google\GoogleUpdater\152.0.7933.0\updater.exe"" --system --windows-service --service=update",False,D:\UOW\SEM3\msc-diss-7csef001w\scenarios\scenario_2\artefacts\event_logs\Security.evtx,Audit success,0,"{""EventData"":{""Data"":[{""@Name"":""SubjectUserSid"",""#text"":""S-1-5-18""},{""@Name"":""SubjectUserName"",""#text"":""DISSTESTBEDVM$""},{""@Name"":""SubjectDomainName"",""#text"":""WORKGROUP""},{""@Name"":""SubjectLogonId"",""#text"":""0x3E7""},{""@Name"":""NewProcessId"",""#text"":""0xF7C""},{""@Name"":""NewProcessName"",""#text"":""C:\\Program Files (x86)\\Google\\GoogleUpdater\\152.0.7933.0\\updater.exe""},{""@Name"":""TokenElevationType"",""#text"":""%%1936""},{""@Name"":""ProcessId"",""#text"":""0x364""},{""@Name"":""CommandLine"",""#text"":""\""C:\\Program Files (x86)\\Google\\GoogleUpdater\\152.0.7933.0\\updater.exe\"" --system --windows-service --service=update""},{""@Name"":""TargetUserSid"",""#text"":""S-1-0-0""},{""@Name"":""TargetUserName"",""#text"":""-""},{""@Name"":""TargetDomainName"",""#text"":""-""},{""@Name"":""TargetLogonId"",""#text"":""0x0""},{""@Name"":""ParentProcessName"",""#text"":""C:\\Windows\\System32\\services.exe""},{""@Name"":""MandatoryLabel"",""#text"":""S-1-16-16384""}]}}"
35482,35482,2026-08-17 18:32:46.7437735,4688,LogAlways,Microsoft-Windows-Security-Auditing,Security,4,224,disstestbedvm,427,,A new process has been created,WORKGROUP\DISSTESTBEDVM$,,Parent process: C:\Program Files (x86)\Google\GoogleUpdater\152.0.7933.0\updater.exe,PID: 0xF7C,Parent PID: 0x2214,Mandatory label: SECURITY_MANDATORY_SYSTEM_RID,Target User: -\-,,"C:\Program Files (x86)\Google\GoogleUpdater\152.0.7933.0\updater.exe ""C:\Program Files (x86)\Google\GoogleUpdater\152.0.7933.0\updater.exe"" --crash-handler --system ""--database=C:\Program Files (x86)\Google\GoogleUpdater\152.0.7933.0\Crashpad"" --url=https://clients2.google.com/cr/report --annotation=prod=Update4 --annotation=ver=152.0.7933.0 ""--attachment=C:\Program Files (x86)\Google\GoogleUpdater\updater.log"" ""--attachment=C:\Program Files (x86)\Google\GoogleUpdater\updater_history.jsonl"" --initial-client-data=0x2b4,0x2b8,0x2bc,0x2b0,0x2c0,0xe61e40,0xe61e4c,0xe61e58",False,D:\UOW\SEM3\msc-diss-7csef001w\scenarios\scenario_2\artefacts\event_logs\Security.evtx,Audit success,0,"{""EventData"":{""Data"":[{""@Name"":""SubjectUserSid"",""#text"":""S-1-5-18""},{""@Name"":""SubjectUserName"",""#text"":""DISSTESTBEDVM$""},{""@Name"":""SubjectDomainName"",""#text"":""WORKGROUP""},{""@Name"":""SubjectLogonId"",""#text"":""0x3E7""},{""@Name"":""NewProcessId"",""#text"":""0x2214""},{""@Name"":""NewProcessName"",""#text"":""C:\\Program Files (x86)\\Google\\GoogleUpdater\\152.0.7933.0\\updater.exe""},{""@Name"":""TokenElevationType"",""#text"":""%%1936""},{""@Name"":""ProcessId"",""#text"":""0xF7C""},{""@Name"":""CommandLine"",""#text"":""\""C:\\Program Files (x86)\\Google\\GoogleUpdater\\152.0.7933.0\\updater.exe\"" --crash-handler --system \""--database=C:\\Program Files (x86)\\Google\\GoogleUpdater\\152.0.7933.0\\Crashpad\"" --url=https://clients2.google.com/cr/report --annotation=prod=Update4 --annotation=ver=152.0.7933.0 \""--attachment=C:\\Program Files (x86)\\Google\\GoogleUpdater\\updater.log\"" \""--attachment=C:\\Program Files (x86)\\Google\\GoogleUpdater\\updater_history.jsonl\"" --initial-client-data=0x2b4,0x2b8,0x2bc,0x2b0,0x2c0,0xe61e40,0xe61e4c,0xe61e58""},{""@Name"":""TargetUserSid"",""#text"":""S-1-0-0""},{""@Name"":""TargetUserName"",""#text"":""-""},{""@Name"":""TargetDomainName"",""#text"":""-""},{""@Name"":""TargetLogonId"",""#text"":""0x0""},{""@Name"":""ParentProcessName"",""#text"":""C:\\Program Files (x86)\\Google\\GoogleUpdater\\152.0.7933.0\\updater.exe""},{""@Name"":""MandatoryLabel"",""#text"":""S-1-16-16384""}]}}"
35483,35483,2026-08-17 18:32:46.8095570,4689,LogAlways,Microsoft-Windows-Security-Auditing,Security,4,224,disstestbedvm,427,,A process has exited,WORKGROUP\DISSTESTBEDVM$,,,PID: 0xF7C,,,,,C:\Program Files (x86)\Google\GoogleUpdater\152.0.7933.0\updater.exe,False,D:\UOW\SEM3\msc-diss-7csef001w\scenarios\scenario_2\artefacts\event_logs\Security.evtx,Audit success,0,"{""EventData"":{""Data"":[{""@Name"":""SubjectUserSid"",""#text"":""S-1-5-18""},{""@Name"":""SubjectUserName"",""#text"":""DISSTESTBEDVM$""},{""@Name"":""SubjectDomainName"",""#text"":""WORKGROUP""},{""@Name"":""SubjectLogonId"",""#text"":""0x3E7""},{""@Name"":""Status"",""#text"":""0x0""},{""@Name"":""ProcessId"",""#text"":""0xF7C""},{""@Name"":""ProcessName"",""#text"":""C:\\Program Files (x86)\\Google\\GoogleUpdater\\152.0.7933.0\\updater.exe""}]}}"
35484,35484,2026-08-17 18:32:46.8135066,4689,LogAlways,Microsoft-Windows-Security-Auditing,Security,4,224,disstestbedvm,427,,A process has exited,WORKGROUP\DISSTESTBEDVM$,,,PID: 0x2214,,,,,C:\Program Files (x86)\Google\GoogleUpdater\152.0.7933.0\updater.exe,False,D:\UOW\SEM3\msc-diss-7csef001w\scenarios\scenario_2\artefacts\event_logs\Security.evtx,Audit success,0,"{""EventData"":{""Data"":[{""@Name"":""SubjectUserSid"",""#text"":""S-1-5-18""},{""@Name"":""SubjectUserName"",""#text"":""DISSTESTBEDVM$""},{""@Name"":""SubjectDomainName"",""#text"":""WORKGROUP""},{""@Name"":""SubjectLogonId"",""#text"":""0x3E7""},{""@Name"":""Status"",""#text"":""0x0""},{""@Name"":""ProcessId"",""#text"":""0x2214""},{""@Name"":""ProcessName"",""#text"":""C:\\Program Files (x86)\\Google\\GoogleUpdater\\152.0.7933.0\\updater.exe""}]}}"
35485,35485,2026-08-17 18:32:47.0306363,4688,LogAlways,Microsoft-Windows-Security-Auditing,Security,4,224,disstestbedvm,427,,A new process has been created,WORKGROUP\DISSTESTBEDVM$,,Parent process: C:\Windows\System32\services.exe,PID: 0x364,Parent PID: 0x3E4,Mandatory label: SECURITY_MANDATORY_SYSTEM_RID,Target User: -\-,,"C:\Program Files (x86)\Google\GoogleUpdater\152.0.7933.0\updater.exe ""C:\Program Files (x86)\Google\GoogleUpdater\152.0.7933.0\updater.exe"" --system --windows-service --service=update",False,D:\UOW\SEM3\msc-diss-7csef001w\scenarios\scenario_2\artefacts\event_logs\Security.evtx,Audit success,0,"{""EventData"":{""Data"":[{""@Name"":""SubjectUserSid"",""#text"":""S-1-5-18""},{""@Name"":""SubjectUserName"",""#text"":""DISSTESTBEDVM$""},{""@Name"":""SubjectDomainName"",""#text"":""WORKGROUP""},{""@Name"":""SubjectLogonId"",""#text"":""0x3E7""},{""@Name"":""NewProcessId"",""#text"":""0x3E4""},{""@Name"":""NewProcessName"",""#text"":""C:\\Program Files (x86)\\Google\\GoogleUpdater\\152.0.7933.0\\updater.exe""},{""@Name"":""TokenElevationType"",""#text"":""%%1936""},{""@Name"":""ProcessId"",""#text"":""0x364""},{""@Name"":""CommandLine"",""#text"":""\""C:\\Program Files (x86)\\Google\\GoogleUpdater\\152.0.7933.0\\updater.exe\"" --system --windows-service --service=update""},{""@Name"":""TargetUserSid"",""#text"":""S-1-0-0""},{""@Name"":""TargetUserName"",""#text"":""-""},{""@Name"":""TargetDomainName"",""#text"":""-""},{""@Name"":""TargetLogonId"",""#text"":""0x0""},{""@Name"":""ParentProcessName"",""#text"":""C:\\Windows\\System32\\services.exe""},{""@Name"":""MandatoryLabel"",""#text"":""S-1-16-16384""}]}}"
35486,35486,2026-08-17 18:32:47.0553391,4688,LogAlways,Microsoft-Windows-Security-Auditing,Security,4,224,disstestbedvm,427,,A new process has been created,WORKGROUP\DISSTESTBEDVM$,,Parent process: C:\Program Files (x86)\Google\GoogleUpdater\152.0.7933.0\updater.exe,PID: 0x3E4,Parent PID: 0x13EC,Mandatory label: SECURITY_MANDATORY_SYSTEM_RID,Target User: -\-,,"C:\Program Files (x86)\Google\GoogleUpdater\152.0.7933.0\updater.exe ""C:\Program Files (x86)\Google\GoogleUpdater\152.0.7933.0\updater.exe"" --crash-handler --system ""--database=C:\Program Files (x86)\Google\GoogleUpdater\152.0.7933.0\Crashpad"" --url=https://clients2.google.com/cr/report --annotation=prod=Update4 --annotation=ver=152.0.7933.0 ""--attachment=C:\Program Files (x86)\Google\GoogleUpdater\updater.log"" ""--attachment=C:\Program Files (x86)\Google\GoogleUpdater\updater_history.jsonl"" --initial-client-data=0x2b4,0x2b8,0x2bc,0x2b0,0x2c0,0xe61e40,0xe61e4c,0xe61e58",False,D:\UOW\SEM3\msc-diss-7csef001w\scenarios\scenario_2\artefacts\event_logs\Security.evtx,Audit success,0,"{""EventData"":{""Data"":[{""@Name"":""SubjectUserSid"",""#text"":""S-1-5-18""},{""@Name"":""SubjectUserName"",""#text"":""DISSTESTBEDVM$""},{""@Name"":""SubjectDomainName"",""#text"":""WORKGROUP""},{""@Name"":""SubjectLogonId"",""#text"":""0x3E7""},{""@Name"":""NewProcessId"",""#text"":""0x13EC""},{""@Name"":""NewProcessName"",""#text"":""C:\\Program Files (x86)\\Google\\GoogleUpdater\\152.0.7933.0\\updater.exe""},{""@Name"":""TokenElevationType"",""#text"":""%%1936""},{""@Name"":""ProcessId"",""#text"":""0x3E4""},{""@Name"":""CommandLine"",""#text"":""\""C:\\Program Files (x86)\\Google\\GoogleUpdater\\152.0.7933.0\\updater.exe\"" --crash-handler --system \""--database=C:\\Program Files (x86)\\Google\\GoogleUpdater\\152.0.7933.0\\Crashpad\"" --url=https://clients2.google.com/cr/report --annotation=prod=Update4 --annotation=ver=152.0.7933.0 \""--attachment=C:\\Program Files (x86)\\Google\\GoogleUpdater\\updater.log\"" \""--attachment=C:\\Program Files (x86)\\Google\\GoogleUpdater\\updater_history.jsonl\"" --initial-client-data=0x2b4,0x2b8,0x2bc,0x2b0,0x2c0,0xe61e40,0xe61e4c,0xe61e58""},{""@Name"":""TargetUserSid"",""#text"":""S-1-0-0""},{""@Name"":""TargetUserName"",""#text"":""-""},{""@Name"":""TargetDomainName"",""#text"":""-""},{""@Name"":""TargetLogonId"",""#text"":""0x0""},{""@Name"":""ParentProcessName"",""#text"":""C:\\Program Files (x86)\\Google\\GoogleUpdater\\152.0.7933.0\\updater.exe""},{""@Name"":""MandatoryLabel"",""#text"":""S-1-16-16384""}]}}"
35487,35487,2026-08-17 18:32:47.1289604,4689,LogAlways,Microsoft-Windows-Security-Auditing,Security,4,224,disstestbedvm,427,,A process has exited,WORKGROUP\DISSTESTBEDVM$,,,PID: 0x3E4,,,,,C:\Program Files (x86)\Google\GoogleUpdater\152.0.7933.0\updater.exe,False,D:\UOW\SEM3\msc-diss-7csef001w\scenarios\scenario_2\artefacts\event_logs\Security.evtx,Audit success,0,"{""EventData"":{""Data"":[{""@Name"":""SubjectUserSid"",""#text"":""S-1-5-18""},{""@Name"":""SubjectUserName"",""#text"":""DISSTESTBEDVM$""},{""@Name"":""SubjectDomainName"",""#text"":""WORKGROUP""},{""@Name"":""SubjectLogonId"",""#text"":""0x3E7""},{""@Name"":""Status"",""#text"":""0x0""},{""@Name"":""ProcessId"",""#text"":""0x3E4""},{""@Name"":""ProcessName"",""#text"":""C:\\Program Files (x86)\\Google\\GoogleUpdater\\152.0.7933.0\\updater.exe""}]}}"
35488,35488,2026-08-17 18:32:47.1330274,4689,LogAlways,Microsoft-Windows-Security-Auditing,Security,4,224,disstestbedvm,427,,A process has exited,WORKGROUP\DISSTESTBEDVM$,,,PID: 0x13EC,,,,,C:\Program Files (x86)\Google\GoogleUpdater\152.0.7933.0\updater.exe,False,D:\UOW\SEM3\msc-diss-7csef001w\scenarios\scenario_2\artefacts\event_logs\Security.evtx,Audit success,0,"{""EventData"":{""Data"":[{""@Name"":""SubjectUserSid"",""#text"":""S-1-5-18""},{""@Name"":""SubjectUserName"",""#text"":""DISSTESTBEDVM$""},{""@Name"":""SubjectDomainName"",""#text"":""WORKGROUP""},{""@Name"":""SubjectLogonId"",""#text"":""0x3E7""},{""@Name"":""Status"",""#text"":""0x0""},{""@Name"":""ProcessId"",""#text"":""0x13EC""},{""@Name"":""ProcessName"",""#text"":""C:\\Program Files (x86)\\Google\\GoogleUpdater\\152.0.7933.0\\updater.exe""}]}}"
35489,35489,2026-08-17 18:32:47.8042215,4688,LogAlways,Microsoft-Windows-Security-Auditing,Security,4,224,disstestbedvm,427,,A new process has been created,WORKGROUP\DISSTESTBEDVM$,,Parent process: C:\Windows\System32\services.exe,PID: 0x364,Parent PID: 0x1138,Mandatory label: SECURITY_MANDATORY_SYSTEM_RID,Target User: -\-,,"C:\Program Files (x86)\Google\GoogleUpdater\152.0.7933.0\updater.exe ""C:\Program Files (x86)\Google\GoogleUpdater\152.0.7933.0\updater.exe"" --system --windows-service --service=update",False,D:\UOW\SEM3\msc-diss-7csef001w\scenarios\scenario_2\artefacts\event_logs\Security.evtx,Audit success,0,"{""EventData"":{""Data"":[{""@Name"":""SubjectUserSid"",""#text"":""S-1-5-18""},{""@Name"":""SubjectUserName"",""#text"":""DISSTESTBEDVM$""},{""@Name"":""SubjectDomainName"",""#text"":""WORKGROUP""},{""@Name"":""SubjectLogonId"",""#text"":""0x3E7""},{""@Name"":""NewProcessId"",""#text"":""0x1138""},{""@Name"":""NewProcessName"",""#text"":""C:\\Program Files (x86)\\Google\\GoogleUpdater\\152.0.7933.0\\updater.exe""},{""@Name"":""TokenElevationType"",""#text"":""%%1936""},{""@Name"":""ProcessId"",""#text"":""0x364""},{""@Name"":""CommandLine"",""#text"":""\""C:\\Program Files (x86)\\Google\\GoogleUpdater\\152.0.7933.0\\updater.exe\"" --system --windows-service --service=update""},{""@Name"":""TargetUserSid"",""#text"":""S-1-0-0""},{""@Name"":""TargetUserName"",""#text"":""-""},{""@Name"":""TargetDomainName"",""#text"":""-""},{""@Name"":""TargetLogonId"",""#text"":""0x0""},{""@Name"":""ParentProcessName"",""#text"":""C:\\Windows\\System32\\services.exe""},{""@Name"":""MandatoryLabel"",""#text"":""S-1-16-16384""}]}}"
35490,35490,2026-08-17 18:32:47.8276351,4688,LogAlways,Microsoft-Windows-Security-Auditing,Security,4,224,disstestbedvm,427,,A new process has been created,WORKGROUP\DISSTESTBEDVM$,,Parent process: C:\Program Files (x86)\Google\GoogleUpdater\152.0.7933.0\updater.exe,PID: 0x1138,Parent PID: 0x75C,Mandatory label: SECURITY_MANDATORY_SYSTEM_RID,Target User: -\-,,"C:\Program Files (x86)\Google\GoogleUpdater\152.0.7933.0\updater.exe ""C:\Program Files (x86)\Google\GoogleUpdater\152.0.7933.0\updater.exe"" --crash-handler --system ""--database=C:\Program Files (x86)\Google\GoogleUpdater\152.0.7933.0\Crashpad"" --url=https://clients2.google.com/cr/report --annotation=prod=Update4 --annotation=ver=152.0.7933.0 ""--attachment=C:\Program Files (x86)\Google\GoogleUpdater\updater.log"" ""--attachment=C:\Program Files (x86)\Google\GoogleUpdater\updater_history.jsonl"" --initial-client-data=0x2b4,0x2b8,0x2bc,0x2b0,0x2c0,0xe61e40,0xe61e4c,0xe61e58",False,D:\UOW\SEM3\msc-diss-7csef001w\scenarios\scenario_2\artefacts\event_logs\Security.evtx,Audit success,0,"{""EventData"":{""Data"":[{""@Name"":""SubjectUserSid"",""#text"":""S-1-5-18""},{""@Name"":""SubjectUserName"",""#text"":""DISSTESTBEDVM$""},{""@Name"":""SubjectDomainName"",""#text"":""WORKGROUP""},{""@Name"":""SubjectLogonId"",""#text"":""0x3E7""},{""@Name"":""NewProcessId"",""#text"":""0x75C""},{""@Name"":""NewProcessName"",""#text"":""C:\\Program Files (x86)\\Google\\GoogleUpdater\\152.0.7933.0\\updater.exe""},{""@Name"":""TokenElevationType"",""#text"":""%%1936""},{""@Name"":""ProcessId"",""#text"":""0x1138""},{""@Name"":""CommandLine"",""#text"":""\""C:\\Program Files (x86)\\Google\\GoogleUpdater\\152.0.7933.0\\updater.exe\"" --crash-handler --system \""--database=C:\\Program Files (x86)\\Google\\GoogleUpdater\\152.0.7933.0\\Crashpad\"" --url=https://clients2.google.com/cr/report --annotation=prod=Update4 --annotation=ver=152.0.7933.0 \""--attachment=C:\\Program Files (x86)\\Google\\GoogleUpdater\\updater.log\"" \""--attachment=C:\\Program Files (x86)\\Google\\GoogleUpdater\\updater_history.jsonl\"" --initial-client-data=0x2b4,0x2b8,0x2bc,0x2b0,0x2c0,0xe61e40,0xe61e4c,0xe61e58""},{""@Name"":""TargetUserSid"",""#text"":""S-1-0-0""},{""@Name"":""TargetUserName"",""#text"":""-""},{""@Name"":""TargetDomainName"",""#text"":""-""},{""@Name"":""TargetLogonId"",""#text"":""0x0""},{""@Name"":""ParentProcessName"",""#text"":""C:\\Program Files (x86)\\Google\\GoogleUpdater\\152.0.7933.0\\updater.exe""},{""@Name"":""MandatoryLabel"",""#text"":""S-1-16-16384""}]}}"
35491,35491,2026-08-17 18:32:47.8873956,4689,LogAlways,Microsoft-Windows-Security-Auditing,Security,4,224,disstestbedvm,427,,A process has exited,WORKGROUP\DISSTESTBEDVM$,,,PID: 0x1138,,,,,C:\Program Files (x86)\Google\GoogleUpdater\152.0.7933.0\updater.exe,False,D:\UOW\SEM3\msc-diss-7csef001w\scenarios\scenario_2\artefacts\event_logs\Security.evtx,Audit success,0,"{""EventData"":{""Data"":[{""@Name"":""SubjectUserSid"",""#text"":""S-1-5-18""},{""@Name"":""SubjectUserName"",""#text"":""DISSTESTBEDVM$""},{""@Name"":""SubjectDomainName"",""#text"":""WORKGROUP""},{""@Name"":""SubjectLogonId"",""#text"":""0x3E7""},{""@Name"":""Status"",""#text"":""0x0""},{""@Name"":""ProcessId"",""#text"":""0x1138""},{""@Name"":""ProcessName"",""#text"":""C:\\Program Files (x86)\\Google\\GoogleUpdater\\152.0.7933.0\\updater.exe""}]}}"
35492,35492,2026-08-17 18:32:47.8930911,4689,LogAlways,Microsoft-Windows-Security-Auditing,Security,4,224,disstestbedvm,427,,A process has exited,WORKGROUP\DISSTESTBEDVM$,,,PID: 0x75C,,,,,C:\Program Files (x86)\Google\GoogleUpdater\152.0.7933.0\updater.exe,False,D:\UOW\SEM3\msc-diss-7csef001w\scenarios\scenario_2\artefacts\event_logs\Security.evtx,Audit success,0,"{""EventData"":{""Data"":[{""@Name"":""SubjectUserSid"",""#text"":""S-1-5-18""},{""@Name"":""SubjectUserName"",""#text"":""DISSTESTBEDVM$""},{""@Name"":""SubjectDomainName"",""#text"":""WORKGROUP""},{""@Name"":""SubjectLogonId"",""#text"":""0x3E7""},{""@Name"":""Status"",""#text"":""0x0""},{""@Name"":""ProcessId"",""#text"":""0x75C""},{""@Name"":""ProcessName"",""#text"":""C:\\Program Files (x86)\\Google\\GoogleUpdater\\152.0.7933.0\\updater.exe""}]}}"
35493,35493,2026-08-17 18:32:49.0883689,4688,LogAlways,Microsoft-Windows-Security-Auditing,Security,4,6380,disstestbedvm,427,,A new process has been created,WORKGROUP\DISSTESTBEDVM$,,Parent process: C:\Windows\System32\services.exe,PID: 0x364,Parent PID: 0x121C,Mandatory label: SECURITY_MANDATORY_SYSTEM_RID,Target User: -\-,,"C:\Program Files (x86)\Google\GoogleUpdater\152.0.7933.0\updater.exe ""C:\Program Files (x86)\Google\GoogleUpdater\152.0.7933.0\updater.exe"" --system --windows-service --service=update",False,D:\UOW\SEM3\msc-diss-7csef001w\scenarios\scenario_2\artefacts\event_logs\Security.evtx,Audit success,0,"{""EventData"":{""Data"":[{""@Name"":""SubjectUserSid"",""#text"":""S-1-5-18""},{""@Name"":""SubjectUserName"",""#text"":""DISSTESTBEDVM$""},{""@Name"":""SubjectDomainName"",""#text"":""WORKGROUP""},{""@Name"":""SubjectLogonId"",""#text"":""0x3E7""},{""@Name"":""NewProcessId"",""#text"":""0x121C""},{""@Name"":""NewProcessName"",""#text"":""C:\\Program Files (x86)\\Google\\GoogleUpdater\\152.0.7933.0\\updater.exe""},{""@Name"":""TokenElevationType"",""#text"":""%%1936""},{""@Name"":""ProcessId"",""#text"":""0x364""},{""@Name"":""CommandLine"",""#text"":""\""C:\\Program Files (x86)\\Google\\GoogleUpdater\\152.0.7933.0\\updater.exe\"" --system --windows-service --service=update""},{""@Name"":""TargetUserSid"",""#text"":""S-1-0-0""},{""@Name"":""TargetUserName"",""#text"":""-""},{""@Name"":""TargetDomainName"",""#text"":""-""},{""@Name"":""TargetLogonId"",""#text"":""0x0""},{""@Name"":""ParentProcessName"",""#text"":""C:\\Windows\\System32\\services.exe""},{""@Name"":""MandatoryLabel"",""#text"":""S-1-16-16384""}]}}"
35494,35494,2026-08-17 18:32:49.1087113,4688,LogAlways,Microsoft-Windows-Security-Auditing,Security,4,6380,disstestbedvm,427,,A new process has been created,WORKGROUP\DISSTESTBEDVM$,,Parent process: C:\Program Files (x86)\Google\GoogleUpdater\152.0.7933.0\updater.exe,PID: 0x121C,Parent PID: 0x598,Mandatory label: SECURITY_MANDATORY_SYSTEM_RID,Target User: -\-,,"C:\Program Files (x86)\Google\GoogleUpdater\152.0.7933.0\updater.exe ""C:\Program Files (x86)\Google\GoogleUpdater\152.0.7933.0\updater.exe"" --crash-handler --system ""--database=C:\Program Files (x86)\Google\GoogleUpdater\152.0.7933.0\Crashpad"" --url=https://clients2.google.com/cr/report --annotation=prod=Update4 --annotation=ver=152.0.7933.0 ""--attachment=C:\Program Files (x86)\Google\GoogleUpdater\updater.log"" ""--attachment=C:\Program Files (x86)\Google\GoogleUpdater\updater_history.jsonl"" --initial-client-data=0x2b4,0x2b8,0x2bc,0x2b0,0x2c0,0xe61e40,0xe61e4c,0xe61e58",False,D:\UOW\SEM3\msc-diss-7csef001w\scenarios\scenario_2\artefacts\event_logs\Security.evtx,Audit success,0,"{""EventData"":{""Data"":[{""@Name"":""SubjectUserSid"",""#text"":""S-1-5-18""},{""@Name"":""SubjectUserName"",""#text"":""DISSTESTBEDVM$""},{""@Name"":""SubjectDomainName"",""#text"":""WORKGROUP""},{""@Name"":""SubjectLogonId"",""#text"":""0x3E7""},{""@Name"":""NewProcessId"",""#text"":""0x598""},{""@Name"":""NewProcessName"",""#text"":""C:\\Program Files (x86)\\Google\\GoogleUpdater\\152.0.7933.0\\updater.exe""},{""@Name"":""TokenElevationType"",""#text"":""%%1936""},{""@Name"":""ProcessId"",""#text"":""0x121C""},{""@Name"":""CommandLine"",""#text"":""\""C:\\Program Files (x86)\\Google\\GoogleUpdater\\152.0.7933.0\\updater.exe\"" --crash-handler --system \""--database=C:\\Program Files (x86)\\Google\\GoogleUpdater\\152.0.7933.0\\Crashpad\"" --url=https://clients2.google.com/cr/report --annotation=prod=Update4 --annotation=ver=152.0.7933.0 \""--attachment=C:\\Program Files (x86)\\Google\\GoogleUpdater\\updater.log\"" \""--attachment=C:\\Program Files (x86)\\Google\\GoogleUpdater\\updater_history.jsonl\"" --initial-client-data=0x2b4,0x2b8,0x2bc,0x2b0,0x2c0,0xe61e40,0xe61e4c,0xe61e58""},{""@Name"":""TargetUserSid"",""#text"":""S-1-0-0""},{""@Name"":""TargetUserName"",""#text"":""-""},{""@Name"":""TargetDomainName"",""#text"":""-""},{""@Name"":""TargetLogonId"",""#text"":""0x0""},{""@Name"":""ParentProcessName"",""#text"":""C:\\Program Files (x86)\\Google\\GoogleUpdater\\152.0.7933.0\\updater.exe""},{""@Name"":""MandatoryLabel"",""#text"":""S-1-16-16384""}]}}"
35495,35495,2026-08-17 18:32:49.1798915,4689,LogAlways,Microsoft-Windows-Security-Auditing,Security,4,6380,disstestbedvm,427,,A process has exited,WORKGROUP\DISSTESTBEDVM$,,,PID: 0x121C,,,,,C:\Program Files (x86)\Google\GoogleUpdater\152.0.7933.0\updater.exe,False,D:\UOW\SEM3\msc-diss-7csef001w\scenarios\scenario_2\artefacts\event_logs\Security.evtx,Audit success,0,"{""EventData"":{""Data"":[{""@Name"":""SubjectUserSid"",""#text"":""S-1-5-18""},{""@Name"":""SubjectUserName"",""#text"":""DISSTESTBEDVM$""},{""@Name"":""SubjectDomainName"",""#text"":""WORKGROUP""},{""@Name"":""SubjectLogonId"",""#text"":""0x3E7""},{""@Name"":""Status"",""#text"":""0x0""},{""@Name"":""ProcessId"",""#text"":""0x121C""},{""@Name"":""ProcessName"",""#text"":""C:\\Program Files (x86)\\Google\\GoogleUpdater\\152.0.7933.0\\updater.exe""}]}}"
35496,35496,2026-08-17 18:32:49.1840128,4689,LogAlways,Microsoft-Windows-Security-Auditing,Security,4,8896,disstestbedvm,427,,A process has exited,WORKGROUP\DISSTESTBEDVM$,,,PID: 0x598,,,,,C:\Program Files (x86)\Google\GoogleUpdater\152.0.7933.0\updater.exe,False,D:\UOW\SEM3\msc-diss-7csef001w\scenarios\scenario_2\artefacts\event_logs\Security.evtx,Audit success,0,"{""EventData"":{""Data"":[{""@Name"":""SubjectUserSid"",""#text"":""S-1-5-18""},{""@Name"":""SubjectUserName"",""#text"":""DISSTESTBEDVM$""},{""@Name"":""SubjectDomainName"",""#text"":""WORKGROUP""},{""@Name"":""SubjectLogonId"",""#text"":""0x3E7""},{""@Name"":""Status"",""#text"":""0x0""},{""@Name"":""ProcessId"",""#text"":""0x598""},{""@Name"":""ProcessName"",""#text"":""C:\\Program Files (x86)\\Google\\GoogleUpdater\\152.0.7933.0\\updater.exe""}]}}"
35497,35497,2026-08-17 18:32:49.9241222,4688,LogAlways,Microsoft-Windows-Security-Auditing,Security,4,8896,disstestbedvm,427,,A new process has been created,WORKGROUP\DISSTESTBEDVM$,,Parent process: C:\Windows\System32\services.exe,PID: 0x364,Parent PID: 0x2E8,Mandatory label: SECURITY_MANDATORY_SYSTEM_RID,Target User: -\-,,"C:\Program Files (x86)\Google\GoogleUpdater\152.0.7933.0\updater.exe ""C:\Program Files (x86)\Google\GoogleUpdater\152.0.7933.0\updater.exe"" --system --windows-service --service=update",False,D:\UOW\SEM3\msc-diss-7csef001w\scenarios\scenario_2\artefacts\event_logs\Security.evtx,Audit success,0,"{""EventData"":{""Data"":[{""@Name"":""SubjectUserSid"",""#text"":""S-1-5-18""},{""@Name"":""SubjectUserName"",""#text"":""DISSTESTBEDVM$""},{""@Name"":""SubjectDomainName"",""#text"":""WORKGROUP""},{""@Name"":""SubjectLogonId"",""#text"":""0x3E7""},{""@Name"":""NewProcessId"",""#text"":""0x2E8""},{""@Name"":""NewProcessName"",""#text"":""C:\\Program Files (x86)\\Google\\GoogleUpdater\\152.0.7933.0\\updater.exe""},{""@Name"":""TokenElevationType"",""#text"":""%%1936""},{""@Name"":""ProcessId"",""#text"":""0x364""},{""@Name"":""CommandLine"",""#text"":""\""C:\\Program Files (x86)\\Google\\GoogleUpdater\\152.0.7933.0\\updater.exe\"" --system --windows-service --service=update""},{""@Name"":""TargetUserSid"",""#text"":""S-1-0-0""},{""@Name"":""TargetUserName"",""#text"":""-""},{""@Name"":""TargetDomainName"",""#text"":""-""},{""@Name"":""TargetLogonId"",""#text"":""0x0""},{""@Name"":""ParentProcessName"",""#text"":""C:\\Windows\\System32\\services.exe""},{""@Name"":""MandatoryLabel"",""#text"":""S-1-16-16384""}]}}"
35498,35498,2026-08-17 18:32:49.9438782,4688,LogAlways,Microsoft-Windows-Security-Auditing,Security,4,8896,disstestbedvm,427,,A new process has been created,WORKGROUP\DISSTESTBEDVM$,,Parent process: C:\Program Files (x86)\Google\GoogleUpdater\152.0.7933.0\updater.exe,PID: 0x2E8,Parent PID: 0x2854,Mandatory label: SECURITY_MANDATORY_SYSTEM_RID,Target User: -\-,,"C:\Program Files (x86)\Google\GoogleUpdater\152.0.7933.0\updater.exe ""C:\Program Files (x86)\Google\GoogleUpdater\152.0.7933.0\updater.exe"" --crash-handler --system ""--database=C:\Program Files (x86)\Google\GoogleUpdater\152.0.7933.0\Crashpad"" --url=https://clients2.google.com/cr/report --annotation=prod=Update4 --annotation=ver=152.0.7933.0 ""--attachment=C:\Program Files (x86)\Google\GoogleUpdater\updater.log"" ""--attachment=C:\Program Files (x86)\Google\GoogleUpdater\updater_history.jsonl"" --initial-client-data=0x108,0xf0,0xf4,0xfc,0xec,0xe61e40,0xe61e4c,0xe61e58",False,D:\UOW\SEM3\msc-diss-7csef001w\scenarios\scenario_2\artefacts\event_logs\Security.evtx,Audit success,0,"{""EventData"":{""Data"":[{""@Name"":""SubjectUserSid"",""#text"":""S-1-5-18""},{""@Name"":""SubjectUserName"",""#text"":""DISSTESTBEDVM$""},{""@Name"":""SubjectDomainName"",""#text"":""WORKGROUP""},{""@Name"":""SubjectLogonId"",""#text"":""0x3E7""},{""@Name"":""NewProcessId"",""#text"":""0x2854""},{""@Name"":""NewProcessName"",""#text"":""C:\\Program Files (x86)\\Google\\GoogleUpdater\\152.0.7933.0\\updater.exe""},{""@Name"":""TokenElevationType"",""#text"":""%%1936""},{""@Name"":""ProcessId"",""#text"":""0x2E8""},{""@Name"":""CommandLine"",""#text"":""\""C:\\Program Files (x86)\\Google\\GoogleUpdater\\152.0.7933.0\\updater.exe\"" --crash-handler --system \""--database=C:\\Program Files (x86)\\Google\\GoogleUpdater\\152.0.7933.0\\Crashpad\"" --url=https://clients2.google.com/cr/report --annotation=prod=Update4 --annotation=ver=152.0.7933.0 \""--attachment=C:\\Program Files (x86)\\Google\\GoogleUpdater\\updater.log\"" \""--attachment=C:\\Program Files (x86)\\Google\\GoogleUpdater\\updater_history.jsonl\"" --initial-client-data=0x108,0xf0,0xf4,0xfc,0xec,0xe61e40,0xe61e4c,0xe61e58""},{""@Name"":""TargetUserSid"",""#text"":""S-1-0-0""},{""@Name"":""TargetUserName"",""#text"":""-""},{""@Name"":""TargetDomainName"",""#text"":""-""},{""@Name"":""TargetLogonId"",""#text"":""0x0""},{""@Name"":""ParentProcessName"",""#text"":""C:\\Program Files (x86)\\Google\\GoogleUpdater\\152.0.7933.0\\updater.exe""},{""@Name"":""MandatoryLabel"",""#text"":""S-1-16-16384""}]}}"
35499,35499,2026-08-17 18:32:49.9990394,4689,LogAlways,Microsoft-Windows-Security-Auditing,Security,4,8896,disstestbedvm,427,,A process has exited,WORKGROUP\DISSTESTBEDVM$,,,PID: 0x2E8,,,,,C:\Program Files (x86)\Google\GoogleUpdater\152.0.7933.0\updater.exe,False,D:\UOW\SEM3\msc-diss-7csef001w\scenarios\scenario_2\artefacts\event_logs\Security.evtx,Audit success,0,"{""EventData"":{""Data"":[{""@Name"":""SubjectUserSid"",""#text"":""S-1-5-18""},{""@Name"":""SubjectUserName"",""#text"":""DISSTESTBEDVM$""},{""@Name"":""SubjectDomainName"",""#text"":""WORKGROUP""},{""@Name"":""SubjectLogonId"",""#text"":""0x3E7""},{""@Name"":""Status"",""#text"":""0x0""},{""@Name"":""ProcessId"",""#text"":""0x2E8""},{""@Name"":""ProcessName"",""#text"":""C:\\Program Files (x86)\\Google\\GoogleUpdater\\152.0.7933.0\\updater.exe""}]}}"
35500,35500,2026-08-17 18:32:50.0033555,4689,LogAlways,Microsoft-Windows-Security-Auditing,Security,4,6380,disstestbedvm,427,,A process has exited,WORKGROUP\DISSTESTBEDVM$,,,PID: 0x2854,,,,,C:\Program Files (x86)\Google\GoogleUpdater\152.0.7933.0\updater.exe,False,D:\UOW\SEM3\msc-diss-7csef001w\scenarios\scenario_2\artefacts\event_logs\Security.evtx,Audit success,0,"{""EventData"":{""Data"":[{""@Name"":""SubjectUserSid"",""#text"":""S-1-5-18""},{""@Name"":""SubjectUserName"",""#text"":""DISSTESTBEDVM$""},{""@Name"":""SubjectDomainName"",""#text"":""WORKGROUP""},{""@Name"":""SubjectLogonId"",""#text"":""0x3E7""},{""@Name"":""Status"",""#text"":""0x0""},{""@Name"":""ProcessId"",""#text"":""0x2854""},{""@Name"":""ProcessName"",""#text"":""C:\\Program Files (x86)\\Google\\GoogleUpdater\\152.0.7933.0\\updater.exe""}]}}"
35501,35501,2026-08-17 18:32:50.5840149,4688,LogAlways,Microsoft-Windows-Security-Auditing,Security,4,6380,disstestbedvm,427,,A new process has been created,WORKGROUP\DISSTESTBEDVM$,,Parent process: C:\Windows\System32\services.exe,PID: 0x364,Parent PID: 0x9BC,Mandatory label: SECURITY_MANDATORY_SYSTEM_RID,Target User: -\-,,"C:\Program Files (x86)\Google\GoogleUpdater\152.0.7933.0\updater.exe ""C:\Program Files (x86)\Google\GoogleUpdater\152.0.7933.0\updater.exe"" --system --windows-service --service=update",False,D:\UOW\SEM3\msc-diss-7csef001w\scenarios\scenario_2\artefacts\event_logs\Security.evtx,Audit success,0,"{""EventData"":{""Data"":[{""@Name"":""SubjectUserSid"",""#text"":""S-1-5-18""},{""@Name"":""SubjectUserName"",""#text"":""DISSTESTBEDVM$""},{""@Name"":""SubjectDomainName"",""#text"":""WORKGROUP""},{""@Name"":""SubjectLogonId"",""#text"":""0x3E7""},{""@Name"":""NewProcessId"",""#text"":""0x9BC""},{""@Name"":""NewProcessName"",""#text"":""C:\\Program Files (x86)\\Google\\GoogleUpdater\\152.0.7933.0\\updater.exe""},{""@Name"":""TokenElevationType"",""#text"":""%%1936""},{""@Name"":""ProcessId"",""#text"":""0x364""},{""@Name"":""CommandLine"",""#text"":""\""C:\\Program Files (x86)\\Google\\GoogleUpdater\\152.0.7933.0\\updater.exe\"" --system --windows-service --service=update""},{""@Name"":""TargetUserSid"",""#text"":""S-1-0-0""},{""@Name"":""TargetUserName"",""#text"":""-""},{""@Name"":""TargetDomainName"",""#text"":""-""},{""@Name"":""TargetLogonId"",""#text"":""0x0""},{""@Name"":""ParentProcessName"",""#text"":""C:\\Windows\\System32\\services.exe""},{""@Name"":""MandatoryLabel"",""#text"":""S-1-16-16384""}]}}"
35502,35502,2026-08-17 18:32:50.6110316,4688,LogAlways,Microsoft-Windows-Security-Auditing,Security,4,6380,disstestbedvm,427,,A new process has been created,WORKGROUP\DISSTESTBEDVM$,,Parent process: C:\Program Files (x86)\Google\GoogleUpdater\152.0.7933.0\updater.exe,PID: 0x9BC,Parent PID: 0xDE8,Mandatory label: SECURITY_MANDATORY_SYSTEM_RID,Target User: -\-,,"C:\Program Files (x86)\Google\GoogleUpdater\152.0.7933.0\updater.exe ""C:\Program Files (x86)\Google\GoogleUpdater\152.0.7933.0\updater.exe"" --crash-handler --system ""--database=C:\Program Files (x86)\Google\GoogleUpdater\152.0.7933.0\Crashpad"" --url=https://clients2.google.com/cr/report --annotation=prod=Update4 --annotation=ver=152.0.7933.0 ""--attachment=C:\Program Files (x86)\Google\GoogleUpdater\updater.log"" ""--attachment=C:\Program Files (x86)\Google\GoogleUpdater\updater_history.jsonl"" --initial-client-data=0x2b4,0x2b8,0x2bc,0x2b0,0x2c0,0xe61e40,0xe61e4c,0xe61e58",False,D:\UOW\SEM3\msc-diss-7csef001w\scenarios\scenario_2\artefacts\event_logs\Security.evtx,Audit success,0,"{""EventData"":{""Data"":[{""@Name"":""SubjectUserSid"",""#text"":""S-1-5-18""},{""@Name"":""SubjectUserName"",""#text"":""DISSTESTBEDVM$""},{""@Name"":""SubjectDomainName"",""#text"":""WORKGROUP""},{""@Name"":""SubjectLogonId"",""#text"":""0x3E7""},{""@Name"":""NewProcessId"",""#text"":""0xDE8""},{""@Name"":""NewProcessName"",""#text"":""C:\\Program Files (x86)\\Google\\GoogleUpdater\\152.0.7933.0\\updater.exe""},{""@Name"":""TokenElevationType"",""#text"":""%%1936""},{""@Name"":""ProcessId"",""#text"":""0x9BC""},{""@Name"":""CommandLine"",""#text"":""\""C:\\Program Files (x86)\\Google\\GoogleUpdater\\152.0.7933.0\\updater.exe\"" --crash-handler --system \""--database=C:\\Program Files (x86)\\Google\\GoogleUpdater\\152.0.7933.0\\Crashpad\"" --url=https://clients2.google.com/cr/report --annotation=prod=Update4 --annotation=ver=152.0.7933.0 \""--attachment=C:\\Program Files (x86)\\Google\\GoogleUpdater\\updater.log\"" \""--attachment=C:\\Program Files (x86)\\Google\\GoogleUpdater\\updater_history.jsonl\"" --initial-client-data=0x2b4,0x2b8,0x2bc,0x2b0,0x2c0,0xe61e40,0xe61e4c,0xe61e58""},{""@Name"":""TargetUserSid"",""#text"":""S-1-0-0""},{""@Name"":""TargetUserName"",""#text"":""-""},{""@Name"":""TargetDomainName"",""#text"":""-""},{""@Name"":""TargetLogonId"",""#text"":""0x0""},{""@Name"":""ParentProcessName"",""#text"":""C:\\Program Files (x86)\\Google\\GoogleUpdater\\152.0.7933.0\\updater.exe""},{""@Name"":""MandatoryLabel"",""#text"":""S-1-16-16384""}]}}"
35503,35503,2026-08-17 18:32:50.6653536,4689,LogAlways,Microsoft-Windows-Security-Auditing,Security,4,6380,disstestbedvm,427,,A process has exited,WORKGROUP\DISSTESTBEDVM$,,,PID: 0x9BC,,,,,C:\Program Files (x86)\Google\GoogleUpdater\152.0.7933.0\updater.exe,False,D:\UOW\SEM3\msc-diss-7csef001w\scenarios\scenario_2\artefacts\event_logs\Security.evtx,Audit success,0,"{""EventData"":{""Data"":[{""@Name"":""SubjectUserSid"",""#text"":""S-1-5-18""},{""@Name"":""SubjectUserName"",""#text"":""DISSTESTBEDVM$""},{""@Name"":""SubjectDomainName"",""#text"":""WORKGROUP""},{""@Name"":""SubjectLogonId"",""#text"":""0x3E7""},{""@Name"":""Status"",""#text"":""0x0""},{""@Name"":""ProcessId"",""#text"":""0x9BC""},{""@Name"":""ProcessName"",""#text"":""C:\\Program Files (x86)\\Google\\GoogleUpdater\\152.0.7933.0\\updater.exe""}]}}"
35504,35504,2026-08-17 18:32:50.6688941,4689,LogAlways,Microsoft-Windows-Security-Auditing,Security,4,6380,disstestbedvm,427,,A process has exited,WORKGROUP\DISSTESTBEDVM$,,,PID: 0xDE8,,,,,C:\Program Files (x86)\Google\GoogleUpdater\152.0.7933.0\updater.exe,False,D:\UOW\SEM3\msc-diss-7csef001w\scenarios\scenario_2\artefacts\event_logs\Security.evtx,Audit success,0,"{""EventData"":{""Data"":[{""@Name"":""SubjectUserSid"",""#text"":""S-1-5-18""},{""@Name"":""SubjectUserName"",""#text"":""DISSTESTBEDVM$""},{""@Name"":""SubjectDomainName"",""#text"":""WORKGROUP""},{""@Name"":""SubjectLogonId"",""#text"":""0x3E7""},{""@Name"":""Status"",""#text"":""0x0""},{""@Name"":""ProcessId"",""#text"":""0xDE8""},{""@Name"":""ProcessName"",""#text"":""C:\\Program Files (x86)\\Google\\GoogleUpdater\\152.0.7933.0\\updater.exe""}]}}"
35505,35505,2026-08-17 18:32:52.2765311,4688,LogAlways,Microsoft-Windows-Security-Auditing,Security,4,10052,disstestbedvm,427,,A new process has been created,WORKGROUP\DISSTESTBEDVM$,,Parent process: C:\Windows\System32\services.exe,PID: 0x364,Parent PID: 0x3F4,Mandatory label: SECURITY_MANDATORY_SYSTEM_RID,Target User: -\-,,"C:\Program Files (x86)\Google\GoogleUpdater\152.0.7933.0\updater.exe ""C:\Program Files (x86)\Google\GoogleUpdater\152.0.7933.0\updater.exe"" --system --windows-service --service=update",False,D:\UOW\SEM3\msc-diss-7csef001w\scenarios\scenario_2\artefacts\event_logs\Security.evtx,Audit success,0,"{""EventData"":{""Data"":[{""@Name"":""SubjectUserSid"",""#text"":""S-1-5-18""},{""@Name"":""SubjectUserName"",""#text"":""DISSTESTBEDVM$""},{""@Name"":""SubjectDomainName"",""#text"":""WORKGROUP""},{""@Name"":""SubjectLogonId"",""#text"":""0x3E7""},{""@Name"":""NewProcessId"",""#text"":""0x3F4""},{""@Name"":""NewProcessName"",""#text"":""C:\\Program Files (x86)\\Google\\GoogleUpdater\\152.0.7933.0\\updater.exe""},{""@Name"":""TokenElevationType"",""#text"":""%%1936""},{""@Name"":""ProcessId"",""#text"":""0x364""},{""@Name"":""CommandLine"",""#text"":""\""C:\\Program Files (x86)\\Google\\GoogleUpdater\\152.0.7933.0\\updater.exe\"" --system --windows-service --service=update""},{""@Name"":""TargetUserSid"",""#text"":""S-1-0-0""},{""@Name"":""TargetUserName"",""#text"":""-""},{""@Name"":""TargetDomainName"",""#text"":""-""},{""@Name"":""TargetLogonId"",""#text"":""0x0""},{""@Name"":""ParentProcessName"",""#text"":""C:\\Windows\\System32\\services.exe""},{""@Name"":""MandatoryLabel"",""#text"":""S-1-16-16384""}]}}"
35506,35506,2026-08-17 18:32:52.2961397,4688,LogAlways,Microsoft-Windows-Security-Auditing,Security,4,10052,disstestbedvm,427,,A new process has been created,WORKGROUP\DISSTESTBEDVM$,,Parent process: C:\Program Files (x86)\Google\GoogleUpdater\152.0.7933.0\updater.exe,PID: 0x3F4,Parent PID: 0xB1C,Mandatory label: SECURITY_MANDATORY_SYSTEM_RID,Target User: -\-,,"C:\Program Files (x86)\Google\GoogleUpdater\152.0.7933.0\updater.exe ""C:\Program Files (x86)\Google\GoogleUpdater\152.0.7933.0\updater.exe"" --crash-handler --system ""--database=C:\Program Files (x86)\Google\GoogleUpdater\152.0.7933.0\Crashpad"" --url=https://clients2.google.com/cr/report --annotation=prod=Update4 --annotation=ver=152.0.7933.0 ""--attachment=C:\Program Files (x86)\Google\GoogleUpdater\updater.log"" ""--attachment=C:\Program Files (x86)\Google\GoogleUpdater\updater_history.jsonl"" --initial-client-data=0x2b4,0x2b8,0x2bc,0xf4,0x2c0,0xe61e40,0xe61e4c,0xe61e58",False,D:\UOW\SEM3\msc-diss-7csef001w\scenarios\scenario_2\artefacts\event_logs\Security.evtx,Audit success,0,"{""EventData"":{""Data"":[{""@Name"":""SubjectUserSid"",""#text"":""S-1-5-18""},{""@Name"":""SubjectUserName"",""#text"":""DISSTESTBEDVM$""},{""@Name"":""SubjectDomainName"",""#text"":""WORKGROUP""},{""@Name"":""SubjectLogonId"",""#text"":""0x3E7""},{""@Name"":""NewProcessId"",""#text"":""0xB1C""},{""@Name"":""NewProcessName"",""#text"":""C:\\Program Files (x86)\\Google\\GoogleUpdater\\152.0.7933.0\\updater.exe""},{""@Name"":""TokenElevationType"",""#text"":""%%1936""},{""@Name"":""ProcessId"",""#text"":""0x3F4""},{""@Name"":""CommandLine"",""#text"":""\""C:\\Program Files (x86)\\Google\\GoogleUpdater\\152.0.7933.0\\updater.exe\"" --crash-handler --system \""--database=C:\\Program Files (x86)\\Google\\GoogleUpdater\\152.0.7933.0\\Crashpad\"" --url=https://clients2.google.com/cr/report --annotation=prod=Update4 --annotation=ver=152.0.7933.0 \""--attachment=C:\\Program Files (x86)\\Google\\GoogleUpdater\\updater.log\"" \""--attachment=C:\\Program Files (x86)\\Google\\GoogleUpdater\\updater_history.jsonl\"" --initial-client-data=0x2b4,0x2b8,0x2bc,0xf4,0x2c0,0xe61e40,0xe61e4c,0xe61e58""},{""@Name"":""TargetUserSid"",""#text"":""S-1-0-0""},{""@Name"":""TargetUserName"",""#text"":""-""},{""@Name"":""TargetDomainName"",""#text"":""-""},{""@Name"":""TargetLogonId"",""#text"":""0x0""},{""@Name"":""ParentProcessName"",""#text"":""C:\\Program Files (x86)\\Google\\GoogleUpdater\\152.0.7933.0\\updater.exe""},{""@Name"":""MandatoryLabel"",""#text"":""S-1-16-16384""}]}}"
35507,35507,2026-08-17 18:32:52.3469580,4689,LogAlways,Microsoft-Windows-Security-Auditing,Security,4,10052,disstestbedvm,427,,A process has exited,WORKGROUP\DISSTESTBEDVM$,,,PID: 0x3F4,,,,,C:\Program Files (x86)\Google\GoogleUpdater\152.0.7933.0\updater.exe,False,D:\UOW\SEM3\msc-diss-7csef001w\scenarios\scenario_2\artefacts\event_logs\Security.evtx,Audit success,0,"{""EventData"":{""Data"":[{""@Name"":""SubjectUserSid"",""#text"":""S-1-5-18""},{""@Name"":""SubjectUserName"",""#text"":""DISSTESTBEDVM$""},{""@Name"":""SubjectDomainName"",""#text"":""WORKGROUP""},{""@Name"":""SubjectLogonId"",""#text"":""0x3E7""},{""@Name"":""Status"",""#text"":""0x0""},{""@Name"":""ProcessId"",""#text"":""0x3F4""},{""@Name"":""ProcessName"",""#text"":""C:\\Program Files (x86)\\Google\\GoogleUpdater\\152.0.7933.0\\updater.exe""}]}}"
35508,35508,2026-08-17 18:32:52.3510427,4689,LogAlways,Microsoft-Windows-Security-Auditing,Security,4,224,disstestbedvm,427,,A process has exited,WORKGROUP\DISSTESTBEDVM$,,,PID: 0xB1C,,,,,C:\Program Files (x86)\Google\GoogleUpdater\152.0.7933.0\updater.exe,False,D:\UOW\SEM3\msc-diss-7csef001w\scenarios\scenario_2\artefacts\event_logs\Security.evtx,Audit success,0,"{""EventData"":{""Data"":[{""@Name"":""SubjectUserSid"",""#text"":""S-1-5-18""},{""@Name"":""SubjectUserName"",""#text"":""DISSTESTBEDVM$""},{""@Name"":""SubjectDomainName"",""#text"":""WORKGROUP""},{""@Name"":""SubjectLogonId"",""#text"":""0x3E7""},{""@Name"":""Status"",""#text"":""0x0""},{""@Name"":""ProcessId"",""#text"":""0xB1C""},{""@Name"":""ProcessName"",""#text"":""C:\\Program Files (x86)\\Google\\GoogleUpdater\\152.0.7933.0\\updater.exe""}]}}"
35509,35509,2026-08-17 18:32:53.0131981,4688,LogAlways,Microsoft-Windows-Security-Auditing,Security,4,10052,disstestbedvm,427,,A new process has been created,WORKGROUP\DISSTESTBEDVM$,,Parent process: C:\Windows\System32\services.exe,PID: 0x364,Parent PID: 0x1008,Mandatory label: SECURITY_MANDATORY_SYSTEM_RID,Target User: -\-,,"C:\Program Files (x86)\Google\GoogleUpdater\152.0.7933.0\updater.exe ""C:\Program Files (x86)\Google\GoogleUpdater\152.0.7933.0\updater.exe"" --system --windows-service --service=update",False,D:\UOW\SEM3\msc-diss-7csef001w\scenarios\scenario_2\artefacts\event_logs\Security.evtx,Audit success,0,"{""EventData"":{""Data"":[{""@Name"":""SubjectUserSid"",""#text"":""S-1-5-18""},{""@Name"":""SubjectUserName"",""#text"":""DISSTESTBEDVM$""},{""@Name"":""SubjectDomainName"",""#text"":""WORKGROUP""},{""@Name"":""SubjectLogonId"",""#text"":""0x3E7""},{""@Name"":""NewProcessId"",""#text"":""0x1008""},{""@Name"":""NewProcessName"",""#text"":""C:\\Program Files (x86)\\Google\\GoogleUpdater\\152.0.7933.0\\updater.exe""},{""@Name"":""TokenElevationType"",""#text"":""%%1936""},{""@Name"":""ProcessId"",""#text"":""0x364""},{""@Name"":""CommandLine"",""#text"":""\""C:\\Program Files (x86)\\Google\\GoogleUpdater\\152.0.7933.0\\updater.exe\"" --system --windows-service --service=update""},{""@Name"":""TargetUserSid"",""#text"":""S-1-0-0""},{""@Name"":""TargetUserName"",""#text"":""-""},{""@Name"":""TargetDomainName"",""#text"":""-""},{""@Name"":""TargetLogonId"",""#text"":""0x0""},{""@Name"":""ParentProcessName"",""#text"":""C:\\Windows\\System32\\services.exe""},{""@Name"":""MandatoryLabel"",""#text"":""S-1-16-16384""}]}}"
35510,35510,2026-08-17 18:32:53.0332092,4688,LogAlways,Microsoft-Windows-Security-Auditing,Security,4,10052,disstestbedvm,427,,A new process has been created,WORKGROUP\DISSTESTBEDVM$,,Parent process: C:\Program Files (x86)\Google\GoogleUpdater\152.0.7933.0\updater.exe,PID: 0x1008,Parent PID: 0x1DD8,Mandatory label: SECURITY_MANDATORY_SYSTEM_RID,Target User: -\-,,"C:\Program Files (x86)\Google\GoogleUpdater\152.0.7933.0\updater.exe ""C:\Program Files (x86)\Google\GoogleUpdater\152.0.7933.0\updater.exe"" --crash-handler --system ""--database=C:\Program Files (x86)\Google\GoogleUpdater\152.0.7933.0\Crashpad"" --url=https://clients2.google.com/cr/report --annotation=prod=Update4 --annotation=ver=152.0.7933.0 ""--attachment=C:\Program Files (x86)\Google\GoogleUpdater\updater.log"" ""--attachment=C:\Program Files (x86)\Google\GoogleUpdater\updater_history.jsonl"" --initial-client-data=0x2b4,0x2b8,0x2bc,0x2b0,0x2c0,0xe61e40,0xe61e4c,0xe61e58",False,D:\UOW\SEM3\msc-diss-7csef001w\scenarios\scenario_2\artefacts\event_logs\Security.evtx,Audit success,0,"{""EventData"":{""Data"":[{""@Name"":""SubjectUserSid"",""#text"":""S-1-5-18""},{""@Name"":""SubjectUserName"",""#text"":""DISSTESTBEDVM$""},{""@Name"":""SubjectDomainName"",""#text"":""WORKGROUP""},{""@Name"":""SubjectLogonId"",""#text"":""0x3E7""},{""@Name"":""NewProcessId"",""#text"":""0x1DD8""},{""@Name"":""NewProcessName"",""#text"":""C:\\Program Files (x86)\\Google\\GoogleUpdater\\152.0.7933.0\\updater.exe""},{""@Name"":""TokenElevationType"",""#text"":""%%1936""},{""@Name"":""ProcessId"",""#text"":""0x1008""},{""@Name"":""CommandLine"",""#text"":""\""C:\\Program Files (x86)\\Google\\GoogleUpdater\\152.0.7933.0\\updater.exe\"" --crash-handler --system \""--database=C:\\Program Files (x86)\\Google\\GoogleUpdater\\152.0.7933.0\\Crashpad\"" --url=https://clients2.google.com/cr/report --annotation=prod=Update4 --annotation=ver=152.0.7933.0 \""--attachment=C:\\Program Files (x86)\\Google\\GoogleUpdater\\updater.log\"" \""--attachment=C:\\Program Files (x86)\\Google\\GoogleUpdater\\updater_history.jsonl\"" --initial-client-data=0x2b4,0x2b8,0x2bc,0x2b0,0x2c0,0xe61e40,0xe61e4c,0xe61e58""},{""@Name"":""TargetUserSid"",""#text"":""S-1-0-0""},{""@Name"":""TargetUserName"",""#text"":""-""},{""@Name"":""TargetDomainName"",""#text"":""-""},{""@Name"":""TargetLogonId"",""#text"":""0x0""},{""@Name"":""ParentProcessName"",""#text"":""C:\\Program Files (x86)\\Google\\GoogleUpdater\\152.0.7933.0\\updater.exe""},{""@Name"":""MandatoryLabel"",""#text"":""S-1-16-16384""}]}}"
35511,35511,2026-08-17 18:32:53.0828219,4689,LogAlways,Microsoft-Windows-Security-Auditing,Security,4,10052,disstestbedvm,427,,A process has exited,WORKGROUP\DISSTESTBEDVM$,,,PID: 0x1008,,,,,C:\Program Files (x86)\Google\GoogleUpdater\152.0.7933.0\updater.exe,False,D:\UOW\SEM3\msc-diss-7csef001w\scenarios\scenario_2\artefacts\event_logs\Security.evtx,Audit success,0,"{""EventData"":{""Data"":[{""@Name"":""SubjectUserSid"",""#text"":""S-1-5-18""},{""@Name"":""SubjectUserName"",""#text"":""DISSTESTBEDVM$""},{""@Name"":""SubjectDomainName"",""#text"":""WORKGROUP""},{""@Name"":""SubjectLogonId"",""#text"":""0x3E7""},{""@Name"":""Status"",""#text"":""0x0""},{""@Name"":""ProcessId"",""#text"":""0x1008""},{""@Name"":""ProcessName"",""#text"":""C:\\Program Files (x86)\\Google\\GoogleUpdater\\152.0.7933.0\\updater.exe""}]}}"
35512,35512,2026-08-17 18:32:53.0869133,4689,LogAlways,Microsoft-Windows-Security-Auditing,Security,4,224,disstestbedvm,427,,A process has exited,WORKGROUP\DISSTESTBEDVM$,,,PID: 0x1DD8,,,,,C:\Program Files (x86)\Google\GoogleUpdater\152.0.7933.0\updater.exe,False,D:\UOW\SEM3\msc-diss-7csef001w\scenarios\scenario_2\artefacts\event_logs\Security.evtx,Audit success,0,"{""EventData"":{""Data"":[{""@Name"":""SubjectUserSid"",""#text"":""S-1-5-18""},{""@Name"":""SubjectUserName"",""#text"":""DISSTESTBEDVM$""},{""@Name"":""SubjectDomainName"",""#text"":""WORKGROUP""},{""@Name"":""SubjectLogonId"",""#text"":""0x3E7""},{""@Name"":""Status"",""#text"":""0x0""},{""@Name"":""ProcessId"",""#text"":""0x1DD8""},{""@Name"":""ProcessName"",""#text"":""C:\\Program Files (x86)\\Google\\GoogleUpdater\\152.0.7933.0\\updater.exe""}]}}"
35513,35513,2026-08-17 18:32:54.1498105,4688,LogAlways,Microsoft-Windows-Security-Auditing,Security,4,2580,disstestbedvm,427,,A new process has been created,WORKGROUP\DISSTESTBEDVM$,,Parent process: C:\Windows\System32\services.exe,PID: 0x364,Parent PID: 0x448,Mandatory label: SECURITY_MANDATORY_SYSTEM_RID,Target User: -\-,,"C:\Program Files (x86)\Google\GoogleUpdater\152.0.7933.0\updater.exe ""C:\Program Files (x86)\Google\GoogleUpdater\152.0.7933.0\updater.exe"" --system --windows-service --service=update",False,D:\UOW\SEM3\msc-diss-7csef001w\scenarios\scenario_2\artefacts\event_logs\Security.evtx,Audit success,0,"{""EventData"":{""Data"":[{""@Name"":""SubjectUserSid"",""#text"":""S-1-5-18""},{""@Name"":""SubjectUserName"",""#text"":""DISSTESTBEDVM$""},{""@Name"":""SubjectDomainName"",""#text"":""WORKGROUP""},{""@Name"":""SubjectLogonId"",""#text"":""0x3E7""},{""@Name"":""NewProcessId"",""#text"":""0x448""},{""@Name"":""NewProcessName"",""#text"":""C:\\Program Files (x86)\\Google\\GoogleUpdater\\152.0.7933.0\\updater.exe""},{""@Name"":""TokenElevationType"",""#text"":""%%1936""},{""@Name"":""ProcessId"",""#text"":""0x364""},{""@Name"":""CommandLine"",""#text"":""\""C:\\Program Files (x86)\\Google\\GoogleUpdater\\152.0.7933.0\\updater.exe\"" --system --windows-service --service=update""},{""@Name"":""TargetUserSid"",""#text"":""S-1-0-0""},{""@Name"":""TargetUserName"",""#text"":""-""},{""@Name"":""TargetDomainName"",""#text"":""-""},{""@Name"":""TargetLogonId"",""#text"":""0x0""},{""@Name"":""ParentProcessName"",""#text"":""C:\\Windows\\System32\\services.exe""},{""@Name"":""MandatoryLabel"",""#text"":""S-1-16-16384""}]}}"
35514,35514,2026-08-17 18:32:54.1727101,4688,LogAlways,Microsoft-Windows-Security-Auditing,Security,4,224,disstestbedvm,427,,A new process has been created,WORKGROUP\DISSTESTBEDVM$,,Parent process: C:\Program Files (x86)\Google\GoogleUpdater\152.0.7933.0\updater.exe,PID: 0x448,Parent PID: 0xE18,Mandatory label: SECURITY_MANDATORY_SYSTEM_RID,Target User: -\-,,"C:\Program Files (x86)\Google\GoogleUpdater\152.0.7933.0\updater.exe ""C:\Program Files (x86)\Google\GoogleUpdater\152.0.7933.0\updater.exe"" --crash-handler --system ""--database=C:\Program Files (x86)\Google\GoogleUpdater\152.0.7933.0\Crashpad"" --url=https://clients2.google.com/cr/report --annotation=prod=Update4 --annotation=ver=152.0.7933.0 ""--attachment=C:\Program Files (x86)\Google\GoogleUpdater\updater.log"" ""--attachment=C:\Program Files (x86)\Google\GoogleUpdater\updater_history.jsonl"" --initial-client-data=0x2bc,0x2c0,0x2c4,0x2b8,0x2c8,0xe61e40,0xe61e4c,0xe61e58",False,D:\UOW\SEM3\msc-diss-7csef001w\scenarios\scenario_2\artefacts\event_logs\Security.evtx,Audit success,0,"{""EventData"":{""Data"":[{""@Name"":""SubjectUserSid"",""#text"":""S-1-5-18""},{""@Name"":""SubjectUserName"",""#text"":""DISSTESTBEDVM$""},{""@Name"":""SubjectDomainName"",""#text"":""WORKGROUP""},{""@Name"":""SubjectLogonId"",""#text"":""0x3E7""},{""@Name"":""NewProcessId"",""#text"":""0xE18""},{""@Name"":""NewProcessName"",""#text"":""C:\\Program Files (x86)\\Google\\GoogleUpdater\\152.0.7933.0\\updater.exe""},{""@Name"":""TokenElevationType"",""#text"":""%%1936""},{""@Name"":""ProcessId"",""#text"":""0x448""},{""@Name"":""CommandLine"",""#text"":""\""C:\\Program Files (x86)\\Google\\GoogleUpdater\\152.0.7933.0\\updater.exe\"" --crash-handler --system \""--database=C:\\Program Files (x86)\\Google\\GoogleUpdater\\152.0.7933.0\\Crashpad\"" --url=https://clients2.google.com/cr/report --annotation=prod=Update4 --annotation=ver=152.0.7933.0 \""--attachment=C:\\Program Files (x86)\\Google\\GoogleUpdater\\updater.log\"" \""--attachment=C:\\Program Files (x86)\\Google\\GoogleUpdater\\updater_history.jsonl\"" --initial-client-data=0x2bc,0x2c0,0x2c4,0x2b8,0x2c8,0xe61e40,0xe61e4c,0xe61e58""},{""@Name"":""TargetUserSid"",""#text"":""S-1-0-0""},{""@Name"":""TargetUserName"",""#text"":""-""},{""@Name"":""TargetDomainName"",""#text"":""-""},{""@Name"":""TargetLogonId"",""#text"":""0x0""},{""@Name"":""ParentProcessName"",""#text"":""C:\\Program Files (x86)\\Google\\GoogleUpdater\\152.0.7933.0\\updater.exe""},{""@Name"":""MandatoryLabel"",""#text"":""S-1-16-16384""}]}}"
35515,35515,2026-08-17 18:32:54.2319537,4689,LogAlways,Microsoft-Windows-Security-Auditing,Security,4,224,disstestbedvm,427,,A process has exited,WORKGROUP\DISSTESTBEDVM$,,,PID: 0x448,,,,,C:\Program Files (x86)\Google\GoogleUpdater\152.0.7933.0\updater.exe,False,D:\UOW\SEM3\msc-diss-7csef001w\scenarios\scenario_2\artefacts\event_logs\Security.evtx,Audit success,0,"{""EventData"":{""Data"":[{""@Name"":""SubjectUserSid"",""#text"":""S-1-5-18""},{""@Name"":""SubjectUserName"",""#text"":""DISSTESTBEDVM$""},{""@Name"":""SubjectDomainName"",""#text"":""WORKGROUP""},{""@Name"":""SubjectLogonId"",""#text"":""0x3E7""},{""@Name"":""Status"",""#text"":""0x0""},{""@Name"":""ProcessId"",""#text"":""0x448""},{""@Name"":""ProcessName"",""#text"":""C:\\Program Files (x86)\\Google\\GoogleUpdater\\152.0.7933.0\\updater.exe""}]}}"
35516,35516,2026-08-17 18:32:54.2360928,4689,LogAlways,Microsoft-Windows-Security-Auditing,Security,4,2580,disstestbedvm,427,,A process has exited,WORKGROUP\DISSTESTBEDVM$,,,PID: 0xE18,,,,,C:\Program Files (x86)\Google\GoogleUpdater\152.0.7933.0\updater.exe,False,D:\UOW\SEM3\msc-diss-7csef001w\scenarios\scenario_2\artefacts\event_logs\Security.evtx,Audit success,0,"{""EventData"":{""Data"":[{""@Name"":""SubjectUserSid"",""#text"":""S-1-5-18""},{""@Name"":""SubjectUserName"",""#text"":""DISSTESTBEDVM$""},{""@Name"":""SubjectDomainName"",""#text"":""WORKGROUP""},{""@Name"":""SubjectLogonId"",""#text"":""0x3E7""},{""@Name"":""Status"",""#text"":""0x0""},{""@Name"":""ProcessId"",""#text"":""0xE18""},{""@Name"":""ProcessName"",""#text"":""C:\\Program Files (x86)\\Google\\GoogleUpdater\\152.0.7933.0\\updater.exe""}]}}"
35517,35517,2026-08-17 18:32:54.4220443,4689,LogAlways,Microsoft-Windows-Security-Auditing,Security,4,224,disstestbedvm,427,,A process has exited,disstestbedvm\dfanalyst,,,PID: 0x2028,,,,,C:\Program Files\Google\Chrome\Application\chrome.exe,False,D:\UOW\SEM3\msc-diss-7csef001w\scenarios\scenario_2\artefacts\event_logs\Security.evtx,Audit success,0,"{""EventData"":{""Data"":[{""@Name"":""SubjectUserSid"",""#text"":""S-1-5-21-4209295338-567392030-2519289182-1001""},{""@Name"":""SubjectUserName"",""#text"":""dfanalyst""},{""@Name"":""SubjectDomainName"",""#text"":""disstestbedvm""},{""@Name"":""SubjectLogonId"",""#text"":""0x1B772""},{""@Name"":""Status"",""#text"":""0x0""},{""@Name"":""ProcessId"",""#text"":""0x2028""},{""@Name"":""ProcessName"",""#text"":""C:\\Program Files\\Google\\Chrome\\Application\\chrome.exe""}]}}"
35518,35518,2026-08-17 18:32:54.6657351,4689,LogAlways,Microsoft-Windows-Security-Auditing,Security,4,2580,disstestbedvm,427,,A process has exited,WORKGROUP\DISSTESTBEDVM$,,,PID: 0x1E00,,,,,C:\Windows\System32\svchost.exe,False,D:\UOW\SEM3\msc-diss-7csef001w\scenarios\scenario_2\artefacts\event_logs\Security.evtx,Audit success,0,"{""EventData"":{""Data"":[{""@Name"":""SubjectUserSid"",""#text"":""S-1-5-18""},{""@Name"":""SubjectUserName"",""#text"":""DISSTESTBEDVM$""},{""@Name"":""SubjectDomainName"",""#text"":""WORKGROUP""},{""@Name"":""SubjectLogonId"",""#text"":""0x3E7""},{""@Name"":""Status"",""#text"":""0x0""},{""@Name"":""ProcessId"",""#text"":""0x1E00""},{""@Name"":""ProcessName"",""#text"":""C:\\Windows\\System32\\svchost.exe""}]}}"
35519,35519,2026-08-17 18:32:55.3205289,4689,LogAlways,Microsoft-Windows-Security-Auditing,Security,4,10052,disstestbedvm,427,,A process has exited,WORKGROUP\DISSTESTBEDVM$,,,PID: 0x168C,,,,,C:\Windows\UUS\amd64\MoUsoCoreWorker.exe,False,D:\UOW\SEM3\msc-diss-7csef001w\scenarios\scenario_2\artefacts\event_logs\Security.evtx,Audit success,0,"{""EventData"":{""Data"":[{""@Name"":""SubjectUserSid"",""#text"":""S-1-5-18""},{""@Name"":""SubjectUserName"",""#text"":""DISSTESTBEDVM$""},{""@Name"":""SubjectDomainName"",""#text"":""WORKGROUP""},{""@Name"":""SubjectLogonId"",""#text"":""0x3E7""},{""@Name"":""Status"",""#text"":""0x0""},{""@Name"":""ProcessId"",""#text"":""0x168C""},{""@Name"":""ProcessName"",""#text"":""C:\\Windows\\UUS\\amd64\\MoUsoCoreWorker.exe""}]}}"
35520,35520,2026-08-17 18:32:56.2479525,4688,LogAlways,Microsoft-Windows-Security-Auditing,Security,4,224,disstestbedvm,427,,A new process has been created,WORKGROUP\DISSTESTBEDVM$,,Parent process: C:\Windows\System32\services.exe,PID: 0x364,Parent PID: 0x1110,Mandatory label: SECURITY_MANDATORY_SYSTEM_RID,Target User: -\-,,"C:\Program Files (x86)\Google\GoogleUpdater\152.0.7933.0\updater.exe ""C:\Program Files (x86)\Google\GoogleUpdater\152.0.7933.0\updater.exe"" --system --windows-service --service=update",False,D:\UOW\SEM3\msc-diss-7csef001w\scenarios\scenario_2\artefacts\event_logs\Security.evtx,Audit success,0,"{""EventData"":{""Data"":[{""@Name"":""SubjectUserSid"",""#text"":""S-1-5-18""},{""@Name"":""SubjectUserName"",""#text"":""DISSTESTBEDVM$""},{""@Name"":""SubjectDomainName"",""#text"":""WORKGROUP""},{""@Name"":""SubjectLogonId"",""#text"":""0x3E7""},{""@Name"":""NewProcessId"",""#text"":""0x1110""},{""@Name"":""NewProcessName"",""#text"":""C:\\Program Files (x86)\\Google\\GoogleUpdater\\152.0.7933.0\\updater.exe""},{""@Name"":""TokenElevationType"",""#text"":""%%1936""},{""@Name"":""ProcessId"",""#text"":""0x364""},{""@Name"":""CommandLine"",""#text"":""\""C:\\Program Files (x86)\\Google\\GoogleUpdater\\152.0.7933.0\\updater.exe\"" --system --windows-service --service=update""},{""@Name"":""TargetUserSid"",""#text"":""S-1-0-0""},{""@Name"":""TargetUserName"",""#text"":""-""},{""@Name"":""TargetDomainName"",""#text"":""-""},{""@Name"":""TargetLogonId"",""#text"":""0x0""},{""@Name"":""ParentProcessName"",""#text"":""C:\\Windows\\System32\\services.exe""},{""@Name"":""MandatoryLabel"",""#text"":""S-1-16-16384""}]}}"
35521,35521,2026-08-17 18:32:56.2725388,4688,LogAlways,Microsoft-Windows-Security-Auditing,Security,4,224,disstestbedvm,428,,A new process has been created,WORKGROUP\DISSTESTBEDVM$,,Parent process: C:\Program Files (x86)\Google\GoogleUpdater\152.0.7933.0\updater.exe,PID: 0x1110,Parent PID: 0x2BCC,Mandatory label: SECURITY_MANDATORY_SYSTEM_RID,Target User: -\-,,"C:\Program Files (x86)\Google\GoogleUpdater\152.0.7933.0\updater.exe ""C:\Program Files (x86)\Google\GoogleUpdater\152.0.7933.0\updater.exe"" --crash-handler --system ""--database=C:\Program Files (x86)\Google\GoogleUpdater\152.0.7933.0\Crashpad"" --url=https://clients2.google.com/cr/report --annotation=prod=Update4 --annotation=ver=152.0.7933.0 ""--attachment=C:\Program Files (x86)\Google\GoogleUpdater\updater.log"" ""--attachment=C:\Program Files (x86)\Google\GoogleUpdater\updater_history.jsonl"" --initial-client-data=0x100,0x108,0xf0,0xf8,0x104,0xe61e40,0xe61e4c,0xe61e58",False,D:\UOW\SEM3\msc-diss-7csef001w\scenarios\scenario_2\artefacts\event_logs\Security.evtx,Audit success,0,"{""EventData"":{""Data"":[{""@Name"":""SubjectUserSid"",""#text"":""S-1-5-18""},{""@Name"":""SubjectUserName"",""#text"":""DISSTESTBEDVM$""},{""@Name"":""SubjectDomainName"",""#text"":""WORKGROUP""},{""@Name"":""SubjectLogonId"",""#text"":""0x3E7""},{""@Name"":""NewProcessId"",""#text"":""0x2BCC""},{""@Name"":""NewProcessName"",""#text"":""C:\\Program Files (x86)\\Google\\GoogleUpdater\\152.0.7933.0\\updater.exe""},{""@Name"":""TokenElevationType"",""#text"":""%%1936""},{""@Name"":""ProcessId"",""#text"":""0x1110""},{""@Name"":""CommandLine"",""#text"":""\""C:\\Program Files (x86)\\Google\\GoogleUpdater\\152.0.7933.0\\updater.exe\"" --crash-handler --system \""--database=C:\\Program Files (x86)\\Google\\GoogleUpdater\\152.0.7933.0\\Crashpad\"" --url=https://clients2.google.com/cr/report --annotation=prod=Update4 --annotation=ver=152.0.7933.0 \""--attachment=C:\\Program Files (x86)\\Google\\GoogleUpdater\\updater.log\"" \""--attachment=C:\\Program Files (x86)\\Google\\GoogleUpdater\\updater_history.jsonl\"" --initial-client-data=0x100,0x108,0xf0,0xf8,0x104,0xe61e40,0xe61e4c,0xe61e58""},{""@Name"":""TargetUserSid"",""#text"":""S-1-0-0""},{""@Name"":""TargetUserName"",""#text"":""-""},{""@Name"":""TargetDomainName"",""#text"":""-""},{""@Name"":""TargetLogonId"",""#text"":""0x0""},{""@Name"":""ParentProcessName"",""#text"":""C:\\Program Files (x86)\\Google\\GoogleUpdater\\152.0.7933.0\\updater.exe""},{""@Name"":""MandatoryLabel"",""#text"":""S-1-16-16384""}]}}"
35522,35522,2026-08-17 18:32:56.3295706,4689,LogAlways,Microsoft-Windows-Security-Auditing,Security,4,224,disstestbedvm,428,,A process has exited,WORKGROUP\DISSTESTBEDVM$,,,PID: 0x1110,,,,,C:\Program Files (x86)\Google\GoogleUpdater\152.0.7933.0\updater.exe,False,D:\UOW\SEM3\msc-diss-7csef001w\scenarios\scenario_2\artefacts\event_logs\Security.evtx,Audit success,0,"{""EventData"":{""Data"":[{""@Name"":""SubjectUserSid"",""#text"":""S-1-5-18""},{""@Name"":""SubjectUserName"",""#text"":""DISSTESTBEDVM$""},{""@Name"":""SubjectDomainName"",""#text"":""WORKGROUP""},{""@Name"":""SubjectLogonId"",""#text"":""0x3E7""},{""@Name"":""Status"",""#text"":""0x0""},{""@Name"":""ProcessId"",""#text"":""0x1110""},{""@Name"":""ProcessName"",""#text"":""C:\\Program Files (x86)\\Google\\GoogleUpdater\\152.0.7933.0\\updater.exe""}]}}"
35523,35523,2026-08-17 18:32:56.3342708,4689,LogAlways,Microsoft-Windows-Security-Auditing,Security,4,2580,disstestbedvm,428,,A process has exited,WORKGROUP\DISSTESTBEDVM$,,,PID: 0x2BCC,,,,,C:\Program Files (x86)\Google\GoogleUpdater\152.0.7933.0\updater.exe,False,D:\UOW\SEM3\msc-diss-7csef001w\scenarios\scenario_2\artefacts\event_logs\Security.evtx,Audit success,0,"{""EventData"":{""Data"":[{""@Name"":""SubjectUserSid"",""#text"":""S-1-5-18""},{""@Name"":""SubjectUserName"",""#text"":""DISSTESTBEDVM$""},{""@Name"":""SubjectDomainName"",""#text"":""WORKGROUP""},{""@Name"":""SubjectLogonId"",""#text"":""0x3E7""},{""@Name"":""Status"",""#text"":""0x0""},{""@Name"":""ProcessId"",""#text"":""0x2BCC""},{""@Name"":""ProcessName"",""#text"":""C:\\Program Files (x86)\\Google\\GoogleUpdater\\152.0.7933.0\\updater.exe""}]}}"
35524,35524,2026-08-17 18:32:57.2256913,4688,LogAlways,Microsoft-Windows-Security-Auditing,Security,4,8896,disstestbedvm,428,,A new process has been created,WORKGROUP\DISSTESTBEDVM$,,Parent process: C:\Windows\System32\services.exe,PID: 0x364,Parent PID: 0x11A8,Mandatory label: SECURITY_MANDATORY_SYSTEM_RID,Target User: -\-,,"C:\Program Files (x86)\Google\GoogleUpdater\152.0.7933.0\updater.exe ""C:\Program Files (x86)\Google\GoogleUpdater\152.0.7933.0\updater.exe"" --system --windows-service --service=update",False,D:\UOW\SEM3\msc-diss-7csef001w\scenarios\scenario_2\artefacts\event_logs\Security.evtx,Audit success,0,"{""EventData"":{""Data"":[{""@Name"":""SubjectUserSid"",""#text"":""S-1-5-18""},{""@Name"":""SubjectUserName"",""#text"":""DISSTESTBEDVM$""},{""@Name"":""SubjectDomainName"",""#text"":""WORKGROUP""},{""@Name"":""SubjectLogonId"",""#text"":""0x3E7""},{""@Name"":""NewProcessId"",""#text"":""0x11A8""},{""@Name"":""NewProcessName"",""#text"":""C:\\Program Files (x86)\\Google\\GoogleUpdater\\152.0.7933.0\\updater.exe""},{""@Name"":""TokenElevationType"",""#text"":""%%1936""},{""@Name"":""ProcessId"",""#text"":""0x364""},{""@Name"":""CommandLine"",""#text"":""\""C:\\Program Files (x86)\\Google\\GoogleUpdater\\152.0.7933.0\\updater.exe\"" --system --windows-service --service=update""},{""@Name"":""TargetUserSid"",""#text"":""S-1-0-0""},{""@Name"":""TargetUserName"",""#text"":""-""},{""@Name"":""TargetDomainName"",""#text"":""-""},{""@Name"":""TargetLogonId"",""#text"":""0x0""},{""@Name"":""ParentProcessName"",""#text"":""C:\\Windows\\System32\\services.exe""},{""@Name"":""MandatoryLabel"",""#text"":""S-1-16-16384""}]}}"
35525,35525,2026-08-17 18:32:57.2447942,4688,LogAlways,Microsoft-Windows-Security-Auditing,Security,4,8896,disstestbedvm,428,,A new process has been created,WORKGROUP\DISSTESTBEDVM$,,Parent process: C:\Program Files (x86)\Google\GoogleUpdater\152.0.7933.0\updater.exe,PID: 0x11A8,Parent PID: 0x1734,Mandatory label: SECURITY_MANDATORY_SYSTEM_RID,Target User: -\-,,"C:\Program Files (x86)\Google\GoogleUpdater\152.0.7933.0\updater.exe ""C:\Program Files (x86)\Google\GoogleUpdater\152.0.7933.0\updater.exe"" --crash-handler --system ""--database=C:\Program Files (x86)\Google\GoogleUpdater\152.0.7933.0\Crashpad"" --url=https://clients2.google.com/cr/report --annotation=prod=Update4 --annotation=ver=152.0.7933.0 ""--attachment=C:\Program Files (x86)\Google\GoogleUpdater\updater.log"" ""--attachment=C:\Program Files (x86)\Google\GoogleUpdater\updater_history.jsonl"" --initial-client-data=0x2b4,0x2b8,0x2bc,0x2b0,0x2c0,0xe61e40,0xe61e4c,0xe61e58",False,D:\UOW\SEM3\msc-diss-7csef001w\scenarios\scenario_2\artefacts\event_logs\Security.evtx,Audit success,0,"{""EventData"":{""Data"":[{""@Name"":""SubjectUserSid"",""#text"":""S-1-5-18""},{""@Name"":""SubjectUserName"",""#text"":""DISSTESTBEDVM$""},{""@Name"":""SubjectDomainName"",""#text"":""WORKGROUP""},{""@Name"":""SubjectLogonId"",""#text"":""0x3E7""},{""@Name"":""NewProcessId"",""#text"":""0x1734""},{""@Name"":""NewProcessName"",""#text"":""C:\\Program Files (x86)\\Google\\GoogleUpdater\\152.0.7933.0\\updater.exe""},{""@Name"":""TokenElevationType"",""#text"":""%%1936""},{""@Name"":""ProcessId"",""#text"":""0x11A8""},{""@Name"":""CommandLine"",""#text"":""\""C:\\Program Files (x86)\\Google\\GoogleUpdater\\152.0.7933.0\\updater.exe\"" --crash-handler --system \""--database=C:\\Program Files (x86)\\Google\\GoogleUpdater\\152.0.7933.0\\Crashpad\"" --url=https://clients2.google.com/cr/report --annotation=prod=Update4 --annotation=ver=152.0.7933.0 \""--attachment=C:\\Program Files (x86)\\Google\\GoogleUpdater\\updater.log\"" \""--attachment=C:\\Program Files (x86)\\Google\\GoogleUpdater\\updater_history.jsonl\"" --initial-client-data=0x2b4,0x2b8,0x2bc,0x2b0,0x2c0,0xe61e40,0xe61e4c,0xe61e58""},{""@Name"":""TargetUserSid"",""#text"":""S-1-0-0""},{""@Name"":""TargetUserName"",""#text"":""-""},{""@Name"":""TargetDomainName"",""#text"":""-""},{""@Name"":""TargetLogonId"",""#text"":""0x0""},{""@Name"":""ParentProcessName"",""#text"":""C:\\Program Files (x86)\\Google\\GoogleUpdater\\152.0.7933.0\\updater.exe""},{""@Name"":""MandatoryLabel"",""#text"":""S-1-16-16384""}]}}"
35526,35526,2026-08-17 18:32:57.3017897,4689,LogAlways,Microsoft-Windows-Security-Auditing,Security,4,8896,disstestbedvm,428,,A process has exited,WORKGROUP\DISSTESTBEDVM$,,,PID: 0x11A8,,,,,C:\Program Files (x86)\Google\GoogleUpdater\152.0.7933.0\updater.exe,False,D:\UOW\SEM3\msc-diss-7csef001w\scenarios\scenario_2\artefacts\event_logs\Security.evtx,Audit success,0,"{""EventData"":{""Data"":[{""@Name"":""SubjectUserSid"",""#text"":""S-1-5-18""},{""@Name"":""SubjectUserName"",""#text"":""DISSTESTBEDVM$""},{""@Name"":""SubjectDomainName"",""#text"":""WORKGROUP""},{""@Name"":""SubjectLogonId"",""#text"":""0x3E7""},{""@Name"":""Status"",""#text"":""0x0""},{""@Name"":""ProcessId"",""#text"":""0x11A8""},{""@Name"":""ProcessName"",""#text"":""C:\\Program Files (x86)\\Google\\GoogleUpdater\\152.0.7933.0\\updater.exe""}]}}"
35527,35527,2026-08-17 18:32:57.3058110,4689,LogAlways,Microsoft-Windows-Security-Auditing,Security,4,8896,disstestbedvm,428,,A process has exited,WORKGROUP\DISSTESTBEDVM$,,,PID: 0x1734,,,,,C:\Program Files (x86)\Google\GoogleUpdater\152.0.7933.0\updater.exe,False,D:\UOW\SEM3\msc-diss-7csef001w\scenarios\scenario_2\artefacts\event_logs\Security.evtx,Audit success,0,"{""EventData"":{""Data"":[{""@Name"":""SubjectUserSid"",""#text"":""S-1-5-18""},{""@Name"":""SubjectUserName"",""#text"":""DISSTESTBEDVM$""},{""@Name"":""SubjectDomainName"",""#text"":""WORKGROUP""},{""@Name"":""SubjectLogonId"",""#text"":""0x3E7""},{""@Name"":""Status"",""#text"":""0x0""},{""@Name"":""ProcessId"",""#text"":""0x1734""},{""@Name"":""ProcessName"",""#text"":""C:\\Program Files (x86)\\Google\\GoogleUpdater\\152.0.7933.0\\updater.exe""}]}}"
35528,35528,2026-08-17 18:32:59.3155920,4688,LogAlways,Microsoft-Windows-Security-Auditing,Security,4,8896,disstestbedvm,428,,A new process has been created,WORKGROUP\DISSTESTBEDVM$,,Parent process: C:\Windows\System32\services.exe,PID: 0x364,Parent PID: 0x1054,Mandatory label: SECURITY_MANDATORY_SYSTEM_RID,Target User: -\-,,"C:\Program Files (x86)\Google\GoogleUpdater\152.0.7933.0\updater.exe ""C:\Program Files (x86)\Google\GoogleUpdater\152.0.7933.0\updater.exe"" --system --windows-service --service=update",False,D:\UOW\SEM3\msc-diss-7csef001w\scenarios\scenario_2\artefacts\event_logs\Security.evtx,Audit success,0,"{""EventData"":{""Data"":[{""@Name"":""SubjectUserSid"",""#text"":""S-1-5-18""},{""@Name"":""SubjectUserName"",""#text"":""DISSTESTBEDVM$""},{""@Name"":""SubjectDomainName"",""#text"":""WORKGROUP""},{""@Name"":""SubjectLogonId"",""#text"":""0x3E7""},{""@Name"":""NewProcessId"",""#text"":""0x1054""},{""@Name"":""NewProcessName"",""#text"":""C:\\Program Files (x86)\\Google\\GoogleUpdater\\152.0.7933.0\\updater.exe""},{""@Name"":""TokenElevationType"",""#text"":""%%1936""},{""@Name"":""ProcessId"",""#text"":""0x364""},{""@Name"":""CommandLine"",""#text"":""\""C:\\Program Files (x86)\\Google\\GoogleUpdater\\152.0.7933.0\\updater.exe\"" --system --windows-service --service=update""},{""@Name"":""TargetUserSid"",""#text"":""S-1-0-0""},{""@Name"":""TargetUserName"",""#text"":""-""},{""@Name"":""TargetDomainName"",""#text"":""-""},{""@Name"":""TargetLogonId"",""#text"":""0x0""},{""@Name"":""ParentProcessName"",""#text"":""C:\\Windows\\System32\\services.exe""},{""@Name"":""MandatoryLabel"",""#text"":""S-1-16-16384""}]}}"
35529,35529,2026-08-17 18:32:59.3399334,4688,LogAlways,Microsoft-Windows-Security-Auditing,Security,4,8896,disstestbedvm,428,,A new process has been created,WORKGROUP\DISSTESTBEDVM$,,Parent process: C:\Program Files (x86)\Google\GoogleUpdater\152.0.7933.0\updater.exe,PID: 0x1054,Parent PID: 0x23C4,Mandatory label: SECURITY_MANDATORY_SYSTEM_RID,Target User: -\-,,"C:\Program Files (x86)\Google\GoogleUpdater\152.0.7933.0\updater.exe ""C:\Program Files (x86)\Google\GoogleUpdater\152.0.7933.0\updater.exe"" --crash-handler --system ""--database=C:\Program Files (x86)\Google\GoogleUpdater\152.0.7933.0\Crashpad"" --url=https://clients2.google.com/cr/report --annotation=prod=Update4 --annotation=ver=152.0.7933.0 ""--attachment=C:\Program Files (x86)\Google\GoogleUpdater\updater.log"" ""--attachment=C:\Program Files (x86)\Google\GoogleUpdater\updater_history.jsonl"" --initial-client-data=0x2b4,0x2b8,0x2bc,0x2b0,0x2c0,0xe61e40,0xe61e4c,0xe61e58",False,D:\UOW\SEM3\msc-diss-7csef001w\scenarios\scenario_2\artefacts\event_logs\Security.evtx,Audit success,0,"{""EventData"":{""Data"":[{""@Name"":""SubjectUserSid"",""#text"":""S-1-5-18""},{""@Name"":""SubjectUserName"",""#text"":""DISSTESTBEDVM$""},{""@Name"":""SubjectDomainName"",""#text"":""WORKGROUP""},{""@Name"":""SubjectLogonId"",""#text"":""0x3E7""},{""@Name"":""NewProcessId"",""#text"":""0x23C4""},{""@Name"":""NewProcessName"",""#text"":""C:\\Program Files (x86)\\Google\\GoogleUpdater\\152.0.7933.0\\updater.exe""},{""@Name"":""TokenElevationType"",""#text"":""%%1936""},{""@Name"":""ProcessId"",""#text"":""0x1054""},{""@Name"":""CommandLine"",""#text"":""\""C:\\Program Files (x86)\\Google\\GoogleUpdater\\152.0.7933.0\\updater.exe\"" --crash-handler --system \""--database=C:\\Program Files (x86)\\Google\\GoogleUpdater\\152.0.7933.0\\Crashpad\"" --url=https://clients2.google.com/cr/report --annotation=prod=Update4 --annotation=ver=152.0.7933.0 \""--attachment=C:\\Program Files (x86)\\Google\\GoogleUpdater\\updater.log\"" \""--attachment=C:\\Program Files (x86)\\Google\\GoogleUpdater\\updater_history.jsonl\"" --initial-client-data=0x2b4,0x2b8,0x2bc,0x2b0,0x2c0,0xe61e40,0xe61e4c,0xe61e58""},{""@Name"":""TargetUserSid"",""#text"":""S-1-0-0""},{""@Name"":""TargetUserName"",""#text"":""-""},{""@Name"":""TargetDomainName"",""#text"":""-""},{""@Name"":""TargetLogonId"",""#text"":""0x0""},{""@Name"":""ParentProcessName"",""#text"":""C:\\Program Files (x86)\\Google\\GoogleUpdater\\152.0.7933.0\\updater.exe""},{""@Name"":""MandatoryLabel"",""#text"":""S-1-16-16384""}]}}"
35530,35530,2026-08-17 18:32:59.3980410,4689,LogAlways,Microsoft-Windows-Security-Auditing,Security,4,8896,disstestbedvm,428,,A process has exited,WORKGROUP\DISSTESTBEDVM$,,,PID: 0x1054,,,,,C:\Program Files (x86)\Google\GoogleUpdater\152.0.7933.0\updater.exe,False,D:\UOW\SEM3\msc-diss-7csef001w\scenarios\scenario_2\artefacts\event_logs\Security.evtx,Audit success,0,"{""EventData"":{""Data"":[{""@Name"":""SubjectUserSid"",""#text"":""S-1-5-18""},{""@Name"":""SubjectUserName"",""#text"":""DISSTESTBEDVM$""},{""@Name"":""SubjectDomainName"",""#text"":""WORKGROUP""},{""@Name"":""SubjectLogonId"",""#text"":""0x3E7""},{""@Name"":""Status"",""#text"":""0x0""},{""@Name"":""ProcessId"",""#text"":""0x1054""},{""@Name"":""ProcessName"",""#text"":""C:\\Program Files (x86)\\Google\\GoogleUpdater\\152.0.7933.0\\updater.exe""}]}}"
35531,35531,2026-08-17 18:32:59.4028123,4689,LogAlways,Microsoft-Windows-Security-Auditing,Security,4,224,disstestbedvm,428,,A process has exited,WORKGROUP\DISSTESTBEDVM$,,,PID: 0x23C4,,,,,C:\Program Files (x86)\Google\GoogleUpdater\152.0.7933.0\updater.exe,False,D:\UOW\SEM3\msc-diss-7csef001w\scenarios\scenario_2\artefacts\event_logs\Security.evtx,Audit success,0,"{""EventData"":{""Data"":[{""@Name"":""SubjectUserSid"",""#text"":""S-1-5-18""},{""@Name"":""SubjectUserName"",""#text"":""DISSTESTBEDVM$""},{""@Name"":""SubjectDomainName"",""#text"":""WORKGROUP""},{""@Name"":""SubjectLogonId"",""#text"":""0x3E7""},{""@Name"":""Status"",""#text"":""0x0""},{""@Name"":""ProcessId"",""#text"":""0x23C4""},{""@Name"":""ProcessName"",""#text"":""C:\\Program Files (x86)\\Google\\GoogleUpdater\\152.0.7933.0\\updater.exe""}]}}"
35532,35532,2026-08-17 18:32:59.6018419,4688,LogAlways,Microsoft-Windows-Security-Auditing,Security,4,8896,disstestbedvm,428,,A new process has been created,WORKGROUP\DISSTESTBEDVM$,,Parent process: C:\Windows\System32\services.exe,PID: 0x364,Parent PID: 0x2300,Mandatory label: SECURITY_MANDATORY_SYSTEM_RID,Target User: -\-,,"C:\Program Files (x86)\Google\GoogleUpdater\152.0.7933.0\updater.exe ""C:\Program Files (x86)\Google\GoogleUpdater\152.0.7933.0\updater.exe"" --system --windows-service --service=update",False,D:\UOW\SEM3\msc-diss-7csef001w\scenarios\scenario_2\artefacts\event_logs\Security.evtx,Audit success,0,"{""EventData"":{""Data"":[{""@Name"":""SubjectUserSid"",""#text"":""S-1-5-18""},{""@Name"":""SubjectUserName"",""#text"":""DISSTESTBEDVM$""},{""@Name"":""SubjectDomainName"",""#text"":""WORKGROUP""},{""@Name"":""SubjectLogonId"",""#text"":""0x3E7""},{""@Name"":""NewProcessId"",""#text"":""0x2300""},{""@Name"":""NewProcessName"",""#text"":""C:\\Program Files (x86)\\Google\\GoogleUpdater\\152.0.7933.0\\updater.exe""},{""@Name"":""TokenElevationType"",""#text"":""%%1936""},{""@Name"":""ProcessId"",""#text"":""0x364""},{""@Name"":""CommandLine"",""#text"":""\""C:\\Program Files (x86)\\Google\\GoogleUpdater\\152.0.7933.0\\updater.exe\"" --system --windows-service --service=update""},{""@Name"":""TargetUserSid"",""#text"":""S-1-0-0""},{""@Name"":""TargetUserName"",""#text"":""-""},{""@Name"":""TargetDomainName"",""#text"":""-""},{""@Name"":""TargetLogonId"",""#text"":""0x0""},{""@Name"":""ParentProcessName"",""#text"":""C:\\Windows\\System32\\services.exe""},{""@Name"":""MandatoryLabel"",""#text"":""S-1-16-16384""}]}}"
35533,35533,2026-08-17 18:32:59.6331065,4688,LogAlways,Microsoft-Windows-Security-Auditing,Security,4,8896,disstestbedvm,428,,A new process has been created,WORKGROUP\DISSTESTBEDVM$,,Parent process: C:\Program Files (x86)\Google\GoogleUpdater\152.0.7933.0\updater.exe,PID: 0x2300,Parent PID: 0x86C,Mandatory label: SECURITY_MANDATORY_SYSTEM_RID,Target User: -\-,,"C:\Program Files (x86)\Google\GoogleUpdater\152.0.7933.0\updater.exe ""C:\Program Files (x86)\Google\GoogleUpdater\152.0.7933.0\updater.exe"" --crash-handler --system ""--database=C:\Program Files (x86)\Google\GoogleUpdater\152.0.7933.0\Crashpad"" --url=https://clients2.google.com/cr/report --annotation=prod=Update4 --annotation=ver=152.0.7933.0 ""--attachment=C:\Program Files (x86)\Google\GoogleUpdater\updater.log"" ""--attachment=C:\Program Files (x86)\Google\GoogleUpdater\updater_history.jsonl"" --initial-client-data=0x2b4,0x2b8,0x2bc,0x2b0,0x2c0,0xe61e40,0xe61e4c,0xe61e58",False,D:\UOW\SEM3\msc-diss-7csef001w\scenarios\scenario_2\artefacts\event_logs\Security.evtx,Audit success,0,"{""EventData"":{""Data"":[{""@Name"":""SubjectUserSid"",""#text"":""S-1-5-18""},{""@Name"":""SubjectUserName"",""#text"":""DISSTESTBEDVM$""},{""@Name"":""SubjectDomainName"",""#text"":""WORKGROUP""},{""@Name"":""SubjectLogonId"",""#text"":""0x3E7""},{""@Name"":""NewProcessId"",""#text"":""0x86C""},{""@Name"":""NewProcessName"",""#text"":""C:\\Program Files (x86)\\Google\\GoogleUpdater\\152.0.7933.0\\updater.exe""},{""@Name"":""TokenElevationType"",""#text"":""%%1936""},{""@Name"":""ProcessId"",""#text"":""0x2300""},{""@Name"":""CommandLine"",""#text"":""\""C:\\Program Files (x86)\\Google\\GoogleUpdater\\152.0.7933.0\\updater.exe\"" --crash-handler --system \""--database=C:\\Program Files (x86)\\Google\\GoogleUpdater\\152.0.7933.0\\Crashpad\"" --url=https://clients2.google.com/cr/report --annotation=prod=Update4 --annotation=ver=152.0.7933.0 \""--attachment=C:\\Program Files (x86)\\Google\\GoogleUpdater\\updater.log\"" \""--attachment=C:\\Program Files (x86)\\Google\\GoogleUpdater\\updater_history.jsonl\"" --initial-client-data=0x2b4,0x2b8,0x2bc,0x2b0,0x2c0,0xe61e40,0xe61e4c,0xe61e58""},{""@Name"":""TargetUserSid"",""#text"":""S-1-0-0""},{""@Name"":""TargetUserName"",""#text"":""-""},{""@Name"":""TargetDomainName"",""#text"":""-""},{""@Name"":""TargetLogonId"",""#text"":""0x0""},{""@Name"":""ParentProcessName"",""#text"":""C:\\Program Files (x86)\\Google\\GoogleUpdater\\152.0.7933.0\\updater.exe""},{""@Name"":""MandatoryLabel"",""#text"":""S-1-16-16384""}]}}"
35534,35534,2026-08-17 18:32:59.6898656,4689,LogAlways,Microsoft-Windows-Security-Auditing,Security,4,8896,disstestbedvm,428,,A process has exited,WORKGROUP\DISSTESTBEDVM$,,,PID: 0x2300,,,,,C:\Program Files (x86)\Google\GoogleUpdater\152.0.7933.0\updater.exe,False,D:\UOW\SEM3\msc-diss-7csef001w\scenarios\scenario_2\artefacts\event_logs\Security.evtx,Audit success,0,"{""EventData"":{""Data"":[{""@Name"":""SubjectUserSid"",""#text"":""S-1-5-18""},{""@Name"":""SubjectUserName"",""#text"":""DISSTESTBEDVM$""},{""@Name"":""SubjectDomainName"",""#text"":""WORKGROUP""},{""@Name"":""SubjectLogonId"",""#text"":""0x3E7""},{""@Name"":""Status"",""#text"":""0x0""},{""@Name"":""ProcessId"",""#text"":""0x2300""},{""@Name"":""ProcessName"",""#text"":""C:\\Program Files (x86)\\Google\\GoogleUpdater\\152.0.7933.0\\updater.exe""}]}}"
35535,35535,2026-08-17 18:32:59.6947143,4689,LogAlways,Microsoft-Windows-Security-Auditing,Security,4,8896,disstestbedvm,428,,A process has exited,WORKGROUP\DISSTESTBEDVM$,,,PID: 0x86C,,,,,C:\Program Files (x86)\Google\GoogleUpdater\152.0.7933.0\updater.exe,False,D:\UOW\SEM3\msc-diss-7csef001w\scenarios\scenario_2\artefacts\event_logs\Security.evtx,Audit success,0,"{""EventData"":{""Data"":[{""@Name"":""SubjectUserSid"",""#text"":""S-1-5-18""},{""@Name"":""SubjectUserName"",""#text"":""DISSTESTBEDVM$""},{""@Name"":""SubjectDomainName"",""#text"":""WORKGROUP""},{""@Name"":""SubjectLogonId"",""#text"":""0x3E7""},{""@Name"":""Status"",""#text"":""0x0""},{""@Name"":""ProcessId"",""#text"":""0x86C""},{""@Name"":""ProcessName"",""#text"":""C:\\Program Files (x86)\\Google\\GoogleUpdater\\152.0.7933.0\\updater.exe""}]}}"
35536,35536,2026-08-17 18:32:59.7400456,4688,LogAlways,Microsoft-Windows-Security-Auditing,Security,4,8896,disstestbedvm,428,,A new process has been created,WORKGROUP\DISSTESTBEDVM$,,Parent process: C:\Windows\System32\services.exe,PID: 0x364,Parent PID: 0x1C84,Mandatory label: SECURITY_MANDATORY_SYSTEM_RID,Target User: -\-,,"C:\Program Files (x86)\Google\GoogleUpdater\152.0.7933.0\updater.exe ""C:\Program Files (x86)\Google\GoogleUpdater\152.0.7933.0\updater.exe"" --system --windows-service --service=update",False,D:\UOW\SEM3\msc-diss-7csef001w\scenarios\scenario_2\artefacts\event_logs\Security.evtx,Audit success,0,"{""EventData"":{""Data"":[{""@Name"":""SubjectUserSid"",""#text"":""S-1-5-18""},{""@Name"":""SubjectUserName"",""#text"":""DISSTESTBEDVM$""},{""@Name"":""SubjectDomainName"",""#text"":""WORKGROUP""},{""@Name"":""SubjectLogonId"",""#text"":""0x3E7""},{""@Name"":""NewProcessId"",""#text"":""0x1C84""},{""@Name"":""NewProcessName"",""#text"":""C:\\Program Files (x86)\\Google\\GoogleUpdater\\152.0.7933.0\\updater.exe""},{""@Name"":""TokenElevationType"",""#text"":""%%1936""},{""@Name"":""ProcessId"",""#text"":""0x364""},{""@Name"":""CommandLine"",""#text"":""\""C:\\Program Files (x86)\\Google\\GoogleUpdater\\152.0.7933.0\\updater.exe\"" --system --windows-service --service=update""},{""@Name"":""TargetUserSid"",""#text"":""S-1-0-0""},{""@Name"":""TargetUserName"",""#text"":""-""},{""@Name"":""TargetDomainName"",""#text"":""-""},{""@Name"":""TargetLogonId"",""#text"":""0x0""},{""@Name"":""ParentProcessName"",""#text"":""C:\\Windows\\System32\\services.exe""},{""@Name"":""MandatoryLabel"",""#text"":""S-1-16-16384""}]}}"
35537,35537,2026-08-17 18:32:59.7630831,4688,LogAlways,Microsoft-Windows-Security-Auditing,Security,4,8896,disstestbedvm,428,,A new process has been created,WORKGROUP\DISSTESTBEDVM$,,Parent process: C:\Program Files (x86)\Google\GoogleUpdater\152.0.7933.0\updater.exe,PID: 0x1C84,Parent PID: 0x450,Mandatory label: SECURITY_MANDATORY_SYSTEM_RID,Target User: -\-,,"C:\Program Files (x86)\Google\GoogleUpdater\152.0.7933.0\updater.exe ""C:\Program Files (x86)\Google\GoogleUpdater\152.0.7933.0\updater.exe"" --crash-handler --system ""--database=C:\Program Files (x86)\Google\GoogleUpdater\152.0.7933.0\Crashpad"" --url=https://clients2.google.com/cr/report --annotation=prod=Update4 --annotation=ver=152.0.7933.0 ""--attachment=C:\Program Files (x86)\Google\GoogleUpdater\updater.log"" ""--attachment=C:\Program Files (x86)\Google\GoogleUpdater\updater_history.jsonl"" --initial-client-data=0x1e8,0x2b8,0x2bc,0x1e4,0x2c0,0xe61e40,0xe61e4c,0xe61e58",False,D:\UOW\SEM3\msc-diss-7csef001w\scenarios\scenario_2\artefacts\event_logs\Security.evtx,Audit success,0,"{""EventData"":{""Data"":[{""@Name"":""SubjectUserSid"",""#text"":""S-1-5-18""},{""@Name"":""SubjectUserName"",""#text"":""DISSTESTBEDVM$""},{""@Name"":""SubjectDomainName"",""#text"":""WORKGROUP""},{""@Name"":""SubjectLogonId"",""#text"":""0x3E7""},{""@Name"":""NewProcessId"",""#text"":""0x450""},{""@Name"":""NewProcessName"",""#text"":""C:\\Program Files (x86)\\Google\\GoogleUpdater\\152.0.7933.0\\updater.exe""},{""@Name"":""TokenElevationType"",""#text"":""%%1936""},{""@Name"":""ProcessId"",""#text"":""0x1C84""},{""@Name"":""CommandLine"",""#text"":""\""C:\\Program Files (x86)\\Google\\GoogleUpdater\\152.0.7933.0\\updater.exe\"" --crash-handler --system \""--database=C:\\Program Files (x86)\\Google\\GoogleUpdater\\152.0.7933.0\\Crashpad\"" --url=https://clients2.google.com/cr/report --annotation=prod=Update4 --annotation=ver=152.0.7933.0 \""--attachment=C:\\Program Files (x86)\\Google\\GoogleUpdater\\updater.log\"" \""--attachment=C:\\Program Files (x86)\\Google\\GoogleUpdater\\updater_history.jsonl\"" --initial-client-data=0x1e8,0x2b8,0x2bc,0x1e4,0x2c0,0xe61e40,0xe61e4c,0xe61e58""},{""@Name"":""TargetUserSid"",""#text"":""S-1-0-0""},{""@Name"":""TargetUserName"",""#text"":""-""},{""@Name"":""TargetDomainName"",""#text"":""-""},{""@Name"":""TargetLogonId"",""#text"":""0x0""},{""@Name"":""ParentProcessName"",""#text"":""C:\\Program Files (x86)\\Google\\GoogleUpdater\\152.0.7933.0\\updater.exe""},{""@Name"":""MandatoryLabel"",""#text"":""S-1-16-16384""}]}}"
35538,35538,2026-08-17 18:32:59.8228315,4689,LogAlways,Microsoft-Windows-Security-Auditing,Security,4,8896,disstestbedvm,428,,A process has exited,WORKGROUP\DISSTESTBEDVM$,,,PID: 0x1C84,,,,,C:\Program Files (x86)\Google\GoogleUpdater\152.0.7933.0\updater.exe,False,D:\UOW\SEM3\msc-diss-7csef001w\scenarios\scenario_2\artefacts\event_logs\Security.evtx,Audit success,0,"{""EventData"":{""Data"":[{""@Name"":""SubjectUserSid"",""#text"":""S-1-5-18""},{""@Name"":""SubjectUserName"",""#text"":""DISSTESTBEDVM$""},{""@Name"":""SubjectDomainName"",""#text"":""WORKGROUP""},{""@Name"":""SubjectLogonId"",""#text"":""0x3E7""},{""@Name"":""Status"",""#text"":""0x0""},{""@Name"":""ProcessId"",""#text"":""0x1C84""},{""@Name"":""ProcessName"",""#text"":""C:\\Program Files (x86)\\Google\\GoogleUpdater\\152.0.7933.0\\updater.exe""}]}}"
35539,35539,2026-08-17 18:32:59.8276177,4689,LogAlways,Microsoft-Windows-Security-Auditing,Security,4,8896,disstestbedvm,428,,A process has exited,WORKGROUP\DISSTESTBEDVM$,,,PID: 0x450,,,,,C:\Program Files (x86)\Google\GoogleUpdater\152.0.7933.0\updater.exe,False,D:\UOW\SEM3\msc-diss-7csef001w\scenarios\scenario_2\artefacts\event_logs\Security.evtx,Audit success,0,"{""EventData"":{""Data"":[{""@Name"":""SubjectUserSid"",""#text"":""S-1-5-18""},{""@Name"":""SubjectUserName"",""#text"":""DISSTESTBEDVM$""},{""@Name"":""SubjectDomainName"",""#text"":""WORKGROUP""},{""@Name"":""SubjectLogonId"",""#text"":""0x3E7""},{""@Name"":""Status"",""#text"":""0x0""},{""@Name"":""ProcessId"",""#text"":""0x450""},{""@Name"":""ProcessName"",""#text"":""C:\\Program Files (x86)\\Google\\GoogleUpdater\\152.0.7933.0\\updater.exe""}]}}"
35540,35540,2026-08-17 18:33:00.1045140,4688,LogAlways,Microsoft-Windows-Security-Auditing,Security,4,6380,disstestbedvm,428,,A new process has been created,WORKGROUP\DISSTESTBEDVM$,,Parent process: C:\Windows\System32\services.exe,PID: 0x364,Parent PID: 0x13EC,Mandatory label: SECURITY_MANDATORY_SYSTEM_RID,Target User: -\-,,"C:\Program Files (x86)\Google\GoogleUpdater\152.0.7933.0\updater.exe ""C:\Program Files (x86)\Google\GoogleUpdater\152.0.7933.0\updater.exe"" --system --windows-service --service=update",False,D:\UOW\SEM3\msc-diss-7csef001w\scenarios\scenario_2\artefacts\event_logs\Security.evtx,Audit success,0,"{""EventData"":{""Data"":[{""@Name"":""SubjectUserSid"",""#text"":""S-1-5-18""},{""@Name"":""SubjectUserName"",""#text"":""DISSTESTBEDVM$""},{""@Name"":""SubjectDomainName"",""#text"":""WORKGROUP""},{""@Name"":""SubjectLogonId"",""#text"":""0x3E7""},{""@Name"":""NewProcessId"",""#text"":""0x13EC""},{""@Name"":""NewProcessName"",""#text"":""C:\\Program Files (x86)\\Google\\GoogleUpdater\\152.0.7933.0\\updater.exe""},{""@Name"":""TokenElevationType"",""#text"":""%%1936""},{""@Name"":""ProcessId"",""#text"":""0x364""},{""@Name"":""CommandLine"",""#text"":""\""C:\\Program Files (x86)\\Google\\GoogleUpdater\\152.0.7933.0\\updater.exe\"" --system --windows-service --service=update""},{""@Name"":""TargetUserSid"",""#text"":""S-1-0-0""},{""@Name"":""TargetUserName"",""#text"":""-""},{""@Name"":""TargetDomainName"",""#text"":""-""},{""@Name"":""TargetLogonId"",""#text"":""0x0""},{""@Name"":""ParentProcessName"",""#text"":""C:\\Windows\\System32\\services.exe""},{""@Name"":""MandatoryLabel"",""#text"":""S-1-16-16384""}]}}"
35541,35541,2026-08-17 18:33:00.1289297,4688,LogAlways,Microsoft-Windows-Security-Auditing,Security,4,6380,disstestbedvm,428,,A new process has been created,WORKGROUP\DISSTESTBEDVM$,,Parent process: C:\Program Files (x86)\Google\GoogleUpdater\152.0.7933.0\updater.exe,PID: 0x13EC,Parent PID: 0x1D44,Mandatory label: SECURITY_MANDATORY_SYSTEM_RID,Target User: -\-,,"C:\Program Files (x86)\Google\GoogleUpdater\152.0.7933.0\updater.exe ""C:\Program Files (x86)\Google\GoogleUpdater\152.0.7933.0\updater.exe"" --crash-handler --system ""--database=C:\Program Files (x86)\Google\GoogleUpdater\152.0.7933.0\Crashpad"" --url=https://clients2.google.com/cr/report --annotation=prod=Update4 --annotation=ver=152.0.7933.0 ""--attachment=C:\Program Files (x86)\Google\GoogleUpdater\updater.log"" ""--attachment=C:\Program Files (x86)\Google\GoogleUpdater\updater_history.jsonl"" --initial-client-data=0x2b4,0x2b8,0x2bc,0x2b0,0x2c0,0xe61e40,0xe61e4c,0xe61e58",False,D:\UOW\SEM3\msc-diss-7csef001w\scenarios\scenario_2\artefacts\event_logs\Security.evtx,Audit success,0,"{""EventData"":{""Data"":[{""@Name"":""SubjectUserSid"",""#text"":""S-1-5-18""},{""@Name"":""SubjectUserName"",""#text"":""DISSTESTBEDVM$""},{""@Name"":""SubjectDomainName"",""#text"":""WORKGROUP""},{""@Name"":""SubjectLogonId"",""#text"":""0x3E7""},{""@Name"":""NewProcessId"",""#text"":""0x1D44""},{""@Name"":""NewProcessName"",""#text"":""C:\\Program Files (x86)\\Google\\GoogleUpdater\\152.0.7933.0\\updater.exe""},{""@Name"":""TokenElevationType"",""#text"":""%%1936""},{""@Name"":""ProcessId"",""#text"":""0x13EC""},{""@Name"":""CommandLine"",""#text"":""\""C:\\Program Files (x86)\\Google\\GoogleUpdater\\152.0.7933.0\\updater.exe\"" --crash-handler --system \""--database=C:\\Program Files (x86)\\Google\\GoogleUpdater\\152.0.7933.0\\Crashpad\"" --url=https://clients2.google.com/cr/report --annotation=prod=Update4 --annotation=ver=152.0.7933.0 \""--attachment=C:\\Program Files (x86)\\Google\\GoogleUpdater\\updater.log\"" \""--attachment=C:\\Program Files (x86)\\Google\\GoogleUpdater\\updater_history.jsonl\"" --initial-client-data=0x2b4,0x2b8,0x2bc,0x2b0,0x2c0,0xe61e40,0xe61e4c,0xe61e58""},{""@Name"":""TargetUserSid"",""#text"":""S-1-0-0""},{""@Name"":""TargetUserName"",""#text"":""-""},{""@Name"":""TargetDomainName"",""#text"":""-""},{""@Name"":""TargetLogonId"",""#text"":""0x0""},{""@Name"":""ParentProcessName"",""#text"":""C:\\Program Files (x86)\\Google\\GoogleUpdater\\152.0.7933.0\\updater.exe""},{""@Name"":""MandatoryLabel"",""#text"":""S-1-16-16384""}]}}"
35542,35542,2026-08-17 18:33:00.1917411,4689,LogAlways,Microsoft-Windows-Security-Auditing,Security,4,6380,disstestbedvm,428,,A process has exited,WORKGROUP\DISSTESTBEDVM$,,,PID: 0x13EC,,,,,C:\Program Files (x86)\Google\GoogleUpdater\152.0.7933.0\updater.exe,False,D:\UOW\SEM3\msc-diss-7csef001w\scenarios\scenario_2\artefacts\event_logs\Security.evtx,Audit success,0,"{""EventData"":{""Data"":[{""@Name"":""SubjectUserSid"",""#text"":""S-1-5-18""},{""@Name"":""SubjectUserName"",""#text"":""DISSTESTBEDVM$""},{""@Name"":""SubjectDomainName"",""#text"":""WORKGROUP""},{""@Name"":""SubjectLogonId"",""#text"":""0x3E7""},{""@Name"":""Status"",""#text"":""0x0""},{""@Name"":""ProcessId"",""#text"":""0x13EC""},{""@Name"":""ProcessName"",""#text"":""C:\\Program Files (x86)\\Google\\GoogleUpdater\\152.0.7933.0\\updater.exe""}]}}"
35543,35543,2026-08-17 18:33:00.1966297,4689,LogAlways,Microsoft-Windows-Security-Auditing,Security,4,6380,disstestbedvm,428,,A process has exited,WORKGROUP\DISSTESTBEDVM$,,,PID: 0x1D44,,,,,C:\Program Files (x86)\Google\GoogleUpdater\152.0.7933.0\updater.exe,False,D:\UOW\SEM3\msc-diss-7csef001w\scenarios\scenario_2\artefacts\event_logs\Security.evtx,Audit success,0,"{""EventData"":{""Data"":[{""@Name"":""SubjectUserSid"",""#text"":""S-1-5-18""},{""@Name"":""SubjectUserName"",""#text"":""DISSTESTBEDVM$""},{""@Name"":""SubjectDomainName"",""#text"":""WORKGROUP""},{""@Name"":""SubjectLogonId"",""#text"":""0x3E7""},{""@Name"":""Status"",""#text"":""0x0""},{""@Name"":""ProcessId"",""#text"":""0x1D44""},{""@Name"":""ProcessName"",""#text"":""C:\\Program Files (x86)\\Google\\GoogleUpdater\\152.0.7933.0\\updater.exe""}]}}"
35544,35544,2026-08-17 18:33:00.7989237,4688,LogAlways,Microsoft-Windows-Security-Auditing,Security,4,8896,disstestbedvm,428,,A new process has been created,WORKGROUP\DISSTESTBEDVM$,,Parent process: C:\Windows\System32\services.exe,PID: 0x364,Parent PID: 0x75C,Mandatory label: SECURITY_MANDATORY_SYSTEM_RID,Target User: -\-,,"C:\Program Files (x86)\Google\GoogleUpdater\152.0.7933.0\updater.exe ""C:\Program Files (x86)\Google\GoogleUpdater\152.0.7933.0\updater.exe"" --system --windows-service --service=update",False,D:\UOW\SEM3\msc-diss-7csef001w\scenarios\scenario_2\artefacts\event_logs\Security.evtx,Audit success,0,"{""EventData"":{""Data"":[{""@Name"":""SubjectUserSid"",""#text"":""S-1-5-18""},{""@Name"":""SubjectUserName"",""#text"":""DISSTESTBEDVM$""},{""@Name"":""SubjectDomainName"",""#text"":""WORKGROUP""},{""@Name"":""SubjectLogonId"",""#text"":""0x3E7""},{""@Name"":""NewProcessId"",""#text"":""0x75C""},{""@Name"":""NewProcessName"",""#text"":""C:\\Program Files (x86)\\Google\\GoogleUpdater\\152.0.7933.0\\updater.exe""},{""@Name"":""TokenElevationType"",""#text"":""%%1936""},{""@Name"":""ProcessId"",""#text"":""0x364""},{""@Name"":""CommandLine"",""#text"":""\""C:\\Program Files (x86)\\Google\\GoogleUpdater\\152.0.7933.0\\updater.exe\"" --system --windows-service --service=update""},{""@Name"":""TargetUserSid"",""#text"":""S-1-0-0""},{""@Name"":""TargetUserName"",""#text"":""-""},{""@Name"":""TargetDomainName"",""#text"":""-""},{""@Name"":""TargetLogonId"",""#text"":""0x0""},{""@Name"":""ParentProcessName"",""#text"":""C:\\Windows\\System32\\services.exe""},{""@Name"":""MandatoryLabel"",""#text"":""S-1-16-16384""}]}}"
35545,35545,2026-08-17 18:33:00.8218179,4688,LogAlways,Microsoft-Windows-Security-Auditing,Security,4,8896,disstestbedvm,428,,A new process has been created,WORKGROUP\DISSTESTBEDVM$,,Parent process: C:\Program Files (x86)\Google\GoogleUpdater\152.0.7933.0\updater.exe,PID: 0x75C,Parent PID: 0x1498,Mandatory label: SECURITY_MANDATORY_SYSTEM_RID,Target User: -\-,,"C:\Program Files (x86)\Google\GoogleUpdater\152.0.7933.0\updater.exe ""C:\Program Files (x86)\Google\GoogleUpdater\152.0.7933.0\updater.exe"" --crash-handler --system ""--database=C:\Program Files (x86)\Google\GoogleUpdater\152.0.7933.0\Crashpad"" --url=https://clients2.google.com/cr/report --annotation=prod=Update4 --annotation=ver=152.0.7933.0 ""--attachment=C:\Program Files (x86)\Google\GoogleUpdater\updater.log"" ""--attachment=C:\Program Files (x86)\Google\GoogleUpdater\updater_history.jsonl"" --initial-client-data=0x2c0,0x2c4,0x2c8,0x2bc,0x2cc,0xe61e40,0xe61e4c,0xe61e58",False,D:\UOW\SEM3\msc-diss-7csef001w\scenarios\scenario_2\artefacts\event_logs\Security.evtx,Audit success,0,"{""EventData"":{""Data"":[{""@Name"":""SubjectUserSid"",""#text"":""S-1-5-18""},{""@Name"":""SubjectUserName"",""#text"":""DISSTESTBEDVM$""},{""@Name"":""SubjectDomainName"",""#text"":""WORKGROUP""},{""@Name"":""SubjectLogonId"",""#text"":""0x3E7""},{""@Name"":""NewProcessId"",""#text"":""0x1498""},{""@Name"":""NewProcessName"",""#text"":""C:\\Program Files (x86)\\Google\\GoogleUpdater\\152.0.7933.0\\updater.exe""},{""@Name"":""TokenElevationType"",""#text"":""%%1936""},{""@Name"":""ProcessId"",""#text"":""0x75C""},{""@Name"":""CommandLine"",""#text"":""\""C:\\Program Files (x86)\\Google\\GoogleUpdater\\152.0.7933.0\\updater.exe\"" --crash-handler --system \""--database=C:\\Program Files (x86)\\Google\\GoogleUpdater\\152.0.7933.0\\Crashpad\"" --url=https://clients2.google.com/cr/report --annotation=prod=Update4 --annotation=ver=152.0.7933.0 \""--attachment=C:\\Program Files (x86)\\Google\\GoogleUpdater\\updater.log\"" \""--attachment=C:\\Program Files (x86)\\Google\\GoogleUpdater\\updater_history.jsonl\"" --initial-client-data=0x2c0,0x2c4,0x2c8,0x2bc,0x2cc,0xe61e40,0xe61e4c,0xe61e58""},{""@Name"":""TargetUserSid"",""#text"":""S-1-0-0""},{""@Name"":""TargetUserName"",""#text"":""-""},{""@Name"":""TargetDomainName"",""#text"":""-""},{""@Name"":""TargetLogonId"",""#text"":""0x0""},{""@Name"":""ParentProcessName"",""#text"":""C:\\Program Files (x86)\\Google\\GoogleUpdater\\152.0.7933.0\\updater.exe""},{""@Name"":""MandatoryLabel"",""#text"":""S-1-16-16384""}]}}"
35546,35546,2026-08-17 18:33:00.8754443,4689,LogAlways,Microsoft-Windows-Security-Auditing,Security,4,8896,disstestbedvm,428,,A process has exited,WORKGROUP\DISSTESTBEDVM$,,,PID: 0x75C,,,,,C:\Program Files (x86)\Google\GoogleUpdater\152.0.7933.0\updater.exe,False,D:\UOW\SEM3\msc-diss-7csef001w\scenarios\scenario_2\artefacts\event_logs\Security.evtx,Audit success,0,"{""EventData"":{""Data"":[{""@Name"":""SubjectUserSid"",""#text"":""S-1-5-18""},{""@Name"":""SubjectUserName"",""#text"":""DISSTESTBEDVM$""},{""@Name"":""SubjectDomainName"",""#text"":""WORKGROUP""},{""@Name"":""SubjectLogonId"",""#text"":""0x3E7""},{""@Name"":""Status"",""#text"":""0x0""},{""@Name"":""ProcessId"",""#text"":""0x75C""},{""@Name"":""ProcessName"",""#text"":""C:\\Program Files (x86)\\Google\\GoogleUpdater\\152.0.7933.0\\updater.exe""}]}}"
35547,35547,2026-08-17 18:33:00.8795830,4689,LogAlways,Microsoft-Windows-Security-Auditing,Security,4,8896,disstestbedvm,428,,A process has exited,WORKGROUP\DISSTESTBEDVM$,,,PID: 0x1498,,,,,C:\Program Files (x86)\Google\GoogleUpdater\152.0.7933.0\updater.exe,False,D:\UOW\SEM3\msc-diss-7csef001w\scenarios\scenario_2\artefacts\event_logs\Security.evtx,Audit success,0,"{""EventData"":{""Data"":[{""@Name"":""SubjectUserSid"",""#text"":""S-1-5-18""},{""@Name"":""SubjectUserName"",""#text"":""DISSTESTBEDVM$""},{""@Name"":""SubjectDomainName"",""#text"":""WORKGROUP""},{""@Name"":""SubjectLogonId"",""#text"":""0x3E7""},{""@Name"":""Status"",""#text"":""0x0""},{""@Name"":""ProcessId"",""#text"":""0x1498""},{""@Name"":""ProcessName"",""#text"":""C:\\Program Files (x86)\\Google\\GoogleUpdater\\152.0.7933.0\\updater.exe""}]}}"
35548,35548,2026-08-17 18:33:01.6769878,4688,LogAlways,Microsoft-Windows-Security-Auditing,Security,4,8896,disstestbedvm,428,,A new process has been created,WORKGROUP\DISSTESTBEDVM$,,Parent process: C:\Windows\System32\services.exe,PID: 0x364,Parent PID: 0x1490,Mandatory label: SECURITY_MANDATORY_SYSTEM_RID,Target User: -\-,,"C:\Program Files (x86)\Google\GoogleUpdater\152.0.7933.0\updater.exe ""C:\Program Files (x86)\Google\GoogleUpdater\152.0.7933.0\updater.exe"" --system --windows-service --service=update",False,D:\UOW\SEM3\msc-diss-7csef001w\scenarios\scenario_2\artefacts\event_logs\Security.evtx,Audit success,0,"{""EventData"":{""Data"":[{""@Name"":""SubjectUserSid"",""#text"":""S-1-5-18""},{""@Name"":""SubjectUserName"",""#text"":""DISSTESTBEDVM$""},{""@Name"":""SubjectDomainName"",""#text"":""WORKGROUP""},{""@Name"":""SubjectLogonId"",""#text"":""0x3E7""},{""@Name"":""NewProcessId"",""#text"":""0x1490""},{""@Name"":""NewProcessName"",""#text"":""C:\\Program Files (x86)\\Google\\GoogleUpdater\\152.0.7933.0\\updater.exe""},{""@Name"":""TokenElevationType"",""#text"":""%%1936""},{""@Name"":""ProcessId"",""#text"":""0x364""},{""@Name"":""CommandLine"",""#text"":""\""C:\\Program Files (x86)\\Google\\GoogleUpdater\\152.0.7933.0\\updater.exe\"" --system --windows-service --service=update""},{""@Name"":""TargetUserSid"",""#text"":""S-1-0-0""},{""@Name"":""TargetUserName"",""#text"":""-""},{""@Name"":""TargetDomainName"",""#text"":""-""},{""@Name"":""TargetLogonId"",""#text"":""0x0""},{""@Name"":""ParentProcessName"",""#text"":""C:\\Windows\\System32\\services.exe""},{""@Name"":""MandatoryLabel"",""#text"":""S-1-16-16384""}]}}"
35549,35549,2026-08-17 18:33:01.7027645,4688,LogAlways,Microsoft-Windows-Security-Auditing,Security,4,8896,disstestbedvm,428,,A new process has been created,WORKGROUP\DISSTESTBEDVM$,,Parent process: C:\Program Files (x86)\Google\GoogleUpdater\152.0.7933.0\updater.exe,PID: 0x1490,Parent PID: 0x598,Mandatory label: SECURITY_MANDATORY_SYSTEM_RID,Target User: -\-,,"C:\Program Files (x86)\Google\GoogleUpdater\152.0.7933.0\updater.exe ""C:\Program Files (x86)\Google\GoogleUpdater\152.0.7933.0\updater.exe"" --crash-handler --system ""--database=C:\Program Files (x86)\Google\GoogleUpdater\152.0.7933.0\Crashpad"" --url=https://clients2.google.com/cr/report --annotation=prod=Update4 --annotation=ver=152.0.7933.0 ""--attachment=C:\Program Files (x86)\Google\GoogleUpdater\updater.log"" ""--attachment=C:\Program Files (x86)\Google\GoogleUpdater\updater_history.jsonl"" --initial-client-data=0x2b4,0x2b8,0x2bc,0x2b0,0x2c0,0xe61e40,0xe61e4c,0xe61e58",False,D:\UOW\SEM3\msc-diss-7csef001w\scenarios\scenario_2\artefacts\event_logs\Security.evtx,Audit success,0,"{""EventData"":{""Data"":[{""@Name"":""SubjectUserSid"",""#text"":""S-1-5-18""},{""@Name"":""SubjectUserName"",""#text"":""DISSTESTBEDVM$""},{""@Name"":""SubjectDomainName"",""#text"":""WORKGROUP""},{""@Name"":""SubjectLogonId"",""#text"":""0x3E7""},{""@Name"":""NewProcessId"",""#text"":""0x598""},{""@Name"":""NewProcessName"",""#text"":""C:\\Program Files (x86)\\Google\\GoogleUpdater\\152.0.7933.0\\updater.exe""},{""@Name"":""TokenElevationType"",""#text"":""%%1936""},{""@Name"":""ProcessId"",""#text"":""0x1490""},{""@Name"":""CommandLine"",""#text"":""\""C:\\Program Files (x86)\\Google\\GoogleUpdater\\152.0.7933.0\\updater.exe\"" --crash-handler --system \""--database=C:\\Program Files (x86)\\Google\\GoogleUpdater\\152.0.7933.0\\Crashpad\"" --url=https://clients2.google.com/cr/report --annotation=prod=Update4 --annotation=ver=152.0.7933.0 \""--attachment=C:\\Program Files (x86)\\Google\\GoogleUpdater\\updater.log\"" \""--attachment=C:\\Program Files (x86)\\Google\\GoogleUpdater\\updater_history.jsonl\"" --initial-client-data=0x2b4,0x2b8,0x2bc,0x2b0,0x2c0,0xe61e40,0xe61e4c,0xe61e58""},{""@Name"":""TargetUserSid"",""#text"":""S-1-0-0""},{""@Name"":""TargetUserName"",""#text"":""-""},{""@Name"":""TargetDomainName"",""#text"":""-""},{""@Name"":""TargetLogonId"",""#text"":""0x0""},{""@Name"":""ParentProcessName"",""#text"":""C:\\Program Files (x86)\\Google\\GoogleUpdater\\152.0.7933.0\\updater.exe""},{""@Name"":""MandatoryLabel"",""#text"":""S-1-16-16384""}]}}"
35550,35550,2026-08-17 18:33:01.7689627,4689,LogAlways,Microsoft-Windows-Security-Auditing,Security,4,8896,disstestbedvm,428,,A process has exited,WORKGROUP\DISSTESTBEDVM$,,,PID: 0x1490,,,,,C:\Program Files (x86)\Google\GoogleUpdater\152.0.7933.0\updater.exe,False,D:\UOW\SEM3\msc-diss-7csef001w\scenarios\scenario_2\artefacts\event_logs\Security.evtx,Audit success,0,"{""EventData"":{""Data"":[{""@Name"":""SubjectUserSid"",""#text"":""S-1-5-18""},{""@Name"":""SubjectUserName"",""#text"":""DISSTESTBEDVM$""},{""@Name"":""SubjectDomainName"",""#text"":""WORKGROUP""},{""@Name"":""SubjectLogonId"",""#text"":""0x3E7""},{""@Name"":""Status"",""#text"":""0x0""},{""@Name"":""ProcessId"",""#text"":""0x1490""},{""@Name"":""ProcessName"",""#text"":""C:\\Program Files (x86)\\Google\\GoogleUpdater\\152.0.7933.0\\updater.exe""}]}}"
35551,35551,2026-08-17 18:33:01.7736005,4689,LogAlways,Microsoft-Windows-Security-Auditing,Security,4,8896,disstestbedvm,428,,A process has exited,WORKGROUP\DISSTESTBEDVM$,,,PID: 0x598,,,,,C:\Program Files (x86)\Google\GoogleUpdater\152.0.7933.0\updater.exe,False,D:\UOW\SEM3\msc-diss-7csef001w\scenarios\scenario_2\artefacts\event_logs\Security.evtx,Audit success,0,"{""EventData"":{""Data"":[{""@Name"":""SubjectUserSid"",""#text"":""S-1-5-18""},{""@Name"":""SubjectUserName"",""#text"":""DISSTESTBEDVM$""},{""@Name"":""SubjectDomainName"",""#text"":""WORKGROUP""},{""@Name"":""SubjectLogonId"",""#text"":""0x3E7""},{""@Name"":""Status"",""#text"":""0x0""},{""@Name"":""ProcessId"",""#text"":""0x598""},{""@Name"":""ProcessName"",""#text"":""C:\\Program Files (x86)\\Google\\GoogleUpdater\\152.0.7933.0\\updater.exe""}]}}"
35552,35552,2026-08-17 18:33:01.8129747,4688,LogAlways,Microsoft-Windows-Security-Auditing,Security,4,8896,disstestbedvm,428,,A new process has been created,WORKGROUP\DISSTESTBEDVM$,,Parent process: C:\Windows\System32\services.exe,PID: 0x364,Parent PID: 0x15B4,Mandatory label: SECURITY_MANDATORY_SYSTEM_RID,Target User: -\-,,"C:\Program Files (x86)\Google\GoogleUpdater\152.0.7933.0\updater.exe ""C:\Program Files (x86)\Google\GoogleUpdater\152.0.7933.0\updater.exe"" --system --windows-service --service=update",False,D:\UOW\SEM3\msc-diss-7csef001w\scenarios\scenario_2\artefacts\event_logs\Security.evtx,Audit success,0,"{""EventData"":{""Data"":[{""@Name"":""SubjectUserSid"",""#text"":""S-1-5-18""},{""@Name"":""SubjectUserName"",""#text"":""DISSTESTBEDVM$""},{""@Name"":""SubjectDomainName"",""#text"":""WORKGROUP""},{""@Name"":""SubjectLogonId"",""#text"":""0x3E7""},{""@Name"":""NewProcessId"",""#text"":""0x15B4""},{""@Name"":""NewProcessName"",""#text"":""C:\\Program Files (x86)\\Google\\GoogleUpdater\\152.0.7933.0\\updater.exe""},{""@Name"":""TokenElevationType"",""#text"":""%%1936""},{""@Name"":""ProcessId"",""#text"":""0x364""},{""@Name"":""CommandLine"",""#text"":""\""C:\\Program Files (x86)\\Google\\GoogleUpdater\\152.0.7933.0\\updater.exe\"" --system --windows-service --service=update""},{""@Name"":""TargetUserSid"",""#text"":""S-1-0-0""},{""@Name"":""TargetUserName"",""#text"":""-""},{""@Name"":""TargetDomainName"",""#text"":""-""},{""@Name"":""TargetLogonId"",""#text"":""0x0""},{""@Name"":""ParentProcessName"",""#text"":""C:\\Windows\\System32\\services.exe""},{""@Name"":""MandatoryLabel"",""#text"":""S-1-16-16384""}]}}"
35553,35553,2026-08-17 18:33:01.8398788,4688,LogAlways,Microsoft-Windows-Security-Auditing,Security,4,8896,disstestbedvm,428,,A new process has been created,WORKGROUP\DISSTESTBEDVM$,,Parent process: C:\Program Files (x86)\Google\GoogleUpdater\152.0.7933.0\updater.exe,PID: 0x15B4,Parent PID: 0x304,Mandatory label: SECURITY_MANDATORY_SYSTEM_RID,Target User: -\-,,"C:\Program Files (x86)\Google\GoogleUpdater\152.0.7933.0\updater.exe ""C:\Program Files (x86)\Google\GoogleUpdater\152.0.7933.0\updater.exe"" --crash-handler --system ""--database=C:\Program Files (x86)\Google\GoogleUpdater\152.0.7933.0\Crashpad"" --url=https://clients2.google.com/cr/report --annotation=prod=Update4 --annotation=ver=152.0.7933.0 ""--attachment=C:\Program Files (x86)\Google\GoogleUpdater\updater.log"" ""--attachment=C:\Program Files (x86)\Google\GoogleUpdater\updater_history.jsonl"" --initial-client-data=0x2b4,0x2b8,0x2bc,0x2b0,0x2c0,0xe61e40,0xe61e4c,0xe61e58",False,D:\UOW\SEM3\msc-diss-7csef001w\scenarios\scenario_2\artefacts\event_logs\Security.evtx,Audit success,0,"{""EventData"":{""Data"":[{""@Name"":""SubjectUserSid"",""#text"":""S-1-5-18""},{""@Name"":""SubjectUserName"",""#text"":""DISSTESTBEDVM$""},{""@Name"":""SubjectDomainName"",""#text"":""WORKGROUP""},{""@Name"":""SubjectLogonId"",""#text"":""0x3E7""},{""@Name"":""NewProcessId"",""#text"":""0x304""},{""@Name"":""NewProcessName"",""#text"":""C:\\Program Files (x86)\\Google\\GoogleUpdater\\152.0.7933.0\\updater.exe""},{""@Name"":""TokenElevationType"",""#text"":""%%1936""},{""@Name"":""ProcessId"",""#text"":""0x15B4""},{""@Name"":""CommandLine"",""#text"":""\""C:\\Program Files (x86)\\Google\\GoogleUpdater\\152.0.7933.0\\updater.exe\"" --crash-handler --system \""--database=C:\\Program Files (x86)\\Google\\GoogleUpdater\\152.0.7933.0\\Crashpad\"" --url=https://clients2.google.com/cr/report --annotation=prod=Update4 --annotation=ver=152.0.7933.0 \""--attachment=C:\\Program Files (x86)\\Google\\GoogleUpdater\\updater.log\"" \""--attachment=C:\\Program Files (x86)\\Google\\GoogleUpdater\\updater_history.jsonl\"" --initial-client-data=0x2b4,0x2b8,0x2bc,0x2b0,0x2c0,0xe61e40,0xe61e4c,0xe61e58""},{""@Name"":""TargetUserSid"",""#text"":""S-1-0-0""},{""@Name"":""TargetUserName"",""#text"":""-""},{""@Name"":""TargetDomainName"",""#text"":""-""},{""@Name"":""TargetLogonId"",""#text"":""0x0""},{""@Name"":""ParentProcessName"",""#text"":""C:\\Program Files (x86)\\Google\\GoogleUpdater\\152.0.7933.0\\updater.exe""},{""@Name"":""MandatoryLabel"",""#text"":""S-1-16-16384""}]}}"
35554,35554,2026-08-17 18:33:01.9054161,4689,LogAlways,Microsoft-Windows-Security-Auditing,Security,4,8896,disstestbedvm,428,,A process has exited,WORKGROUP\DISSTESTBEDVM$,,,PID: 0x15B4,,,,,C:\Program Files (x86)\Google\GoogleUpdater\152.0.7933.0\updater.exe,False,D:\UOW\SEM3\msc-diss-7csef001w\scenarios\scenario_2\artefacts\event_logs\Security.evtx,Audit success,0,"{""EventData"":{""Data"":[{""@Name"":""SubjectUserSid"",""#text"":""S-1-5-18""},{""@Name"":""SubjectUserName"",""#text"":""DISSTESTBEDVM$""},{""@Name"":""SubjectDomainName"",""#text"":""WORKGROUP""},{""@Name"":""SubjectLogonId"",""#text"":""0x3E7""},{""@Name"":""Status"",""#text"":""0x0""},{""@Name"":""ProcessId"",""#text"":""0x15B4""},{""@Name"":""ProcessName"",""#text"":""C:\\Program Files (x86)\\Google\\GoogleUpdater\\152.0.7933.0\\updater.exe""}]}}"
35555,35555,2026-08-17 18:33:01.9107997,4689,LogAlways,Microsoft-Windows-Security-Auditing,Security,4,8896,disstestbedvm,428,,A process has exited,WORKGROUP\DISSTESTBEDVM$,,,PID: 0x304,,,,,C:\Program Files (x86)\Google\GoogleUpdater\152.0.7933.0\updater.exe,False,D:\UOW\SEM3\msc-diss-7csef001w\scenarios\scenario_2\artefacts\event_logs\Security.evtx,Audit success,0,"{""EventData"":{""Data"":[{""@Name"":""SubjectUserSid"",""#text"":""S-1-5-18""},{""@Name"":""SubjectUserName"",""#text"":""DISSTESTBEDVM$""},{""@Name"":""SubjectDomainName"",""#text"":""WORKGROUP""},{""@Name"":""SubjectLogonId"",""#text"":""0x3E7""},{""@Name"":""Status"",""#text"":""0x0""},{""@Name"":""ProcessId"",""#text"":""0x304""},{""@Name"":""ProcessName"",""#text"":""C:\\Program Files (x86)\\Google\\GoogleUpdater\\152.0.7933.0\\updater.exe""}]}}"
35556,35556,2026-08-17 18:33:02.7707306,4688,LogAlways,Microsoft-Windows-Security-Auditing,Security,4,8896,disstestbedvm,428,,A new process has been created,WORKGROUP\DISSTESTBEDVM$,,Parent process: C:\Windows\System32\services.exe,PID: 0x364,Parent PID: 0xE2C,Mandatory label: SECURITY_MANDATORY_SYSTEM_RID,Target User: -\-,,"C:\Program Files (x86)\Google\GoogleUpdater\152.0.7933.0\updater.exe ""C:\Program Files (x86)\Google\GoogleUpdater\152.0.7933.0\updater.exe"" --system --windows-service --service=update",False,D:\UOW\SEM3\msc-diss-7csef001w\scenarios\scenario_2\artefacts\event_logs\Security.evtx,Audit success,0,"{""EventData"":{""Data"":[{""@Name"":""SubjectUserSid"",""#text"":""S-1-5-18""},{""@Name"":""SubjectUserName"",""#text"":""DISSTESTBEDVM$""},{""@Name"":""SubjectDomainName"",""#text"":""WORKGROUP""},{""@Name"":""SubjectLogonId"",""#text"":""0x3E7""},{""@Name"":""NewProcessId"",""#text"":""0xE2C""},{""@Name"":""NewProcessName"",""#text"":""C:\\Program Files (x86)\\Google\\GoogleUpdater\\152.0.7933.0\\updater.exe""},{""@Name"":""TokenElevationType"",""#text"":""%%1936""},{""@Name"":""ProcessId"",""#text"":""0x364""},{""@Name"":""CommandLine"",""#text"":""\""C:\\Program Files (x86)\\Google\\GoogleUpdater\\152.0.7933.0\\updater.exe\"" --system --windows-service --service=update""},{""@Name"":""TargetUserSid"",""#text"":""S-1-0-0""},{""@Name"":""TargetUserName"",""#text"":""-""},{""@Name"":""TargetDomainName"",""#text"":""-""},{""@Name"":""TargetLogonId"",""#text"":""0x0""},{""@Name"":""ParentProcessName"",""#text"":""C:\\Windows\\System32\\services.exe""},{""@Name"":""MandatoryLabel"",""#text"":""S-1-16-16384""}]}}"
35557,35557,2026-08-17 18:33:02.8014322,4688,LogAlways,Microsoft-Windows-Security-Auditing,Security,4,8896,disstestbedvm,428,,A new process has been created,WORKGROUP\DISSTESTBEDVM$,,Parent process: C:\Program Files (x86)\Google\GoogleUpdater\152.0.7933.0\updater.exe,PID: 0xE2C,Parent PID: 0x2AAC,Mandatory label: SECURITY_MANDATORY_SYSTEM_RID,Target User: -\-,,"C:\Program Files (x86)\Google\GoogleUpdater\152.0.7933.0\updater.exe ""C:\Program Files (x86)\Google\GoogleUpdater\152.0.7933.0\updater.exe"" --crash-handler --system ""--database=C:\Program Files (x86)\Google\GoogleUpdater\152.0.7933.0\Crashpad"" --url=https://clients2.google.com/cr/report --annotation=prod=Update4 --annotation=ver=152.0.7933.0 ""--attachment=C:\Program Files (x86)\Google\GoogleUpdater\updater.log"" ""--attachment=C:\Program Files (x86)\Google\GoogleUpdater\updater_history.jsonl"" --initial-client-data=0x2b4,0x2b8,0x2bc,0x2b0,0x2c0,0xe61e40,0xe61e4c,0xe61e58",False,D:\UOW\SEM3\msc-diss-7csef001w\scenarios\scenario_2\artefacts\event_logs\Security.evtx,Audit success,0,"{""EventData"":{""Data"":[{""@Name"":""SubjectUserSid"",""#text"":""S-1-5-18""},{""@Name"":""SubjectUserName"",""#text"":""DISSTESTBEDVM$""},{""@Name"":""SubjectDomainName"",""#text"":""WORKGROUP""},{""@Name"":""SubjectLogonId"",""#text"":""0x3E7""},{""@Name"":""NewProcessId"",""#text"":""0x2AAC""},{""@Name"":""NewProcessName"",""#text"":""C:\\Program Files (x86)\\Google\\GoogleUpdater\\152.0.7933.0\\updater.exe""},{""@Name"":""TokenElevationType"",""#text"":""%%1936""},{""@Name"":""ProcessId"",""#text"":""0xE2C""},{""@Name"":""CommandLine"",""#text"":""\""C:\\Program Files (x86)\\Google\\GoogleUpdater\\152.0.7933.0\\updater.exe\"" --crash-handler --system \""--database=C:\\Program Files (x86)\\Google\\GoogleUpdater\\152.0.7933.0\\Crashpad\"" --url=https://clients2.google.com/cr/report --annotation=prod=Update4 --annotation=ver=152.0.7933.0 \""--attachment=C:\\Program Files (x86)\\Google\\GoogleUpdater\\updater.log\"" \""--attachment=C:\\Program Files (x86)\\Google\\GoogleUpdater\\updater_history.jsonl\"" --initial-client-data=0x2b4,0x2b8,0x2bc,0x2b0,0x2c0,0xe61e40,0xe61e4c,0xe61e58""},{""@Name"":""TargetUserSid"",""#text"":""S-1-0-0""},{""@Name"":""TargetUserName"",""#text"":""-""},{""@Name"":""TargetDomainName"",""#text"":""-""},{""@Name"":""TargetLogonId"",""#text"":""0x0""},{""@Name"":""ParentProcessName"",""#text"":""C:\\Program Files (x86)\\Google\\GoogleUpdater\\152.0.7933.0\\updater.exe""},{""@Name"":""MandatoryLabel"",""#text"":""S-1-16-16384""}]}}"
35558,35558,2026-08-17 18:33:02.8672078,4689,LogAlways,Microsoft-Windows-Security-Auditing,Security,4,8896,disstestbedvm,428,,A process has exited,WORKGROUP\DISSTESTBEDVM$,,,PID: 0xE2C,,,,,C:\Program Files (x86)\Google\GoogleUpdater\152.0.7933.0\updater.exe,False,D:\UOW\SEM3\msc-diss-7csef001w\scenarios\scenario_2\artefacts\event_logs\Security.evtx,Audit success,0,"{""EventData"":{""Data"":[{""@Name"":""SubjectUserSid"",""#text"":""S-1-5-18""},{""@Name"":""SubjectUserName"",""#text"":""DISSTESTBEDVM$""},{""@Name"":""SubjectDomainName"",""#text"":""WORKGROUP""},{""@Name"":""SubjectLogonId"",""#text"":""0x3E7""},{""@Name"":""Status"",""#text"":""0x0""},{""@Name"":""ProcessId"",""#text"":""0xE2C""},{""@Name"":""ProcessName"",""#text"":""C:\\Program Files (x86)\\Google\\GoogleUpdater\\152.0.7933.0\\updater.exe""}]}}"
35559,35559,2026-08-17 18:33:02.8721732,4689,LogAlways,Microsoft-Windows-Security-Auditing,Security,4,8896,disstestbedvm,428,,A process has exited,WORKGROUP\DISSTESTBEDVM$,,,PID: 0x2AAC,,,,,C:\Program Files (x86)\Google\GoogleUpdater\152.0.7933.0\updater.exe,False,D:\UOW\SEM3\msc-diss-7csef001w\scenarios\scenario_2\artefacts\event_logs\Security.evtx,Audit success,0,"{""EventData"":{""Data"":[{""@Name"":""SubjectUserSid"",""#text"":""S-1-5-18""},{""@Name"":""SubjectUserName"",""#text"":""DISSTESTBEDVM$""},{""@Name"":""SubjectDomainName"",""#text"":""WORKGROUP""},{""@Name"":""SubjectLogonId"",""#text"":""0x3E7""},{""@Name"":""Status"",""#text"":""0x0""},{""@Name"":""ProcessId"",""#text"":""0x2AAC""},{""@Name"":""ProcessName"",""#text"":""C:\\Program Files (x86)\\Google\\GoogleUpdater\\152.0.7933.0\\updater.exe""}]}}"
35560,35560,2026-08-17 18:33:03.0251033,4688,LogAlways,Microsoft-Windows-Security-Auditing,Security,4,8896,disstestbedvm,428,,A new process has been created,disstestbedvm\dfanalyst,,Parent process: C:\Program Files\Google\Chrome\Application\chrome.exe,PID: 0x16FC,Parent PID: 0x1C28,Mandatory label: SECURITY_MANDATORY_LOW_RID,Target User: -\-,,"C:\Program Files\Google\Chrome\Application\chrome.exe ""C:\Program Files\Google\Chrome\Application\chrome.exe"" --type=renderer --no-pre-read-main-dll --disable-gpu-compositing --video-capture-use-gpu-memory-buffer --lang=en-US --device-scale-factor=1 --num-raster-threads=2 --enable-main-frame-before-activation --renderer-client-id=57 --time-ticks-at-unix-epoch=-1786990776947549 --launch-time-ticks=806076629 --metrics-shmem-handle=5476,i,16773589127769296605,11628509143563430961,2097152 --field-trial-handle=300,i,12568652149631050601,17836649519809257441,262144 --variations-seed-version=20260815-030035.901000-production --pseudonymization-salt-handle=1736,i,1201548225642530370,3632485646844189389,4 --trace-process-track-uuid=3190709039723256887 --mojo-platform-channel-handle=7744 /prefetch:1",False,D:\UOW\SEM3\msc-diss-7csef001w\scenarios\scenario_2\artefacts\event_logs\Security.evtx,Audit success,0,"{""EventData"":{""Data"":[{""@Name"":""SubjectUserSid"",""#text"":""S-1-5-21-4209295338-567392030-2519289182-1001""},{""@Name"":""SubjectUserName"",""#text"":""dfanalyst""},{""@Name"":""SubjectDomainName"",""#text"":""disstestbedvm""},{""@Name"":""SubjectLogonId"",""#text"":""0x1B772""},{""@Name"":""NewProcessId"",""#text"":""0x1C28""},{""@Name"":""NewProcessName"",""#text"":""C:\\Program Files\\Google\\Chrome\\Application\\chrome.exe""},{""@Name"":""TokenElevationType"",""#text"":""%%1938""},{""@Name"":""ProcessId"",""#text"":""0x16FC""},{""@Name"":""CommandLine"",""#text"":""\""C:\\Program Files\\Google\\Chrome\\Application\\chrome.exe\"" --type=renderer --no-pre-read-main-dll --disable-gpu-compositing --video-capture-use-gpu-memory-buffer --lang=en-US --device-scale-factor=1 --num-raster-threads=2 --enable-main-frame-before-activation --renderer-client-id=57 --time-ticks-at-unix-epoch=-1786990776947549 --launch-time-ticks=806076629 --metrics-shmem-handle=5476,i,16773589127769296605,11628509143563430961,2097152 --field-trial-handle=300,i,12568652149631050601,17836649519809257441,262144 --variations-seed-version=20260815-030035.901000-production --pseudonymization-salt-handle=1736,i,1201548225642530370,3632485646844189389,4 --trace-process-track-uuid=3190709039723256887 --mojo-platform-channel-handle=7744 /prefetch:1""},{""@Name"":""TargetUserSid"",""#text"":""S-1-0-0""},{""@Name"":""TargetUserName"",""#text"":""-""},{""@Name"":""TargetDomainName"",""#text"":""-""},{""@Name"":""TargetLogonId"",""#text"":""0x0""},{""@Name"":""ParentProcessName"",""#text"":""C:\\Program Files\\Google\\Chrome\\Application\\chrome.exe""},{""@Name"":""MandatoryLabel"",""#text"":""S-1-16-4096""}]}}"
35561,35561,2026-08-17 18:33:03.4328544,4688,LogAlways,Microsoft-Windows-Security-Auditing,Security,4,8896,disstestbedvm,428,,A new process has been created,WORKGROUP\DISSTESTBEDVM$,,Parent process: C:\Windows\System32\services.exe,PID: 0x364,Parent PID: 0x95C,Mandatory label: SECURITY_MANDATORY_SYSTEM_RID,Target User: -\-,,"C:\Program Files (x86)\Google\GoogleUpdater\152.0.7933.0\updater.exe ""C:\Program Files (x86)\Google\GoogleUpdater\152.0.7933.0\updater.exe"" --system --windows-service --service=update",False,D:\UOW\SEM3\msc-diss-7csef001w\scenarios\scenario_2\artefacts\event_logs\Security.evtx,Audit success,0,"{""EventData"":{""Data"":[{""@Name"":""SubjectUserSid"",""#text"":""S-1-5-18""},{""@Name"":""SubjectUserName"",""#text"":""DISSTESTBEDVM$""},{""@Name"":""SubjectDomainName"",""#text"":""WORKGROUP""},{""@Name"":""SubjectLogonId"",""#text"":""0x3E7""},{""@Name"":""NewProcessId"",""#text"":""0x95C""},{""@Name"":""NewProcessName"",""#text"":""C:\\Program Files (x86)\\Google\\GoogleUpdater\\152.0.7933.0\\updater.exe""},{""@Name"":""TokenElevationType"",""#text"":""%%1936""},{""@Name"":""ProcessId"",""#text"":""0x364""},{""@Name"":""CommandLine"",""#text"":""\""C:\\Program Files (x86)\\Google\\GoogleUpdater\\152.0.7933.0\\updater.exe\"" --system --windows-service --service=update""},{""@Name"":""TargetUserSid"",""#text"":""S-1-0-0""},{""@Name"":""TargetUserName"",""#text"":""-""},{""@Name"":""TargetDomainName"",""#text"":""-""},{""@Name"":""TargetLogonId"",""#text"":""0x0""},{""@Name"":""ParentProcessName"",""#text"":""C:\\Windows\\System32\\services.exe""},{""@Name"":""MandatoryLabel"",""#text"":""S-1-16-16384""}]}}"
35562,35562,2026-08-17 18:33:03.4563020,4688,LogAlways,Microsoft-Windows-Security-Auditing,Security,4,8896,disstestbedvm,428,,A new process has been created,WORKGROUP\DISSTESTBEDVM$,,Parent process: C:\Program Files (x86)\Google\GoogleUpdater\152.0.7933.0\updater.exe,PID: 0x95C,Parent PID: 0x67C,Mandatory label: SECURITY_MANDATORY_SYSTEM_RID,Target User: -\-,,"C:\Program Files (x86)\Google\GoogleUpdater\152.0.7933.0\updater.exe ""C:\Program Files (x86)\Google\GoogleUpdater\152.0.7933.0\updater.exe"" --crash-handler --system ""--database=C:\Program Files (x86)\Google\GoogleUpdater\152.0.7933.0\Crashpad"" --url=https://clients2.google.com/cr/report --annotation=prod=Update4 --annotation=ver=152.0.7933.0 ""--attachment=C:\Program Files (x86)\Google\GoogleUpdater\updater.log"" ""--attachment=C:\Program Files (x86)\Google\GoogleUpdater\updater_history.jsonl"" --initial-client-data=0x2c8,0x2cc,0x2d0,0x278,0x2d4,0xe61e40,0xe61e4c,0xe61e58",False,D:\UOW\SEM3\msc-diss-7csef001w\scenarios\scenario_2\artefacts\event_logs\Security.evtx,Audit success,0,"{""EventData"":{""Data"":[{""@Name"":""SubjectUserSid"",""#text"":""S-1-5-18""},{""@Name"":""SubjectUserName"",""#text"":""DISSTESTBEDVM$""},{""@Name"":""SubjectDomainName"",""#text"":""WORKGROUP""},{""@Name"":""SubjectLogonId"",""#text"":""0x3E7""},{""@Name"":""NewProcessId"",""#text"":""0x67C""},{""@Name"":""NewProcessName"",""#text"":""C:\\Program Files (x86)\\Google\\GoogleUpdater\\152.0.7933.0\\updater.exe""},{""@Name"":""TokenElevationType"",""#text"":""%%1936""},{""@Name"":""ProcessId"",""#text"":""0x95C""},{""@Name"":""CommandLine"",""#text"":""\""C:\\Program Files (x86)\\Google\\GoogleUpdater\\152.0.7933.0\\updater.exe\"" --crash-handler --system \""--database=C:\\Program Files (x86)\\Google\\GoogleUpdater\\152.0.7933.0\\Crashpad\"" --url=https://clients2.google.com/cr/report --annotation=prod=Update4 --annotation=ver=152.0.7933.0 \""--attachment=C:\\Program Files (x86)\\Google\\GoogleUpdater\\updater.log\"" \""--attachment=C:\\Program Files (x86)\\Google\\GoogleUpdater\\updater_history.jsonl\"" --initial-client-data=0x2c8,0x2cc,0x2d0,0x278,0x2d4,0xe61e40,0xe61e4c,0xe61e58""},{""@Name"":""TargetUserSid"",""#text"":""S-1-0-0""},{""@Name"":""TargetUserName"",""#text"":""-""},{""@Name"":""TargetDomainName"",""#text"":""-""},{""@Name"":""TargetLogonId"",""#text"":""0x0""},{""@Name"":""ParentProcessName"",""#text"":""C:\\Program Files (x86)\\Google\\GoogleUpdater\\152.0.7933.0\\updater.exe""},{""@Name"":""MandatoryLabel"",""#text"":""S-1-16-16384""}]}}"
35563,35563,2026-08-17 18:33:03.5243454,4689,LogAlways,Microsoft-Windows-Security-Auditing,Security,4,8896,disstestbedvm,428,,A process has exited,WORKGROUP\DISSTESTBEDVM$,,,PID: 0x95C,,,,,C:\Program Files (x86)\Google\GoogleUpdater\152.0.7933.0\updater.exe,False,D:\UOW\SEM3\msc-diss-7csef001w\scenarios\scenario_2\artefacts\event_logs\Security.evtx,Audit success,0,"{""EventData"":{""Data"":[{""@Name"":""SubjectUserSid"",""#text"":""S-1-5-18""},{""@Name"":""SubjectUserName"",""#text"":""DISSTESTBEDVM$""},{""@Name"":""SubjectDomainName"",""#text"":""WORKGROUP""},{""@Name"":""SubjectLogonId"",""#text"":""0x3E7""},{""@Name"":""Status"",""#text"":""0x0""},{""@Name"":""ProcessId"",""#text"":""0x95C""},{""@Name"":""ProcessName"",""#text"":""C:\\Program Files (x86)\\Google\\GoogleUpdater\\152.0.7933.0\\updater.exe""}]}}"
35564,35564,2026-08-17 18:33:03.5298356,4689,LogAlways,Microsoft-Windows-Security-Auditing,Security,4,6380,disstestbedvm,428,,A process has exited,WORKGROUP\DISSTESTBEDVM$,,,PID: 0x67C,,,,,C:\Program Files (x86)\Google\GoogleUpdater\152.0.7933.0\updater.exe,False,D:\UOW\SEM3\msc-diss-7csef001w\scenarios\scenario_2\artefacts\event_logs\Security.evtx,Audit success,0,"{""EventData"":{""Data"":[{""@Name"":""SubjectUserSid"",""#text"":""S-1-5-18""},{""@Name"":""SubjectUserName"",""#text"":""DISSTESTBEDVM$""},{""@Name"":""SubjectDomainName"",""#text"":""WORKGROUP""},{""@Name"":""SubjectLogonId"",""#text"":""0x3E7""},{""@Name"":""Status"",""#text"":""0x0""},{""@Name"":""ProcessId"",""#text"":""0x67C""},{""@Name"":""ProcessName"",""#text"":""C:\\Program Files (x86)\\Google\\GoogleUpdater\\152.0.7933.0\\updater.exe""}]}}"
35565,35565,2026-08-17 18:33:04.0797835,4688,LogAlways,Microsoft-Windows-Security-Auditing,Security,4,6416,disstestbedvm,428,,A new process has been created,WORKGROUP\DISSTESTBEDVM$,,Parent process: C:\Windows\System32\services.exe,PID: 0x364,Parent PID: 0x228C,Mandatory label: SECURITY_MANDATORY_SYSTEM_RID,Target User: -\-,,"C:\Program Files (x86)\Google\GoogleUpdater\152.0.7933.0\updater.exe ""C:\Program Files (x86)\Google\GoogleUpdater\152.0.7933.0\updater.exe"" --system --windows-service --service=update",False,D:\UOW\SEM3\msc-diss-7csef001w\scenarios\scenario_2\artefacts\event_logs\Security.evtx,Audit success,0,"{""EventData"":{""Data"":[{""@Name"":""SubjectUserSid"",""#text"":""S-1-5-18""},{""@Name"":""SubjectUserName"",""#text"":""DISSTESTBEDVM$""},{""@Name"":""SubjectDomainName"",""#text"":""WORKGROUP""},{""@Name"":""SubjectLogonId"",""#text"":""0x3E7""},{""@Name"":""NewProcessId"",""#text"":""0x228C""},{""@Name"":""NewProcessName"",""#text"":""C:\\Program Files (x86)\\Google\\GoogleUpdater\\152.0.7933.0\\updater.exe""},{""@Name"":""TokenElevationType"",""#text"":""%%1936""},{""@Name"":""ProcessId"",""#text"":""0x364""},{""@Name"":""CommandLine"",""#text"":""\""C:\\Program Files (x86)\\Google\\GoogleUpdater\\152.0.7933.0\\updater.exe\"" --system --windows-service --service=update""},{""@Name"":""TargetUserSid"",""#text"":""S-1-0-0""},{""@Name"":""TargetUserName"",""#text"":""-""},{""@Name"":""TargetDomainName"",""#text"":""-""},{""@Name"":""TargetLogonId"",""#text"":""0x0""},{""@Name"":""ParentProcessName"",""#text"":""C:\\Windows\\System32\\services.exe""},{""@Name"":""MandatoryLabel"",""#text"":""S-1-16-16384""}]}}"
35566,35566,2026-08-17 18:33:04.1034235,4688,LogAlways,Microsoft-Windows-Security-Auditing,Security,4,6416,disstestbedvm,428,,A new process has been created,WORKGROUP\DISSTESTBEDVM$,,Parent process: C:\Program Files (x86)\Google\GoogleUpdater\152.0.7933.0\updater.exe,PID: 0x228C,Parent PID: 0x1B38,Mandatory label: SECURITY_MANDATORY_SYSTEM_RID,Target User: -\-,,"C:\Program Files (x86)\Google\GoogleUpdater\152.0.7933.0\updater.exe ""C:\Program Files (x86)\Google\GoogleUpdater\152.0.7933.0\updater.exe"" --crash-handler --system ""--database=C:\Program Files (x86)\Google\GoogleUpdater\152.0.7933.0\Crashpad"" --url=https://clients2.google.com/cr/report --annotation=prod=Update4 --annotation=ver=152.0.7933.0 ""--attachment=C:\Program Files (x86)\Google\GoogleUpdater\updater.log"" ""--attachment=C:\Program Files (x86)\Google\GoogleUpdater\updater_history.jsonl"" --initial-client-data=0x2b4,0x2b8,0x2bc,0x2b0,0x2c0,0xe61e40,0xe61e4c,0xe61e58",False,D:\UOW\SEM3\msc-diss-7csef001w\scenarios\scenario_2\artefacts\event_logs\Security.evtx,Audit success,0,"{""EventData"":{""Data"":[{""@Name"":""SubjectUserSid"",""#text"":""S-1-5-18""},{""@Name"":""SubjectUserName"",""#text"":""DISSTESTBEDVM$""},{""@Name"":""SubjectDomainName"",""#text"":""WORKGROUP""},{""@Name"":""SubjectLogonId"",""#text"":""0x3E7""},{""@Name"":""NewProcessId"",""#text"":""0x1B38""},{""@Name"":""NewProcessName"",""#text"":""C:\\Program Files (x86)\\Google\\GoogleUpdater\\152.0.7933.0\\updater.exe""},{""@Name"":""TokenElevationType"",""#text"":""%%1936""},{""@Name"":""ProcessId"",""#text"":""0x228C""},{""@Name"":""CommandLine"",""#text"":""\""C:\\Program Files (x86)\\Google\\GoogleUpdater\\152.0.7933.0\\updater.exe\"" --crash-handler --system \""--database=C:\\Program Files (x86)\\Google\\GoogleUpdater\\152.0.7933.0\\Crashpad\"" --url=https://clients2.google.com/cr/report --annotation=prod=Update4 --annotation=ver=152.0.7933.0 \""--attachment=C:\\Program Files (x86)\\Google\\GoogleUpdater\\updater.log\"" \""--attachment=C:\\Program Files (x86)\\Google\\GoogleUpdater\\updater_history.jsonl\"" --initial-client-data=0x2b4,0x2b8,0x2bc,0x2b0,0x2c0,0xe61e40,0xe61e4c,0xe61e58""},{""@Name"":""TargetUserSid"",""#text"":""S-1-0-0""},{""@Name"":""TargetUserName"",""#text"":""-""},{""@Name"":""TargetDomainName"",""#text"":""-""},{""@Name"":""TargetLogonId"",""#text"":""0x0""},{""@Name"":""ParentProcessName"",""#text"":""C:\\Program Files (x86)\\Google\\GoogleUpdater\\152.0.7933.0\\updater.exe""},{""@Name"":""MandatoryLabel"",""#text"":""S-1-16-16384""}]}}"
35567,35567,2026-08-17 18:33:04.1594019,4689,LogAlways,Microsoft-Windows-Security-Auditing,Security,4,6416,disstestbedvm,428,,A process has exited,WORKGROUP\DISSTESTBEDVM$,,,PID: 0x228C,,,,,C:\Program Files (x86)\Google\GoogleUpdater\152.0.7933.0\updater.exe,False,D:\UOW\SEM3\msc-diss-7csef001w\scenarios\scenario_2\artefacts\event_logs\Security.evtx,Audit success,0,"{""EventData"":{""Data"":[{""@Name"":""SubjectUserSid"",""#text"":""S-1-5-18""},{""@Name"":""SubjectUserName"",""#text"":""DISSTESTBEDVM$""},{""@Name"":""SubjectDomainName"",""#text"":""WORKGROUP""},{""@Name"":""SubjectLogonId"",""#text"":""0x3E7""},{""@Name"":""Status"",""#text"":""0x0""},{""@Name"":""ProcessId"",""#text"":""0x228C""},{""@Name"":""ProcessName"",""#text"":""C:\\Program Files (x86)\\Google\\GoogleUpdater\\152.0.7933.0\\updater.exe""}]}}"
35568,35568,2026-08-17 18:33:04.1636073,4689,LogAlways,Microsoft-Windows-Security-Auditing,Security,4,6416,disstestbedvm,428,,A process has exited,WORKGROUP\DISSTESTBEDVM$,,,PID: 0x1B38,,,,,C:\Program Files (x86)\Google\GoogleUpdater\152.0.7933.0\updater.exe,False,D:\UOW\SEM3\msc-diss-7csef001w\scenarios\scenario_2\artefacts\event_logs\Security.evtx,Audit success,0,"{""EventData"":{""Data"":[{""@Name"":""SubjectUserSid"",""#text"":""S-1-5-18""},{""@Name"":""SubjectUserName"",""#text"":""DISSTESTBEDVM$""},{""@Name"":""SubjectDomainName"",""#text"":""WORKGROUP""},{""@Name"":""SubjectLogonId"",""#text"":""0x3E7""},{""@Name"":""Status"",""#text"":""0x0""},{""@Name"":""ProcessId"",""#text"":""0x1B38""},{""@Name"":""ProcessName"",""#text"":""C:\\Program Files (x86)\\Google\\GoogleUpdater\\152.0.7933.0\\updater.exe""}]}}"
35569,35569,2026-08-17 18:33:04.5100753,4688,LogAlways,Microsoft-Windows-Security-Auditing,Security,4,6416,disstestbedvm,428,,A new process has been created,WORKGROUP\DISSTESTBEDVM$,,Parent process: C:\Windows\System32\services.exe,PID: 0x364,Parent PID: 0x1DAC,Mandatory label: SECURITY_MANDATORY_SYSTEM_RID,Target User: -\-,,"C:\Program Files (x86)\Google\GoogleUpdater\152.0.7933.0\updater.exe ""C:\Program Files (x86)\Google\GoogleUpdater\152.0.7933.0\updater.exe"" --system --windows-service --service=update",False,D:\UOW\SEM3\msc-diss-7csef001w\scenarios\scenario_2\artefacts\event_logs\Security.evtx,Audit success,0,"{""EventData"":{""Data"":[{""@Name"":""SubjectUserSid"",""#text"":""S-1-5-18""},{""@Name"":""SubjectUserName"",""#text"":""DISSTESTBEDVM$""},{""@Name"":""SubjectDomainName"",""#text"":""WORKGROUP""},{""@Name"":""SubjectLogonId"",""#text"":""0x3E7""},{""@Name"":""NewProcessId"",""#text"":""0x1DAC""},{""@Name"":""NewProcessName"",""#text"":""C:\\Program Files (x86)\\Google\\GoogleUpdater\\152.0.7933.0\\updater.exe""},{""@Name"":""TokenElevationType"",""#text"":""%%1936""},{""@Name"":""ProcessId"",""#text"":""0x364""},{""@Name"":""CommandLine"",""#text"":""\""C:\\Program Files (x86)\\Google\\GoogleUpdater\\152.0.7933.0\\updater.exe\"" --system --windows-service --service=update""},{""@Name"":""TargetUserSid"",""#text"":""S-1-0-0""},{""@Name"":""TargetUserName"",""#text"":""-""},{""@Name"":""TargetDomainName"",""#text"":""-""},{""@Name"":""TargetLogonId"",""#text"":""0x0""},{""@Name"":""ParentProcessName"",""#text"":""C:\\Windows\\System32\\services.exe""},{""@Name"":""MandatoryLabel"",""#text"":""S-1-16-16384""}]}}"
35570,35570,2026-08-17 18:33:04.5362707,4688,LogAlways,Microsoft-Windows-Security-Auditing,Security,4,6416,disstestbedvm,428,,A new process has been created,WORKGROUP\DISSTESTBEDVM$,,Parent process: C:\Program Files (x86)\Google\GoogleUpdater\152.0.7933.0\updater.exe,PID: 0x1DAC,Parent PID: 0x1354,Mandatory label: SECURITY_MANDATORY_SYSTEM_RID,Target User: -\-,,"C:\Program Files (x86)\Google\GoogleUpdater\152.0.7933.0\updater.exe ""C:\Program Files (x86)\Google\GoogleUpdater\152.0.7933.0\updater.exe"" --crash-handler --system ""--database=C:\Program Files (x86)\Google\GoogleUpdater\152.0.7933.0\Crashpad"" --url=https://clients2.google.com/cr/report --annotation=prod=Update4 --annotation=ver=152.0.7933.0 ""--attachment=C:\Program Files (x86)\Google\GoogleUpdater\updater.log"" ""--attachment=C:\Program Files (x86)\Google\GoogleUpdater\updater_history.jsonl"" --initial-client-data=0x238,0x23c,0x2c8,0x234,0x2cc,0xe61e40,0xe61e4c,0xe61e58",False,D:\UOW\SEM3\msc-diss-7csef001w\scenarios\scenario_2\artefacts\event_logs\Security.evtx,Audit success,0,"{""EventData"":{""Data"":[{""@Name"":""SubjectUserSid"",""#text"":""S-1-5-18""},{""@Name"":""SubjectUserName"",""#text"":""DISSTESTBEDVM$""},{""@Name"":""SubjectDomainName"",""#text"":""WORKGROUP""},{""@Name"":""SubjectLogonId"",""#text"":""0x3E7""},{""@Name"":""NewProcessId"",""#text"":""0x1354""},{""@Name"":""NewProcessName"",""#text"":""C:\\Program Files (x86)\\Google\\GoogleUpdater\\152.0.7933.0\\updater.exe""},{""@Name"":""TokenElevationType"",""#text"":""%%1936""},{""@Name"":""ProcessId"",""#text"":""0x1DAC""},{""@Name"":""CommandLine"",""#text"":""\""C:\\Program Files (x86)\\Google\\GoogleUpdater\\152.0.7933.0\\updater.exe\"" --crash-handler --system \""--database=C:\\Program Files (x86)\\Google\\GoogleUpdater\\152.0.7933.0\\Crashpad\"" --url=https://clients2.google.com/cr/report --annotation=prod=Update4 --annotation=ver=152.0.7933.0 \""--attachment=C:\\Program Files (x86)\\Google\\GoogleUpdater\\updater.log\"" \""--attachment=C:\\Program Files (x86)\\Google\\GoogleUpdater\\updater_history.jsonl\"" --initial-client-data=0x238,0x23c,0x2c8,0x234,0x2cc,0xe61e40,0xe61e4c,0xe61e58""},{""@Name"":""TargetUserSid"",""#text"":""S-1-0-0""},{""@Name"":""TargetUserName"",""#text"":""-""},{""@Name"":""TargetDomainName"",""#text"":""-""},{""@Name"":""TargetLogonId"",""#text"":""0x0""},{""@Name"":""ParentProcessName"",""#text"":""C:\\Program Files (x86)\\Google\\GoogleUpdater\\152.0.7933.0\\updater.exe""},{""@Name"":""MandatoryLabel"",""#text"":""S-1-16-16384""}]}}"
35571,35571,2026-08-17 18:33:04.6000549,4689,LogAlways,Microsoft-Windows-Security-Auditing,Security,4,6416,disstestbedvm,428,,A process has exited,WORKGROUP\DISSTESTBEDVM$,,,PID: 0x1DAC,,,,,C:\Program Files (x86)\Google\GoogleUpdater\152.0.7933.0\updater.exe,False,D:\UOW\SEM3\msc-diss-7csef001w\scenarios\scenario_2\artefacts\event_logs\Security.evtx,Audit success,0,"{""EventData"":{""Data"":[{""@Name"":""SubjectUserSid"",""#text"":""S-1-5-18""},{""@Name"":""SubjectUserName"",""#text"":""DISSTESTBEDVM$""},{""@Name"":""SubjectDomainName"",""#text"":""WORKGROUP""},{""@Name"":""SubjectLogonId"",""#text"":""0x3E7""},{""@Name"":""Status"",""#text"":""0x0""},{""@Name"":""ProcessId"",""#text"":""0x1DAC""},{""@Name"":""ProcessName"",""#text"":""C:\\Program Files (x86)\\Google\\GoogleUpdater\\152.0.7933.0\\updater.exe""}]}}"
35572,35572,2026-08-17 18:33:04.6048878,4689,LogAlways,Microsoft-Windows-Security-Auditing,Security,4,8896,disstestbedvm,428,,A process has exited,WORKGROUP\DISSTESTBEDVM$,,,PID: 0x1354,,,,,C:\Program Files (x86)\Google\GoogleUpdater\152.0.7933.0\updater.exe,False,D:\UOW\SEM3\msc-diss-7csef001w\scenarios\scenario_2\artefacts\event_logs\Security.evtx,Audit success,0,"{""EventData"":{""Data"":[{""@Name"":""SubjectUserSid"",""#text"":""S-1-5-18""},{""@Name"":""SubjectUserName"",""#text"":""DISSTESTBEDVM$""},{""@Name"":""SubjectDomainName"",""#text"":""WORKGROUP""},{""@Name"":""SubjectLogonId"",""#text"":""0x3E7""},{""@Name"":""Status"",""#text"":""0x0""},{""@Name"":""ProcessId"",""#text"":""0x1354""},{""@Name"":""ProcessName"",""#text"":""C:\\Program Files (x86)\\Google\\GoogleUpdater\\152.0.7933.0\\updater.exe""}]}}"
35573,35573,2026-08-17 18:33:05.5703017,4688,LogAlways,Microsoft-Windows-Security-Auditing,Security,4,224,disstestbedvm,428,,A new process has been created,WORKGROUP\DISSTESTBEDVM$,,Parent process: C:\Windows\System32\services.exe,PID: 0x364,Parent PID: 0x122C,Mandatory label: SECURITY_MANDATORY_SYSTEM_RID,Target User: -\-,,"C:\Program Files (x86)\Google\GoogleUpdater\152.0.7933.0\updater.exe ""C:\Program Files (x86)\Google\GoogleUpdater\152.0.7933.0\updater.exe"" --system --windows-service --service=update",False,D:\UOW\SEM3\msc-diss-7csef001w\scenarios\scenario_2\artefacts\event_logs\Security.evtx,Audit success,0,"{""EventData"":{""Data"":[{""@Name"":""SubjectUserSid"",""#text"":""S-1-5-18""},{""@Name"":""SubjectUserName"",""#text"":""DISSTESTBEDVM$""},{""@Name"":""SubjectDomainName"",""#text"":""WORKGROUP""},{""@Name"":""SubjectLogonId"",""#text"":""0x3E7""},{""@Name"":""NewProcessId"",""#text"":""0x122C""},{""@Name"":""NewProcessName"",""#text"":""C:\\Program Files (x86)\\Google\\GoogleUpdater\\152.0.7933.0\\updater.exe""},{""@Name"":""TokenElevationType"",""#text"":""%%1936""},{""@Name"":""ProcessId"",""#text"":""0x364""},{""@Name"":""CommandLine"",""#text"":""\""C:\\Program Files (x86)\\Google\\GoogleUpdater\\152.0.7933.0\\updater.exe\"" --system --windows-service --service=update""},{""@Name"":""TargetUserSid"",""#text"":""S-1-0-0""},{""@Name"":""TargetUserName"",""#text"":""-""},{""@Name"":""TargetDomainName"",""#text"":""-""},{""@Name"":""TargetLogonId"",""#text"":""0x0""},{""@Name"":""ParentProcessName"",""#text"":""C:\\Windows\\System32\\services.exe""},{""@Name"":""MandatoryLabel"",""#text"":""S-1-16-16384""}]}}"
35574,35574,2026-08-17 18:33:05.5904305,4688,LogAlways,Microsoft-Windows-Security-Auditing,Security,4,224,disstestbedvm,428,,A new process has been created,WORKGROUP\DISSTESTBEDVM$,,Parent process: C:\Program Files (x86)\Google\GoogleUpdater\152.0.7933.0\updater.exe,PID: 0x122C,Parent PID: 0x1FF0,Mandatory label: SECURITY_MANDATORY_SYSTEM_RID,Target User: -\-,,"C:\Program Files (x86)\Google\GoogleUpdater\152.0.7933.0\updater.exe ""C:\Program Files (x86)\Google\GoogleUpdater\152.0.7933.0\updater.exe"" --crash-handler --system ""--database=C:\Program Files (x86)\Google\GoogleUpdater\152.0.7933.0\Crashpad"" --url=https://clients2.google.com/cr/report --annotation=prod=Update4 --annotation=ver=152.0.7933.0 ""--attachment=C:\Program Files (x86)\Google\GoogleUpdater\updater.log"" ""--attachment=C:\Program Files (x86)\Google\GoogleUpdater\updater_history.jsonl"" --initial-client-data=0x2b4,0x2b8,0x2bc,0x2b0,0x2c0,0xe61e40,0xe61e4c,0xe61e58",False,D:\UOW\SEM3\msc-diss-7csef001w\scenarios\scenario_2\artefacts\event_logs\Security.evtx,Audit success,0,"{""EventData"":{""Data"":[{""@Name"":""SubjectUserSid"",""#text"":""S-1-5-18""},{""@Name"":""SubjectUserName"",""#text"":""DISSTESTBEDVM$""},{""@Name"":""SubjectDomainName"",""#text"":""WORKGROUP""},{""@Name"":""SubjectLogonId"",""#text"":""0x3E7""},{""@Name"":""NewProcessId"",""#text"":""0x1FF0""},{""@Name"":""NewProcessName"",""#text"":""C:\\Program Files (x86)\\Google\\GoogleUpdater\\152.0.7933.0\\updater.exe""},{""@Name"":""TokenElevationType"",""#text"":""%%1936""},{""@Name"":""ProcessId"",""#text"":""0x122C""},{""@Name"":""CommandLine"",""#text"":""\""C:\\Program Files (x86)\\Google\\GoogleUpdater\\152.0.7933.0\\updater.exe\"" --crash-handler --system \""--database=C:\\Program Files (x86)\\Google\\GoogleUpdater\\152.0.7933.0\\Crashpad\"" --url=https://clients2.google.com/cr/report --annotation=prod=Update4 --annotation=ver=152.0.7933.0 \""--attachment=C:\\Program Files (x86)\\Google\\GoogleUpdater\\updater.log\"" \""--attachment=C:\\Program Files (x86)\\Google\\GoogleUpdater\\updater_history.jsonl\"" --initial-client-data=0x2b4,0x2b8,0x2bc,0x2b0,0x2c0,0xe61e40,0xe61e4c,0xe61e58""},{""@Name"":""TargetUserSid"",""#text"":""S-1-0-0""},{""@Name"":""TargetUserName"",""#text"":""-""},{""@Name"":""TargetDomainName"",""#text"":""-""},{""@Name"":""TargetLogonId"",""#text"":""0x0""},{""@Name"":""ParentProcessName"",""#text"":""C:\\Program Files (x86)\\Google\\GoogleUpdater\\152.0.7933.0\\updater.exe""},{""@Name"":""MandatoryLabel"",""#text"":""S-1-16-16384""}]}}"
35575,35575,2026-08-17 18:33:05.6383065,4689,LogAlways,Microsoft-Windows-Security-Auditing,Security,4,224,disstestbedvm,428,,A process has exited,WORKGROUP\DISSTESTBEDVM$,,,PID: 0x122C,,,,,C:\Program Files (x86)\Google\GoogleUpdater\152.0.7933.0\updater.exe,False,D:\UOW\SEM3\msc-diss-7csef001w\scenarios\scenario_2\artefacts\event_logs\Security.evtx,Audit success,0,"{""EventData"":{""Data"":[{""@Name"":""SubjectUserSid"",""#text"":""S-1-5-18""},{""@Name"":""SubjectUserName"",""#text"":""DISSTESTBEDVM$""},{""@Name"":""SubjectDomainName"",""#text"":""WORKGROUP""},{""@Name"":""SubjectLogonId"",""#text"":""0x3E7""},{""@Name"":""Status"",""#text"":""0x0""},{""@Name"":""ProcessId"",""#text"":""0x122C""},{""@Name"":""ProcessName"",""#text"":""C:\\Program Files (x86)\\Google\\GoogleUpdater\\152.0.7933.0\\updater.exe""}]}}"
35576,35576,2026-08-17 18:33:05.6423400,4689,LogAlways,Microsoft-Windows-Security-Auditing,Security,4,224,disstestbedvm,428,,A process has exited,WORKGROUP\DISSTESTBEDVM$,,,PID: 0x1FF0,,,,,C:\Program Files (x86)\Google\GoogleUpdater\152.0.7933.0\updater.exe,False,D:\UOW\SEM3\msc-diss-7csef001w\scenarios\scenario_2\artefacts\event_logs\Security.evtx,Audit success,0,"{""EventData"":{""Data"":[{""@Name"":""SubjectUserSid"",""#text"":""S-1-5-18""},{""@Name"":""SubjectUserName"",""#text"":""DISSTESTBEDVM$""},{""@Name"":""SubjectDomainName"",""#text"":""WORKGROUP""},{""@Name"":""SubjectLogonId"",""#text"":""0x3E7""},{""@Name"":""Status"",""#text"":""0x0""},{""@Name"":""ProcessId"",""#text"":""0x1FF0""},{""@Name"":""ProcessName"",""#text"":""C:\\Program Files (x86)\\Google\\GoogleUpdater\\152.0.7933.0\\updater.exe""}]}}"
35577,35577,2026-08-17 18:33:06.4148067,4689,LogAlways,Microsoft-Windows-Security-Auditing,Security,4,6380,disstestbedvm,428,,A process has exited,disstestbedvm\dfanalyst,,,PID: 0x1C28,,,,,C:\Program Files\Google\Chrome\Application\chrome.exe,False,D:\UOW\SEM3\msc-diss-7csef001w\scenarios\scenario_2\artefacts\event_logs\Security.evtx,Audit success,0,"{""EventData"":{""Data"":[{""@Name"":""SubjectUserSid"",""#text"":""S-1-5-21-4209295338-567392030-2519289182-1001""},{""@Name"":""SubjectUserName"",""#text"":""dfanalyst""},{""@Name"":""SubjectDomainName"",""#text"":""disstestbedvm""},{""@Name"":""SubjectLogonId"",""#text"":""0x1B772""},{""@Name"":""Status"",""#text"":""0x0""},{""@Name"":""ProcessId"",""#text"":""0x1C28""},{""@Name"":""ProcessName"",""#text"":""C:\\Program Files\\Google\\Chrome\\Application\\chrome.exe""}]}}"
35578,35578,2026-08-17 18:33:06.4148322,4689,LogAlways,Microsoft-Windows-Security-Auditing,Security,4,6380,disstestbedvm,428,,A process has exited,disstestbedvm\dfanalyst,,,PID: 0x1DA8,,,,,C:\Program Files\Google\Chrome\Application\chrome.exe,False,D:\UOW\SEM3\msc-diss-7csef001w\scenarios\scenario_2\artefacts\event_logs\Security.evtx,Audit success,0,"{""EventData"":{""Data"":[{""@Name"":""SubjectUserSid"",""#text"":""S-1-5-21-4209295338-567392030-2519289182-1001""},{""@Name"":""SubjectUserName"",""#text"":""dfanalyst""},{""@Name"":""SubjectDomainName"",""#text"":""disstestbedvm""},{""@Name"":""SubjectLogonId"",""#text"":""0x1B772""},{""@Name"":""Status"",""#text"":""0x0""},{""@Name"":""ProcessId"",""#text"":""0x1DA8""},{""@Name"":""ProcessName"",""#text"":""C:\\Program Files\\Google\\Chrome\\Application\\chrome.exe""}]}}"
35579,35579,2026-08-17 18:33:06.4273712,4689,LogAlways,Microsoft-Windows-Security-Auditing,Security,4,6380,disstestbedvm,428,,A process has exited,disstestbedvm\dfanalyst,,,PID: 0xB80,,,,,C:\Program Files\Google\Chrome\Application\chrome.exe,False,D:\UOW\SEM3\msc-diss-7csef001w\scenarios\scenario_2\artefacts\event_logs\Security.evtx,Audit success,0,"{""EventData"":{""Data"":[{""@Name"":""SubjectUserSid"",""#text"":""S-1-5-21-4209295338-567392030-2519289182-1001""},{""@Name"":""SubjectUserName"",""#text"":""dfanalyst""},{""@Name"":""SubjectDomainName"",""#text"":""disstestbedvm""},{""@Name"":""SubjectLogonId"",""#text"":""0x1B772""},{""@Name"":""Status"",""#text"":""0x0""},{""@Name"":""ProcessId"",""#text"":""0xB80""},{""@Name"":""ProcessName"",""#text"":""C:\\Program Files\\Google\\Chrome\\Application\\chrome.exe""}]}}"
35580,35580,2026-08-17 18:33:06.4651719,4689,LogAlways,Microsoft-Windows-Security-Auditing,Security,4,224,disstestbedvm,428,,A process has exited,disstestbedvm\dfanalyst,,,PID: 0x844,,,,,C:\Program Files\Google\Chrome\Application\chrome.exe,False,D:\UOW\SEM3\msc-diss-7csef001w\scenarios\scenario_2\artefacts\event_logs\Security.evtx,Audit success,0,"{""EventData"":{""Data"":[{""@Name"":""SubjectUserSid"",""#text"":""S-1-5-21-4209295338-567392030-2519289182-1001""},{""@Name"":""SubjectUserName"",""#text"":""dfanalyst""},{""@Name"":""SubjectDomainName"",""#text"":""disstestbedvm""},{""@Name"":""SubjectLogonId"",""#text"":""0x1B772""},{""@Name"":""Status"",""#text"":""0x0""},{""@Name"":""ProcessId"",""#text"":""0x844""},{""@Name"":""ProcessName"",""#text"":""C:\\Program Files\\Google\\Chrome\\Application\\chrome.exe""}]}}"
35581,35581,2026-08-17 18:33:06.4747771,4689,LogAlways,Microsoft-Windows-Security-Auditing,Security,4,224,disstestbedvm,428,,A process has exited,disstestbedvm\dfanalyst,,,PID: 0x1494,,,,,C:\Program Files\Google\Chrome\Application\chrome.exe,False,D:\UOW\SEM3\msc-diss-7csef001w\scenarios\scenario_2\artefacts\event_logs\Security.evtx,Audit success,0,"{""EventData"":{""Data"":[{""@Name"":""SubjectUserSid"",""#text"":""S-1-5-21-4209295338-567392030-2519289182-1001""},{""@Name"":""SubjectUserName"",""#text"":""dfanalyst""},{""@Name"":""SubjectDomainName"",""#text"":""disstestbedvm""},{""@Name"":""SubjectLogonId"",""#text"":""0x1B772""},{""@Name"":""Status"",""#text"":""0x0""},{""@Name"":""ProcessId"",""#text"":""0x1494""},{""@Name"":""ProcessName"",""#text"":""C:\\Program Files\\Google\\Chrome\\Application\\chrome.exe""}]}}"
35582,35582,2026-08-17 18:33:06.4771256,4689,LogAlways,Microsoft-Windows-Security-Auditing,Security,4,224,disstestbedvm,428,,A process has exited,disstestbedvm\dfanalyst,,,PID: 0x1A10,,,,,C:\Program Files\Google\Chrome\Application\chrome.exe,False,D:\UOW\SEM3\msc-diss-7csef001w\scenarios\scenario_2\artefacts\event_logs\Security.evtx,Audit success,0,"{""EventData"":{""Data"":[{""@Name"":""SubjectUserSid"",""#text"":""S-1-5-21-4209295338-567392030-2519289182-1001""},{""@Name"":""SubjectUserName"",""#text"":""dfanalyst""},{""@Name"":""SubjectDomainName"",""#text"":""disstestbedvm""},{""@Name"":""SubjectLogonId"",""#text"":""0x1B772""},{""@Name"":""Status"",""#text"":""0x0""},{""@Name"":""ProcessId"",""#text"":""0x1A10""},{""@Name"":""ProcessName"",""#text"":""C:\\Program Files\\Google\\Chrome\\Application\\chrome.exe""}]}}"
35583,35583,2026-08-17 18:33:06.4782835,4689,LogAlways,Microsoft-Windows-Security-Auditing,Security,4,224,disstestbedvm,428,,A process has exited,disstestbedvm\dfanalyst,,,PID: 0x2A4C,,,,,C:\Program Files\Google\Chrome\Application\chrome.exe,False,D:\UOW\SEM3\msc-diss-7csef001w\scenarios\scenario_2\artefacts\event_logs\Security.evtx,Audit success,0,"{""EventData"":{""Data"":[{""@Name"":""SubjectUserSid"",""#text"":""S-1-5-21-4209295338-567392030-2519289182-1001""},{""@Name"":""SubjectUserName"",""#text"":""dfanalyst""},{""@Name"":""SubjectDomainName"",""#text"":""disstestbedvm""},{""@Name"":""SubjectLogonId"",""#text"":""0x1B772""},{""@Name"":""Status"",""#text"":""0x0""},{""@Name"":""ProcessId"",""#text"":""0x2A4C""},{""@Name"":""ProcessName"",""#text"":""C:\\Program Files\\Google\\Chrome\\Application\\chrome.exe""}]}}"
35584,35584,2026-08-17 18:33:06.4828773,4689,LogAlways,Microsoft-Windows-Security-Auditing,Security,4,224,disstestbedvm,428,,A process has exited,disstestbedvm\dfanalyst,,,PID: 0x19E8,,,,,C:\Program Files\Google\Chrome\Application\chrome.exe,False,D:\UOW\SEM3\msc-diss-7csef001w\scenarios\scenario_2\artefacts\event_logs\Security.evtx,Audit success,0,"{""EventData"":{""Data"":[{""@Name"":""SubjectUserSid"",""#text"":""S-1-5-21-4209295338-567392030-2519289182-1001""},{""@Name"":""SubjectUserName"",""#text"":""dfanalyst""},{""@Name"":""SubjectDomainName"",""#text"":""disstestbedvm""},{""@Name"":""SubjectLogonId"",""#text"":""0x1B772""},{""@Name"":""Status"",""#text"":""0x0""},{""@Name"":""ProcessId"",""#text"":""0x19E8""},{""@Name"":""ProcessName"",""#text"":""C:\\Program Files\\Google\\Chrome\\Application\\chrome.exe""}]}}"
35585,35585,2026-08-17 18:33:06.4833608,4689,LogAlways,Microsoft-Windows-Security-Auditing,Security,4,224,disstestbedvm,428,,A process has exited,disstestbedvm\dfanalyst,,,PID: 0x29F8,,,,,C:\Program Files\Google\Chrome\Application\chrome.exe,False,D:\UOW\SEM3\msc-diss-7csef001w\scenarios\scenario_2\artefacts\event_logs\Security.evtx,Audit success,0,"{""EventData"":{""Data"":[{""@Name"":""SubjectUserSid"",""#text"":""S-1-5-21-4209295338-567392030-2519289182-1001""},{""@Name"":""SubjectUserName"",""#text"":""dfanalyst""},{""@Name"":""SubjectDomainName"",""#text"":""disstestbedvm""},{""@Name"":""SubjectLogonId"",""#text"":""0x1B772""},{""@Name"":""Status"",""#text"":""0x0""},{""@Name"":""ProcessId"",""#text"":""0x29F8""},{""@Name"":""ProcessName"",""#text"":""C:\\Program Files\\Google\\Chrome\\Application\\chrome.exe""}]}}"
35586,35586,2026-08-17 18:33:06.4835493,4689,LogAlways,Microsoft-Windows-Security-Auditing,Security,4,224,disstestbedvm,428,,A process has exited,disstestbedvm\dfanalyst,,,PID: 0x4E4,,,,,C:\Program Files\Google\Chrome\Application\chrome.exe,False,D:\UOW\SEM3\msc-diss-7csef001w\scenarios\scenario_2\artefacts\event_logs\Security.evtx,Audit success,0,"{""EventData"":{""Data"":[{""@Name"":""SubjectUserSid"",""#text"":""S-1-5-21-4209295338-567392030-2519289182-1001""},{""@Name"":""SubjectUserName"",""#text"":""dfanalyst""},{""@Name"":""SubjectDomainName"",""#text"":""disstestbedvm""},{""@Name"":""SubjectLogonId"",""#text"":""0x1B772""},{""@Name"":""Status"",""#text"":""0x0""},{""@Name"":""ProcessId"",""#text"":""0x4E4""},{""@Name"":""ProcessName"",""#text"":""C:\\Program Files\\Google\\Chrome\\Application\\chrome.exe""}]}}"
35587,35587,2026-08-17 18:33:06.5201152,4689,LogAlways,Microsoft-Windows-Security-Auditing,Security,4,6380,disstestbedvm,428,,A process has exited,disstestbedvm\dfanalyst,,,PID: 0x16FC,,,,,C:\Program Files\Google\Chrome\Application\chrome.exe,False,D:\UOW\SEM3\msc-diss-7csef001w\scenarios\scenario_2\artefacts\event_logs\Security.evtx,Audit success,0,"{""EventData"":{""Data"":[{""@Name"":""SubjectUserSid"",""#text"":""S-1-5-21-4209295338-567392030-2519289182-1001""},{""@Name"":""SubjectUserName"",""#text"":""dfanalyst""},{""@Name"":""SubjectDomainName"",""#text"":""disstestbedvm""},{""@Name"":""SubjectLogonId"",""#text"":""0x1B772""},{""@Name"":""Status"",""#text"":""0x0""},{""@Name"":""ProcessId"",""#text"":""0x16FC""},{""@Name"":""ProcessName"",""#text"":""C:\\Program Files\\Google\\Chrome\\Application\\chrome.exe""}]}}"
35588,35588,2026-08-17 18:33:06.5532359,4689,LogAlways,Microsoft-Windows-Security-Auditing,Security,4,6380,disstestbedvm,428,,A process has exited,disstestbedvm\dfanalyst,,,PID: 0x738,,,,,C:\Program Files\Google\Chrome\Application\chrome.exe,False,D:\UOW\SEM3\msc-diss-7csef001w\scenarios\scenario_2\artefacts\event_logs\Security.evtx,Audit success,0,"{""EventData"":{""Data"":[{""@Name"":""SubjectUserSid"",""#text"":""S-1-5-21-4209295338-567392030-2519289182-1001""},{""@Name"":""SubjectUserName"",""#text"":""dfanalyst""},{""@Name"":""SubjectDomainName"",""#text"":""disstestbedvm""},{""@Name"":""SubjectLogonId"",""#text"":""0x1B772""},{""@Name"":""Status"",""#text"":""0x0""},{""@Name"":""ProcessId"",""#text"":""0x738""},{""@Name"":""ProcessName"",""#text"":""C:\\Program Files\\Google\\Chrome\\Application\\chrome.exe""}]}}"
35592,35592,2026-08-17 18:34:16.5960596,5379,LogAlways,Microsoft-Windows-Security-Auditing,Security,888,8532,disstestbedvm,429,,,,,,,,,,,,False,D:\UOW\SEM3\msc-diss-7csef001w\scenarios\scenario_2\artefacts\event_logs\Security.evtx,Audit success,0,"{""EventData"":{""Data"":[{""@Name"":""SubjectUserSid"",""#text"":""S-1-5-21-4209295338-567392030-2519289182-1001""},{""@Name"":""SubjectUserName"",""#text"":""dfanalyst""},{""@Name"":""SubjectDomainName"",""#text"":""disstestbedvm""},{""@Name"":""SubjectLogonId"",""#text"":""0x1B772""},{""@Name"":""TargetName"",""#text"":""MicrosoftAccount:user=02fgkkqegieoagrb""},{""@Name"":""Type"",""#text"":""0""},{""@Name"":""CountOfCredentialsReturned"",""#text"":""0""},{""@Name"":""ReadOperation"",""#text"":""%%8100""},{""@Name"":""ReturnCode"",""#text"":""3221226021""},{""@Name"":""ProcessCreationTime"",""#text"":""2026-08-17 18:31:06.2287580""},{""@Name"":""ClientProcessId"",""#text"":""9236""}]}}"
35593,35593,2026-08-17 18:34:16.5963089,5379,LogAlways,Microsoft-Windows-Security-Auditing,Security,888,8532,disstestbedvm,429,,,,,,,,,,,,False,D:\UOW\SEM3\msc-diss-7csef001w\scenarios\scenario_2\artefacts\event_logs\Security.evtx,Audit success,0,"{""EventData"":{""Data"":[{""@Name"":""SubjectUserSid"",""#text"":""S-1-5-21-4209295338-567392030-2519289182-1001""},{""@Name"":""SubjectUserName"",""#text"":""dfanalyst""},{""@Name"":""SubjectDomainName"",""#text"":""disstestbedvm""},{""@Name"":""SubjectLogonId"",""#text"":""0x1B772""},{""@Name"":""TargetName"",""#text"":""WindowsLive:(token):name=02fgkkqegieoagrb;serviceuri=*""},{""@Name"":""Type"",""#text"":""0""},{""@Name"":""CountOfCredentialsReturned"",""#text"":""0""},{""@Name"":""ReadOperation"",""#text"":""%%8100""},{""@Name"":""ReturnCode"",""#text"":""3221226021""},{""@Name"":""ProcessCreationTime"",""#text"":""2026-08-17 18:31:06.2287580""},{""@Name"":""ClientProcessId"",""#text"":""9236""}]}}"
35594,35594,2026-08-17 18:34:16.5971917,5379,LogAlways,Microsoft-Windows-Security-Auditing,Security,888,8532,disstestbedvm,429,,,,,,,,,,,,False,D:\UOW\SEM3\msc-diss-7csef001w\scenarios\scenario_2\artefacts\event_logs\Security.evtx,Audit success,0,"{""EventData"":{""Data"":[{""@Name"":""SubjectUserSid"",""#text"":""S-1-5-21-4209295338-567392030-2519289182-1001""},{""@Name"":""SubjectUserName"",""#text"":""dfanalyst""},{""@Name"":""SubjectDomainName"",""#text"":""disstestbedvm""},{""@Name"":""SubjectLogonId"",""#text"":""0x1B772""},{""@Name"":""TargetName"",""#text"":""WindowsLive:(cert):name=02fgkkqegieoagrb;serviceuri=*""},{""@Name"":""Type"",""#text"":""0""},{""@Name"":""CountOfCredentialsReturned"",""#text"":""0""},{""@Name"":""ReadOperation"",""#text"":""%%8100""},{""@Name"":""ReturnCode"",""#text"":""3221226021""},{""@Name"":""ProcessCreationTime"",""#text"":""2026-08-17 18:31:06.2287580""},{""@Name"":""ClientProcessId"",""#text"":""9236""}]}}"
35595,35595,2026-08-17 18:34:16.6027334,5379,LogAlways,Microsoft-Windows-Security-Auditing,Security,888,976,disstestbedvm,429,,,,,,,,,,,,False,D:\UOW\SEM3\msc-diss-7csef001w\scenarios\scenario_2\artefacts\event_logs\Security.evtx,Audit success,0,"{""EventData"":{""Data"":[{""@Name"":""SubjectUserSid"",""#text"":""S-1-5-21-4209295338-567392030-2519289182-1001""},{""@Name"":""SubjectUserName"",""#text"":""dfanalyst""},{""@Name"":""SubjectDomainName"",""#text"":""disstestbedvm""},{""@Name"":""SubjectLogonId"",""#text"":""0x1B772""},{""@Name"":""TargetName"",""#text"":""MicrosoftAccount:user=02fgkkqegieoagrb""},{""@Name"":""Type"",""#text"":""0""},{""@Name"":""CountOfCredentialsReturned"",""#text"":""0""},{""@Name"":""ReadOperation"",""#text"":""%%8100""},{""@Name"":""ReturnCode"",""#text"":""3221226021""},{""@Name"":""ProcessCreationTime"",""#text"":""2026-08-17 18:31:06.2287580""},{""@Name"":""ClientProcessId"",""#text"":""9236""}]}}"
35596,35596,2026-08-17 18:34:17.7599502,4688,LogAlways,Microsoft-Windows-Security-Auditing,Security,4,1420,disstestbedvm,429,,A new process has been created,WORKGROUP\DISSTESTBEDVM$,,Parent process: C:\Windows\System32\svchost.exe,PID: 0x130,Parent PID: 0xBAC,Mandatory label: SECURITY_MANDATORY_MEDIUM_RID,Target User: disstestbedvm\dfanalyst,,C:\Windows\System32\dllhost.exe C:\WINDOWS\system32\DllHost.exe /Processid:{AB8902B4-09CA-4BB6-B78D-A8F59079A8D5},False,D:\UOW\SEM3\msc-diss-7csef001w\scenarios\scenario_2\artefacts\event_logs\Security.evtx,Audit success,0,"{""EventData"":{""Data"":[{""@Name"":""SubjectUserSid"",""#text"":""S-1-5-18""},{""@Name"":""SubjectUserName"",""#text"":""DISSTESTBEDVM$""},{""@Name"":""SubjectDomainName"",""#text"":""WORKGROUP""},{""@Name"":""SubjectLogonId"",""#text"":""0x3E7""},{""@Name"":""NewProcessId"",""#text"":""0xBAC""},{""@Name"":""NewProcessName"",""#text"":""C:\\Windows\\System32\\dllhost.exe""},{""@Name"":""TokenElevationType"",""#text"":""%%1938""},{""@Name"":""ProcessId"",""#text"":""0x130""},{""@Name"":""CommandLine"",""#text"":""C:\\WINDOWS\\system32\\DllHost.exe /Processid:{AB8902B4-09CA-4BB6-B78D-A8F59079A8D5}""},{""@Name"":""TargetUserSid"",""#text"":""S-1-5-21-4209295338-567392030-2519289182-1001""},{""@Name"":""TargetUserName"",""#text"":""dfanalyst""},{""@Name"":""TargetDomainName"",""#text"":""disstestbedvm""},{""@Name"":""TargetLogonId"",""#text"":""0x1B772""},{""@Name"":""ParentProcessName"",""#text"":""C:\\Windows\\System32\\svchost.exe""},{""@Name"":""MandatoryLabel"",""#text"":""S-1-16-8192""}]}}"
35597,35597,2026-08-17 18:34:18.3930327,4688,LogAlways,Microsoft-Windows-Security-Auditing,Security,4,2580,disstestbedvm,429,,A new process has been created,disstestbedvm\dfanalyst,,Parent process: C:\Windows\explorer.exe,PID: 0x1548,Parent PID: 0x520,Mandatory label: SECURITY_MANDATORY_MEDIUM_RID,Target User: -\-,,"C:\Program Files\WinRAR\WinRAR.exe ""C:\Program Files\WinRAR\WinRAR.exe"" ",False,D:\UOW\SEM3\msc-diss-7csef001w\scenarios\scenario_2\artefacts\event_logs\Security.evtx,Audit success,0,"{""EventData"":{""Data"":[{""@Name"":""SubjectUserSid"",""#text"":""S-1-5-21-4209295338-567392030-2519289182-1001""},{""@Name"":""SubjectUserName"",""#text"":""dfanalyst""},{""@Name"":""SubjectDomainName"",""#text"":""disstestbedvm""},{""@Name"":""SubjectLogonId"",""#text"":""0x1B772""},{""@Name"":""NewProcessId"",""#text"":""0x520""},{""@Name"":""NewProcessName"",""#text"":""C:\\Program Files\\WinRAR\\WinRAR.exe""},{""@Name"":""TokenElevationType"",""#text"":""%%1938""},{""@Name"":""ProcessId"",""#text"":""0x1548""},{""@Name"":""CommandLine"",""#text"":""\""C:\\Program Files\\WinRAR\\WinRAR.exe\"" ""},{""@Name"":""TargetUserSid"",""#text"":""S-1-0-0""},{""@Name"":""TargetUserName"",""#text"":""-""},{""@Name"":""TargetDomainName"",""#text"":""-""},{""@Name"":""TargetLogonId"",""#text"":""0x0""},{""@Name"":""ParentProcessName"",""#text"":""C:\\Windows\\explorer.exe""},{""@Name"":""MandatoryLabel"",""#text"":""S-1-16-8192""}]}}"
35598,35598,2026-08-17 18:34:18.5853436,4688,LogAlways,Microsoft-Windows-Security-Auditing,Security,4,2580,disstestbedvm,429,,A new process has been created,disstestbedvm\dfanalyst,,Parent process: C:\Program Files\WinRAR\WinRAR.exe,PID: 0x520,Parent PID: 0x12A0,Mandatory label: SECURITY_MANDATORY_MEDIUM_RID,Target User: -\-,,"C:\Program Files\WinRAR\RarExtInstaller.exe ""C:\Program Files\WinRAR\RarExtInstaller.exe"" -install",False,D:\UOW\SEM3\msc-diss-7csef001w\scenarios\scenario_2\artefacts\event_logs\Security.evtx,Audit success,0,"{""EventData"":{""Data"":[{""@Name"":""SubjectUserSid"",""#text"":""S-1-5-21-4209295338-567392030-2519289182-1001""},{""@Name"":""SubjectUserName"",""#text"":""dfanalyst""},{""@Name"":""SubjectDomainName"",""#text"":""disstestbedvm""},{""@Name"":""SubjectLogonId"",""#text"":""0x1B772""},{""@Name"":""NewProcessId"",""#text"":""0x12A0""},{""@Name"":""NewProcessName"",""#text"":""C:\\Program Files\\WinRAR\\RarExtInstaller.exe""},{""@Name"":""TokenElevationType"",""#text"":""%%1938""},{""@Name"":""ProcessId"",""#text"":""0x520""},{""@Name"":""CommandLine"",""#text"":""\""C:\\Program Files\\WinRAR\\RarExtInstaller.exe\"" -install""},{""@Name"":""TargetUserSid"",""#text"":""S-1-0-0""},{""@Name"":""TargetUserName"",""#text"":""-""},{""@Name"":""TargetDomainName"",""#text"":""-""},{""@Name"":""TargetLogonId"",""#text"":""0x0""},{""@Name"":""ParentProcessName"",""#text"":""C:\\Program Files\\WinRAR\\WinRAR.exe""},{""@Name"":""MandatoryLabel"",""#text"":""S-1-16-8192""}]}}"
35599,35599,2026-08-17 18:34:18.7699225,4798,LogAlways,Microsoft-Windows-Security-Auditing,Security,888,976,disstestbedvm,429,,A user's local group membership was enumerated,disstestbedvm\dfanalyst (S-1-5-21-4209295338-567392030-2519289182-1001),,Target: disstestbedvm\dfanalyst (S-1-5-21-4209295338-567392030-2519289182-1001),SubjectLogonId: 0x1B772,CallerProcessName: C:\Program Files\WinRAR\WinRAR.exe,CallerProcessId: 0x520,,,,False,D:\UOW\SEM3\msc-diss-7csef001w\scenarios\scenario_2\artefacts\event_logs\Security.evtx,Audit success,0,"{""EventData"":{""Data"":[{""@Name"":""TargetUserName"",""#text"":""dfanalyst""},{""@Name"":""TargetDomainName"",""#text"":""disstestbedvm""},{""@Name"":""TargetSid"",""#text"":""S-1-5-21-4209295338-567392030-2519289182-1001""},{""@Name"":""SubjectUserSid"",""#text"":""S-1-5-21-4209295338-567392030-2519289182-1001""},{""@Name"":""SubjectUserName"",""#text"":""dfanalyst""},{""@Name"":""SubjectDomainName"",""#text"":""disstestbedvm""},{""@Name"":""SubjectLogonId"",""#text"":""0x1B772""},{""@Name"":""CallerProcessId"",""#text"":""0x520""},{""@Name"":""CallerProcessName"",""#text"":""C:\\Program Files\\WinRAR\\WinRAR.exe""}]}}"
35600,35600,2026-08-17 18:34:18.8162727,4689,LogAlways,Microsoft-Windows-Security-Auditing,Security,4,1420,disstestbedvm,429,,A process has exited,disstestbedvm\dfanalyst,,,PID: 0x12A0,,,,,C:\Program Files\WinRAR\RarExtInstaller.exe,False,D:\UOW\SEM3\msc-diss-7csef001w\scenarios\scenario_2\artefacts\event_logs\Security.evtx,Audit success,0,"{""EventData"":{""Data"":[{""@Name"":""SubjectUserSid"",""#text"":""S-1-5-21-4209295338-567392030-2519289182-1001""},{""@Name"":""SubjectUserName"",""#text"":""dfanalyst""},{""@Name"":""SubjectDomainName"",""#text"":""disstestbedvm""},{""@Name"":""SubjectLogonId"",""#text"":""0x1B772""},{""@Name"":""Status"",""#text"":""0x0""},{""@Name"":""ProcessId"",""#text"":""0x12A0""},{""@Name"":""ProcessName"",""#text"":""C:\\Program Files\\WinRAR\\RarExtInstaller.exe""}]}}"
35601,35601,2026-08-17 18:34:18.9994312,4688,LogAlways,Microsoft-Windows-Security-Auditing,Security,4,6380,disstestbedvm,429,,A new process has been created,disstestbedvm\dfanalyst,,Parent process: C:\Program Files\WinRAR\WinRAR.exe,PID: 0x520,Parent PID: 0x1970,Mandatory label: SECURITY_MANDATORY_MEDIUM_RID,Target User: -\-,,"C:\Program Files (x86)\Microsoft\EdgeWebView\Application\151.0.4129.86\msedgewebview2.exe ""C:\Program Files (x86)\Microsoft\EdgeWebView\Application\151.0.4129.86\msedgewebview2.exe"" --embedded-browser-webview=1 --webview-exe-name=WinRAR.exe --webview-exe-version=7.23.0 --user-data-dir=""C:\Users\DFANAL~1\AppData\Local\Temp\WinRAR.exe.WebView2\EBWebView"" --noerrdialogs --embedded-browser-webview-dpi-awareness=1 --mojo-named-platform-channel-pipe=1312.7396.2687396299793325351 /pfhostedapp:aa373e6f3028dba0be7f26d7c9ef58c9780c7877",False,D:\UOW\SEM3\msc-diss-7csef001w\scenarios\scenario_2\artefacts\event_logs\Security.evtx,Audit success,0,"{""EventData"":{""Data"":[{""@Name"":""SubjectUserSid"",""#text"":""S-1-5-21-4209295338-567392030-2519289182-1001""},{""@Name"":""SubjectUserName"",""#text"":""dfanalyst""},{""@Name"":""SubjectDomainName"",""#text"":""disstestbedvm""},{""@Name"":""SubjectLogonId"",""#text"":""0x1B772""},{""@Name"":""NewProcessId"",""#text"":""0x1970""},{""@Name"":""NewProcessName"",""#text"":""C:\\Program Files (x86)\\Microsoft\\EdgeWebView\\Application\\151.0.4129.86\\msedgewebview2.exe""},{""@Name"":""TokenElevationType"",""#text"":""%%1938""},{""@Name"":""ProcessId"",""#text"":""0x520""},{""@Name"":""CommandLine"",""#text"":""\""C:\\Program Files (x86)\\Microsoft\\EdgeWebView\\Application\\151.0.4129.86\\msedgewebview2.exe\"" --embedded-browser-webview=1 --webview-exe-name=WinRAR.exe --webview-exe-version=7.23.0 --user-data-dir=\""C:\\Users\\DFANAL~1\\AppData\\Local\\Temp\\WinRAR.exe.WebView2\\EBWebView\"" --noerrdialogs --embedded-browser-webview-dpi-awareness=1 --mojo-named-platform-channel-pipe=1312.7396.2687396299793325351 /pfhostedapp:aa373e6f3028dba0be7f26d7c9ef58c9780c7877""},{""@Name"":""TargetUserSid"",""#text"":""S-1-0-0""},{""@Name"":""TargetUserName"",""#text"":""-""},{""@Name"":""TargetDomainName"",""#text"":""-""},{""@Name"":""TargetLogonId"",""#text"":""0x0""},{""@Name"":""ParentProcessName"",""#text"":""C:\\Program Files\\WinRAR\\WinRAR.exe""},{""@Name"":""MandatoryLabel"",""#text"":""S-1-16-8192""}]}}"
35602,35602,2026-08-17 18:34:19.0319348,4688,LogAlways,Microsoft-Windows-Security-Auditing,Security,4,2584,disstestbedvm,429,,A new process has been created,disstestbedvm\dfanalyst,,Parent process: C:\Program Files (x86)\Microsoft\EdgeWebView\Application\151.0.4129.86\msedgewebview2.exe,PID: 0x1970,Parent PID: 0x2AAC,Mandatory label: SECURITY_MANDATORY_MEDIUM_RID,Target User: -\-,,"C:\Program Files (x86)\Microsoft\EdgeWebView\Application\151.0.4129.86\msedgewebview2.exe ""C:\Program Files (x86)\Microsoft\EdgeWebView\Application\151.0.4129.86\msedgewebview2.exe"" --type=crashpad-handler --user-data-dir=C:\Users\DFANAL~1\AppData\Local\Temp\WinRAR.exe.WebView2\EBWebView /prefetch:4 /pfhostedapp:aa373e6f3028dba0be7f26d7c9ef58c9780c7877 --monitor-self-annotation=ptype=crashpad-handler --database=C:\Users\DFANAL~1\AppData\Local\Temp\WinRAR.exe.WebView2\EBWebView\Crashpad --annotation=IsOfficialBuild=1 --annotation=channel= --annotation=chromium-version=151.0.7922.138 ""--annotation=exe=C:\Program Files (x86)\Microsoft\EdgeWebView\Application\151.0.4129.86\msedgewebview2.exe"" --annotation=plat=Win64 ""--annotation=prod=Edge WebView2"" --annotation=ver=151.0.4129.86 --initial-client-data=0x198,0x19c,0x1a0,0x170,0x17c,0x7ffc3d3165f0,0x7ffc3d316600,0x7ffc3d316610",False,D:\UOW\SEM3\msc-diss-7csef001w\scenarios\scenario_2\artefacts\event_logs\Security.evtx,Audit success,0,"{""EventData"":{""Data"":[{""@Name"":""SubjectUserSid"",""#text"":""S-1-5-21-4209295338-567392030-2519289182-1001""},{""@Name"":""SubjectUserName"",""#text"":""dfanalyst""},{""@Name"":""SubjectDomainName"",""#text"":""disstestbedvm""},{""@Name"":""SubjectLogonId"",""#text"":""0x1B772""},{""@Name"":""NewProcessId"",""#text"":""0x2AAC""},{""@Name"":""NewProcessName"",""#text"":""C:\\Program Files (x86)\\Microsoft\\EdgeWebView\\Application\\151.0.4129.86\\msedgewebview2.exe""},{""@Name"":""TokenElevationType"",""#text"":""%%1938""},{""@Name"":""ProcessId"",""#text"":""0x1970""},{""@Name"":""CommandLine"",""#text"":""\""C:\\Program Files (x86)\\Microsoft\\EdgeWebView\\Application\\151.0.4129.86\\msedgewebview2.exe\"" --type=crashpad-handler --user-data-dir=C:\\Users\\DFANAL~1\\AppData\\Local\\Temp\\WinRAR.exe.WebView2\\EBWebView /prefetch:4 /pfhostedapp:aa373e6f3028dba0be7f26d7c9ef58c9780c7877 --monitor-self-annotation=ptype=crashpad-handler --database=C:\\Users\\DFANAL~1\\AppData\\Local\\Temp\\WinRAR.exe.WebView2\\EBWebView\\Crashpad --annotation=IsOfficialBuild=1 --annotation=channel= --annotation=chromium-version=151.0.7922.138 \""--annotation=exe=C:\\Program Files (x86)\\Microsoft\\EdgeWebView\\Application\\151.0.4129.86\\msedgewebview2.exe\"" --annotation=plat=Win64 \""--annotation=prod=Edge WebView2\"" --annotation=ver=151.0.4129.86 --initial-client-data=0x198,0x19c,0x1a0,0x170,0x17c,0x7ffc3d3165f0,0x7ffc3d316600,0x7ffc3d316610""},{""@Name"":""TargetUserSid"",""#text"":""S-1-0-0""},{""@Name"":""TargetUserName"",""#text"":""-""},{""@Name"":""TargetDomainName"",""#text"":""-""},{""@Name"":""TargetLogonId"",""#text"":""0x0""},{""@Name"":""ParentProcessName"",""#text"":""C:\\Program Files (x86)\\Microsoft\\EdgeWebView\\Application\\151.0.4129.86\\msedgewebview2.exe""},{""@Name"":""MandatoryLabel"",""#text"":""S-1-16-8192""}]}}"
35603,35603,2026-08-17 18:34:19.2107197,4688,LogAlways,Microsoft-Windows-Security-Auditing,Security,4,1420,disstestbedvm,429,,A new process has been created,disstestbedvm\dfanalyst,,Parent process: C:\Program Files (x86)\Microsoft\EdgeWebView\Application\151.0.4129.86\msedgewebview2.exe,PID: 0x1970,Parent PID: 0xA90,Mandatory label: SECURITY_MANDATORY_LOW_RID,Target User: -\-,,"C:\Program Files (x86)\Microsoft\EdgeWebView\Application\151.0.4129.86\msedgewebview2.exe ""C:\Program Files (x86)\Microsoft\EdgeWebView\Application\151.0.4129.86\msedgewebview2.exe"" --type=gpu-process --noerrdialogs --user-data-dir=""C:\Users\DFANAL~1\AppData\Local\Temp\WinRAR.exe.WebView2\EBWebView"" --webview-exe-name=WinRAR.exe --webview-exe-version=7.23.0 --embedded-browser-webview=1 --embedded-browser-webview-dpi-awareness=1 --gpu-preferences=WAAAAAAAAADgAAAEAAAAAAAAAAAAAGAAQAAAAAAAAAADAAAAAAAAADgAAAAAAAAAAAAAAAAAAAACAAAAAAAAAAAAAAAAAAAAKAAAAAAAAAAoAAAAAAAAAAgAAAAAAAAAEAAAAAIAAAABAAAAAAAAAAgAAAAAAAAACAAAAAAAAAA= --startup-read-main-dll --metrics-shmem-handle=1840,i,6127540997560419254,13723424618034428987,262144 --field-trial-handle=1928,i,12363751807630280306,8022082006658837876,262144 --variations-seed-version --pseudonymization-salt-handle=1880,i,14715232930922089577,5719575497044420013,4 --trace-process-track-uuid=3190708988185955192 --mojo-platform-channel-handle=1960 /prefetch:2 /pfhostedapp:aa373e6f3028dba0be7f26d7c9ef58c9780c7877",False,D:\UOW\SEM3\msc-diss-7csef001w\scenarios\scenario_2\artefacts\event_logs\Security.evtx,Audit success,0,"{""EventData"":{""Data"":[{""@Name"":""SubjectUserSid"",""#text"":""S-1-5-21-4209295338-567392030-2519289182-1001""},{""@Name"":""SubjectUserName"",""#text"":""dfanalyst""},{""@Name"":""SubjectDomainName"",""#text"":""disstestbedvm""},{""@Name"":""SubjectLogonId"",""#text"":""0x1B772""},{""@Name"":""NewProcessId"",""#text"":""0xA90""},{""@Name"":""NewProcessName"",""#text"":""C:\\Program Files (x86)\\Microsoft\\EdgeWebView\\Application\\151.0.4129.86\\msedgewebview2.exe""},{""@Name"":""TokenElevationType"",""#text"":""%%1938""},{""@Name"":""ProcessId"",""#text"":""0x1970""},{""@Name"":""CommandLine"",""#text"":""\""C:\\Program Files (x86)\\Microsoft\\EdgeWebView\\Application\\151.0.4129.86\\msedgewebview2.exe\"" --type=gpu-process --noerrdialogs --user-data-dir=\""C:\\Users\\DFANAL~1\\AppData\\Local\\Temp\\WinRAR.exe.WebView2\\EBWebView\"" --webview-exe-name=WinRAR.exe --webview-exe-version=7.23.0 --embedded-browser-webview=1 --embedded-browser-webview-dpi-awareness=1 --gpu-preferences=WAAAAAAAAADgAAAEAAAAAAAAAAAAAGAAQAAAAAAAAAADAAAAAAAAADgAAAAAAAAAAAAAAAAAAAACAAAAAAAAAAAAAAAAAAAAKAAAAAAAAAAoAAAAAAAAAAgAAAAAAAAAEAAAAAIAAAABAAAAAAAAAAgAAAAAAAAACAAAAAAAAAA= --startup-read-main-dll --metrics-shmem-handle=1840,i,6127540997560419254,13723424618034428987,262144 --field-trial-handle=1928,i,12363751807630280306,8022082006658837876,262144 --variations-seed-version --pseudonymization-salt-handle=1880,i,14715232930922089577,5719575497044420013,4 --trace-process-track-uuid=3190708988185955192 --mojo-platform-channel-handle=1960 /prefetch:2 /pfhostedapp:aa373e6f3028dba0be7f26d7c9ef58c9780c7877""},{""@Name"":""TargetUserSid"",""#text"":""S-1-0-0""},{""@Name"":""TargetUserName"",""#text"":""-""},{""@Name"":""TargetDomainName"",""#text"":""-""},{""@Name"":""TargetLogonId"",""#text"":""0x0""},{""@Name"":""ParentProcessName"",""#text"":""C:\\Program Files (x86)\\Microsoft\\EdgeWebView\\Application\\151.0.4129.86\\msedgewebview2.exe""},{""@Name"":""MandatoryLabel"",""#text"":""S-1-16-4096""}]}}"
35604,35604,2026-08-17 18:34:19.2117347,4688,LogAlways,Microsoft-Windows-Security-Auditing,Security,4,1420,disstestbedvm,429,,A new process has been created,disstestbedvm\dfanalyst,,Parent process: C:\Program Files (x86)\Microsoft\EdgeWebView\Application\151.0.4129.86\msedgewebview2.exe,PID: 0x1970,Parent PID: 0x2B64,Mandatory label: SECURITY_MANDATORY_MEDIUM_RID,Target User: -\-,,"C:\Program Files (x86)\Microsoft\EdgeWebView\Application\151.0.4129.86\msedgewebview2.exe ""C:\Program Files (x86)\Microsoft\EdgeWebView\Application\151.0.4129.86\msedgewebview2.exe"" --type=utility --utility-sub-type=network.mojom.NetworkService --lang=en-US --service-sandbox-type=none --noerrdialogs --user-data-dir=""C:\Users\DFANAL~1\AppData\Local\Temp\WinRAR.exe.WebView2\EBWebView"" --webview-exe-name=WinRAR.exe --webview-exe-version=7.23.0 --embedded-browser-webview=1 --embedded-browser-webview-dpi-awareness=1 --startup-read-main-dll --metrics-shmem-handle=2136,i,10946956968810301549,6237606081975691604,524288 --field-trial-handle=1928,i,12363751807630280306,8022082006658837876,262144 --variations-seed-version --pseudonymization-salt-handle=1880,i,14715232930922089577,5719575497044420013,4 --trace-process-track-uuid=3190708989122997041 --mojo-platform-channel-handle=2144 /prefetch:11 /pfhostedapp:aa373e6f3028dba0be7f26d7c9ef58c9780c7877",False,D:\UOW\SEM3\msc-diss-7csef001w\scenarios\scenario_2\artefacts\event_logs\Security.evtx,Audit success,0,"{""EventData"":{""Data"":[{""@Name"":""SubjectUserSid"",""#text"":""S-1-5-21-4209295338-567392030-2519289182-1001""},{""@Name"":""SubjectUserName"",""#text"":""dfanalyst""},{""@Name"":""SubjectDomainName"",""#text"":""disstestbedvm""},{""@Name"":""SubjectLogonId"",""#text"":""0x1B772""},{""@Name"":""NewProcessId"",""#text"":""0x2B64""},{""@Name"":""NewProcessName"",""#text"":""C:\\Program Files (x86)\\Microsoft\\EdgeWebView\\Application\\151.0.4129.86\\msedgewebview2.exe""},{""@Name"":""TokenElevationType"",""#text"":""%%1938""},{""@Name"":""ProcessId"",""#text"":""0x1970""},{""@Name"":""CommandLine"",""#text"":""\""C:\\Program Files (x86)\\Microsoft\\EdgeWebView\\Application\\151.0.4129.86\\msedgewebview2.exe\"" --type=utility --utility-sub-type=network.mojom.NetworkService --lang=en-US --service-sandbox-type=none --noerrdialogs --user-data-dir=\""C:\\Users\\DFANAL~1\\AppData\\Local\\Temp\\WinRAR.exe.WebView2\\EBWebView\"" --webview-exe-name=WinRAR.exe --webview-exe-version=7.23.0 --embedded-browser-webview=1 --embedded-browser-webview-dpi-awareness=1 --startup-read-main-dll --metrics-shmem-handle=2136,i,10946956968810301549,6237606081975691604,524288 --field-trial-handle=1928,i,12363751807630280306,8022082006658837876,262144 --variations-seed-version --pseudonymization-salt-handle=1880,i,14715232930922089577,5719575497044420013,4 --trace-process-track-uuid=3190708989122997041 --mojo-platform-channel-handle=2144 /prefetch:11 /pfhostedapp:aa373e6f3028dba0be7f26d7c9ef58c9780c7877""},{""@Name"":""TargetUserSid"",""#text"":""S-1-0-0""},{""@Name"":""TargetUserName"",""#text"":""-""},{""@Name"":""TargetDomainName"",""#text"":""-""},{""@Name"":""TargetLogonId"",""#text"":""0x0""},{""@Name"":""ParentProcessName"",""#text"":""C:\\Program Files (x86)\\Microsoft\\EdgeWebView\\Application\\151.0.4129.86\\msedgewebview2.exe""},{""@Name"":""MandatoryLabel"",""#text"":""S-1-16-8192""}]}}"
35605,35605,2026-08-17 18:34:19.2582296,4688,LogAlways,Microsoft-Windows-Security-Auditing,Security,4,6388,disstestbedvm,429,,A new process has been created,disstestbedvm\dfanalyst,,Parent process: C:\Program Files (x86)\Microsoft\EdgeWebView\Application\151.0.4129.86\msedgewebview2.exe,PID: 0x1970,Parent PID: 0x228C,Mandatory label: SECURITY_MANDATORY_LOW_RID,Target User: -\-,,"C:\Program Files (x86)\Microsoft\EdgeWebView\Application\151.0.4129.86\msedgewebview2.exe ""C:\Program Files (x86)\Microsoft\EdgeWebView\Application\151.0.4129.86\msedgewebview2.exe"" --type=utility --utility-sub-type=storage.mojom.StorageService --lang=en-US --service-sandbox-type=service --noerrdialogs --user-data-dir=""C:\Users\DFANAL~1\AppData\Local\Temp\WinRAR.exe.WebView2\EBWebView"" --webview-exe-name=WinRAR.exe --webview-exe-version=7.23.0 --embedded-browser-webview=1 --embedded-browser-webview-dpi-awareness=1 --startup-read-main-dll --metrics-shmem-handle=2520,i,2394862794699099404,2000080969282843493,524288 --field-trial-handle=1928,i,12363751807630280306,8022082006658837876,262144 --variations-seed-version --pseudonymization-salt-handle=1880,i,14715232930922089577,5719575497044420013,4 --trace-process-track-uuid=3190708990060038890 --mojo-platform-channel-handle=2536 /prefetch:13 /pfhostedapp:aa373e6f3028dba0be7f26d7c9ef58c9780c7877",False,D:\UOW\SEM3\msc-diss-7csef001w\scenarios\scenario_2\artefacts\event_logs\Security.evtx,Audit success,0,"{""EventData"":{""Data"":[{""@Name"":""SubjectUserSid"",""#text"":""S-1-5-21-4209295338-567392030-2519289182-1001""},{""@Name"":""SubjectUserName"",""#text"":""dfanalyst""},{""@Name"":""SubjectDomainName"",""#text"":""disstestbedvm""},{""@Name"":""SubjectLogonId"",""#text"":""0x1B772""},{""@Name"":""NewProcessId"",""#text"":""0x228C""},{""@Name"":""NewProcessName"",""#text"":""C:\\Program Files (x86)\\Microsoft\\EdgeWebView\\Application\\151.0.4129.86\\msedgewebview2.exe""},{""@Name"":""TokenElevationType"",""#text"":""%%1938""},{""@Name"":""ProcessId"",""#text"":""0x1970""},{""@Name"":""CommandLine"",""#text"":""\""C:\\Program Files (x86)\\Microsoft\\EdgeWebView\\Application\\151.0.4129.86\\msedgewebview2.exe\"" --type=utility --utility-sub-type=storage.mojom.StorageService --lang=en-US --service-sandbox-type=service --noerrdialogs --user-data-dir=\""C:\\Users\\DFANAL~1\\AppData\\Local\\Temp\\WinRAR.exe.WebView2\\EBWebView\"" --webview-exe-name=WinRAR.exe --webview-exe-version=7.23.0 --embedded-browser-webview=1 --embedded-browser-webview-dpi-awareness=1 --startup-read-main-dll --metrics-shmem-handle=2520,i,2394862794699099404,2000080969282843493,524288 --field-trial-handle=1928,i,12363751807630280306,8022082006658837876,262144 --variations-seed-version --pseudonymization-salt-handle=1880,i,14715232930922089577,5719575497044420013,4 --trace-process-track-uuid=3190708990060038890 --mojo-platform-channel-handle=2536 /prefetch:13 /pfhostedapp:aa373e6f3028dba0be7f26d7c9ef58c9780c7877""},{""@Name"":""TargetUserSid"",""#text"":""S-1-0-0""},{""@Name"":""TargetUserName"",""#text"":""-""},{""@Name"":""TargetDomainName"",""#text"":""-""},{""@Name"":""TargetLogonId"",""#text"":""0x0""},{""@Name"":""ParentProcessName"",""#text"":""C:\\Program Files (x86)\\Microsoft\\EdgeWebView\\Application\\151.0.4129.86\\msedgewebview2.exe""},{""@Name"":""MandatoryLabel"",""#text"":""S-1-16-4096""}]}}"
35606,35606,2026-08-17 18:34:19.3611014,4688,LogAlways,Microsoft-Windows-Security-Auditing,Security,4,2584,disstestbedvm,429,,A new process has been created,disstestbedvm\dfanalyst,,Parent process: C:\Program Files (x86)\Microsoft\EdgeWebView\Application\151.0.4129.86\msedgewebview2.exe,PID: 0x1970,Parent PID: 0x2488,Mandatory label: SECURITY_MANDATORY_LOW_RID,Target User: -\-,,"C:\Program Files (x86)\Microsoft\EdgeWebView\Application\151.0.4129.86\msedgewebview2.exe ""C:\Program Files (x86)\Microsoft\EdgeWebView\Application\151.0.4129.86\msedgewebview2.exe"" --type=renderer --noerrdialogs --user-data-dir=""C:\Users\DFANAL~1\AppData\Local\Temp\WinRAR.exe.WebView2\EBWebView"" --webview-exe-name=WinRAR.exe --webview-exe-version=7.23.0 --embedded-browser-webview=1 --embedded-browser-webview-dpi-awareness=1 --video-capture-use-gpu-memory-buffer --lang=en-US --device-scale-factor=1 --num-raster-threads=2 --enable-main-frame-before-activation --renderer-client-id=5 --js-flags=""--expose-gc --ms-user-locale=en_GB"" --time-ticks-at-unix-epoch=-1786990776947549 --launch-time-ticks=882411077 --ssd-no-pressure-read-main-dll --metrics-shmem-handle=3984,i,17104436288103181658,9724867613095150244,2097152 --field-trial-handle=1928,i,12363751807630280306,8022082006658837876,262144 --variations-seed-version --pseudonymization-salt-handle=1880,i,14715232930922089577,5719575497044420013,4 --trace-process-track-uuid=3190708990997080739 --mojo-platform-channel-handle=3992 /pfhostedapp:aa373e6f3028dba0be7f26d7c9ef58c9780c7877 /prefetch:1",False,D:\UOW\SEM3\msc-diss-7csef001w\scenarios\scenario_2\artefacts\event_logs\Security.evtx,Audit success,0,"{""EventData"":{""Data"":[{""@Name"":""SubjectUserSid"",""#text"":""S-1-5-21-4209295338-567392030-2519289182-1001""},{""@Name"":""SubjectUserName"",""#text"":""dfanalyst""},{""@Name"":""SubjectDomainName"",""#text"":""disstestbedvm""},{""@Name"":""SubjectLogonId"",""#text"":""0x1B772""},{""@Name"":""NewProcessId"",""#text"":""0x2488""},{""@Name"":""NewProcessName"",""#text"":""C:\\Program Files (x86)\\Microsoft\\EdgeWebView\\Application\\151.0.4129.86\\msedgewebview2.exe""},{""@Name"":""TokenElevationType"",""#text"":""%%1938""},{""@Name"":""ProcessId"",""#text"":""0x1970""},{""@Name"":""CommandLine"",""#text"":""\""C:\\Program Files (x86)\\Microsoft\\EdgeWebView\\Application\\151.0.4129.86\\msedgewebview2.exe\"" --type=renderer --noerrdialogs --user-data-dir=\""C:\\Users\\DFANAL~1\\AppData\\Local\\Temp\\WinRAR.exe.WebView2\\EBWebView\"" --webview-exe-name=WinRAR.exe --webview-exe-version=7.23.0 --embedded-browser-webview=1 --embedded-browser-webview-dpi-awareness=1 --video-capture-use-gpu-memory-buffer --lang=en-US --device-scale-factor=1 --num-raster-threads=2 --enable-main-frame-before-activation --renderer-client-id=5 --js-flags=\""--expose-gc --ms-user-locale=en_GB\"" --time-ticks-at-unix-epoch=-1786990776947549 --launch-time-ticks=882411077 --ssd-no-pressure-read-main-dll --metrics-shmem-handle=3984,i,17104436288103181658,9724867613095150244,2097152 --field-trial-handle=1928,i,12363751807630280306,8022082006658837876,262144 --variations-seed-version --pseudonymization-salt-handle=1880,i,14715232930922089577,5719575497044420013,4 --trace-process-track-uuid=3190708990997080739 --mojo-platform-channel-handle=3992 /pfhostedapp:aa373e6f3028dba0be7f26d7c9ef58c9780c7877 /prefetch:1""},{""@Name"":""TargetUserSid"",""#text"":""S-1-0-0""},{""@Name"":""TargetUserName"",""#text"":""-""},{""@Name"":""TargetDomainName"",""#text"":""-""},{""@Name"":""TargetLogonId"",""#text"":""0x0""},{""@Name"":""ParentProcessName"",""#text"":""C:\\Program Files (x86)\\Microsoft\\EdgeWebView\\Application\\151.0.4129.86\\msedgewebview2.exe""},{""@Name"":""MandatoryLabel"",""#text"":""S-1-16-4096""}]}}"
35607,35607,2026-08-17 18:34:19.5335127,5379,LogAlways,Microsoft-Windows-Security-Auditing,Security,888,1256,disstestbedvm,429,,,,,,,,,,,,False,D:\UOW\SEM3\msc-diss-7csef001w\scenarios\scenario_2\artefacts\event_logs\Security.evtx,Audit success,0,"{""EventData"":{""Data"":[{""@Name"":""SubjectUserSid"",""#text"":""S-1-5-21-4209295338-567392030-2519289182-1001""},{""@Name"":""SubjectUserName"",""#text"":""dfanalyst""},{""@Name"":""SubjectDomainName"",""#text"":""disstestbedvm""},{""@Name"":""SubjectLogonId"",""#text"":""0x1B772""},{""@Name"":""TargetName"",""#text"":""MicrosoftAccount:user=02fgkkqegieoagrb""},{""@Name"":""Type"",""#text"":""0""},{""@Name"":""CountOfCredentialsReturned"",""#text"":""0""},{""@Name"":""ReadOperation"",""#text"":""%%8100""},{""@Name"":""ReturnCode"",""#text"":""3221226021""},{""@Name"":""ProcessCreationTime"",""#text"":""2026-08-17 18:31:06.2287580""},{""@Name"":""ClientProcessId"",""#text"":""9236""}]}}"
35608,35608,2026-08-17 18:34:19.5335917,5379,LogAlways,Microsoft-Windows-Security-Auditing,Security,888,1256,disstestbedvm,429,,,,,,,,,,,,False,D:\UOW\SEM3\msc-diss-7csef001w\scenarios\scenario_2\artefacts\event_logs\Security.evtx,Audit success,0,"{""EventData"":{""Data"":[{""@Name"":""SubjectUserSid"",""#text"":""S-1-5-21-4209295338-567392030-2519289182-1001""},{""@Name"":""SubjectUserName"",""#text"":""dfanalyst""},{""@Name"":""SubjectDomainName"",""#text"":""disstestbedvm""},{""@Name"":""SubjectLogonId"",""#text"":""0x1B772""},{""@Name"":""TargetName"",""#text"":""WindowsLive:(token):name=02fgkkqegieoagrb;serviceuri=*""},{""@Name"":""Type"",""#text"":""0""},{""@Name"":""CountOfCredentialsReturned"",""#text"":""0""},{""@Name"":""ReadOperation"",""#text"":""%%8100""},{""@Name"":""ReturnCode"",""#text"":""3221226021""},{""@Name"":""ProcessCreationTime"",""#text"":""2026-08-17 18:31:06.2287580""},{""@Name"":""ClientProcessId"",""#text"":""9236""}]}}"
35609,35609,2026-08-17 18:34:19.5338879,5379,LogAlways,Microsoft-Windows-Security-Auditing,Security,888,1256,disstestbedvm,429,,,,,,,,,,,,False,D:\UOW\SEM3\msc-diss-7csef001w\scenarios\scenario_2\artefacts\event_logs\Security.evtx,Audit success,0,"{""EventData"":{""Data"":[{""@Name"":""SubjectUserSid"",""#text"":""S-1-5-21-4209295338-567392030-2519289182-1001""},{""@Name"":""SubjectUserName"",""#text"":""dfanalyst""},{""@Name"":""SubjectDomainName"",""#text"":""disstestbedvm""},{""@Name"":""SubjectLogonId"",""#text"":""0x1B772""},{""@Name"":""TargetName"",""#text"":""WindowsLive:(cert):name=02fgkkqegieoagrb;serviceuri=*""},{""@Name"":""Type"",""#text"":""0""},{""@Name"":""CountOfCredentialsReturned"",""#text"":""0""},{""@Name"":""ReadOperation"",""#text"":""%%8100""},{""@Name"":""ReturnCode"",""#text"":""3221226021""},{""@Name"":""ProcessCreationTime"",""#text"":""2026-08-17 18:31:06.2287580""},{""@Name"":""ClientProcessId"",""#text"":""9236""}]}}"
35610,35610,2026-08-17 18:34:19.8146686,5379,LogAlways,Microsoft-Windows-Security-Auditing,Security,888,8532,disstestbedvm,429,,,,,,,,,,,,False,D:\UOW\SEM3\msc-diss-7csef001w\scenarios\scenario_2\artefacts\event_logs\Security.evtx,Audit success,0,"{""EventData"":{""Data"":[{""@Name"":""SubjectUserSid"",""#text"":""S-1-5-21-4209295338-567392030-2519289182-1001""},{""@Name"":""SubjectUserName"",""#text"":""dfanalyst""},{""@Name"":""SubjectDomainName"",""#text"":""disstestbedvm""},{""@Name"":""SubjectLogonId"",""#text"":""0x1B772""},{""@Name"":""TargetName"",""#text"":""MicrosoftAccount:user=02fgkkqegieoagrb""},{""@Name"":""Type"",""#text"":""0""},{""@Name"":""CountOfCredentialsReturned"",""#text"":""0""},{""@Name"":""ReadOperation"",""#text"":""%%8100""},{""@Name"":""ReturnCode"",""#text"":""3221226021""},{""@Name"":""ProcessCreationTime"",""#text"":""2026-08-17 18:31:06.2287580""},{""@Name"":""ClientProcessId"",""#text"":""9236""}]}}"
35611,35611,2026-08-17 18:34:19.8243139,5379,LogAlways,Microsoft-Windows-Security-Auditing,Security,888,976,disstestbedvm,429,,,,,,,,,,,,False,D:\UOW\SEM3\msc-diss-7csef001w\scenarios\scenario_2\artefacts\event_logs\Security.evtx,Audit success,0,"{""EventData"":{""Data"":[{""@Name"":""SubjectUserSid"",""#text"":""S-1-5-21-4209295338-567392030-2519289182-1001""},{""@Name"":""SubjectUserName"",""#text"":""dfanalyst""},{""@Name"":""SubjectDomainName"",""#text"":""disstestbedvm""},{""@Name"":""SubjectLogonId"",""#text"":""0x1B772""},{""@Name"":""TargetName"",""#text"":""MicrosoftAccount:user=02fgkkqegieoagrb""},{""@Name"":""Type"",""#text"":""0""},{""@Name"":""CountOfCredentialsReturned"",""#text"":""0""},{""@Name"":""ReadOperation"",""#text"":""%%8100""},{""@Name"":""ReturnCode"",""#text"":""3221226021""},{""@Name"":""ProcessCreationTime"",""#text"":""2026-08-17 18:31:06.2287580""},{""@Name"":""ClientProcessId"",""#text"":""9236""}]}}"
35612,35612,2026-08-17 18:34:19.8316546,5379,LogAlways,Microsoft-Windows-Security-Auditing,Security,888,8532,disstestbedvm,429,,,,,,,,,,,,False,D:\UOW\SEM3\msc-diss-7csef001w\scenarios\scenario_2\artefacts\event_logs\Security.evtx,Audit success,0,"{""EventData"":{""Data"":[{""@Name"":""SubjectUserSid"",""#text"":""S-1-5-21-4209295338-567392030-2519289182-1001""},{""@Name"":""SubjectUserName"",""#text"":""dfanalyst""},{""@Name"":""SubjectDomainName"",""#text"":""disstestbedvm""},{""@Name"":""SubjectLogonId"",""#text"":""0x1B772""},{""@Name"":""TargetName"",""#text"":""MicrosoftAccount:user=02fgkkqegieoagrb""},{""@Name"":""Type"",""#text"":""0""},{""@Name"":""CountOfCredentialsReturned"",""#text"":""0""},{""@Name"":""ReadOperation"",""#text"":""%%8100""},{""@Name"":""ReturnCode"",""#text"":""3221226021""},{""@Name"":""ProcessCreationTime"",""#text"":""2026-08-17 18:31:06.2287580""},{""@Name"":""ClientProcessId"",""#text"":""9236""}]}}"
35613,35613,2026-08-17 18:34:19.8326095,5379,LogAlways,Microsoft-Windows-Security-Auditing,Security,888,8532,disstestbedvm,429,,,,,,,,,,,,False,D:\UOW\SEM3\msc-diss-7csef001w\scenarios\scenario_2\artefacts\event_logs\Security.evtx,Audit success,0,"{""EventData"":{""Data"":[{""@Name"":""SubjectUserSid"",""#text"":""S-1-5-21-4209295338-567392030-2519289182-1001""},{""@Name"":""SubjectUserName"",""#text"":""dfanalyst""},{""@Name"":""SubjectDomainName"",""#text"":""disstestbedvm""},{""@Name"":""SubjectLogonId"",""#text"":""0x1B772""},{""@Name"":""TargetName"",""#text"":""MicrosoftAccount:user=02fgkkqegieoagrb""},{""@Name"":""Type"",""#text"":""0""},{""@Name"":""CountOfCredentialsReturned"",""#text"":""0""},{""@Name"":""ReadOperation"",""#text"":""%%8100""},{""@Name"":""ReturnCode"",""#text"":""3221226021""},{""@Name"":""ProcessCreationTime"",""#text"":""2026-08-17 18:31:06.2287580""},{""@Name"":""ClientProcessId"",""#text"":""9236""}]}}"
35614,35614,2026-08-17 18:34:20.5763750,4689,LogAlways,Microsoft-Windows-Security-Auditing,Security,4,6388,disstestbedvm,429,,A process has exited,disstestbedvm\dfanalyst,,,PID: 0x2488,,,,,C:\Program Files (x86)\Microsoft\EdgeWebView\Application\151.0.4129.86\msedgewebview2.exe,False,D:\UOW\SEM3\msc-diss-7csef001w\scenarios\scenario_2\artefacts\event_logs\Security.evtx,Audit success,0,"{""EventData"":{""Data"":[{""@Name"":""SubjectUserSid"",""#text"":""S-1-5-21-4209295338-567392030-2519289182-1001""},{""@Name"":""SubjectUserName"",""#text"":""dfanalyst""},{""@Name"":""SubjectDomainName"",""#text"":""disstestbedvm""},{""@Name"":""SubjectLogonId"",""#text"":""0x1B772""},{""@Name"":""Status"",""#text"":""0x0""},{""@Name"":""ProcessId"",""#text"":""0x2488""},{""@Name"":""ProcessName"",""#text"":""C:\\Program Files (x86)\\Microsoft\\EdgeWebView\\Application\\151.0.4129.86\\msedgewebview2.exe""}]}}"
35615,35615,2026-08-17 18:34:23.9884113,4689,LogAlways,Microsoft-Windows-Security-Auditing,Security,4,6416,disstestbedvm,429,,A process has exited,disstestbedvm\dfanalyst,,,PID: 0xBAC,,,,,C:\Windows\System32\dllhost.exe,False,D:\UOW\SEM3\msc-diss-7csef001w\scenarios\scenario_2\artefacts\event_logs\Security.evtx,Audit success,0,"{""EventData"":{""Data"":[{""@Name"":""SubjectUserSid"",""#text"":""S-1-5-21-4209295338-567392030-2519289182-1001""},{""@Name"":""SubjectUserName"",""#text"":""dfanalyst""},{""@Name"":""SubjectDomainName"",""#text"":""disstestbedvm""},{""@Name"":""SubjectLogonId"",""#text"":""0x1B772""},{""@Name"":""Status"",""#text"":""0x0""},{""@Name"":""ProcessId"",""#text"":""0xBAC""},{""@Name"":""ProcessName"",""#text"":""C:\\Windows\\System32\\dllhost.exe""}]}}"
35616,35616,2026-08-17 18:34:27.1779318,4689,LogAlways,Microsoft-Windows-Security-Auditing,Security,4,2584,disstestbedvm,429,,A process has exited,disstestbedvm\dfanalyst,,,PID: 0x2B64,,,,,C:\Program Files (x86)\Microsoft\EdgeWebView\Application\151.0.4129.86\msedgewebview2.exe,False,D:\UOW\SEM3\msc-diss-7csef001w\scenarios\scenario_2\artefacts\event_logs\Security.evtx,Audit success,0,"{""EventData"":{""Data"":[{""@Name"":""SubjectUserSid"",""#text"":""S-1-5-21-4209295338-567392030-2519289182-1001""},{""@Name"":""SubjectUserName"",""#text"":""dfanalyst""},{""@Name"":""SubjectDomainName"",""#text"":""disstestbedvm""},{""@Name"":""SubjectLogonId"",""#text"":""0x1B772""},{""@Name"":""Status"",""#text"":""0x0""},{""@Name"":""ProcessId"",""#text"":""0x2B64""},{""@Name"":""ProcessName"",""#text"":""C:\\Program Files (x86)\\Microsoft\\EdgeWebView\\Application\\151.0.4129.86\\msedgewebview2.exe""}]}}"
35617,35617,2026-08-17 18:34:27.1866152,4689,LogAlways,Microsoft-Windows-Security-Auditing,Security,4,6416,disstestbedvm,429,,A process has exited,disstestbedvm\dfanalyst,,,PID: 0x228C,,,,,C:\Program Files (x86)\Microsoft\EdgeWebView\Application\151.0.4129.86\msedgewebview2.exe,False,D:\UOW\SEM3\msc-diss-7csef001w\scenarios\scenario_2\artefacts\event_logs\Security.evtx,Audit success,0,"{""EventData"":{""Data"":[{""@Name"":""SubjectUserSid"",""#text"":""S-1-5-21-4209295338-567392030-2519289182-1001""},{""@Name"":""SubjectUserName"",""#text"":""dfanalyst""},{""@Name"":""SubjectDomainName"",""#text"":""disstestbedvm""},{""@Name"":""SubjectLogonId"",""#text"":""0x1B772""},{""@Name"":""Status"",""#text"":""0x0""},{""@Name"":""ProcessId"",""#text"":""0x228C""},{""@Name"":""ProcessName"",""#text"":""C:\\Program Files (x86)\\Microsoft\\EdgeWebView\\Application\\151.0.4129.86\\msedgewebview2.exe""}]}}"
35618,35618,2026-08-17 18:34:27.1919162,4689,LogAlways,Microsoft-Windows-Security-Auditing,Security,4,1392,disstestbedvm,429,,A process has exited,disstestbedvm\dfanalyst,,,PID: 0xA90,,,,,C:\Program Files (x86)\Microsoft\EdgeWebView\Application\151.0.4129.86\msedgewebview2.exe,False,D:\UOW\SEM3\msc-diss-7csef001w\scenarios\scenario_2\artefacts\event_logs\Security.evtx,Audit success,0,"{""EventData"":{""Data"":[{""@Name"":""SubjectUserSid"",""#text"":""S-1-5-21-4209295338-567392030-2519289182-1001""},{""@Name"":""SubjectUserName"",""#text"":""dfanalyst""},{""@Name"":""SubjectDomainName"",""#text"":""disstestbedvm""},{""@Name"":""SubjectLogonId"",""#text"":""0x1B772""},{""@Name"":""Status"",""#text"":""0x0""},{""@Name"":""ProcessId"",""#text"":""0xA90""},{""@Name"":""ProcessName"",""#text"":""C:\\Program Files (x86)\\Microsoft\\EdgeWebView\\Application\\151.0.4129.86\\msedgewebview2.exe""}]}}"
35619,35619,2026-08-17 18:34:27.2232668,4689,LogAlways,Microsoft-Windows-Security-Auditing,Security,4,1392,disstestbedvm,429,,A process has exited,disstestbedvm\dfanalyst,,,PID: 0x1970,,,,,C:\Program Files (x86)\Microsoft\EdgeWebView\Application\151.0.4129.86\msedgewebview2.exe,False,D:\UOW\SEM3\msc-diss-7csef001w\scenarios\scenario_2\artefacts\event_logs\Security.evtx,Audit success,0,"{""EventData"":{""Data"":[{""@Name"":""SubjectUserSid"",""#text"":""S-1-5-21-4209295338-567392030-2519289182-1001""},{""@Name"":""SubjectUserName"",""#text"":""dfanalyst""},{""@Name"":""SubjectDomainName"",""#text"":""disstestbedvm""},{""@Name"":""SubjectLogonId"",""#text"":""0x1B772""},{""@Name"":""Status"",""#text"":""0x0""},{""@Name"":""ProcessId"",""#text"":""0x1970""},{""@Name"":""ProcessName"",""#text"":""C:\\Program Files (x86)\\Microsoft\\EdgeWebView\\Application\\151.0.4129.86\\msedgewebview2.exe""}]}}"
35620,35620,2026-08-17 18:34:27.2371722,4689,LogAlways,Microsoft-Windows-Security-Auditing,Security,4,6416,disstestbedvm,429,,A process has exited,disstestbedvm\dfanalyst,,,PID: 0x2AAC,,,,,C:\Program Files (x86)\Microsoft\EdgeWebView\Application\151.0.4129.86\msedgewebview2.exe,False,D:\UOW\SEM3\msc-diss-7csef001w\scenarios\scenario_2\artefacts\event_logs\Security.evtx,Audit success,0,"{""EventData"":{""Data"":[{""@Name"":""SubjectUserSid"",""#text"":""S-1-5-21-4209295338-567392030-2519289182-1001""},{""@Name"":""SubjectUserName"",""#text"":""dfanalyst""},{""@Name"":""SubjectDomainName"",""#text"":""disstestbedvm""},{""@Name"":""SubjectLogonId"",""#text"":""0x1B772""},{""@Name"":""Status"",""#text"":""0x0""},{""@Name"":""ProcessId"",""#text"":""0x2AAC""},{""@Name"":""ProcessName"",""#text"":""C:\\Program Files (x86)\\Microsoft\\EdgeWebView\\Application\\151.0.4129.86\\msedgewebview2.exe""}]}}"
35621,35621,2026-08-17 18:34:48.9680618,4688,LogAlways,Microsoft-Windows-Security-Auditing,Security,4,10056,disstestbedvm,429,,A new process has been created,WORKGROUP\DISSTESTBEDVM$,,Parent process: C:\Windows\System32\svchost.exe,PID: 0x600,Parent PID: 0x13CC,Mandatory label: SECURITY_MANDATORY_SYSTEM_RID,Target User: -\-,,"C:\Windows\System32\UsoClient.exe ""C:\WINDOWS\system32\usoclient.exe"" StartWork",False,D:\UOW\SEM3\msc-diss-7csef001w\scenarios\scenario_2\artefacts\event_logs\Security.evtx,Audit success,0,"{""EventData"":{""Data"":[{""@Name"":""SubjectUserSid"",""#text"":""S-1-5-18""},{""@Name"":""SubjectUserName"",""#text"":""DISSTESTBEDVM$""},{""@Name"":""SubjectDomainName"",""#text"":""WORKGROUP""},{""@Name"":""SubjectLogonId"",""#text"":""0x3E7""},{""@Name"":""NewProcessId"",""#text"":""0x13CC""},{""@Name"":""NewProcessName"",""#text"":""C:\\Windows\\System32\\UsoClient.exe""},{""@Name"":""TokenElevationType"",""#text"":""%%1936""},{""@Name"":""ProcessId"",""#text"":""0x600""},{""@Name"":""CommandLine"",""#text"":""\""C:\\WINDOWS\\system32\\usoclient.exe\"" StartWork""},{""@Name"":""TargetUserSid"",""#text"":""S-1-0-0""},{""@Name"":""TargetUserName"",""#text"":""-""},{""@Name"":""TargetDomainName"",""#text"":""-""},{""@Name"":""TargetLogonId"",""#text"":""0x0""},{""@Name"":""ParentProcessName"",""#text"":""C:\\Windows\\System32\\svchost.exe""},{""@Name"":""MandatoryLabel"",""#text"":""S-1-16-16384""}]}}"
35622,35622,2026-08-17 18:34:48.9995041,4688,LogAlways,Microsoft-Windows-Security-Auditing,Security,4,10056,disstestbedvm,429,,A new process has been created,WORKGROUP\DISSTESTBEDVM$,,Parent process: C:\Windows\System32\svchost.exe,PID: 0x15E4,Parent PID: 0x1584,Mandatory label: SECURITY_MANDATORY_SYSTEM_RID,Target User: -\-,,"C:\Windows\UUS\amd64\MoUsoCoreWorker.exe ""C:\WINDOWS\uus\AMD64\MoUsoCoreWorker.exe"" useprivatenamespaces",False,D:\UOW\SEM3\msc-diss-7csef001w\scenarios\scenario_2\artefacts\event_logs\Security.evtx,Audit success,0,"{""EventData"":{""Data"":[{""@Name"":""SubjectUserSid"",""#text"":""S-1-5-18""},{""@Name"":""SubjectUserName"",""#text"":""DISSTESTBEDVM$""},{""@Name"":""SubjectDomainName"",""#text"":""WORKGROUP""},{""@Name"":""SubjectLogonId"",""#text"":""0x3E7""},{""@Name"":""NewProcessId"",""#text"":""0x1584""},{""@Name"":""NewProcessName"",""#text"":""C:\\Windows\\UUS\\amd64\\MoUsoCoreWorker.exe""},{""@Name"":""TokenElevationType"",""#text"":""%%1936""},{""@Name"":""ProcessId"",""#text"":""0x15E4""},{""@Name"":""CommandLine"",""#text"":""\""C:\\WINDOWS\\uus\\AMD64\\MoUsoCoreWorker.exe\"" useprivatenamespaces""},{""@Name"":""TargetUserSid"",""#text"":""S-1-0-0""},{""@Name"":""TargetUserName"",""#text"":""-""},{""@Name"":""TargetDomainName"",""#text"":""-""},{""@Name"":""TargetLogonId"",""#text"":""0x0""},{""@Name"":""ParentProcessName"",""#text"":""C:\\Windows\\System32\\svchost.exe""},{""@Name"":""MandatoryLabel"",""#text"":""S-1-16-16384""}]}}"
35623,35623,2026-08-17 18:34:49.0819645,4624,LogAlways,Microsoft-Windows-Security-Auditing,Security,888,976,disstestbedvm,429,,Successful logon,WORKGROUP\DISSTESTBEDVM$,- (-),Target: NT AUTHORITY\SYSTEM,LogonType 5,LogonId: 0x3E7,,,,C:\Windows\System32\services.exe,False,D:\UOW\SEM3\msc-diss-7csef001w\scenarios\scenario_2\artefacts\event_logs\Security.evtx,Audit success,0,"{""EventData"":{""Data"":[{""@Name"":""SubjectUserSid"",""#text"":""S-1-5-18""},{""@Name"":""SubjectUserName"",""#text"":""DISSTESTBEDVM$""},{""@Name"":""SubjectDomainName"",""#text"":""WORKGROUP""},{""@Name"":""SubjectLogonId"",""#text"":""0x3E7""},{""@Name"":""TargetUserSid"",""#text"":""S-1-5-18""},{""@Name"":""TargetUserName"",""#text"":""SYSTEM""},{""@Name"":""TargetDomainName"",""#text"":""NT AUTHORITY""},{""@Name"":""TargetLogonId"",""#text"":""0x3E7""},{""@Name"":""LogonType"",""#text"":""5""},{""@Name"":""LogonProcessName"",""#text"":""Advapi  ""},{""@Name"":""AuthenticationPackageName"",""#text"":""Negotiate""},{""@Name"":""WorkstationName"",""#text"":""-""},{""@Name"":""LogonGuid"",""#text"":""00000000-0000-0000-0000-000000000000""},{""@Name"":""TransmittedServices"",""#text"":""-""},{""@Name"":""LmPackageName"",""#text"":""-""},{""@Name"":""KeyLength"",""#text"":""0""},{""@Name"":""ProcessId"",""#text"":""0x364""},{""@Name"":""ProcessName"",""#text"":""C:\\Windows\\System32\\services.exe""},{""@Name"":""IpAddress"",""#text"":""-""},{""@Name"":""IpPort"",""#text"":""-""},{""@Name"":""ImpersonationLevel"",""#text"":""%%1833""},{""@Name"":""RestrictedAdminMode"",""#text"":""-""},{""@Name"":""RemoteCredentialGuard"",""#text"":""-""},{""@Name"":""TargetOutboundUserName"",""#text"":""-""},{""@Name"":""TargetOutboundDomainName"",""#text"":""-""},{""@Name"":""VirtualAccount"",""#text"":""%%1843""},{""@Name"":""TargetLinkedLogonId"",""#text"":""0x0""},{""@Name"":""ElevatedToken"",""#text"":""%%1842""}]}}"
35624,35624,2026-08-17 18:34:49.0819710,4672,LogAlways,Microsoft-Windows-Security-Auditing,Security,888,976,disstestbedvm,429,,Administrative logon,NT AUTHORITY\SYSTEM (S-1-5-18),,"PrivilegeList: SeAssignPrimaryTokenPrivilege, SeTcbPrivilege, SeSecurityPrivilege, SeTakeOwnershipPrivilege, SeLoadDriverPrivilege, SeBackupPrivilege, SeRestorePrivilege, SeDebugPrivilege, SeAuditPrivilege, SeSystemEnvironmentPrivilege, SeImpersonatePrivilege, SeDelegateSessionUserImpersonatePrivilege",LogonId: 0x3E7,,,,,,False,D:\UOW\SEM3\msc-diss-7csef001w\scenarios\scenario_2\artefacts\event_logs\Security.evtx,Audit success,0,"{""EventData"":{""Data"":[{""@Name"":""SubjectUserSid"",""#text"":""S-1-5-18""},{""@Name"":""SubjectUserName"",""#text"":""SYSTEM""},{""@Name"":""SubjectDomainName"",""#text"":""NT AUTHORITY""},{""@Name"":""SubjectLogonId"",""#text"":""0x3E7""},{""@Name"":""PrivilegeList"",""#text"":""SeAssignPrimaryTokenPrivilege, SeTcbPrivilege, SeSecurityPrivilege, SeTakeOwnershipPrivilege, SeLoadDriverPrivilege, SeBackupPrivilege, SeRestorePrivilege, SeDebugPrivilege, SeAuditPrivilege, SeSystemEnvironmentPrivilege, SeImpersonatePrivilege, SeDelegateSessionUserImpersonatePrivilege""}]}}"
35625,35625,2026-08-17 18:34:49.0839580,4688,LogAlways,Microsoft-Windows-Security-Auditing,Security,4,10056,disstestbedvm,429,,A new process has been created,WORKGROUP\DISSTESTBEDVM$,,Parent process: C:\Windows\System32\services.exe,PID: 0x364,Parent PID: 0x8F8,Mandatory label: SECURITY_MANDATORY_SYSTEM_RID,Target User: -\-,,C:\Windows\System32\svchost.exe C:\WINDOWS\system32\svchost.exe -k wusvcs -p -s WaaSMedicSvc,False,D:\UOW\SEM3\msc-diss-7csef001w\scenarios\scenario_2\artefacts\event_logs\Security.evtx,Audit success,0,"{""EventData"":{""Data"":[{""@Name"":""SubjectUserSid"",""#text"":""S-1-5-18""},{""@Name"":""SubjectUserName"",""#text"":""DISSTESTBEDVM$""},{""@Name"":""SubjectDomainName"",""#text"":""WORKGROUP""},{""@Name"":""SubjectLogonId"",""#text"":""0x3E7""},{""@Name"":""NewProcessId"",""#text"":""0x8F8""},{""@Name"":""NewProcessName"",""#text"":""C:\\Windows\\System32\\svchost.exe""},{""@Name"":""TokenElevationType"",""#text"":""%%1936""},{""@Name"":""ProcessId"",""#text"":""0x364""},{""@Name"":""CommandLine"",""#text"":""C:\\WINDOWS\\system32\\svchost.exe -k wusvcs -p -s WaaSMedicSvc""},{""@Name"":""TargetUserSid"",""#text"":""S-1-0-0""},{""@Name"":""TargetUserName"",""#text"":""-""},{""@Name"":""TargetDomainName"",""#text"":""-""},{""@Name"":""TargetLogonId"",""#text"":""0x0""},{""@Name"":""ParentProcessName"",""#text"":""C:\\Windows\\System32\\services.exe""},{""@Name"":""MandatoryLabel"",""#text"":""S-1-16-16384""}]}}"
35626,35626,2026-08-17 18:34:49.1103644,4689,LogAlways,Microsoft-Windows-Security-Auditing,Security,4,10056,disstestbedvm,429,,A process has exited,WORKGROUP\DISSTESTBEDVM$,,,PID: 0x13CC,,,,,C:\Windows\System32\UsoClient.exe,False,D:\UOW\SEM3\msc-diss-7csef001w\scenarios\scenario_2\artefacts\event_logs\Security.evtx,Audit success,0,"{""EventData"":{""Data"":[{""@Name"":""SubjectUserSid"",""#text"":""S-1-5-18""},{""@Name"":""SubjectUserName"",""#text"":""DISSTESTBEDVM$""},{""@Name"":""SubjectDomainName"",""#text"":""WORKGROUP""},{""@Name"":""SubjectLogonId"",""#text"":""0x3E7""},{""@Name"":""Status"",""#text"":""0x0""},{""@Name"":""ProcessId"",""#text"":""0x13CC""},{""@Name"":""ProcessName"",""#text"":""C:\\Windows\\System32\\UsoClient.exe""}]}}"
35627,35627,2026-08-17 18:34:49.2700383,4688,LogAlways,Microsoft-Windows-Security-Auditing,Security,4,10056,disstestbedvm,429,,A new process has been created,WORKGROUP\DISSTESTBEDVM$,,Parent process: C:\Windows\System32\svchost.exe,PID: 0x130,Parent PID: 0x25DC,Mandatory label: SECURITY_MANDATORY_LOW_RID,Target User: disstestbedvm\dfanalyst,,"C:\Windows\System32\backgroundTaskHost.exe ""C:\WINDOWS\system32\BackgroundTaskHost.exe"" -ServerName:BackgroundTaskHost.WebAccountProvider",False,D:\UOW\SEM3\msc-diss-7csef001w\scenarios\scenario_2\artefacts\event_logs\Security.evtx,Audit success,0,"{""EventData"":{""Data"":[{""@Name"":""SubjectUserSid"",""#text"":""S-1-5-18""},{""@Name"":""SubjectUserName"",""#text"":""DISSTESTBEDVM$""},{""@Name"":""SubjectDomainName"",""#text"":""WORKGROUP""},{""@Name"":""SubjectLogonId"",""#text"":""0x3E7""},{""@Name"":""NewProcessId"",""#text"":""0x25DC""},{""@Name"":""NewProcessName"",""#text"":""C:\\Windows\\System32\\backgroundTaskHost.exe""},{""@Name"":""TokenElevationType"",""#text"":""%%1938""},{""@Name"":""ProcessId"",""#text"":""0x130""},{""@Name"":""CommandLine"",""#text"":""\""C:\\WINDOWS\\system32\\BackgroundTaskHost.exe\"" -ServerName:BackgroundTaskHost.WebAccountProvider""},{""@Name"":""TargetUserSid"",""#text"":""S-1-5-21-4209295338-567392030-2519289182-1001""},{""@Name"":""TargetUserName"",""#text"":""dfanalyst""},{""@Name"":""TargetDomainName"",""#text"":""disstestbedvm""},{""@Name"":""TargetLogonId"",""#text"":""0x1B772""},{""@Name"":""ParentProcessName"",""#text"":""C:\\Windows\\System32\\svchost.exe""},{""@Name"":""MandatoryLabel"",""#text"":""S-1-16-4096""}]}}"
35628,35628,2026-08-17 18:34:49.3165451,4688,LogAlways,Microsoft-Windows-Security-Auditing,Security,4,8896,disstestbedvm,429,,A new process has been created,WORKGROUP\DISSTESTBEDVM$,,Parent process: C:\Windows\System32\svchost.exe,PID: 0x600,Parent PID: 0x1F24,Mandatory label: SECURITY_MANDATORY_SYSTEM_RID,Target User: -\-,,"C:\Windows\System32\UsoClient.exe ""C:\WINDOWS\system32\usoclient.exe"" StartWork",False,D:\UOW\SEM3\msc-diss-7csef001w\scenarios\scenario_2\artefacts\event_logs\Security.evtx,Audit success,0,"{""EventData"":{""Data"":[{""@Name"":""SubjectUserSid"",""#text"":""S-1-5-18""},{""@Name"":""SubjectUserName"",""#text"":""DISSTESTBEDVM$""},{""@Name"":""SubjectDomainName"",""#text"":""WORKGROUP""},{""@Name"":""SubjectLogonId"",""#text"":""0x3E7""},{""@Name"":""NewProcessId"",""#text"":""0x1F24""},{""@Name"":""NewProcessName"",""#text"":""C:\\Windows\\System32\\UsoClient.exe""},{""@Name"":""TokenElevationType"",""#text"":""%%1936""},{""@Name"":""ProcessId"",""#text"":""0x600""},{""@Name"":""CommandLine"",""#text"":""\""C:\\WINDOWS\\system32\\usoclient.exe\"" StartWork""},{""@Name"":""TargetUserSid"",""#text"":""S-1-0-0""},{""@Name"":""TargetUserName"",""#text"":""-""},{""@Name"":""TargetDomainName"",""#text"":""-""},{""@Name"":""TargetLogonId"",""#text"":""0x0""},{""@Name"":""ParentProcessName"",""#text"":""C:\\Windows\\System32\\svchost.exe""},{""@Name"":""MandatoryLabel"",""#text"":""S-1-16-16384""}]}}"
35629,35629,2026-08-17 18:34:49.3416072,4688,LogAlways,Microsoft-Windows-Security-Auditing,Security,4,8896,disstestbedvm,429,,A new process has been created,WORKGROUP\DISSTESTBEDVM$,,Parent process: C:\Windows\System32\svchost.exe,PID: 0x130,Parent PID: 0x280C,Mandatory label: SECURITY_MANDATORY_MEDIUM_RID,Target User: disstestbedvm\dfanalyst,,C:\Windows\System32\RuntimeBroker.exe C:\Windows\System32\RuntimeBroker.exe -Embedding,False,D:\UOW\SEM3\msc-diss-7csef001w\scenarios\scenario_2\artefacts\event_logs\Security.evtx,Audit success,0,"{""EventData"":{""Data"":[{""@Name"":""SubjectUserSid"",""#text"":""S-1-5-18""},{""@Name"":""SubjectUserName"",""#text"":""DISSTESTBEDVM$""},{""@Name"":""SubjectDomainName"",""#text"":""WORKGROUP""},{""@Name"":""SubjectLogonId"",""#text"":""0x3E7""},{""@Name"":""NewProcessId"",""#text"":""0x280C""},{""@Name"":""NewProcessName"",""#text"":""C:\\Windows\\System32\\RuntimeBroker.exe""},{""@Name"":""TokenElevationType"",""#text"":""%%1938""},{""@Name"":""ProcessId"",""#text"":""0x130""},{""@Name"":""CommandLine"",""#text"":""C:\\Windows\\System32\\RuntimeBroker.exe -Embedding""},{""@Name"":""TargetUserSid"",""#text"":""S-1-5-21-4209295338-567392030-2519289182-1001""},{""@Name"":""TargetUserName"",""#text"":""dfanalyst""},{""@Name"":""TargetDomainName"",""#text"":""disstestbedvm""},{""@Name"":""TargetLogonId"",""#text"":""0x1B772""},{""@Name"":""ParentProcessName"",""#text"":""C:\\Windows\\System32\\svchost.exe""},{""@Name"":""MandatoryLabel"",""#text"":""S-1-16-8192""}]}}"
35630,35630,2026-08-17 18:34:49.3441133,4689,LogAlways,Microsoft-Windows-Security-Auditing,Security,4,8896,disstestbedvm,429,,A process has exited,WORKGROUP\DISSTESTBEDVM$,,,PID: 0x1F24,,,,,C:\Windows\System32\UsoClient.exe,False,D:\UOW\SEM3\msc-diss-7csef001w\scenarios\scenario_2\artefacts\event_logs\Security.evtx,Audit success,0,"{""EventData"":{""Data"":[{""@Name"":""SubjectUserSid"",""#text"":""S-1-5-18""},{""@Name"":""SubjectUserName"",""#text"":""DISSTESTBEDVM$""},{""@Name"":""SubjectDomainName"",""#text"":""WORKGROUP""},{""@Name"":""SubjectLogonId"",""#text"":""0x3E7""},{""@Name"":""Status"",""#text"":""0x0""},{""@Name"":""ProcessId"",""#text"":""0x1F24""},{""@Name"":""ProcessName"",""#text"":""C:\\Windows\\System32\\UsoClient.exe""}]}}"
35631,35631,2026-08-17 18:34:49.4132857,4689,LogAlways,Microsoft-Windows-Security-Auditing,Security,4,6388,disstestbedvm,429,,A process has exited,disstestbedvm\dfanalyst,,,PID: 0x25DC,,,,,C:\Windows\System32\backgroundTaskHost.exe,False,D:\UOW\SEM3\msc-diss-7csef001w\scenarios\scenario_2\artefacts\event_logs\Security.evtx,Audit success,0,"{""EventData"":{""Data"":[{""@Name"":""SubjectUserSid"",""#text"":""S-1-5-21-4209295338-567392030-2519289182-1001""},{""@Name"":""SubjectUserName"",""#text"":""dfanalyst""},{""@Name"":""SubjectDomainName"",""#text"":""disstestbedvm""},{""@Name"":""SubjectLogonId"",""#text"":""0x1B772""},{""@Name"":""Status"",""#text"":""0x1""},{""@Name"":""ProcessId"",""#text"":""0x25DC""},{""@Name"":""ProcessName"",""#text"":""C:\\Windows\\System32\\backgroundTaskHost.exe""}]}}"
35632,35632,2026-08-17 18:34:49.5501506,4688,LogAlways,Microsoft-Windows-Security-Auditing,Security,4,6388,disstestbedvm,429,,A new process has been created,WORKGROUP\DISSTESTBEDVM$,,Parent process: C:\Windows\System32\svchost.exe,PID: 0x600,Parent PID: 0x2AA4,Mandatory label: SECURITY_MANDATORY_SYSTEM_RID,Target User: -\-,,C:\Windows\System32\taskhostw.exe taskhostw.exe,False,D:\UOW\SEM3\msc-diss-7csef001w\scenarios\scenario_2\artefacts\event_logs\Security.evtx,Audit success,0,"{""EventData"":{""Data"":[{""@Name"":""SubjectUserSid"",""#text"":""S-1-5-18""},{""@Name"":""SubjectUserName"",""#text"":""DISSTESTBEDVM$""},{""@Name"":""SubjectDomainName"",""#text"":""WORKGROUP""},{""@Name"":""SubjectLogonId"",""#text"":""0x3E7""},{""@Name"":""NewProcessId"",""#text"":""0x2AA4""},{""@Name"":""NewProcessName"",""#text"":""C:\\Windows\\System32\\taskhostw.exe""},{""@Name"":""TokenElevationType"",""#text"":""%%1936""},{""@Name"":""ProcessId"",""#text"":""0x600""},{""@Name"":""CommandLine"",""#text"":""taskhostw.exe""},{""@Name"":""TargetUserSid"",""#text"":""S-1-0-0""},{""@Name"":""TargetUserName"",""#text"":""-""},{""@Name"":""TargetDomainName"",""#text"":""-""},{""@Name"":""TargetLogonId"",""#text"":""0x0""},{""@Name"":""ParentProcessName"",""#text"":""C:\\Windows\\System32\\svchost.exe""},{""@Name"":""MandatoryLabel"",""#text"":""S-1-16-16384""}]}}"
35633,35633,2026-08-17 18:34:49.8656564,4688,LogAlways,Microsoft-Windows-Security-Auditing,Security,4,6416,disstestbedvm,429,,A new process has been created,WORKGROUP\DISSTESTBEDVM$,,Parent process: C:\Windows\System32\services.exe,PID: 0x364,Parent PID: 0x22D4,Mandatory label: SECURITY_MANDATORY_SYSTEM_RID,Target User: WORKGROUP\DISSTESTBEDVM$,,C:\Windows\System32\sppsvc.exe C:\WINDOWS\system32\sppsvc.exe,False,D:\UOW\SEM3\msc-diss-7csef001w\scenarios\scenario_2\artefacts\event_logs\Security.evtx,Audit success,0,"{""EventData"":{""Data"":[{""@Name"":""SubjectUserSid"",""#text"":""S-1-5-18""},{""@Name"":""SubjectUserName"",""#text"":""DISSTESTBEDVM$""},{""@Name"":""SubjectDomainName"",""#text"":""WORKGROUP""},{""@Name"":""SubjectLogonId"",""#text"":""0x3E7""},{""@Name"":""NewProcessId"",""#text"":""0x22D4""},{""@Name"":""NewProcessName"",""#text"":""C:\\Windows\\System32\\sppsvc.exe""},{""@Name"":""TokenElevationType"",""#text"":""%%1936""},{""@Name"":""ProcessId"",""#text"":""0x364""},{""@Name"":""CommandLine"",""#text"":""C:\\WINDOWS\\system32\\sppsvc.exe""},{""@Name"":""TargetUserSid"",""#text"":""S-1-0-0""},{""@Name"":""TargetUserName"",""#text"":""DISSTESTBEDVM$""},{""@Name"":""TargetDomainName"",""#text"":""WORKGROUP""},{""@Name"":""TargetLogonId"",""#text"":""0x3E4""},{""@Name"":""ParentProcessName"",""#text"":""C:\\Windows\\System32\\services.exe""},{""@Name"":""MandatoryLabel"",""#text"":""S-1-16-16384""}]}}"
35634,35634,2026-08-17 18:34:50.0590755,5379,LogAlways,Microsoft-Windows-Security-Auditing,Security,888,1256,disstestbedvm,429,,,,,,,,,,,,False,D:\UOW\SEM3\msc-diss-7csef001w\scenarios\scenario_2\artefacts\event_logs\Security.evtx,Audit success,0,"{""EventData"":{""Data"":[{""@Name"":""SubjectUserSid"",""#text"":""S-1-5-18""},{""@Name"":""SubjectUserName"",""#text"":""DISSTESTBEDVM$""},{""@Name"":""SubjectDomainName"",""#text"":""WORKGROUP""},{""@Name"":""SubjectLogonId"",""#text"":""0x3E7""},{""@Name"":""TargetName"",""#text"":""MicrosoftAccount:user=02ifhfvyqmtyqxuj""},{""@Name"":""Type"",""#text"":""0""},{""@Name"":""CountOfCredentialsReturned"",""#text"":""0""},{""@Name"":""ReadOperation"",""#text"":""%%8100""},{""@Name"":""ReturnCode"",""#text"":""3221226021""},{""@Name"":""ProcessCreationTime"",""#text"":""2026-08-17 18:31:06.2287580""},{""@Name"":""ClientProcessId"",""#text"":""9236""}]}}"
35635,35635,2026-08-17 18:34:50.0591351,5379,LogAlways,Microsoft-Windows-Security-Auditing,Security,888,1256,disstestbedvm,429,,,,,,,,,,,,False,D:\UOW\SEM3\msc-diss-7csef001w\scenarios\scenario_2\artefacts\event_logs\Security.evtx,Audit success,0,"{""EventData"":{""Data"":[{""@Name"":""SubjectUserSid"",""#text"":""S-1-5-18""},{""@Name"":""SubjectUserName"",""#text"":""DISSTESTBEDVM$""},{""@Name"":""SubjectDomainName"",""#text"":""WORKGROUP""},{""@Name"":""SubjectLogonId"",""#text"":""0x3E7""},{""@Name"":""TargetName"",""#text"":""WindowsLive:(token):name=02ifhfvyqmtyqxuj;serviceuri=*""},{""@Name"":""Type"",""#text"":""0""},{""@Name"":""CountOfCredentialsReturned"",""#text"":""0""},{""@Name"":""ReadOperation"",""#text"":""%%8100""},{""@Name"":""ReturnCode"",""#text"":""3221226021""},{""@Name"":""ProcessCreationTime"",""#text"":""2026-08-17 18:31:06.2287580""},{""@Name"":""ClientProcessId"",""#text"":""9236""}]}}"
35636,35636,2026-08-17 18:34:50.0594296,5379,LogAlways,Microsoft-Windows-Security-Auditing,Security,888,1256,disstestbedvm,429,,,,,,,,,,,,False,D:\UOW\SEM3\msc-diss-7csef001w\scenarios\scenario_2\artefacts\event_logs\Security.evtx,Audit success,0,"{""EventData"":{""Data"":[{""@Name"":""SubjectUserSid"",""#text"":""S-1-5-18""},{""@Name"":""SubjectUserName"",""#text"":""DISSTESTBEDVM$""},{""@Name"":""SubjectDomainName"",""#text"":""WORKGROUP""},{""@Name"":""SubjectLogonId"",""#text"":""0x3E7""},{""@Name"":""TargetName"",""#text"":""WindowsLive:(cert):name=02ifhfvyqmtyqxuj;serviceuri=*""},{""@Name"":""Type"",""#text"":""0""},{""@Name"":""CountOfCredentialsReturned"",""#text"":""0""},{""@Name"":""ReadOperation"",""#text"":""%%8100""},{""@Name"":""ReturnCode"",""#text"":""3221226021""},{""@Name"":""ProcessCreationTime"",""#text"":""2026-08-17 18:31:06.2287580""},{""@Name"":""ClientProcessId"",""#text"":""9236""}]}}"
35637,35637,2026-08-17 18:34:50.3424206,5379,LogAlways,Microsoft-Windows-Security-Auditing,Security,888,1256,disstestbedvm,429,,,,,,,,,,,,False,D:\UOW\SEM3\msc-diss-7csef001w\scenarios\scenario_2\artefacts\event_logs\Security.evtx,Audit success,0,"{""EventData"":{""Data"":[{""@Name"":""SubjectUserSid"",""#text"":""S-1-5-18""},{""@Name"":""SubjectUserName"",""#text"":""DISSTESTBEDVM$""},{""@Name"":""SubjectDomainName"",""#text"":""WORKGROUP""},{""@Name"":""SubjectLogonId"",""#text"":""0x3E7""},{""@Name"":""TargetName"",""#text"":""MicrosoftAccount:user=02ifhfvyqmtyqxuj""},{""@Name"":""Type"",""#text"":""0""},{""@Name"":""CountOfCredentialsReturned"",""#text"":""0""},{""@Name"":""ReadOperation"",""#text"":""%%8100""},{""@Name"":""ReturnCode"",""#text"":""3221226021""},{""@Name"":""ProcessCreationTime"",""#text"":""2026-08-17 18:31:06.2287580""},{""@Name"":""ClientProcessId"",""#text"":""9236""}]}}"
35638,35638,2026-08-17 18:34:50.3428196,5379,LogAlways,Microsoft-Windows-Security-Auditing,Security,888,1256,disstestbedvm,429,,,,,,,,,,,,False,D:\UOW\SEM3\msc-diss-7csef001w\scenarios\scenario_2\artefacts\event_logs\Security.evtx,Audit success,0,"{""EventData"":{""Data"":[{""@Name"":""SubjectUserSid"",""#text"":""S-1-5-18""},{""@Name"":""SubjectUserName"",""#text"":""DISSTESTBEDVM$""},{""@Name"":""SubjectDomainName"",""#text"":""WORKGROUP""},{""@Name"":""SubjectLogonId"",""#text"":""0x3E7""},{""@Name"":""TargetName"",""#text"":""MicrosoftAccount:user=02ifhfvyqmtyqxuj""},{""@Name"":""Type"",""#text"":""0""},{""@Name"":""CountOfCredentialsReturned"",""#text"":""0""},{""@Name"":""ReadOperation"",""#text"":""%%8100""},{""@Name"":""ReturnCode"",""#text"":""3221226021""},{""@Name"":""ProcessCreationTime"",""#text"":""2026-08-17 18:31:06.2287580""},{""@Name"":""ClientProcessId"",""#text"":""9236""}]}}"
35639,35639,2026-08-17 18:34:50.3454979,5379,LogAlways,Microsoft-Windows-Security-Auditing,Security,888,1256,disstestbedvm,429,,,,,,,,,,,,False,D:\UOW\SEM3\msc-diss-7csef001w\scenarios\scenario_2\artefacts\event_logs\Security.evtx,Audit success,0,"{""EventData"":{""Data"":[{""@Name"":""SubjectUserSid"",""#text"":""S-1-5-18""},{""@Name"":""SubjectUserName"",""#text"":""DISSTESTBEDVM$""},{""@Name"":""SubjectDomainName"",""#text"":""WORKGROUP""},{""@Name"":""SubjectLogonId"",""#text"":""0x3E7""},{""@Name"":""TargetName"",""#text"":""MicrosoftAccount:user=02ifhfvyqmtyqxuj""},{""@Name"":""Type"",""#text"":""0""},{""@Name"":""CountOfCredentialsReturned"",""#text"":""0""},{""@Name"":""ReadOperation"",""#text"":""%%8100""},{""@Name"":""ReturnCode"",""#text"":""3221226021""},{""@Name"":""ProcessCreationTime"",""#text"":""2026-08-17 18:31:06.2287580""},{""@Name"":""ClientProcessId"",""#text"":""9236""}]}}"
35640,35640,2026-08-17 18:34:50.3455493,5379,LogAlways,Microsoft-Windows-Security-Auditing,Security,888,1256,disstestbedvm,429,,,,,,,,,,,,False,D:\UOW\SEM3\msc-diss-7csef001w\scenarios\scenario_2\artefacts\event_logs\Security.evtx,Audit success,0,"{""EventData"":{""Data"":[{""@Name"":""SubjectUserSid"",""#text"":""S-1-5-18""},{""@Name"":""SubjectUserName"",""#text"":""DISSTESTBEDVM$""},{""@Name"":""SubjectDomainName"",""#text"":""WORKGROUP""},{""@Name"":""SubjectLogonId"",""#text"":""0x3E7""},{""@Name"":""TargetName"",""#text"":""MicrosoftAccount:user=02ifhfvyqmtyqxuj""},{""@Name"":""Type"",""#text"":""0""},{""@Name"":""CountOfCredentialsReturned"",""#text"":""0""},{""@Name"":""ReadOperation"",""#text"":""%%8100""},{""@Name"":""ReturnCode"",""#text"":""3221226021""},{""@Name"":""ProcessCreationTime"",""#text"":""2026-08-17 18:31:06.2287580""},{""@Name"":""ClientProcessId"",""#text"":""9236""}]}}"
35641,35641,2026-08-17 18:34:50.7852753,4624,LogAlways,Microsoft-Windows-Security-Auditing,Security,888,8532,disstestbedvm,429,,Successful logon,WORKGROUP\DISSTESTBEDVM$,- (-),Target: NT AUTHORITY\SYSTEM,LogonType 5,LogonId: 0x3E7,,,,C:\Windows\System32\services.exe,False,D:\UOW\SEM3\msc-diss-7csef001w\scenarios\scenario_2\artefacts\event_logs\Security.evtx,Audit success,0,"{""EventData"":{""Data"":[{""@Name"":""SubjectUserSid"",""#text"":""S-1-5-18""},{""@Name"":""SubjectUserName"",""#text"":""DISSTESTBEDVM$""},{""@Name"":""SubjectDomainName"",""#text"":""WORKGROUP""},{""@Name"":""SubjectLogonId"",""#text"":""0x3E7""},{""@Name"":""TargetUserSid"",""#text"":""S-1-5-18""},{""@Name"":""TargetUserName"",""#text"":""SYSTEM""},{""@Name"":""TargetDomainName"",""#text"":""NT AUTHORITY""},{""@Name"":""TargetLogonId"",""#text"":""0x3E7""},{""@Name"":""LogonType"",""#text"":""5""},{""@Name"":""LogonProcessName"",""#text"":""Advapi  ""},{""@Name"":""AuthenticationPackageName"",""#text"":""Negotiate""},{""@Name"":""WorkstationName"",""#text"":""-""},{""@Name"":""LogonGuid"",""#text"":""00000000-0000-0000-0000-000000000000""},{""@Name"":""TransmittedServices"",""#text"":""-""},{""@Name"":""LmPackageName"",""#text"":""-""},{""@Name"":""KeyLength"",""#text"":""0""},{""@Name"":""ProcessId"",""#text"":""0x364""},{""@Name"":""ProcessName"",""#text"":""C:\\Windows\\System32\\services.exe""},{""@Name"":""IpAddress"",""#text"":""-""},{""@Name"":""IpPort"",""#text"":""-""},{""@Name"":""ImpersonationLevel"",""#text"":""%%1833""},{""@Name"":""RestrictedAdminMode"",""#text"":""-""},{""@Name"":""RemoteCredentialGuard"",""#text"":""-""},{""@Name"":""TargetOutboundUserName"",""#text"":""-""},{""@Name"":""TargetOutboundDomainName"",""#text"":""-""},{""@Name"":""VirtualAccount"",""#text"":""%%1843""},{""@Name"":""TargetLinkedLogonId"",""#text"":""0x0""},{""@Name"":""ElevatedToken"",""#text"":""%%1842""}]}}"
35642,35642,2026-08-17 18:34:50.7852809,4672,LogAlways,Microsoft-Windows-Security-Auditing,Security,888,8532,disstestbedvm,429,,Administrative logon,NT AUTHORITY\SYSTEM (S-1-5-18),,"PrivilegeList: SeAssignPrimaryTokenPrivilege, SeTcbPrivilege, SeSecurityPrivilege, SeTakeOwnershipPrivilege, SeLoadDriverPrivilege, SeBackupPrivilege, SeRestorePrivilege, SeDebugPrivilege, SeAuditPrivilege, SeSystemEnvironmentPrivilege, SeImpersonatePrivilege, SeDelegateSessionUserImpersonatePrivilege",LogonId: 0x3E7,,,,,,False,D:\UOW\SEM3\msc-diss-7csef001w\scenarios\scenario_2\artefacts\event_logs\Security.evtx,Audit success,0,"{""EventData"":{""Data"":[{""@Name"":""SubjectUserSid"",""#text"":""S-1-5-18""},{""@Name"":""SubjectUserName"",""#text"":""SYSTEM""},{""@Name"":""SubjectDomainName"",""#text"":""NT AUTHORITY""},{""@Name"":""SubjectLogonId"",""#text"":""0x3E7""},{""@Name"":""PrivilegeList"",""#text"":""SeAssignPrimaryTokenPrivilege, SeTcbPrivilege, SeSecurityPrivilege, SeTakeOwnershipPrivilege, SeLoadDriverPrivilege, SeBackupPrivilege, SeRestorePrivilege, SeDebugPrivilege, SeAuditPrivilege, SeSystemEnvironmentPrivilege, SeImpersonatePrivilege, SeDelegateSessionUserImpersonatePrivilege""}]}}"
35643,35643,2026-08-17 18:34:50.7864876,4688,LogAlways,Microsoft-Windows-Security-Auditing,Security,4,10056,disstestbedvm,429,,A new process has been created,WORKGROUP\DISSTESTBEDVM$,,Parent process: C:\Windows\System32\services.exe,PID: 0x364,Parent PID: 0x2BE4,Mandatory label: SECURITY_MANDATORY_SYSTEM_RID,Target User: -\-,,C:\Windows\servicing\TrustedInstaller.exe C:\WINDOWS\servicing\TrustedInstaller.exe,False,D:\UOW\SEM3\msc-diss-7csef001w\scenarios\scenario_2\artefacts\event_logs\Security.evtx,Audit success,0,"{""EventData"":{""Data"":[{""@Name"":""SubjectUserSid"",""#text"":""S-1-5-18""},{""@Name"":""SubjectUserName"",""#text"":""DISSTESTBEDVM$""},{""@Name"":""SubjectDomainName"",""#text"":""WORKGROUP""},{""@Name"":""SubjectLogonId"",""#text"":""0x3E7""},{""@Name"":""NewProcessId"",""#text"":""0x2BE4""},{""@Name"":""NewProcessName"",""#text"":""C:\\Windows\\servicing\\TrustedInstaller.exe""},{""@Name"":""TokenElevationType"",""#text"":""%%1936""},{""@Name"":""ProcessId"",""#text"":""0x364""},{""@Name"":""CommandLine"",""#text"":""C:\\WINDOWS\\servicing\\TrustedInstaller.exe""},{""@Name"":""TargetUserSid"",""#text"":""S-1-0-0""},{""@Name"":""TargetUserName"",""#text"":""-""},{""@Name"":""TargetDomainName"",""#text"":""-""},{""@Name"":""TargetLogonId"",""#text"":""0x0""},{""@Name"":""ParentProcessName"",""#text"":""C:\\Windows\\System32\\services.exe""},{""@Name"":""MandatoryLabel"",""#text"":""S-1-16-16384""}]}}"
35644,35644,2026-08-17 18:34:50.8182674,4688,LogAlways,Microsoft-Windows-Security-Auditing,Security,4,10056,disstestbedvm,429,,A new process has been created,WORKGROUP\DISSTESTBEDVM$,,Parent process: C:\Windows\System32\svchost.exe,PID: 0x130,Parent PID: 0x2560,Mandatory label: SECURITY_MANDATORY_SYSTEM_RID,Target User: -\-,,C:\Windows\WinSxS\amd64_microsoft-windows-servicingstack_31bf3856ad364e35_10.0.26100.8648_none_a50ef8e3775e8e5e\TiWorker.exe C:\WINDOWS\winsxs\amd64_microsoft-windows-servicingstack_31bf3856ad364e35_10.0.26100.8648_none_a50ef8e3775e8e5e\TiWorker.exe -Embedding,False,D:\UOW\SEM3\msc-diss-7csef001w\scenarios\scenario_2\artefacts\event_logs\Security.evtx,Audit success,0,"{""EventData"":{""Data"":[{""@Name"":""SubjectUserSid"",""#text"":""S-1-5-18""},{""@Name"":""SubjectUserName"",""#text"":""DISSTESTBEDVM$""},{""@Name"":""SubjectDomainName"",""#text"":""WORKGROUP""},{""@Name"":""SubjectLogonId"",""#text"":""0x3E7""},{""@Name"":""NewProcessId"",""#text"":""0x2560""},{""@Name"":""NewProcessName"",""#text"":""C:\\Windows\\WinSxS\\amd64_microsoft-windows-servicingstack_31bf3856ad364e35_10.0.26100.8648_none_a50ef8e3775e8e5e\\TiWorker.exe""},{""@Name"":""TokenElevationType"",""#text"":""%%1936""},{""@Name"":""ProcessId"",""#text"":""0x130""},{""@Name"":""CommandLine"",""#text"":""C:\\WINDOWS\\winsxs\\amd64_microsoft-windows-servicingstack_31bf3856ad364e35_10.0.26100.8648_none_a50ef8e3775e8e5e\\TiWorker.exe -Embedding""},{""@Name"":""TargetUserSid"",""#text"":""S-1-0-0""},{""@Name"":""TargetUserName"",""#text"":""-""},{""@Name"":""TargetDomainName"",""#text"":""-""},{""@Name"":""TargetLogonId"",""#text"":""0x0""},{""@Name"":""ParentProcessName"",""#text"":""C:\\Windows\\System32\\svchost.exe""},{""@Name"":""MandatoryLabel"",""#text"":""S-1-16-16384""}]}}"
35645,35645,2026-08-17 18:34:51.1728070,4689,LogAlways,Microsoft-Windows-Security-Auditing,Security,4,2584,disstestbedvm,429,,A process has exited,WORKGROUP\DISSTESTBEDVM$,,,PID: 0x2AA4,,,,,C:\Windows\System32\taskhostw.exe,False,D:\UOW\SEM3\msc-diss-7csef001w\scenarios\scenario_2\artefacts\event_logs\Security.evtx,Audit success,0,"{""EventData"":{""Data"":[{""@Name"":""SubjectUserSid"",""#text"":""S-1-5-18""},{""@Name"":""SubjectUserName"",""#text"":""DISSTESTBEDVM$""},{""@Name"":""SubjectDomainName"",""#text"":""WORKGROUP""},{""@Name"":""SubjectLogonId"",""#text"":""0x3E7""},{""@Name"":""Status"",""#text"":""0x0""},{""@Name"":""ProcessId"",""#text"":""0x2AA4""},{""@Name"":""ProcessName"",""#text"":""C:\\Windows\\System32\\taskhostw.exe""}]}}"
35646,35646,2026-08-17 18:34:51.2407299,4689,LogAlways,Microsoft-Windows-Security-Auditing,Security,4,10056,disstestbedvm,429,,A process has exited,disstestbedvm\dfanalyst,,,PID: 0x520,,,,,C:\Program Files\WinRAR\WinRAR.exe,False,D:\UOW\SEM3\msc-diss-7csef001w\scenarios\scenario_2\artefacts\event_logs\Security.evtx,Audit success,0,"{""EventData"":{""Data"":[{""@Name"":""SubjectUserSid"",""#text"":""S-1-5-21-4209295338-567392030-2519289182-1001""},{""@Name"":""SubjectUserName"",""#text"":""dfanalyst""},{""@Name"":""SubjectDomainName"",""#text"":""disstestbedvm""},{""@Name"":""SubjectLogonId"",""#text"":""0x1B772""},{""@Name"":""Status"",""#text"":""0x0""},{""@Name"":""ProcessId"",""#text"":""0x520""},{""@Name"":""ProcessName"",""#text"":""C:\\Program Files\\WinRAR\\WinRAR.exe""}]}}"
35647,35647,2026-08-17 18:34:51.4358428,5379,LogAlways,Microsoft-Windows-Security-Auditing,Security,888,976,disstestbedvm,429,,,,,,,,,,,,False,D:\UOW\SEM3\msc-diss-7csef001w\scenarios\scenario_2\artefacts\event_logs\Security.evtx,Audit success,0,"{""EventData"":{""Data"":[{""@Name"":""SubjectUserSid"",""#text"":""S-1-5-21-4209295338-567392030-2519289182-1001""},{""@Name"":""SubjectUserName"",""#text"":""dfanalyst""},{""@Name"":""SubjectDomainName"",""#text"":""disstestbedvm""},{""@Name"":""SubjectLogonId"",""#text"":""0x1B772""},{""@Name"":""TargetName"",""#text"":""MicrosoftAccount:user=02fgkkqegieoagrb""},{""@Name"":""Type"",""#text"":""0""},{""@Name"":""CountOfCredentialsReturned"",""#text"":""0""},{""@Name"":""ReadOperation"",""#text"":""%%8100""},{""@Name"":""ReturnCode"",""#text"":""3221226021""},{""@Name"":""ProcessCreationTime"",""#text"":""2026-08-17 18:31:06.2287580""},{""@Name"":""ClientProcessId"",""#text"":""9236""}]}}"
35648,35648,2026-08-17 18:34:51.4359049,5379,LogAlways,Microsoft-Windows-Security-Auditing,Security,888,976,disstestbedvm,429,,,,,,,,,,,,False,D:\UOW\SEM3\msc-diss-7csef001w\scenarios\scenario_2\artefacts\event_logs\Security.evtx,Audit success,0,"{""EventData"":{""Data"":[{""@Name"":""SubjectUserSid"",""#text"":""S-1-5-21-4209295338-567392030-2519289182-1001""},{""@Name"":""SubjectUserName"",""#text"":""dfanalyst""},{""@Name"":""SubjectDomainName"",""#text"":""disstestbedvm""},{""@Name"":""SubjectLogonId"",""#text"":""0x1B772""},{""@Name"":""TargetName"",""#text"":""WindowsLive:(token):name=02fgkkqegieoagrb;serviceuri=*""},{""@Name"":""Type"",""#text"":""0""},{""@Name"":""CountOfCredentialsReturned"",""#text"":""0""},{""@Name"":""ReadOperation"",""#text"":""%%8100""},{""@Name"":""ReturnCode"",""#text"":""3221226021""},{""@Name"":""ProcessCreationTime"",""#text"":""2026-08-17 18:31:06.2287580""},{""@Name"":""ClientProcessId"",""#text"":""9236""}]}}"
35649,35649,2026-08-17 18:34:51.4364856,5379,LogAlways,Microsoft-Windows-Security-Auditing,Security,888,976,disstestbedvm,429,,,,,,,,,,,,False,D:\UOW\SEM3\msc-diss-7csef001w\scenarios\scenario_2\artefacts\event_logs\Security.evtx,Audit success,0,"{""EventData"":{""Data"":[{""@Name"":""SubjectUserSid"",""#text"":""S-1-5-21-4209295338-567392030-2519289182-1001""},{""@Name"":""SubjectUserName"",""#text"":""dfanalyst""},{""@Name"":""SubjectDomainName"",""#text"":""disstestbedvm""},{""@Name"":""SubjectLogonId"",""#text"":""0x1B772""},{""@Name"":""TargetName"",""#text"":""WindowsLive:(cert):name=02fgkkqegieoagrb;serviceuri=*""},{""@Name"":""Type"",""#text"":""0""},{""@Name"":""CountOfCredentialsReturned"",""#text"":""0""},{""@Name"":""ReadOperation"",""#text"":""%%8100""},{""@Name"":""ReturnCode"",""#text"":""3221226021""},{""@Name"":""ProcessCreationTime"",""#text"":""2026-08-17 18:31:06.2287580""},{""@Name"":""ClientProcessId"",""#text"":""9236""}]}}"
35650,35650,2026-08-17 18:34:51.5931655,5379,LogAlways,Microsoft-Windows-Security-Auditing,Security,888,1256,disstestbedvm,429,,,,,,,,,,,,False,D:\UOW\SEM3\msc-diss-7csef001w\scenarios\scenario_2\artefacts\event_logs\Security.evtx,Audit success,0,"{""EventData"":{""Data"":[{""@Name"":""SubjectUserSid"",""#text"":""S-1-5-21-4209295338-567392030-2519289182-1001""},{""@Name"":""SubjectUserName"",""#text"":""dfanalyst""},{""@Name"":""SubjectDomainName"",""#text"":""disstestbedvm""},{""@Name"":""SubjectLogonId"",""#text"":""0x1B772""},{""@Name"":""TargetName"",""#text"":""MicrosoftAccount:user=02fgkkqegieoagrb""},{""@Name"":""Type"",""#text"":""0""},{""@Name"":""CountOfCredentialsReturned"",""#text"":""0""},{""@Name"":""ReadOperation"",""#text"":""%%8100""},{""@Name"":""ReturnCode"",""#text"":""3221226021""},{""@Name"":""ProcessCreationTime"",""#text"":""2026-08-17 18:31:06.2287580""},{""@Name"":""ClientProcessId"",""#text"":""9236""}]}}"
35651,35651,2026-08-17 18:34:51.6000338,5379,LogAlways,Microsoft-Windows-Security-Auditing,Security,888,1256,disstestbedvm,429,,,,,,,,,,,,False,D:\UOW\SEM3\msc-diss-7csef001w\scenarios\scenario_2\artefacts\event_logs\Security.evtx,Audit success,0,"{""EventData"":{""Data"":[{""@Name"":""SubjectUserSid"",""#text"":""S-1-5-21-4209295338-567392030-2519289182-1001""},{""@Name"":""SubjectUserName"",""#text"":""dfanalyst""},{""@Name"":""SubjectDomainName"",""#text"":""disstestbedvm""},{""@Name"":""SubjectLogonId"",""#text"":""0x1B772""},{""@Name"":""TargetName"",""#text"":""MicrosoftAccount:user=02fgkkqegieoagrb""},{""@Name"":""Type"",""#text"":""0""},{""@Name"":""CountOfCredentialsReturned"",""#text"":""0""},{""@Name"":""ReadOperation"",""#text"":""%%8100""},{""@Name"":""ReturnCode"",""#text"":""3221226021""},{""@Name"":""ProcessCreationTime"",""#text"":""2026-08-17 18:31:06.2287580""},{""@Name"":""ClientProcessId"",""#text"":""9236""}]}}"
35652,35652,2026-08-17 18:34:51.6029332,5379,LogAlways,Microsoft-Windows-Security-Auditing,Security,888,1256,disstestbedvm,429,,,,,,,,,,,,False,D:\UOW\SEM3\msc-diss-7csef001w\scenarios\scenario_2\artefacts\event_logs\Security.evtx,Audit success,0,"{""EventData"":{""Data"":[{""@Name"":""SubjectUserSid"",""#text"":""S-1-5-21-4209295338-567392030-2519289182-1001""},{""@Name"":""SubjectUserName"",""#text"":""dfanalyst""},{""@Name"":""SubjectDomainName"",""#text"":""disstestbedvm""},{""@Name"":""SubjectLogonId"",""#text"":""0x1B772""},{""@Name"":""TargetName"",""#text"":""MicrosoftAccount:user=02fgkkqegieoagrb""},{""@Name"":""Type"",""#text"":""0""},{""@Name"":""CountOfCredentialsReturned"",""#text"":""0""},{""@Name"":""ReadOperation"",""#text"":""%%8100""},{""@Name"":""ReturnCode"",""#text"":""3221226021""},{""@Name"":""ProcessCreationTime"",""#text"":""2026-08-17 18:31:06.2287580""},{""@Name"":""ClientProcessId"",""#text"":""9236""}]}}"
35653,35653,2026-08-17 18:34:51.6029837,5379,LogAlways,Microsoft-Windows-Security-Auditing,Security,888,1256,disstestbedvm,429,,,,,,,,,,,,False,D:\UOW\SEM3\msc-diss-7csef001w\scenarios\scenario_2\artefacts\event_logs\Security.evtx,Audit success,0,"{""EventData"":{""Data"":[{""@Name"":""SubjectUserSid"",""#text"":""S-1-5-21-4209295338-567392030-2519289182-1001""},{""@Name"":""SubjectUserName"",""#text"":""dfanalyst""},{""@Name"":""SubjectDomainName"",""#text"":""disstestbedvm""},{""@Name"":""SubjectLogonId"",""#text"":""0x1B772""},{""@Name"":""TargetName"",""#text"":""MicrosoftAccount:user=02fgkkqegieoagrb""},{""@Name"":""Type"",""#text"":""0""},{""@Name"":""CountOfCredentialsReturned"",""#text"":""0""},{""@Name"":""ReadOperation"",""#text"":""%%8100""},{""@Name"":""ReturnCode"",""#text"":""3221226021""},{""@Name"":""ProcessCreationTime"",""#text"":""2026-08-17 18:31:06.2287580""},{""@Name"":""ClientProcessId"",""#text"":""9236""}]}}"
35654,35654,2026-08-17 18:34:53.5008128,4624,LogAlways,Microsoft-Windows-Security-Auditing,Security,888,976,disstestbedvm,429,,Successful logon,WORKGROUP\DISSTESTBEDVM$,- (-),Target: NT AUTHORITY\SYSTEM,LogonType 5,LogonId: 0x3E7,,,,C:\Windows\System32\services.exe,False,D:\UOW\SEM3\msc-diss-7csef001w\scenarios\scenario_2\artefacts\event_logs\Security.evtx,Audit success,0,"{""EventData"":{""Data"":[{""@Name"":""SubjectUserSid"",""#text"":""S-1-5-18""},{""@Name"":""SubjectUserName"",""#text"":""DISSTESTBEDVM$""},{""@Name"":""SubjectDomainName"",""#text"":""WORKGROUP""},{""@Name"":""SubjectLogonId"",""#text"":""0x3E7""},{""@Name"":""TargetUserSid"",""#text"":""S-1-5-18""},{""@Name"":""TargetUserName"",""#text"":""SYSTEM""},{""@Name"":""TargetDomainName"",""#text"":""NT AUTHORITY""},{""@Name"":""TargetLogonId"",""#text"":""0x3E7""},{""@Name"":""LogonType"",""#text"":""5""},{""@Name"":""LogonProcessName"",""#text"":""Advapi  ""},{""@Name"":""AuthenticationPackageName"",""#text"":""Negotiate""},{""@Name"":""WorkstationName"",""#text"":""-""},{""@Name"":""LogonGuid"",""#text"":""00000000-0000-0000-0000-000000000000""},{""@Name"":""TransmittedServices"",""#text"":""-""},{""@Name"":""LmPackageName"",""#text"":""-""},{""@Name"":""KeyLength"",""#text"":""0""},{""@Name"":""ProcessId"",""#text"":""0x364""},{""@Name"":""ProcessName"",""#text"":""C:\\Windows\\System32\\services.exe""},{""@Name"":""IpAddress"",""#text"":""-""},{""@Name"":""IpPort"",""#text"":""-""},{""@Name"":""ImpersonationLevel"",""#text"":""%%1833""},{""@Name"":""RestrictedAdminMode"",""#text"":""-""},{""@Name"":""RemoteCredentialGuard"",""#text"":""-""},{""@Name"":""TargetOutboundUserName"",""#text"":""-""},{""@Name"":""TargetOutboundDomainName"",""#text"":""-""},{""@Name"":""VirtualAccount"",""#text"":""%%1843""},{""@Name"":""TargetLinkedLogonId"",""#text"":""0x0""},{""@Name"":""ElevatedToken"",""#text"":""%%1842""}]}}"
35655,35655,2026-08-17 18:34:53.5008180,4672,LogAlways,Microsoft-Windows-Security-Auditing,Security,888,976,disstestbedvm,429,,Administrative logon,NT AUTHORITY\SYSTEM (S-1-5-18),,"PrivilegeList: SeAssignPrimaryTokenPrivilege, SeTcbPrivilege, SeSecurityPrivilege, SeTakeOwnershipPrivilege, SeLoadDriverPrivilege, SeBackupPrivilege, SeRestorePrivilege, SeDebugPrivilege, SeAuditPrivilege, SeSystemEnvironmentPrivilege, SeImpersonatePrivilege, SeDelegateSessionUserImpersonatePrivilege",LogonId: 0x3E7,,,,,,False,D:\UOW\SEM3\msc-diss-7csef001w\scenarios\scenario_2\artefacts\event_logs\Security.evtx,Audit success,0,"{""EventData"":{""Data"":[{""@Name"":""SubjectUserSid"",""#text"":""S-1-5-18""},{""@Name"":""SubjectUserName"",""#text"":""SYSTEM""},{""@Name"":""SubjectDomainName"",""#text"":""NT AUTHORITY""},{""@Name"":""SubjectLogonId"",""#text"":""0x3E7""},{""@Name"":""PrivilegeList"",""#text"":""SeAssignPrimaryTokenPrivilege, SeTcbPrivilege, SeSecurityPrivilege, SeTakeOwnershipPrivilege, SeLoadDriverPrivilege, SeBackupPrivilege, SeRestorePrivilege, SeDebugPrivilege, SeAuditPrivilege, SeSystemEnvironmentPrivilege, SeImpersonatePrivilege, SeDelegateSessionUserImpersonatePrivilege""}]}}"
35656,35656,2026-08-17 18:34:53.5026032,4688,LogAlways,Microsoft-Windows-Security-Auditing,Security,4,220,disstestbedvm,429,,A new process has been created,WORKGROUP\DISSTESTBEDVM$,,Parent process: C:\Windows\System32\services.exe,PID: 0x364,Parent PID: 0x2864,Mandatory label: SECURITY_MANDATORY_SYSTEM_RID,Target User: -\-,,C:\Windows\System32\svchost.exe C:\WINDOWS\System32\svchost.exe -k wsappx -p -s ClipSVC,False,D:\UOW\SEM3\msc-diss-7csef001w\scenarios\scenario_2\artefacts\event_logs\Security.evtx,Audit success,0,"{""EventData"":{""Data"":[{""@Name"":""SubjectUserSid"",""#text"":""S-1-5-18""},{""@Name"":""SubjectUserName"",""#text"":""DISSTESTBEDVM$""},{""@Name"":""SubjectDomainName"",""#text"":""WORKGROUP""},{""@Name"":""SubjectLogonId"",""#text"":""0x3E7""},{""@Name"":""NewProcessId"",""#text"":""0x2864""},{""@Name"":""NewProcessName"",""#text"":""C:\\Windows\\System32\\svchost.exe""},{""@Name"":""TokenElevationType"",""#text"":""%%1936""},{""@Name"":""ProcessId"",""#text"":""0x364""},{""@Name"":""CommandLine"",""#text"":""C:\\WINDOWS\\System32\\svchost.exe -k wsappx -p -s ClipSVC""},{""@Name"":""TargetUserSid"",""#text"":""S-1-0-0""},{""@Name"":""TargetUserName"",""#text"":""-""},{""@Name"":""TargetDomainName"",""#text"":""-""},{""@Name"":""TargetLogonId"",""#text"":""0x0""},{""@Name"":""ParentProcessName"",""#text"":""C:\\Windows\\System32\\services.exe""},{""@Name"":""MandatoryLabel"",""#text"":""S-1-16-16384""}]}}"
35657,35657,2026-08-17 18:34:53.6410368,4688,LogAlways,Microsoft-Windows-Security-Auditing,Security,4,2584,disstestbedvm,429,,A new process has been created,WORKGROUP\DISSTESTBEDVM$,,Parent process: C:\Windows\System32\svchost.exe,PID: 0x600,Parent PID: 0x28C0,Mandatory label: SECURITY_MANDATORY_MEDIUM_RID,Target User: disstestbedvm\dfanalyst,,C:\Windows\System32\taskhostw.exe taskhostw.exe -RegisterUserDevice -NewAccount,False,D:\UOW\SEM3\msc-diss-7csef001w\scenarios\scenario_2\artefacts\event_logs\Security.evtx,Audit success,0,"{""EventData"":{""Data"":[{""@Name"":""SubjectUserSid"",""#text"":""S-1-5-18""},{""@Name"":""SubjectUserName"",""#text"":""DISSTESTBEDVM$""},{""@Name"":""SubjectDomainName"",""#text"":""WORKGROUP""},{""@Name"":""SubjectLogonId"",""#text"":""0x3E7""},{""@Name"":""NewProcessId"",""#text"":""0x28C0""},{""@Name"":""NewProcessName"",""#text"":""C:\\Windows\\System32\\taskhostw.exe""},{""@Name"":""TokenElevationType"",""#text"":""%%1938""},{""@Name"":""ProcessId"",""#text"":""0x600""},{""@Name"":""CommandLine"",""#text"":""taskhostw.exe -RegisterUserDevice -NewAccount""},{""@Name"":""TargetUserSid"",""#text"":""S-1-5-21-4209295338-567392030-2519289182-1001""},{""@Name"":""TargetUserName"",""#text"":""dfanalyst""},{""@Name"":""TargetDomainName"",""#text"":""disstestbedvm""},{""@Name"":""TargetLogonId"",""#text"":""0x1B772""},{""@Name"":""ParentProcessName"",""#text"":""C:\\Windows\\System32\\svchost.exe""},{""@Name"":""MandatoryLabel"",""#text"":""S-1-16-8192""}]}}"
35658,35658,2026-08-17 18:34:53.6771413,4688,LogAlways,Microsoft-Windows-Security-Auditing,Security,4,220,disstestbedvm,429,,A new process has been created,WORKGROUP\DISSTESTBEDVM$,,Parent process: C:\Windows\System32\svchost.exe,PID: 0x600,Parent PID: 0x324,Mandatory label: SECURITY_MANDATORY_SYSTEM_RID,Target User: -\-,,C:\Windows\System32\taskhostw.exe taskhostw.exe -RegisterDevice -AccountChange,False,D:\UOW\SEM3\msc-diss-7csef001w\scenarios\scenario_2\artefacts\event_logs\Security.evtx,Audit success,0,"{""EventData"":{""Data"":[{""@Name"":""SubjectUserSid"",""#text"":""S-1-5-18""},{""@Name"":""SubjectUserName"",""#text"":""DISSTESTBEDVM$""},{""@Name"":""SubjectDomainName"",""#text"":""WORKGROUP""},{""@Name"":""SubjectLogonId"",""#text"":""0x3E7""},{""@Name"":""NewProcessId"",""#text"":""0x324""},{""@Name"":""NewProcessName"",""#text"":""C:\\Windows\\System32\\taskhostw.exe""},{""@Name"":""TokenElevationType"",""#text"":""%%1936""},{""@Name"":""ProcessId"",""#text"":""0x600""},{""@Name"":""CommandLine"",""#text"":""taskhostw.exe -RegisterDevice -AccountChange""},{""@Name"":""TargetUserSid"",""#text"":""S-1-0-0""},{""@Name"":""TargetUserName"",""#text"":""-""},{""@Name"":""TargetDomainName"",""#text"":""-""},{""@Name"":""TargetLogonId"",""#text"":""0x0""},{""@Name"":""ParentProcessName"",""#text"":""C:\\Windows\\System32\\svchost.exe""},{""@Name"":""MandatoryLabel"",""#text"":""S-1-16-16384""}]}}"
35659,35659,2026-08-17 18:34:53.7155496,4689,LogAlways,Microsoft-Windows-Security-Auditing,Security,4,220,disstestbedvm,429,,A process has exited,WORKGROUP\DISSTESTBEDVM$,,,PID: 0x324,,,,,C:\Windows\System32\taskhostw.exe,False,D:\UOW\SEM3\msc-diss-7csef001w\scenarios\scenario_2\artefacts\event_logs\Security.evtx,Audit success,0,"{""EventData"":{""Data"":[{""@Name"":""SubjectUserSid"",""#text"":""S-1-5-18""},{""@Name"":""SubjectUserName"",""#text"":""DISSTESTBEDVM$""},{""@Name"":""SubjectDomainName"",""#text"":""WORKGROUP""},{""@Name"":""SubjectLogonId"",""#text"":""0x3E7""},{""@Name"":""Status"",""#text"":""0x0""},{""@Name"":""ProcessId"",""#text"":""0x324""},{""@Name"":""ProcessName"",""#text"":""C:\\Windows\\System32\\taskhostw.exe""}]}}"
35660,35660,2026-08-17 18:34:54.2872619,4689,LogAlways,Microsoft-Windows-Security-Auditing,Security,4,10056,disstestbedvm,429,,A process has exited,disstestbedvm\dfanalyst,,,PID: 0x2AD4,,,,,C:\Windows\System32\taskhostw.exe,False,D:\UOW\SEM3\msc-diss-7csef001w\scenarios\scenario_2\artefacts\event_logs\Security.evtx,Audit success,0,"{""EventData"":{""Data"":[{""@Name"":""SubjectUserSid"",""#text"":""S-1-5-21-4209295338-567392030-2519289182-1001""},{""@Name"":""SubjectUserName"",""#text"":""dfanalyst""},{""@Name"":""SubjectDomainName"",""#text"":""disstestbedvm""},{""@Name"":""SubjectLogonId"",""#text"":""0x1B715""},{""@Name"":""Status"",""#text"":""0x0""},{""@Name"":""ProcessId"",""#text"":""0x2AD4""},{""@Name"":""ProcessName"",""#text"":""C:\\Windows\\System32\\taskhostw.exe""}]}}"
35661,35661,2026-08-17 18:34:55.1567200,4689,LogAlways,Microsoft-Windows-Security-Auditing,Security,4,2584,disstestbedvm,429,,A process has exited,disstestbedvm\dfanalyst,,,PID: 0x28C0,,,,,C:\Windows\System32\taskhostw.exe,False,D:\UOW\SEM3\msc-diss-7csef001w\scenarios\scenario_2\artefacts\event_logs\Security.evtx,Audit success,0,"{""EventData"":{""Data"":[{""@Name"":""SubjectUserSid"",""#text"":""S-1-5-21-4209295338-567392030-2519289182-1001""},{""@Name"":""SubjectUserName"",""#text"":""dfanalyst""},{""@Name"":""SubjectDomainName"",""#text"":""disstestbedvm""},{""@Name"":""SubjectLogonId"",""#text"":""0x1B772""},{""@Name"":""Status"",""#text"":""0x0""},{""@Name"":""ProcessId"",""#text"":""0x28C0""},{""@Name"":""ProcessName"",""#text"":""C:\\Windows\\System32\\taskhostw.exe""}]}}"
35674,35674,2026-08-17 18:35:38.3113760,5379,LogAlways,Microsoft-Windows-Security-Auditing,Security,888,8532,disstestbedvm,430,,,,,,,,,,,,False,D:\UOW\SEM3\msc-diss-7csef001w\scenarios\scenario_2\artefacts\event_logs\Security.evtx,Audit success,0,"{""EventData"":{""Data"":[{""@Name"":""SubjectUserSid"",""#text"":""S-1-5-21-4209295338-567392030-2519289182-1001""},{""@Name"":""SubjectUserName"",""#text"":""dfanalyst""},{""@Name"":""SubjectDomainName"",""#text"":""disstestbedvm""},{""@Name"":""SubjectLogonId"",""#text"":""0x1B772""},{""@Name"":""TargetName"",""#text"":""MicrosoftAccount:user=02fgkkqegieoagrb""},{""@Name"":""Type"",""#text"":""0""},{""@Name"":""CountOfCredentialsReturned"",""#text"":""0""},{""@Name"":""ReadOperation"",""#text"":""%%8100""},{""@Name"":""ReturnCode"",""#text"":""3221226021""},{""@Name"":""ProcessCreationTime"",""#text"":""2026-08-17 18:31:06.2287580""},{""@Name"":""ClientProcessId"",""#text"":""9236""}]}}"
35675,35675,2026-08-17 18:35:38.3114935,5379,LogAlways,Microsoft-Windows-Security-Auditing,Security,888,8532,disstestbedvm,430,,,,,,,,,,,,False,D:\UOW\SEM3\msc-diss-7csef001w\scenarios\scenario_2\artefacts\event_logs\Security.evtx,Audit success,0,"{""EventData"":{""Data"":[{""@Name"":""SubjectUserSid"",""#text"":""S-1-5-21-4209295338-567392030-2519289182-1001""},{""@Name"":""SubjectUserName"",""#text"":""dfanalyst""},{""@Name"":""SubjectDomainName"",""#text"":""disstestbedvm""},{""@Name"":""SubjectLogonId"",""#text"":""0x1B772""},{""@Name"":""TargetName"",""#text"":""WindowsLive:(token):name=02fgkkqegieoagrb;serviceuri=*""},{""@Name"":""Type"",""#text"":""0""},{""@Name"":""CountOfCredentialsReturned"",""#text"":""0""},{""@Name"":""ReadOperation"",""#text"":""%%8100""},{""@Name"":""ReturnCode"",""#text"":""3221226021""},{""@Name"":""ProcessCreationTime"",""#text"":""2026-08-17 18:31:06.2287580""},{""@Name"":""ClientProcessId"",""#text"":""9236""}]}}"
35676,35676,2026-08-17 18:35:38.3119951,5379,LogAlways,Microsoft-Windows-Security-Auditing,Security,888,8532,disstestbedvm,430,,,,,,,,,,,,False,D:\UOW\SEM3\msc-diss-7csef001w\scenarios\scenario_2\artefacts\event_logs\Security.evtx,Audit success,0,"{""EventData"":{""Data"":[{""@Name"":""SubjectUserSid"",""#text"":""S-1-5-21-4209295338-567392030-2519289182-1001""},{""@Name"":""SubjectUserName"",""#text"":""dfanalyst""},{""@Name"":""SubjectDomainName"",""#text"":""disstestbedvm""},{""@Name"":""SubjectLogonId"",""#text"":""0x1B772""},{""@Name"":""TargetName"",""#text"":""WindowsLive:(cert):name=02fgkkqegieoagrb;serviceuri=*""},{""@Name"":""Type"",""#text"":""0""},{""@Name"":""CountOfCredentialsReturned"",""#text"":""0""},{""@Name"":""ReadOperation"",""#text"":""%%8100""},{""@Name"":""ReturnCode"",""#text"":""3221226021""},{""@Name"":""ProcessCreationTime"",""#text"":""2026-08-17 18:31:06.2287580""},{""@Name"":""ClientProcessId"",""#text"":""9236""}]}}"
35677,35677,2026-08-17 18:35:38.3180748,5379,LogAlways,Microsoft-Windows-Security-Auditing,Security,888,976,disstestbedvm,430,,,,,,,,,,,,False,D:\UOW\SEM3\msc-diss-7csef001w\scenarios\scenario_2\artefacts\event_logs\Security.evtx,Audit success,0,"{""EventData"":{""Data"":[{""@Name"":""SubjectUserSid"",""#text"":""S-1-5-21-4209295338-567392030-2519289182-1001""},{""@Name"":""SubjectUserName"",""#text"":""dfanalyst""},{""@Name"":""SubjectDomainName"",""#text"":""disstestbedvm""},{""@Name"":""SubjectLogonId"",""#text"":""0x1B772""},{""@Name"":""TargetName"",""#text"":""MicrosoftAccount:user=02fgkkqegieoagrb""},{""@Name"":""Type"",""#text"":""0""},{""@Name"":""CountOfCredentialsReturned"",""#text"":""0""},{""@Name"":""ReadOperation"",""#text"":""%%8100""},{""@Name"":""ReturnCode"",""#text"":""3221226021""},{""@Name"":""ProcessCreationTime"",""#text"":""2026-08-17 18:31:06.2287580""},{""@Name"":""ClientProcessId"",""#text"":""9236""}]}}"
35678,35678,2026-08-17 18:35:39.6408159,4688,LogAlways,Microsoft-Windows-Security-Auditing,Security,4,6388,disstestbedvm,430,,A new process has been created,WORKGROUP\DISSTESTBEDVM$,,Parent process: C:\Windows\System32\svchost.exe,PID: 0x130,Parent PID: 0x1250,Mandatory label: SECURITY_MANDATORY_MEDIUM_RID,Target User: disstestbedvm\dfanalyst,,C:\Windows\System32\dllhost.exe C:\WINDOWS\system32\DllHost.exe /Processid:{AB8902B4-09CA-4BB6-B78D-A8F59079A8D5},False,D:\UOW\SEM3\msc-diss-7csef001w\scenarios\scenario_2\artefacts\event_logs\Security.evtx,Audit success,0,"{""EventData"":{""Data"":[{""@Name"":""SubjectUserSid"",""#text"":""S-1-5-18""},{""@Name"":""SubjectUserName"",""#text"":""DISSTESTBEDVM$""},{""@Name"":""SubjectDomainName"",""#text"":""WORKGROUP""},{""@Name"":""SubjectLogonId"",""#text"":""0x3E7""},{""@Name"":""NewProcessId"",""#text"":""0x1250""},{""@Name"":""NewProcessName"",""#text"":""C:\\Windows\\System32\\dllhost.exe""},{""@Name"":""TokenElevationType"",""#text"":""%%1938""},{""@Name"":""ProcessId"",""#text"":""0x130""},{""@Name"":""CommandLine"",""#text"":""C:\\WINDOWS\\system32\\DllHost.exe /Processid:{AB8902B4-09CA-4BB6-B78D-A8F59079A8D5}""},{""@Name"":""TargetUserSid"",""#text"":""S-1-5-21-4209295338-567392030-2519289182-1001""},{""@Name"":""TargetUserName"",""#text"":""dfanalyst""},{""@Name"":""TargetDomainName"",""#text"":""disstestbedvm""},{""@Name"":""TargetLogonId"",""#text"":""0x1B772""},{""@Name"":""ParentProcessName"",""#text"":""C:\\Windows\\System32\\svchost.exe""},{""@Name"":""MandatoryLabel"",""#text"":""S-1-16-8192""}]}}"
35679,35679,2026-08-17 18:35:40.6790728,4688,LogAlways,Microsoft-Windows-Security-Auditing,Security,4,6388,disstestbedvm,430,,A new process has been created,disstestbedvm\dfanalyst,,Parent process: C:\Windows\explorer.exe,PID: 0x1548,Parent PID: 0x140C,Mandatory label: SECURITY_MANDATORY_MEDIUM_RID,Target User: -\-,,"C:\Program Files (x86)\VideoLAN\VLC\vlc.exe ""C:\Program Files (x86)\VideoLAN\VLC\vlc.exe"" ",False,D:\UOW\SEM3\msc-diss-7csef001w\scenarios\scenario_2\artefacts\event_logs\Security.evtx,Audit success,0,"{""EventData"":{""Data"":[{""@Name"":""SubjectUserSid"",""#text"":""S-1-5-21-4209295338-567392030-2519289182-1001""},{""@Name"":""SubjectUserName"",""#text"":""dfanalyst""},{""@Name"":""SubjectDomainName"",""#text"":""disstestbedvm""},{""@Name"":""SubjectLogonId"",""#text"":""0x1B772""},{""@Name"":""NewProcessId"",""#text"":""0x140C""},{""@Name"":""NewProcessName"",""#text"":""C:\\Program Files (x86)\\VideoLAN\\VLC\\vlc.exe""},{""@Name"":""TokenElevationType"",""#text"":""%%1938""},{""@Name"":""ProcessId"",""#text"":""0x1548""},{""@Name"":""CommandLine"",""#text"":""\""C:\\Program Files (x86)\\VideoLAN\\VLC\\vlc.exe\"" ""},{""@Name"":""TargetUserSid"",""#text"":""S-1-0-0""},{""@Name"":""TargetUserName"",""#text"":""-""},{""@Name"":""TargetDomainName"",""#text"":""-""},{""@Name"":""TargetLogonId"",""#text"":""0x0""},{""@Name"":""ParentProcessName"",""#text"":""C:\\Windows\\explorer.exe""},{""@Name"":""MandatoryLabel"",""#text"":""S-1-16-8192""}]}}"
35680,35680,2026-08-17 18:35:44.6702462,4689,LogAlways,Microsoft-Windows-Security-Auditing,Security,4,224,disstestbedvm,430,,A process has exited,disstestbedvm\dfanalyst,,,PID: 0x1250,,,,,C:\Windows\System32\dllhost.exe,False,D:\UOW\SEM3\msc-diss-7csef001w\scenarios\scenario_2\artefacts\event_logs\Security.evtx,Audit success,0,"{""EventData"":{""Data"":[{""@Name"":""SubjectUserSid"",""#text"":""S-1-5-21-4209295338-567392030-2519289182-1001""},{""@Name"":""SubjectUserName"",""#text"":""dfanalyst""},{""@Name"":""SubjectDomainName"",""#text"":""disstestbedvm""},{""@Name"":""SubjectLogonId"",""#text"":""0x1B772""},{""@Name"":""Status"",""#text"":""0x0""},{""@Name"":""ProcessId"",""#text"":""0x1250""},{""@Name"":""ProcessName"",""#text"":""C:\\Windows\\System32\\dllhost.exe""}]}}"
35681,35681,2026-08-17 18:35:49.7060687,4689,LogAlways,Microsoft-Windows-Security-Auditing,Security,4,6388,disstestbedvm,430,,A process has exited,WORKGROUP\DISSTESTBEDVM$,,,PID: 0x8F8,,,,,C:\Windows\System32\svchost.exe,False,D:\UOW\SEM3\msc-diss-7csef001w\scenarios\scenario_2\artefacts\event_logs\Security.evtx,Audit success,0,"{""EventData"":{""Data"":[{""@Name"":""SubjectUserSid"",""#text"":""S-1-5-18""},{""@Name"":""SubjectUserName"",""#text"":""DISSTESTBEDVM$""},{""@Name"":""SubjectDomainName"",""#text"":""WORKGROUP""},{""@Name"":""SubjectLogonId"",""#text"":""0x3E7""},{""@Name"":""Status"",""#text"":""0x0""},{""@Name"":""ProcessId"",""#text"":""0x8F8""},{""@Name"":""ProcessName"",""#text"":""C:\\Windows\\System32\\svchost.exe""}]}}"
35682,35682,2026-08-17 18:36:02.6910472,4689,LogAlways,Microsoft-Windows-Security-Auditing,Security,4,2584,disstestbedvm,430,,A process has exited,disstestbedvm\dfanalyst,,,PID: 0x24D8,,,,,C:\Windows\System32\RuntimeBroker.exe,False,D:\UOW\SEM3\msc-diss-7csef001w\scenarios\scenario_2\artefacts\event_logs\Security.evtx,Audit success,0,"{""EventData"":{""Data"":[{""@Name"":""SubjectUserSid"",""#text"":""S-1-5-21-4209295338-567392030-2519289182-1001""},{""@Name"":""SubjectUserName"",""#text"":""dfanalyst""},{""@Name"":""SubjectDomainName"",""#text"":""disstestbedvm""},{""@Name"":""SubjectLogonId"",""#text"":""0x1B772""},{""@Name"":""Status"",""#text"":""0x0""},{""@Name"":""ProcessId"",""#text"":""0x24D8""},{""@Name"":""ProcessName"",""#text"":""C:\\Windows\\System32\\RuntimeBroker.exe""}]}}"
35683,35683,2026-08-17 18:36:16.3434039,4689,LogAlways,Microsoft-Windows-Security-Auditing,Security,4,220,disstestbedvm,430,,A process has exited,WORKGROUP\DISSTESTBEDVM$,,,PID: 0x1584,,,,,C:\Windows\UUS\amd64\MoUsoCoreWorker.exe,False,D:\UOW\SEM3\msc-diss-7csef001w\scenarios\scenario_2\artefacts\event_logs\Security.evtx,Audit success,0,"{""EventData"":{""Data"":[{""@Name"":""SubjectUserSid"",""#text"":""S-1-5-18""},{""@Name"":""SubjectUserName"",""#text"":""DISSTESTBEDVM$""},{""@Name"":""SubjectDomainName"",""#text"":""WORKGROUP""},{""@Name"":""SubjectLogonId"",""#text"":""0x3E7""},{""@Name"":""Status"",""#text"":""0x0""},{""@Name"":""ProcessId"",""#text"":""0x1584""},{""@Name"":""ProcessName"",""#text"":""C:\\Windows\\UUS\\amd64\\MoUsoCoreWorker.exe""}]}}"
35684,35684,2026-08-17 18:36:36.9955393,4689,LogAlways,Microsoft-Windows-Security-Auditing,Security,4,2580,disstestbedvm,430,,A process has exited,disstestbedvm\dfanalyst,,,PID: 0x140C,,,,,C:\Program Files (x86)\VideoLAN\VLC\vlc.exe,False,D:\UOW\SEM3\msc-diss-7csef001w\scenarios\scenario_2\artefacts\event_logs\Security.evtx,Audit success,0,"{""EventData"":{""Data"":[{""@Name"":""SubjectUserSid"",""#text"":""S-1-5-21-4209295338-567392030-2519289182-1001""},{""@Name"":""SubjectUserName"",""#text"":""dfanalyst""},{""@Name"":""SubjectDomainName"",""#text"":""disstestbedvm""},{""@Name"":""SubjectLogonId"",""#text"":""0x1B772""},{""@Name"":""Status"",""#text"":""0x0""},{""@Name"":""ProcessId"",""#text"":""0x140C""},{""@Name"":""ProcessName"",""#text"":""C:\\Program Files (x86)\\VideoLAN\\VLC\\vlc.exe""}]}}"
35688,35688,2026-08-17 18:37:24.4466898,5379,LogAlways,Microsoft-Windows-Security-Auditing,Security,888,976,disstestbedvm,430,,,,,,,,,,,,False,D:\UOW\SEM3\msc-diss-7csef001w\scenarios\scenario_2\artefacts\event_logs\Security.evtx,Audit success,0,"{""EventData"":{""Data"":[{""@Name"":""SubjectUserSid"",""#text"":""S-1-5-21-4209295338-567392030-2519289182-1001""},{""@Name"":""SubjectUserName"",""#text"":""dfanalyst""},{""@Name"":""SubjectDomainName"",""#text"":""disstestbedvm""},{""@Name"":""SubjectLogonId"",""#text"":""0x1B772""},{""@Name"":""TargetName"",""#text"":""MicrosoftAccount:user=02fgkkqegieoagrb""},{""@Name"":""Type"",""#text"":""0""},{""@Name"":""CountOfCredentialsReturned"",""#text"":""0""},{""@Name"":""ReadOperation"",""#text"":""%%8100""},{""@Name"":""ReturnCode"",""#text"":""3221226021""},{""@Name"":""ProcessCreationTime"",""#text"":""2026-08-17 18:31:06.2287580""},{""@Name"":""ClientProcessId"",""#text"":""9236""}]}}"
35689,35689,2026-08-17 18:37:24.4468436,5379,LogAlways,Microsoft-Windows-Security-Auditing,Security,888,976,disstestbedvm,430,,,,,,,,,,,,False,D:\UOW\SEM3\msc-diss-7csef001w\scenarios\scenario_2\artefacts\event_logs\Security.evtx,Audit success,0,"{""EventData"":{""Data"":[{""@Name"":""SubjectUserSid"",""#text"":""S-1-5-21-4209295338-567392030-2519289182-1001""},{""@Name"":""SubjectUserName"",""#text"":""dfanalyst""},{""@Name"":""SubjectDomainName"",""#text"":""disstestbedvm""},{""@Name"":""SubjectLogonId"",""#text"":""0x1B772""},{""@Name"":""TargetName"",""#text"":""WindowsLive:(token):name=02fgkkqegieoagrb;serviceuri=*""},{""@Name"":""Type"",""#text"":""0""},{""@Name"":""CountOfCredentialsReturned"",""#text"":""0""},{""@Name"":""ReadOperation"",""#text"":""%%8100""},{""@Name"":""ReturnCode"",""#text"":""3221226021""},{""@Name"":""ProcessCreationTime"",""#text"":""2026-08-17 18:31:06.2287580""},{""@Name"":""ClientProcessId"",""#text"":""9236""}]}}"
35690,35690,2026-08-17 18:37:24.4474484,5379,LogAlways,Microsoft-Windows-Security-Auditing,Security,888,976,disstestbedvm,430,,,,,,,,,,,,False,D:\UOW\SEM3\msc-diss-7csef001w\scenarios\scenario_2\artefacts\event_logs\Security.evtx,Audit success,0,"{""EventData"":{""Data"":[{""@Name"":""SubjectUserSid"",""#text"":""S-1-5-21-4209295338-567392030-2519289182-1001""},{""@Name"":""SubjectUserName"",""#text"":""dfanalyst""},{""@Name"":""SubjectDomainName"",""#text"":""disstestbedvm""},{""@Name"":""SubjectLogonId"",""#text"":""0x1B772""},{""@Name"":""TargetName"",""#text"":""WindowsLive:(cert):name=02fgkkqegieoagrb;serviceuri=*""},{""@Name"":""Type"",""#text"":""0""},{""@Name"":""CountOfCredentialsReturned"",""#text"":""0""},{""@Name"":""ReadOperation"",""#text"":""%%8100""},{""@Name"":""ReturnCode"",""#text"":""3221226021""},{""@Name"":""ProcessCreationTime"",""#text"":""2026-08-17 18:31:06.2287580""},{""@Name"":""ClientProcessId"",""#text"":""9236""}]}}"
35691,35691,2026-08-17 18:37:24.4526866,5379,LogAlways,Microsoft-Windows-Security-Auditing,Security,888,976,disstestbedvm,430,,,,,,,,,,,,False,D:\UOW\SEM3\msc-diss-7csef001w\scenarios\scenario_2\artefacts\event_logs\Security.evtx,Audit success,0,"{""EventData"":{""Data"":[{""@Name"":""SubjectUserSid"",""#text"":""S-1-5-21-4209295338-567392030-2519289182-1001""},{""@Name"":""SubjectUserName"",""#text"":""dfanalyst""},{""@Name"":""SubjectDomainName"",""#text"":""disstestbedvm""},{""@Name"":""SubjectLogonId"",""#text"":""0x1B772""},{""@Name"":""TargetName"",""#text"":""MicrosoftAccount:user=02fgkkqegieoagrb""},{""@Name"":""Type"",""#text"":""0""},{""@Name"":""CountOfCredentialsReturned"",""#text"":""0""},{""@Name"":""ReadOperation"",""#text"":""%%8100""},{""@Name"":""ReturnCode"",""#text"":""3221226021""},{""@Name"":""ProcessCreationTime"",""#text"":""2026-08-17 18:31:06.2287580""},{""@Name"":""ClientProcessId"",""#text"":""9236""}]}}"
35692,35692,2026-08-17 18:37:30.5329434,4688,LogAlways,Microsoft-Windows-Security-Auditing,Security,4,224,disstestbedvm,430,,A new process has been created,WORKGROUP\DISSTESTBEDVM$,,Parent process: C:\Windows\System32\svchost.exe,PID: 0x130,Parent PID: 0x12B0,Mandatory label: SECURITY_MANDATORY_MEDIUM_RID,Target User: disstestbedvm\dfanalyst,,C:\Windows\System32\dllhost.exe C:\WINDOWS\system32\DllHost.exe /Processid:{AB8902B4-09CA-4BB6-B78D-A8F59079A8D5},False,D:\UOW\SEM3\msc-diss-7csef001w\scenarios\scenario_2\artefacts\event_logs\Security.evtx,Audit success,0,"{""EventData"":{""Data"":[{""@Name"":""SubjectUserSid"",""#text"":""S-1-5-18""},{""@Name"":""SubjectUserName"",""#text"":""DISSTESTBEDVM$""},{""@Name"":""SubjectDomainName"",""#text"":""WORKGROUP""},{""@Name"":""SubjectLogonId"",""#text"":""0x3E7""},{""@Name"":""NewProcessId"",""#text"":""0x12B0""},{""@Name"":""NewProcessName"",""#text"":""C:\\Windows\\System32\\dllhost.exe""},{""@Name"":""TokenElevationType"",""#text"":""%%1938""},{""@Name"":""ProcessId"",""#text"":""0x130""},{""@Name"":""CommandLine"",""#text"":""C:\\WINDOWS\\system32\\DllHost.exe /Processid:{AB8902B4-09CA-4BB6-B78D-A8F59079A8D5}""},{""@Name"":""TargetUserSid"",""#text"":""S-1-5-21-4209295338-567392030-2519289182-1001""},{""@Name"":""TargetUserName"",""#text"":""dfanalyst""},{""@Name"":""TargetDomainName"",""#text"":""disstestbedvm""},{""@Name"":""TargetLogonId"",""#text"":""0x1B772""},{""@Name"":""ParentProcessName"",""#text"":""C:\\Windows\\System32\\svchost.exe""},{""@Name"":""MandatoryLabel"",""#text"":""S-1-16-8192""}]}}"
35693,35693,2026-08-17 18:37:32.6761617,4688,LogAlways,Microsoft-Windows-Security-Auditing,Security,4,6388,disstestbedvm,430,,A new process has been created,disstestbedvm\dfanalyst,,Parent process: C:\Windows\explorer.exe,PID: 0x1548,Parent PID: 0xAC0,Mandatory label: SECURITY_MANDATORY_MEDIUM_RID,Target User: -\-,,"C:\Program Files\Notepad++\notepad++.exe ""C:\Program Files\Notepad++\notepad++.exe"" ",False,D:\UOW\SEM3\msc-diss-7csef001w\scenarios\scenario_2\artefacts\event_logs\Security.evtx,Audit success,0,"{""EventData"":{""Data"":[{""@Name"":""SubjectUserSid"",""#text"":""S-1-5-21-4209295338-567392030-2519289182-1001""},{""@Name"":""SubjectUserName"",""#text"":""dfanalyst""},{""@Name"":""SubjectDomainName"",""#text"":""disstestbedvm""},{""@Name"":""SubjectLogonId"",""#text"":""0x1B772""},{""@Name"":""NewProcessId"",""#text"":""0xAC0""},{""@Name"":""NewProcessName"",""#text"":""C:\\Program Files\\Notepad++\\notepad++.exe""},{""@Name"":""TokenElevationType"",""#text"":""%%1938""},{""@Name"":""ProcessId"",""#text"":""0x1548""},{""@Name"":""CommandLine"",""#text"":""\""C:\\Program Files\\Notepad++\\notepad++.exe\"" ""},{""@Name"":""TargetUserSid"",""#text"":""S-1-0-0""},{""@Name"":""TargetUserName"",""#text"":""-""},{""@Name"":""TargetDomainName"",""#text"":""-""},{""@Name"":""TargetLogonId"",""#text"":""0x0""},{""@Name"":""ParentProcessName"",""#text"":""C:\\Windows\\explorer.exe""},{""@Name"":""MandatoryLabel"",""#text"":""S-1-16-8192""}]}}"
35694,35694,2026-08-17 18:37:33.3461437,4688,LogAlways,Microsoft-Windows-Security-Auditing,Security,4,6380,disstestbedvm,430,,A new process has been created,disstestbedvm\dfanalyst,,Parent process: C:\Program Files\Notepad++\notepad++.exe,PID: 0xAC0,Parent PID: 0x233C,Mandatory label: SECURITY_MANDATORY_MEDIUM_RID,Target User: -\-,,"C:\Program Files\Notepad++\updater\GUP.exe ""C:\Program Files\Notepad++\updater\gup.exe"" -v8.962 -px64 -infoUrl=https://notepad-plus-plus.org/update/getDownloadUrl.php -forceDomain=https://github.com/notepad-plus-plus/notepad-plus-plus/ -chkCert4InfoXML -chkCertKeyId4XML=CC0D94922CDA3A18A7D286138525AF9C3942E9E7 -chkCertSig=yes -chkCertRevoc -chkCertTrustChain -chkCertName=NOTEPAD++ -chkCertSubject=""C=FR, S=Île-de-France, L=Paris, O={QUOTE}NOTEPAD++{QUOTE}, CN={QUOTE}NOTEPAD++{QUOTE}, E=don.h@free.fr"" -chkCertKeyId=CC0D94922CDA3A18A7D286138525AF9C3942E9E7 -errLogPath=""%LOCALAPPDATA%\Notepad++\log\securityError.log""",False,D:\UOW\SEM3\msc-diss-7csef001w\scenarios\scenario_2\artefacts\event_logs\Security.evtx,Audit success,0,"{""EventData"":{""Data"":[{""@Name"":""SubjectUserSid"",""#text"":""S-1-5-21-4209295338-567392030-2519289182-1001""},{""@Name"":""SubjectUserName"",""#text"":""dfanalyst""},{""@Name"":""SubjectDomainName"",""#text"":""disstestbedvm""},{""@Name"":""SubjectLogonId"",""#text"":""0x1B772""},{""@Name"":""NewProcessId"",""#text"":""0x233C""},{""@Name"":""NewProcessName"",""#text"":""C:\\Program Files\\Notepad++\\updater\\GUP.exe""},{""@Name"":""TokenElevationType"",""#text"":""%%1938""},{""@Name"":""ProcessId"",""#text"":""0xAC0""},{""@Name"":""CommandLine"",""#text"":""\""C:\\Program Files\\Notepad++\\updater\\gup.exe\"" -v8.962 -px64 -infoUrl=https://notepad-plus-plus.org/update/getDownloadUrl.php -forceDomain=https://github.com/notepad-plus-plus/notepad-plus-plus/ -chkCert4InfoXML -chkCertKeyId4XML=CC0D94922CDA3A18A7D286138525AF9C3942E9E7 -chkCertSig=yes -chkCertRevoc -chkCertTrustChain -chkCertName=NOTEPAD++ -chkCertSubject=\""C=FR, S=Île-de-France, L=Paris, O={QUOTE}NOTEPAD++{QUOTE}, CN={QUOTE}NOTEPAD++{QUOTE}, E=don.h@free.fr\"" -chkCertKeyId=CC0D94922CDA3A18A7D286138525AF9C3942E9E7 -errLogPath=\""%LOCALAPPDATA%\\Notepad++\\log\\securityError.log\""""},{""@Name"":""TargetUserSid"",""#text"":""S-1-0-0""},{""@Name"":""TargetUserName"",""#text"":""-""},{""@Name"":""TargetDomainName"",""#text"":""-""},{""@Name"":""TargetLogonId"",""#text"":""0x0""},{""@Name"":""ParentProcessName"",""#text"":""C:\\Program Files\\Notepad++\\notepad++.exe""},{""@Name"":""MandatoryLabel"",""#text"":""S-1-16-8192""}]}}"
35695,35695,2026-08-17 18:37:35.5631222,4689,LogAlways,Microsoft-Windows-Security-Auditing,Security,4,6388,disstestbedvm,430,,A process has exited,disstestbedvm\dfanalyst,,,PID: 0x12B0,,,,,C:\Windows\System32\dllhost.exe,False,D:\UOW\SEM3\msc-diss-7csef001w\scenarios\scenario_2\artefacts\event_logs\Security.evtx,Audit success,0,"{""EventData"":{""Data"":[{""@Name"":""SubjectUserSid"",""#text"":""S-1-5-21-4209295338-567392030-2519289182-1001""},{""@Name"":""SubjectUserName"",""#text"":""dfanalyst""},{""@Name"":""SubjectDomainName"",""#text"":""disstestbedvm""},{""@Name"":""SubjectLogonId"",""#text"":""0x1B772""},{""@Name"":""Status"",""#text"":""0x0""},{""@Name"":""ProcessId"",""#text"":""0x12B0""},{""@Name"":""ProcessName"",""#text"":""C:\\Windows\\System32\\dllhost.exe""}]}}"
35696,35696,2026-08-17 18:37:37.8194909,4688,LogAlways,Microsoft-Windows-Security-Auditing,Security,4,1392,disstestbedvm,430,,A new process has been created,NT AUTHORITY\LOCAL SERVICE,,Parent process: C:\Windows\System32\svchost.exe,PID: 0x980,Parent PID: 0x1EB0,Mandatory label: SECURITY_MANDATORY_SYSTEM_RID,Target User: -\-,,C:\Windows\System32\audiodg.exe C:\WINDOWS\system32\AUDIODG.EXE 0x000000000000048C 0x0000000000000490,False,D:\UOW\SEM3\msc-diss-7csef001w\scenarios\scenario_2\artefacts\event_logs\Security.evtx,Audit success,0,"{""EventData"":{""Data"":[{""@Name"":""SubjectUserSid"",""#text"":""S-1-5-19""},{""@Name"":""SubjectUserName"",""#text"":""LOCAL SERVICE""},{""@Name"":""SubjectDomainName"",""#text"":""NT AUTHORITY""},{""@Name"":""SubjectLogonId"",""#text"":""0x3E5""},{""@Name"":""NewProcessId"",""#text"":""0x1EB0""},{""@Name"":""NewProcessName"",""#text"":""C:\\Windows\\System32\\audiodg.exe""},{""@Name"":""TokenElevationType"",""#text"":""%%1936""},{""@Name"":""ProcessId"",""#text"":""0x980""},{""@Name"":""CommandLine"",""#text"":""C:\\WINDOWS\\system32\\AUDIODG.EXE 0x000000000000048C 0x0000000000000490""},{""@Name"":""TargetUserSid"",""#text"":""S-1-0-0""},{""@Name"":""TargetUserName"",""#text"":""-""},{""@Name"":""TargetDomainName"",""#text"":""-""},{""@Name"":""TargetLogonId"",""#text"":""0x0""},{""@Name"":""ParentProcessName"",""#text"":""C:\\Windows\\System32\\svchost.exe""},{""@Name"":""MandatoryLabel"",""#text"":""S-1-16-16384""}]}}"
35697,35697,2026-08-17 18:37:40.8170737,4689,LogAlways,Microsoft-Windows-Security-Auditing,Security,4,6380,disstestbedvm,430,,A process has exited,disstestbedvm\dfanalyst,,,PID: 0x233C,,,,,C:\Program Files\Notepad++\updater\GUP.exe,False,D:\UOW\SEM3\msc-diss-7csef001w\scenarios\scenario_2\artefacts\event_logs\Security.evtx,Audit success,0,"{""EventData"":{""Data"":[{""@Name"":""SubjectUserSid"",""#text"":""S-1-5-21-4209295338-567392030-2519289182-1001""},{""@Name"":""SubjectUserName"",""#text"":""dfanalyst""},{""@Name"":""SubjectDomainName"",""#text"":""disstestbedvm""},{""@Name"":""SubjectLogonId"",""#text"":""0x1B772""},{""@Name"":""Status"",""#text"":""0x0""},{""@Name"":""ProcessId"",""#text"":""0x233C""},{""@Name"":""ProcessName"",""#text"":""C:\\Program Files\\Notepad++\\updater\\GUP.exe""}]}}"
35698,35698,2026-08-17 18:37:46.5938418,4688,LogAlways,Microsoft-Windows-Security-Auditing,Security,4,224,disstestbedvm,430,,A new process has been created,WORKGROUP\DISSTESTBEDVM$,,Parent process: C:\Windows\System32\svchost.exe,PID: 0x600,Parent PID: 0x1B2C,Mandatory label: SECURITY_MANDATORY_SYSTEM_RID,Target User: NT AUTHORITY\LOCAL SERVICE,,"C:\Windows\System32\appidcertstorecheck.exe ""C:\WINDOWS\system32\appidcertstorecheck.exe""",False,D:\UOW\SEM3\msc-diss-7csef001w\scenarios\scenario_2\artefacts\event_logs\Security.evtx,Audit success,0,"{""EventData"":{""Data"":[{""@Name"":""SubjectUserSid"",""#text"":""S-1-5-18""},{""@Name"":""SubjectUserName"",""#text"":""DISSTESTBEDVM$""},{""@Name"":""SubjectDomainName"",""#text"":""WORKGROUP""},{""@Name"":""SubjectLogonId"",""#text"":""0x3E7""},{""@Name"":""NewProcessId"",""#text"":""0x1B2C""},{""@Name"":""NewProcessName"",""#text"":""C:\\Windows\\System32\\appidcertstorecheck.exe""},{""@Name"":""TokenElevationType"",""#text"":""%%1936""},{""@Name"":""ProcessId"",""#text"":""0x600""},{""@Name"":""CommandLine"",""#text"":""\""C:\\WINDOWS\\system32\\appidcertstorecheck.exe\""""},{""@Name"":""TargetUserSid"",""#text"":""S-1-5-19""},{""@Name"":""TargetUserName"",""#text"":""LOCAL SERVICE""},{""@Name"":""TargetDomainName"",""#text"":""NT AUTHORITY""},{""@Name"":""TargetLogonId"",""#text"":""0x3E5""},{""@Name"":""ParentProcessName"",""#text"":""C:\\Windows\\System32\\svchost.exe""},{""@Name"":""MandatoryLabel"",""#text"":""S-1-16-16384""}]}}"
35699,35699,2026-08-17 18:37:46.5990561,4688,LogAlways,Microsoft-Windows-Security-Auditing,Security,4,224,disstestbedvm,430,,A new process has been created,NT AUTHORITY\LOCAL SERVICE,,Parent process: C:\Windows\System32\appidcertstorecheck.exe,PID: 0x1B2C,Parent PID: 0x41C,Mandatory label: SECURITY_MANDATORY_SYSTEM_RID,Target User: -\-,,C:\Windows\System32\conhost.exe \??\C:\WINDOWS\system32\conhost.exe 0xffffffff -ForceV1,False,D:\UOW\SEM3\msc-diss-7csef001w\scenarios\scenario_2\artefacts\event_logs\Security.evtx,Audit success,0,"{""EventData"":{""Data"":[{""@Name"":""SubjectUserSid"",""#text"":""S-1-5-19""},{""@Name"":""SubjectUserName"",""#text"":""LOCAL SERVICE""},{""@Name"":""SubjectDomainName"",""#text"":""NT AUTHORITY""},{""@Name"":""SubjectLogonId"",""#text"":""0x3E5""},{""@Name"":""NewProcessId"",""#text"":""0x41C""},{""@Name"":""NewProcessName"",""#text"":""C:\\Windows\\System32\\conhost.exe""},{""@Name"":""TokenElevationType"",""#text"":""%%1936""},{""@Name"":""ProcessId"",""#text"":""0x1B2C""},{""@Name"":""CommandLine"",""#text"":""\\??\\C:\\WINDOWS\\system32\\conhost.exe 0xffffffff -ForceV1""},{""@Name"":""TargetUserSid"",""#text"":""S-1-0-0""},{""@Name"":""TargetUserName"",""#text"":""-""},{""@Name"":""TargetDomainName"",""#text"":""-""},{""@Name"":""TargetLogonId"",""#text"":""0x0""},{""@Name"":""ParentProcessName"",""#text"":""C:\\Windows\\System32\\appidcertstorecheck.exe""},{""@Name"":""MandatoryLabel"",""#text"":""S-1-16-16384""}]}}"
35700,35700,2026-08-17 18:37:46.6406897,4689,LogAlways,Microsoft-Windows-Security-Auditing,Security,4,224,disstestbedvm,430,,A process has exited,NT AUTHORITY\LOCAL SERVICE,,,PID: 0x1B2C,,,,,C:\Windows\System32\appidcertstorecheck.exe,False,D:\UOW\SEM3\msc-diss-7csef001w\scenarios\scenario_2\artefacts\event_logs\Security.evtx,Audit success,0,"{""EventData"":{""Data"":[{""@Name"":""SubjectUserSid"",""#text"":""S-1-5-19""},{""@Name"":""SubjectUserName"",""#text"":""LOCAL SERVICE""},{""@Name"":""SubjectDomainName"",""#text"":""NT AUTHORITY""},{""@Name"":""SubjectLogonId"",""#text"":""0x3E5""},{""@Name"":""Status"",""#text"":""0x0""},{""@Name"":""ProcessId"",""#text"":""0x1B2C""},{""@Name"":""ProcessName"",""#text"":""C:\\Windows\\System32\\appidcertstorecheck.exe""}]}}"
35701,35701,2026-08-17 18:37:46.6417279,4689,LogAlways,Microsoft-Windows-Security-Auditing,Security,4,224,disstestbedvm,430,,A process has exited,NT AUTHORITY\LOCAL SERVICE,,,PID: 0x41C,,,,,C:\Windows\System32\conhost.exe,False,D:\UOW\SEM3\msc-diss-7csef001w\scenarios\scenario_2\artefacts\event_logs\Security.evtx,Audit success,0,"{""EventData"":{""Data"":[{""@Name"":""SubjectUserSid"",""#text"":""S-1-5-19""},{""@Name"":""SubjectUserName"",""#text"":""LOCAL SERVICE""},{""@Name"":""SubjectDomainName"",""#text"":""NT AUTHORITY""},{""@Name"":""SubjectLogonId"",""#text"":""0x3E5""},{""@Name"":""Status"",""#text"":""0x0""},{""@Name"":""ProcessId"",""#text"":""0x41C""},{""@Name"":""ProcessName"",""#text"":""C:\\Windows\\System32\\conhost.exe""}]}}"
35702,35702,2026-08-17 18:38:26.4075098,4689,LogAlways,Microsoft-Windows-Security-Auditing,Security,4,6388,disstestbedvm,430,,A process has exited,disstestbedvm\dfanalyst,,,PID: 0xAC0,,,,,C:\Program Files\Notepad++\notepad++.exe,False,D:\UOW\SEM3\msc-diss-7csef001w\scenarios\scenario_2\artefacts\event_logs\Security.evtx,Audit success,0,"{""EventData"":{""Data"":[{""@Name"":""SubjectUserSid"",""#text"":""S-1-5-21-4209295338-567392030-2519289182-1001""},{""@Name"":""SubjectUserName"",""#text"":""dfanalyst""},{""@Name"":""SubjectDomainName"",""#text"":""disstestbedvm""},{""@Name"":""SubjectLogonId"",""#text"":""0x1B772""},{""@Name"":""Status"",""#text"":""0x0""},{""@Name"":""ProcessId"",""#text"":""0xAC0""},{""@Name"":""ProcessName"",""#text"":""C:\\Program Files\\Notepad++\\notepad++.exe""}]}}"
2453,2453,2026-08-17 18:30:23.7996437,44,Info,Microsoft-Windows-WindowsUpdateClient,System,9748,9816,disstestbedvm,19,S-1-5-18,,,,,,,,,,,False,D:\UOW\SEM3\msc-diss-7csef001w\scenarios\scenario_2\artefacts\event_logs\System.evtx,0x8000000000002004,0,"{""EventData"":{""Data"":[{""@Name"":""updateTitle"",""#text"":""Security Intelligence Update for Microsoft Defender Antivirus - KB2267602 (Version 1.457.211.0) - Current Channel (Broad)""},{""@Name"":""updateGuid"",""#text"":""4f625633-8a9c-4daf-a764-9a5921aab3b6""},{""@Name"":""updateRevisionNumber"",""#text"":""200""}]}}"
2454,2454,2026-08-17 18:31:29.6371297,43,Info,Microsoft-Windows-WindowsUpdateClient,System,9748,2660,disstestbedvm,19,S-1-5-18,,,,,,,,,,,False,D:\UOW\SEM3\msc-diss-7csef001w\scenarios\scenario_2\artefacts\event_logs\System.evtx,0x8000000000002008,0,"{""EventData"":{""Data"":[{""@Name"":""updateTitle"",""#text"":""Security Intelligence Update for Microsoft Defender Antivirus - KB2267602 (Version 1.457.211.0) - Current Channel (Broad)""},{""@Name"":""updateGuid"",""#text"":""4f625633-8a9c-4daf-a764-9a5921aab3b6""},{""@Name"":""updateRevisionNumber"",""#text"":""200""}]}}"
2455,2455,2026-08-17 18:31:37.2015223,19,Info,Microsoft-Windows-WindowsUpdateClient,System,9748,2660,disstestbedvm,19,S-1-5-18,,,,,,,,,,,False,D:\UOW\SEM3\msc-diss-7csef001w\scenarios\scenario_2\artefacts\event_logs\System.evtx,Installation,0,"{""EventData"":{""Data"":[{""@Name"":""updateTitle"",""#text"":""Security Intelligence Update for Microsoft Defender Antivirus - KB2267602 (Version 1.457.211.0) - Current Channel (Broad)""},{""@Name"":""updateGuid"",""#text"":""4f625633-8a9c-4daf-a764-9a5921aab3b6""},{""@Name"":""updateRevisionNumber"",""#text"":""200""},{""@Name"":""serviceGuid"",""#text"":""9482f4b4-e343-43b6-b170-9a65bc822c77""}]}}"
