RecordNumber,EventRecordId,TimeCreated,EventId,Level,Provider,Channel,ProcessId,ThreadId,Computer,ChunkNumber,UserId,MapDescription,UserName,RemoteHost,PayloadData1,PayloadData2,PayloadData3,PayloadData4,PayloadData5,PayloadData6,ExecutableInfo,HiddenRecord,SourceFile,Keywords,ExtraDataOffset,Payload
1245,1245,2026-08-23 01:37:09.2350110,256,Info,Edge,Application,10688,0,disstestbedvm,22,S-1-5-21-4209295338-567392030-2519289182-1001,,,,,,,,,,,False,.\artefacts\event_logs\Application.evtx,0x80000000000000,0,"{""EventData"":{""Data"":""[10688:10948:0823/013709.227:INFO:chrome\\browser\\extensions\\extension_garbage_collector.cc:188] Garbage collection for extensions on file thread is complete."",""Binary"":""""}}"
1246,1246,2026-08-23 01:37:46.6011138,0,Info,edgeupdate,Application,9164,0,disstestbedvm,22,,,,,,,,,,,,False,.\artefacts\event_logs\Application.evtx,0x80000000000000,0,"{""EventData"":{""Data"":""Service stopped"",""Binary"":""""}}"
1247,1247,2026-08-23 01:37:47.0917099,900,Info,Microsoft-Windows-Security-SPP,Application,7836,0,disstestbedvm,22,,,,,,,,,,,,False,.\artefacts\event_logs\Application.evtx,0x80000000000000,0,"{""EventData"":{""Data"":""&lt;explicit&gt;"",""Binary"":""""}}"
1248,1248,2026-08-23 01:37:47.1358895,16394,Info,Microsoft-Windows-Security-SPP,Application,7836,0,disstestbedvm,22,,,,,,,,,,,,False,.\artefacts\event_logs\Application.evtx,0x80000000000000,0,"{""EventData"":{""Data"":"""",""Binary"":""""}}"
1249,1249,2026-08-23 01:37:47.7345691,1,Info,SecurityCenter,Application,3444,0,disstestbedvm,22,,,,,,,,,,,,False,.\artefacts\event_logs\Application.evtx,0x80000000000000,0,"{""EventData"":{""Data"":"""",""Binary"":""""}}"
1250,1250,2026-08-23 01:37:49.7543804,15,Info,SecurityCenter,Application,3444,0,disstestbedvm,22,,,,,,,,,,,,False,.\artefacts\event_logs\Application.evtx,0x80000000000000,0,"{""EventData"":{""Data"":""Windows Defender, SECURITY_PRODUCT_STATE_ON"",""Binary"":""""}}"
1251,1251,2026-08-23 01:38:17.3475766,16384,Info,Microsoft-Windows-Security-SPP,Application,7836,0,disstestbedvm,22,,,,,,,,,,,,False,.\artefacts\event_logs\Application.evtx,0x80000000000000,0,"{""EventData"":{""Data"":""2026-10-12T10:04:17Z, RulesEngine"",""Binary"":""""}}"
1252,1252,2026-08-23 01:38:42.5524060,1001,Info,Windows Error Reporting,Application,6092,6104,disstestbedvm,22,S-1-5-18,Application Crash,,,,,,,,,,False,.\artefacts\event_logs\Application.evtx,Classic,0,"{""EventData"":{""Data"":[{""@Name"":""Bucket""},{""@Name"":""BucketType"",""#text"":""0""},{""@Name"":""EventName"",""#text"":""LiveKernelEvent""},{""@Name"":""Response"",""#text"":""Not available""},{""@Name"":""CabId"",""#text"":""0""},{""@Name"":""P1"",""#text"":""1a8""},{""@Name"":""P2"",""#text"":""a""},{""@Name"":""P3"",""#text"":""0""},{""@Name"":""P4"",""#text"":""0""},{""@Name"":""P5"",""#text"":""0""},{""@Name"":""P6"",""#text"":""10_0_26200""},{""@Name"":""P7"",""#text"":""0_0""},{""@Name"":""P8"",""#text"":""256_1""},{""@Name"":""P9""},{""@Name"":""P10""},{""@Name"":""AttachedFiles"",""#text"":"", \\\\?\\C:\\WINDOWS\\LiveKernelReports\\WATCHDOG\\WATCHDOG-20260714-1100.dmp, \\\\?\\C:\\WINDOWS\\SystemTemp\\WER-134484-0.sysdata.xml, \\\\?\\C:\\ProgramData\\Microsoft\\Windows\\WER\\Temp\\WER.ef2d1131-73d3-4f17-8425-3a907ce3ce63.tmp.WERInternalMetadata.xml, \\\\?\\C:\\ProgramData\\Microsoft\\Windows\\WER\\Temp\\WER.63671d43-3ed9-442c-8d41-9b258c20954d.tmp.csv, \\\\?\\C:\\ProgramData\\Microsoft\\Windows\\WER\\Temp\\WER.995c5383-c12b-489f-81dd-9ec237b27e89.tmp.txt, \\\\?\\C:\\ProgramData\\Microsoft\\Windows\\WER\\Temp\\WER.3fbd675b-2f99-4220-94f6-31b882945912.tmp.xml""},{""@Name"":""StorePath"",""#text"":""\\\\?\\C:\\ProgramData\\Microsoft\\Windows\\WER\\ReportQueue\\Kernel_1a8_9d28cacebfd2e58c9d4bbe18d96b857e6f8d615_00000000_c8eef376-26c2-4fb0-b3fc-1c1383ba5f00""},{""@Name"":""AnalysisSymbol""},{""@Name"":""Rechecking"",""#text"":""0""},{""@Name"":""ReportId"",""#text"":""c8eef376-26c2-4fb0-b3fc-1c1383ba5f00""},{""@Name"":""ReportStatus"",""#text"":""2049""},{""@Name"":""HashedBucket""},{""@Name"":""CabGuid"",""#text"":""0""}]}}"
1253,1253,2026-08-23 01:38:49.9578914,8224,Info,VSS,Application,6868,0,disstestbedvm,22,,,,,,,,,,,,False,.\artefacts\event_logs\Application.evtx,0x80000000000000,0,"{""EventData"":{""Data"":"""",""Binary"":""2D-20-43-6F-64-65-3A-20-20-43-4F-52-53-56-43-43-30-30-30-30-30-37-37-32-2D-20-43-61-6C-6C-3A-20-20-43-4F-52-53-56-43-43-30-30-30-30-30-37-35-34-2D-20-50-49-44-3A-20-20-30-30-30-30-36-38-36-38-2D-20-54-49-44-3A-20-20-30-30-30-30-36-38-39-32-2D-20-43-4D-44-3A-20-20-43-3A-5C-57-49-4E-44-4F-57-53-5C-73-79-73-74-65-6D-33-32-5C-76-73-73-76-63-2E-65-78-65-20-20-20-2D-20-55-73-65-72-3A-20-4E-61-6D-65-3A-20-4E-54-20-41-55-54-48-4F-52-49-54-59-5C-53-59-53-54-45-4D-2C-20-53-49-44-3A-53-2D-31-2D-35-2D-31-38-20""}}"
1254,1254,2026-08-23 01:39:45.4712503,15,Info,SecurityCenter,Application,3444,0,disstestbedvm,22,,,,,,,,,,,,False,.\artefacts\event_logs\Application.evtx,0x80000000000000,0,"{""EventData"":{""Data"":""Windows Defender, SECURITY_PRODUCT_STATE_ON"",""Binary"":""""}}"
34999,34999,2026-08-23 01:37:08.7666560,4688,LogAlways,Microsoft-Windows-Security-Auditing,Security,4,120,disstestbedvm,420,,A new process has been created,WORKGROUP\DISSTESTBEDVM$,,Parent process: C:\Windows\System32\svchost.exe,PID: 0x130,Parent PID: 0x2EAC,Mandatory label: SECURITY_MANDATORY_MEDIUM_RID,Target User: disstestbedvm\dfanalyst,,"C:\Users\dfanalyst\AppData\Local\Microsoft\OneDrive\26.145.0728.0011\FileCoAuth.exe ""C:\Users\dfanalyst\AppData\Local\Microsoft\OneDrive\26.145.0728.0011\FileCoAuth.exe"" -Embedding",False,.\artefacts\event_logs\Security.evtx,Audit success,0,"{""EventData"":{""Data"":[{""@Name"":""SubjectUserSid"",""#text"":""S-1-5-18""},{""@Name"":""SubjectUserName"",""#text"":""DISSTESTBEDVM$""},{""@Name"":""SubjectDomainName"",""#text"":""WORKGROUP""},{""@Name"":""SubjectLogonId"",""#text"":""0x3E7""},{""@Name"":""NewProcessId"",""#text"":""0x2EAC""},{""@Name"":""NewProcessName"",""#text"":""C:\\Users\\dfanalyst\\AppData\\Local\\Microsoft\\OneDrive\\26.145.0728.0011\\FileCoAuth.exe""},{""@Name"":""TokenElevationType"",""#text"":""%%1938""},{""@Name"":""ProcessId"",""#text"":""0x130""},{""@Name"":""CommandLine"",""#text"":""\""C:\\Users\\dfanalyst\\AppData\\Local\\Microsoft\\OneDrive\\26.145.0728.0011\\FileCoAuth.exe\"" -Embedding""},{""@Name"":""TargetUserSid"",""#text"":""S-1-5-21-4209295338-567392030-2519289182-1001""},{""@Name"":""TargetUserName"",""#text"":""dfanalyst""},{""@Name"":""TargetDomainName"",""#text"":""disstestbedvm""},{""@Name"":""TargetLogonId"",""#text"":""0x1C59E""},{""@Name"":""ParentProcessName"",""#text"":""C:\\Windows\\System32\\svchost.exe""},{""@Name"":""MandatoryLabel"",""#text"":""S-1-16-8192""}]}}"
35000,35000,2026-08-23 01:37:08.9057326,4688,LogAlways,Microsoft-Windows-Security-Auditing,Security,4,3840,disstestbedvm,420,,A new process has been created,disstestbedvm\dfanalyst,,Parent process: C:\Users\dfanalyst\AppData\Local\Microsoft\OneDrive\Update\OneDriveSetup.exe,PID: 0x2490,Parent PID: 0x2FA0,Mandatory label: SECURITY_MANDATORY_MEDIUM_RID,Target User: -\-,,C:\Users\dfanalyst\AppData\Local\Microsoft\OneDrive\26.145.0728.0011\OneDrive.Sync.Service.exe /silentConfig,False,.\artefacts\event_logs\Security.evtx,Audit success,0,"{""EventData"":{""Data"":[{""@Name"":""SubjectUserSid"",""#text"":""S-1-5-21-4209295338-567392030-2519289182-1001""},{""@Name"":""SubjectUserName"",""#text"":""dfanalyst""},{""@Name"":""SubjectDomainName"",""#text"":""disstestbedvm""},{""@Name"":""SubjectLogonId"",""#text"":""0x1C59E""},{""@Name"":""NewProcessId"",""#text"":""0x2FA0""},{""@Name"":""NewProcessName"",""#text"":""C:\\Users\\dfanalyst\\AppData\\Local\\Microsoft\\OneDrive\\26.145.0728.0011\\OneDrive.Sync.Service.exe""},{""@Name"":""TokenElevationType"",""#text"":""%%1938""},{""@Name"":""ProcessId"",""#text"":""0x2490""},{""@Name"":""CommandLine"",""#text"":""/silentConfig""},{""@Name"":""TargetUserSid"",""#text"":""S-1-0-0""},{""@Name"":""TargetUserName"",""#text"":""-""},{""@Name"":""TargetDomainName"",""#text"":""-""},{""@Name"":""TargetLogonId"",""#text"":""0x0""},{""@Name"":""ParentProcessName"",""#text"":""C:\\Users\\dfanalyst\\AppData\\Local\\Microsoft\\OneDrive\\Update\\OneDriveSetup.exe""},{""@Name"":""MandatoryLabel"",""#text"":""S-1-16-8192""}]}}"
35001,35001,2026-08-23 01:37:09.0606883,5379,LogAlways,Microsoft-Windows-Security-Auditing,Security,884,980,disstestbedvm,420,,,,,,,,,,,,False,.\artefacts\event_logs\Security.evtx,Audit success,0,"{""EventData"":{""Data"":[{""@Name"":""SubjectUserSid"",""#text"":""S-1-5-21-4209295338-567392030-2519289182-1001""},{""@Name"":""SubjectUserName"",""#text"":""dfanalyst""},{""@Name"":""SubjectDomainName"",""#text"":""disstestbedvm""},{""@Name"":""SubjectLogonId"",""#text"":""0x1C59E""},{""@Name"":""TargetName"",""#text"":""MicrosoftAccount:user=02fgkkqegieoagrb""},{""@Name"":""Type"",""#text"":""0""},{""@Name"":""CountOfCredentialsReturned"",""#text"":""0""},{""@Name"":""ReadOperation"",""#text"":""%%8100""},{""@Name"":""ReturnCode"",""#text"":""3221226021""},{""@Name"":""ProcessCreationTime"",""#text"":""2026-08-23 01:35:46.0099041""},{""@Name"":""ClientProcessId"",""#text"":""4312""}]}}"
35002,35002,2026-08-23 01:37:09.0617855,5379,LogAlways,Microsoft-Windows-Security-Auditing,Security,884,980,disstestbedvm,420,,,,,,,,,,,,False,.\artefacts\event_logs\Security.evtx,Audit success,0,"{""EventData"":{""Data"":[{""@Name"":""SubjectUserSid"",""#text"":""S-1-5-21-4209295338-567392030-2519289182-1001""},{""@Name"":""SubjectUserName"",""#text"":""dfanalyst""},{""@Name"":""SubjectDomainName"",""#text"":""disstestbedvm""},{""@Name"":""SubjectLogonId"",""#text"":""0x1C59E""},{""@Name"":""TargetName"",""#text"":""WindowsLive:(token):name=02fgkkqegieoagrb;serviceuri=*""},{""@Name"":""Type"",""#text"":""0""},{""@Name"":""CountOfCredentialsReturned"",""#text"":""0""},{""@Name"":""ReadOperation"",""#text"":""%%8100""},{""@Name"":""ReturnCode"",""#text"":""3221226021""},{""@Name"":""ProcessCreationTime"",""#text"":""2026-08-23 01:35:46.0099041""},{""@Name"":""ClientProcessId"",""#text"":""4312""}]}}"
35003,35003,2026-08-23 01:37:09.0633218,5379,LogAlways,Microsoft-Windows-Security-Auditing,Security,884,980,disstestbedvm,420,,,,,,,,,,,,False,.\artefacts\event_logs\Security.evtx,Audit success,0,"{""EventData"":{""Data"":[{""@Name"":""SubjectUserSid"",""#text"":""S-1-5-21-4209295338-567392030-2519289182-1001""},{""@Name"":""SubjectUserName"",""#text"":""dfanalyst""},{""@Name"":""SubjectDomainName"",""#text"":""disstestbedvm""},{""@Name"":""SubjectLogonId"",""#text"":""0x1C59E""},{""@Name"":""TargetName"",""#text"":""WindowsLive:(cert):name=02fgkkqegieoagrb;serviceuri=*""},{""@Name"":""Type"",""#text"":""0""},{""@Name"":""CountOfCredentialsReturned"",""#text"":""0""},{""@Name"":""ReadOperation"",""#text"":""%%8100""},{""@Name"":""ReturnCode"",""#text"":""3221226021""},{""@Name"":""ProcessCreationTime"",""#text"":""2026-08-23 01:35:46.0099041""},{""@Name"":""ClientProcessId"",""#text"":""4312""}]}}"
35004,35004,2026-08-23 01:37:09.0937885,4688,LogAlways,Microsoft-Windows-Security-Auditing,Security,4,252,disstestbedvm,420,,A new process has been created,disstestbedvm\dfanalyst,,Parent process: C:\Program Files (x86)\Microsoft\Edge\Application\msedge.exe,PID: 0x29C0,Parent PID: 0x2F70,Mandatory label: SECURITY_MANDATORY_MEDIUM_RID,Target User: -\-,,"C:\Program Files (x86)\Microsoft\Edge\Application\msedge.exe ""C:\Program Files (x86)\Microsoft\Edge\Application\msedge.exe"" --type=utility --utility-sub-type=chrome.mojom.UtilWin --lang=en-US --service-sandbox-type=none --message-loop-type-ui --skip-read-main-dll --metrics-shmem-handle=5300,i,14721381673847369402,245296990174148409,524288 --field-trial-handle=2476,i,17182035845370454791,15354448509732342254,262144 --variations-seed-version --pseudonymization-salt-handle=2412,i,7137466440942964473,4096696584347048169,4 --trace-process-track-uuid=3190708995682289984 --mojo-platform-channel-handle=5352 /prefetch:14",False,.\artefacts\event_logs\Security.evtx,Audit success,0,"{""EventData"":{""Data"":[{""@Name"":""SubjectUserSid"",""#text"":""S-1-5-21-4209295338-567392030-2519289182-1001""},{""@Name"":""SubjectUserName"",""#text"":""dfanalyst""},{""@Name"":""SubjectDomainName"",""#text"":""disstestbedvm""},{""@Name"":""SubjectLogonId"",""#text"":""0x1C59E""},{""@Name"":""NewProcessId"",""#text"":""0x2F70""},{""@Name"":""NewProcessName"",""#text"":""C:\\Program Files (x86)\\Microsoft\\Edge\\Application\\msedge.exe""},{""@Name"":""TokenElevationType"",""#text"":""%%1938""},{""@Name"":""ProcessId"",""#text"":""0x29C0""},{""@Name"":""CommandLine"",""#text"":""\""C:\\Program Files (x86)\\Microsoft\\Edge\\Application\\msedge.exe\"" --type=utility --utility-sub-type=chrome.mojom.UtilWin --lang=en-US --service-sandbox-type=none --message-loop-type-ui --skip-read-main-dll --metrics-shmem-handle=5300,i,14721381673847369402,245296990174148409,524288 --field-trial-handle=2476,i,17182035845370454791,15354448509732342254,262144 --variations-seed-version --pseudonymization-salt-handle=2412,i,7137466440942964473,4096696584347048169,4 --trace-process-track-uuid=3190708995682289984 --mojo-platform-channel-handle=5352 /prefetch:14""},{""@Name"":""TargetUserSid"",""#text"":""S-1-0-0""},{""@Name"":""TargetUserName"",""#text"":""-""},{""@Name"":""TargetDomainName"",""#text"":""-""},{""@Name"":""TargetLogonId"",""#text"":""0x0""},{""@Name"":""ParentProcessName"",""#text"":""C:\\Program Files (x86)\\Microsoft\\Edge\\Application\\msedge.exe""},{""@Name"":""MandatoryLabel"",""#text"":""S-1-16-8192""}]}}"
35005,35005,2026-08-23 01:37:09.1519419,4689,LogAlways,Microsoft-Windows-Security-Auditing,Security,4,252,disstestbedvm,420,,A process has exited,disstestbedvm\dfanalyst,,,PID: 0x2F70,,,,,C:\Program Files (x86)\Microsoft\Edge\Application\msedge.exe,False,.\artefacts\event_logs\Security.evtx,Audit success,0,"{""EventData"":{""Data"":[{""@Name"":""SubjectUserSid"",""#text"":""S-1-5-21-4209295338-567392030-2519289182-1001""},{""@Name"":""SubjectUserName"",""#text"":""dfanalyst""},{""@Name"":""SubjectDomainName"",""#text"":""disstestbedvm""},{""@Name"":""SubjectLogonId"",""#text"":""0x1C59E""},{""@Name"":""Status"",""#text"":""0x0""},{""@Name"":""ProcessId"",""#text"":""0x2F70""},{""@Name"":""ProcessName"",""#text"":""C:\\Program Files (x86)\\Microsoft\\Edge\\Application\\msedge.exe""}]}}"
35006,35006,2026-08-23 01:37:09.2662182,5379,LogAlways,Microsoft-Windows-Security-Auditing,Security,884,976,disstestbedvm,420,,,,,,,,,,,,False,.\artefacts\event_logs\Security.evtx,Audit success,0,"{""EventData"":{""Data"":[{""@Name"":""SubjectUserSid"",""#text"":""S-1-5-21-4209295338-567392030-2519289182-1001""},{""@Name"":""SubjectUserName"",""#text"":""dfanalyst""},{""@Name"":""SubjectDomainName"",""#text"":""disstestbedvm""},{""@Name"":""SubjectLogonId"",""#text"":""0x1C59E""},{""@Name"":""TargetName"",""#text"":""MicrosoftAccount:user=02fgkkqegieoagrb""},{""@Name"":""Type"",""#text"":""0""},{""@Name"":""CountOfCredentialsReturned"",""#text"":""0""},{""@Name"":""ReadOperation"",""#text"":""%%8100""},{""@Name"":""ReturnCode"",""#text"":""3221226021""},{""@Name"":""ProcessCreationTime"",""#text"":""2026-08-23 01:35:46.0099041""},{""@Name"":""ClientProcessId"",""#text"":""4312""}]}}"
35007,35007,2026-08-23 01:37:09.2729526,5379,LogAlways,Microsoft-Windows-Security-Auditing,Security,884,980,disstestbedvm,420,,,,,,,,,,,,False,.\artefacts\event_logs\Security.evtx,Audit success,0,"{""EventData"":{""Data"":[{""@Name"":""SubjectUserSid"",""#text"":""S-1-5-21-4209295338-567392030-2519289182-1001""},{""@Name"":""SubjectUserName"",""#text"":""dfanalyst""},{""@Name"":""SubjectDomainName"",""#text"":""disstestbedvm""},{""@Name"":""SubjectLogonId"",""#text"":""0x1C59E""},{""@Name"":""TargetName"",""#text"":""MicrosoftAccount:user=02fgkkqegieoagrb""},{""@Name"":""Type"",""#text"":""0""},{""@Name"":""CountOfCredentialsReturned"",""#text"":""0""},{""@Name"":""ReadOperation"",""#text"":""%%8100""},{""@Name"":""ReturnCode"",""#text"":""3221226021""},{""@Name"":""ProcessCreationTime"",""#text"":""2026-08-23 01:35:46.0099041""},{""@Name"":""ClientProcessId"",""#text"":""4312""}]}}"
35008,35008,2026-08-23 01:37:09.2773156,5379,LogAlways,Microsoft-Windows-Security-Auditing,Security,884,980,disstestbedvm,420,,,,,,,,,,,,False,.\artefacts\event_logs\Security.evtx,Audit success,0,"{""EventData"":{""Data"":[{""@Name"":""SubjectUserSid"",""#text"":""S-1-5-21-4209295338-567392030-2519289182-1001""},{""@Name"":""SubjectUserName"",""#text"":""dfanalyst""},{""@Name"":""SubjectDomainName"",""#text"":""disstestbedvm""},{""@Name"":""SubjectLogonId"",""#text"":""0x1C59E""},{""@Name"":""TargetName"",""#text"":""MicrosoftAccount:user=02fgkkqegieoagrb""},{""@Name"":""Type"",""#text"":""0""},{""@Name"":""CountOfCredentialsReturned"",""#text"":""0""},{""@Name"":""ReadOperation"",""#text"":""%%8100""},{""@Name"":""ReturnCode"",""#text"":""3221226021""},{""@Name"":""ProcessCreationTime"",""#text"":""2026-08-23 01:35:46.0099041""},{""@Name"":""ClientProcessId"",""#text"":""4312""}]}}"
35009,35009,2026-08-23 01:37:09.2776294,5379,LogAlways,Microsoft-Windows-Security-Auditing,Security,884,980,disstestbedvm,420,,,,,,,,,,,,False,.\artefacts\event_logs\Security.evtx,Audit success,0,"{""EventData"":{""Data"":[{""@Name"":""SubjectUserSid"",""#text"":""S-1-5-21-4209295338-567392030-2519289182-1001""},{""@Name"":""SubjectUserName"",""#text"":""dfanalyst""},{""@Name"":""SubjectDomainName"",""#text"":""disstestbedvm""},{""@Name"":""SubjectLogonId"",""#text"":""0x1C59E""},{""@Name"":""TargetName"",""#text"":""MicrosoftAccount:user=02fgkkqegieoagrb""},{""@Name"":""Type"",""#text"":""0""},{""@Name"":""CountOfCredentialsReturned"",""#text"":""0""},{""@Name"":""ReadOperation"",""#text"":""%%8100""},{""@Name"":""ReturnCode"",""#text"":""3221226021""},{""@Name"":""ProcessCreationTime"",""#text"":""2026-08-23 01:35:46.0099041""},{""@Name"":""ClientProcessId"",""#text"":""4312""}]}}"
35010,35010,2026-08-23 01:37:09.8937076,4688,LogAlways,Microsoft-Windows-Security-Auditing,Security,4,3840,disstestbedvm,420,,A new process has been created,WORKGROUP\DISSTESTBEDVM$,,Parent process: C:\Windows\System32\svchost.exe,PID: 0x130,Parent PID: 0x1124,Mandatory label: SECURITY_MANDATORY_LOW_RID,Target User: disstestbedvm\dfanalyst,,"C:\Windows\System32\backgroundTaskHost.exe ""C:\WINDOWS\system32\BackgroundTaskHost.exe"" -ServerName:BackgroundTaskHost.WebAccountProvider",False,.\artefacts\event_logs\Security.evtx,Audit success,0,"{""EventData"":{""Data"":[{""@Name"":""SubjectUserSid"",""#text"":""S-1-5-18""},{""@Name"":""SubjectUserName"",""#text"":""DISSTESTBEDVM$""},{""@Name"":""SubjectDomainName"",""#text"":""WORKGROUP""},{""@Name"":""SubjectLogonId"",""#text"":""0x3E7""},{""@Name"":""NewProcessId"",""#text"":""0x1124""},{""@Name"":""NewProcessName"",""#text"":""C:\\Windows\\System32\\backgroundTaskHost.exe""},{""@Name"":""TokenElevationType"",""#text"":""%%1938""},{""@Name"":""ProcessId"",""#text"":""0x130""},{""@Name"":""CommandLine"",""#text"":""\""C:\\WINDOWS\\system32\\BackgroundTaskHost.exe\"" -ServerName:BackgroundTaskHost.WebAccountProvider""},{""@Name"":""TargetUserSid"",""#text"":""S-1-5-21-4209295338-567392030-2519289182-1001""},{""@Name"":""TargetUserName"",""#text"":""dfanalyst""},{""@Name"":""TargetDomainName"",""#text"":""disstestbedvm""},{""@Name"":""TargetLogonId"",""#text"":""0x1C59E""},{""@Name"":""ParentProcessName"",""#text"":""C:\\Windows\\System32\\svchost.exe""},{""@Name"":""MandatoryLabel"",""#text"":""S-1-16-4096""}]}}"
35011,35011,2026-08-23 01:37:10.1721946,4689,LogAlways,Microsoft-Windows-Security-Auditing,Security,4,1460,disstestbedvm,420,,A process has exited,disstestbedvm\dfanalyst,,,PID: 0x1124,,,,,C:\Windows\System32\backgroundTaskHost.exe,False,.\artefacts\event_logs\Security.evtx,Audit success,0,"{""EventData"":{""Data"":[{""@Name"":""SubjectUserSid"",""#text"":""S-1-5-21-4209295338-567392030-2519289182-1001""},{""@Name"":""SubjectUserName"",""#text"":""dfanalyst""},{""@Name"":""SubjectDomainName"",""#text"":""disstestbedvm""},{""@Name"":""SubjectLogonId"",""#text"":""0x1C59E""},{""@Name"":""Status"",""#text"":""0x1""},{""@Name"":""ProcessId"",""#text"":""0x1124""},{""@Name"":""ProcessName"",""#text"":""C:\\Windows\\System32\\backgroundTaskHost.exe""}]}}"
35012,35012,2026-08-23 01:37:10.6929134,4689,LogAlways,Microsoft-Windows-Security-Auditing,Security,4,5996,disstestbedvm,420,,A process has exited,disstestbedvm\dfanalyst,,,PID: 0x2490,,,,,C:\Users\dfanalyst\AppData\Local\Microsoft\OneDrive\Update\OneDriveSetup.exe,False,.\artefacts\event_logs\Security.evtx,Audit success,0,"{""EventData"":{""Data"":[{""@Name"":""SubjectUserSid"",""#text"":""S-1-5-21-4209295338-567392030-2519289182-1001""},{""@Name"":""SubjectUserName"",""#text"":""dfanalyst""},{""@Name"":""SubjectDomainName"",""#text"":""disstestbedvm""},{""@Name"":""SubjectLogonId"",""#text"":""0x1C59E""},{""@Name"":""Status"",""#text"":""0x0""},{""@Name"":""ProcessId"",""#text"":""0x2490""},{""@Name"":""ProcessName"",""#text"":""C:\\Users\\dfanalyst\\AppData\\Local\\Microsoft\\OneDrive\\Update\\OneDriveSetup.exe""}]}}"
35013,35013,2026-08-23 01:37:10.7226278,4689,LogAlways,Microsoft-Windows-Security-Auditing,Security,4,5996,disstestbedvm,420,,A process has exited,disstestbedvm\dfanalyst,,,PID: 0x2E10,,,,,C:\Users\dfanalyst\AppData\Local\Microsoft\OneDrive\Update\OneDriveSetup.exe,False,.\artefacts\event_logs\Security.evtx,Audit success,0,"{""EventData"":{""Data"":[{""@Name"":""SubjectUserSid"",""#text"":""S-1-5-21-4209295338-567392030-2519289182-1001""},{""@Name"":""SubjectUserName"",""#text"":""dfanalyst""},{""@Name"":""SubjectDomainName"",""#text"":""disstestbedvm""},{""@Name"":""SubjectLogonId"",""#text"":""0x1C59E""},{""@Name"":""Status"",""#text"":""0x0""},{""@Name"":""ProcessId"",""#text"":""0x2E10""},{""@Name"":""ProcessName"",""#text"":""C:\\Users\\dfanalyst\\AppData\\Local\\Microsoft\\OneDrive\\Update\\OneDriveSetup.exe""}]}}"
35014,35014,2026-08-23 01:37:11.5673308,4689,LogAlways,Microsoft-Windows-Security-Auditing,Security,4,400,disstestbedvm,420,,A process has exited,disstestbedvm\dfanalyst,,,PID: 0x2D30,,,,,C:\Program Files (x86)\Microsoft\Edge\Application\msedge.exe,False,.\artefacts\event_logs\Security.evtx,Audit success,0,"{""EventData"":{""Data"":[{""@Name"":""SubjectUserSid"",""#text"":""S-1-5-21-4209295338-567392030-2519289182-1001""},{""@Name"":""SubjectUserName"",""#text"":""dfanalyst""},{""@Name"":""SubjectDomainName"",""#text"":""disstestbedvm""},{""@Name"":""SubjectLogonId"",""#text"":""0x1C59E""},{""@Name"":""Status"",""#text"":""0x0""},{""@Name"":""ProcessId"",""#text"":""0x2D30""},{""@Name"":""ProcessName"",""#text"":""C:\\Program Files (x86)\\Microsoft\\Edge\\Application\\msedge.exe""}]}}"
35015,35015,2026-08-23 01:37:11.6758356,4689,LogAlways,Microsoft-Windows-Security-Auditing,Security,4,1460,disstestbedvm,420,,A process has exited,disstestbedvm\dfanalyst,,,PID: 0x2EB4,,,,,C:\Windows\System32\dllhost.exe,False,.\artefacts\event_logs\Security.evtx,Audit success,0,"{""EventData"":{""Data"":[{""@Name"":""SubjectUserSid"",""#text"":""S-1-5-21-4209295338-567392030-2519289182-1001""},{""@Name"":""SubjectUserName"",""#text"":""dfanalyst""},{""@Name"":""SubjectDomainName"",""#text"":""disstestbedvm""},{""@Name"":""SubjectLogonId"",""#text"":""0x1C59E""},{""@Name"":""Status"",""#text"":""0x0""},{""@Name"":""ProcessId"",""#text"":""0x2EB4""},{""@Name"":""ProcessName"",""#text"":""C:\\Windows\\System32\\dllhost.exe""}]}}"
35016,35016,2026-08-23 01:37:12.2479725,4689,LogAlways,Microsoft-Windows-Security-Auditing,Security,4,400,disstestbedvm,420,,A process has exited,WORKGROUP\DISSTESTBEDVM$,,,PID: 0x75C,,,,,C:\Windows\System32\svchost.exe,False,.\artefacts\event_logs\Security.evtx,Audit success,0,"{""EventData"":{""Data"":[{""@Name"":""SubjectUserSid"",""#text"":""S-1-5-18""},{""@Name"":""SubjectUserName"",""#text"":""DISSTESTBEDVM$""},{""@Name"":""SubjectDomainName"",""#text"":""WORKGROUP""},{""@Name"":""SubjectLogonId"",""#text"":""0x3E7""},{""@Name"":""Status"",""#text"":""0x0""},{""@Name"":""ProcessId"",""#text"":""0x75C""},{""@Name"":""ProcessName"",""#text"":""C:\\Windows\\System32\\svchost.exe""}]}}"
35017,35017,2026-08-23 01:37:13.2779528,4689,LogAlways,Microsoft-Windows-Security-Auditing,Security,4,252,disstestbedvm,420,,A process has exited,WORKGROUP\DISSTESTBEDVM$,,,PID: 0x23E8,,,,,C:\ProgramData\Microsoft\Windows Defender\Platform\4.18.26070.9-0\MpCmdRun.exe,False,.\artefacts\event_logs\Security.evtx,Audit success,0,"{""EventData"":{""Data"":[{""@Name"":""SubjectUserSid"",""#text"":""S-1-5-18""},{""@Name"":""SubjectUserName"",""#text"":""DISSTESTBEDVM$""},{""@Name"":""SubjectDomainName"",""#text"":""WORKGROUP""},{""@Name"":""SubjectLogonId"",""#text"":""0x3E7""},{""@Name"":""Status"",""#text"":""0x0""},{""@Name"":""ProcessId"",""#text"":""0x23E8""},{""@Name"":""ProcessName"",""#text"":""C:\\ProgramData\\Microsoft\\Windows Defender\\Platform\\4.18.26070.9-0\\MpCmdRun.exe""}]}}"
35018,35018,2026-08-23 01:37:13.3250072,4689,LogAlways,Microsoft-Windows-Security-Auditing,Security,4,252,disstestbedvm,420,,A process has exited,WORKGROUP\DISSTESTBEDVM$,,,PID: 0x1434,,,,,C:\Windows\System32\conhost.exe,False,.\artefacts\event_logs\Security.evtx,Audit success,0,"{""EventData"":{""Data"":[{""@Name"":""SubjectUserSid"",""#text"":""S-1-5-18""},{""@Name"":""SubjectUserName"",""#text"":""DISSTESTBEDVM$""},{""@Name"":""SubjectDomainName"",""#text"":""WORKGROUP""},{""@Name"":""SubjectLogonId"",""#text"":""0x3E7""},{""@Name"":""Status"",""#text"":""0x0""},{""@Name"":""ProcessId"",""#text"":""0x1434""},{""@Name"":""ProcessName"",""#text"":""C:\\Windows\\System32\\conhost.exe""}]}}"
35019,35019,2026-08-23 01:37:14.9242318,4689,LogAlways,Microsoft-Windows-Security-Auditing,Security,4,7204,disstestbedvm,420,,A process has exited,disstestbedvm\dfanalyst,,,PID: 0x2EAC,,,,,C:\Users\dfanalyst\AppData\Local\Microsoft\OneDrive\26.145.0728.0011\FileCoAuth.exe,False,.\artefacts\event_logs\Security.evtx,Audit success,0,"{""EventData"":{""Data"":[{""@Name"":""SubjectUserSid"",""#text"":""S-1-5-21-4209295338-567392030-2519289182-1001""},{""@Name"":""SubjectUserName"",""#text"":""dfanalyst""},{""@Name"":""SubjectDomainName"",""#text"":""disstestbedvm""},{""@Name"":""SubjectLogonId"",""#text"":""0x1C59E""},{""@Name"":""Status"",""#text"":""0x0""},{""@Name"":""ProcessId"",""#text"":""0x2EAC""},{""@Name"":""ProcessName"",""#text"":""C:\\Users\\dfanalyst\\AppData\\Local\\Microsoft\\OneDrive\\26.145.0728.0011\\FileCoAuth.exe""}]}}"
35020,35020,2026-08-23 01:37:15.9251756,4688,LogAlways,Microsoft-Windows-Security-Auditing,Security,4,120,disstestbedvm,420,,A new process has been created,disstestbedvm\dfanalyst,,Parent process: C:\Windows\explorer.exe,PID: 0x162C,Parent PID: 0x2CDC,Mandatory label: SECURITY_MANDATORY_MEDIUM_RID,Target User: -\-,,"C:\Program Files\Notepad++\notepad++.exe ""C:\Program Files\Notepad++\notepad++.exe"" ",False,.\artefacts\event_logs\Security.evtx,Audit success,0,"{""EventData"":{""Data"":[{""@Name"":""SubjectUserSid"",""#text"":""S-1-5-21-4209295338-567392030-2519289182-1001""},{""@Name"":""SubjectUserName"",""#text"":""dfanalyst""},{""@Name"":""SubjectDomainName"",""#text"":""disstestbedvm""},{""@Name"":""SubjectLogonId"",""#text"":""0x1C59E""},{""@Name"":""NewProcessId"",""#text"":""0x2CDC""},{""@Name"":""NewProcessName"",""#text"":""C:\\Program Files\\Notepad++\\notepad++.exe""},{""@Name"":""TokenElevationType"",""#text"":""%%1938""},{""@Name"":""ProcessId"",""#text"":""0x162C""},{""@Name"":""CommandLine"",""#text"":""\""C:\\Program Files\\Notepad++\\notepad++.exe\"" ""},{""@Name"":""TargetUserSid"",""#text"":""S-1-0-0""},{""@Name"":""TargetUserName"",""#text"":""-""},{""@Name"":""TargetDomainName"",""#text"":""-""},{""@Name"":""TargetLogonId"",""#text"":""0x0""},{""@Name"":""ParentProcessName"",""#text"":""C:\\Windows\\explorer.exe""},{""@Name"":""MandatoryLabel"",""#text"":""S-1-16-8192""}]}}"
35021,35021,2026-08-23 01:37:16.5738823,4688,LogAlways,Microsoft-Windows-Security-Auditing,Security,4,400,disstestbedvm,420,,A new process has been created,disstestbedvm\dfanalyst,,Parent process: C:\Program Files\Notepad++\notepad++.exe,PID: 0x2CDC,Parent PID: 0x1EE0,Mandatory label: SECURITY_MANDATORY_MEDIUM_RID,Target User: -\-,,"C:\Program Files\Notepad++\updater\GUP.exe ""C:\Program Files\Notepad++\updater\gup.exe"" -v8.962 -px64 -infoUrl=https://notepad-plus-plus.org/update/getDownloadUrl.php -forceDomain=https://github.com/notepad-plus-plus/notepad-plus-plus/ -chkCert4InfoXML -chkCertKeyId4XML=CC0D94922CDA3A18A7D286138525AF9C3942E9E7 -chkCertSig=yes -chkCertRevoc -chkCertTrustChain -chkCertName=NOTEPAD++ -chkCertSubject=""C=FR, S=Île-de-France, L=Paris, O={QUOTE}NOTEPAD++{QUOTE}, CN={QUOTE}NOTEPAD++{QUOTE}, E=don.h@free.fr"" -chkCertKeyId=CC0D94922CDA3A18A7D286138525AF9C3942E9E7 -errLogPath=""%LOCALAPPDATA%\Notepad++\log\securityError.log""",False,.\artefacts\event_logs\Security.evtx,Audit success,0,"{""EventData"":{""Data"":[{""@Name"":""SubjectUserSid"",""#text"":""S-1-5-21-4209295338-567392030-2519289182-1001""},{""@Name"":""SubjectUserName"",""#text"":""dfanalyst""},{""@Name"":""SubjectDomainName"",""#text"":""disstestbedvm""},{""@Name"":""SubjectLogonId"",""#text"":""0x1C59E""},{""@Name"":""NewProcessId"",""#text"":""0x1EE0""},{""@Name"":""NewProcessName"",""#text"":""C:\\Program Files\\Notepad++\\updater\\GUP.exe""},{""@Name"":""TokenElevationType"",""#text"":""%%1938""},{""@Name"":""ProcessId"",""#text"":""0x2CDC""},{""@Name"":""CommandLine"",""#text"":""\""C:\\Program Files\\Notepad++\\updater\\gup.exe\"" -v8.962 -px64 -infoUrl=https://notepad-plus-plus.org/update/getDownloadUrl.php -forceDomain=https://github.com/notepad-plus-plus/notepad-plus-plus/ -chkCert4InfoXML -chkCertKeyId4XML=CC0D94922CDA3A18A7D286138525AF9C3942E9E7 -chkCertSig=yes -chkCertRevoc -chkCertTrustChain -chkCertName=NOTEPAD++ -chkCertSubject=\""C=FR, S=Île-de-France, L=Paris, O={QUOTE}NOTEPAD++{QUOTE}, CN={QUOTE}NOTEPAD++{QUOTE}, E=don.h@free.fr\"" -chkCertKeyId=CC0D94922CDA3A18A7D286138525AF9C3942E9E7 -errLogPath=\""%LOCALAPPDATA%\\Notepad++\\log\\securityError.log\""""},{""@Name"":""TargetUserSid"",""#text"":""S-1-0-0""},{""@Name"":""TargetUserName"",""#text"":""-""},{""@Name"":""TargetDomainName"",""#text"":""-""},{""@Name"":""TargetLogonId"",""#text"":""0x0""},{""@Name"":""ParentProcessName"",""#text"":""C:\\Program Files\\Notepad++\\notepad++.exe""},{""@Name"":""MandatoryLabel"",""#text"":""S-1-16-8192""}]}}"
35022,35022,2026-08-23 01:37:22.6221121,4689,LogAlways,Microsoft-Windows-Security-Auditing,Security,4,252,disstestbedvm,420,,A process has exited,disstestbedvm\dfanalyst,,,PID: 0x1EE0,,,,,C:\Program Files\Notepad++\updater\GUP.exe,False,.\artefacts\event_logs\Security.evtx,Audit success,0,"{""EventData"":{""Data"":[{""@Name"":""SubjectUserSid"",""#text"":""S-1-5-21-4209295338-567392030-2519289182-1001""},{""@Name"":""SubjectUserName"",""#text"":""dfanalyst""},{""@Name"":""SubjectDomainName"",""#text"":""disstestbedvm""},{""@Name"":""SubjectLogonId"",""#text"":""0x1C59E""},{""@Name"":""Status"",""#text"":""0x0""},{""@Name"":""ProcessId"",""#text"":""0x1EE0""},{""@Name"":""ProcessName"",""#text"":""C:\\Program Files\\Notepad++\\updater\\GUP.exe""}]}}"
35023,35023,2026-08-23 01:37:25.7129428,4689,LogAlways,Microsoft-Windows-Security-Auditing,Security,4,120,disstestbedvm,420,,A process has exited,disstestbedvm\dfanalyst,,,PID: 0x2E2C,,,,,C:\Windows\System32\RuntimeBroker.exe,False,.\artefacts\event_logs\Security.evtx,Audit success,0,"{""EventData"":{""Data"":[{""@Name"":""SubjectUserSid"",""#text"":""S-1-5-21-4209295338-567392030-2519289182-1001""},{""@Name"":""SubjectUserName"",""#text"":""dfanalyst""},{""@Name"":""SubjectDomainName"",""#text"":""disstestbedvm""},{""@Name"":""SubjectLogonId"",""#text"":""0x1C59E""},{""@Name"":""Status"",""#text"":""0x0""},{""@Name"":""ProcessId"",""#text"":""0x2E2C""},{""@Name"":""ProcessName"",""#text"":""C:\\Windows\\System32\\RuntimeBroker.exe""}]}}"
35024,35024,2026-08-23 01:37:27.9047497,4689,LogAlways,Microsoft-Windows-Security-Auditing,Security,4,252,disstestbedvm,420,,A process has exited,disstestbedvm\dfanalyst,,,PID: 0x1D84,,,,,C:\Windows\System32\RuntimeBroker.exe,False,.\artefacts\event_logs\Security.evtx,Audit success,0,"{""EventData"":{""Data"":[{""@Name"":""SubjectUserSid"",""#text"":""S-1-5-21-4209295338-567392030-2519289182-1001""},{""@Name"":""SubjectUserName"",""#text"":""dfanalyst""},{""@Name"":""SubjectDomainName"",""#text"":""disstestbedvm""},{""@Name"":""SubjectLogonId"",""#text"":""0x1C59E""},{""@Name"":""Status"",""#text"":""0x0""},{""@Name"":""ProcessId"",""#text"":""0x1D84""},{""@Name"":""ProcessName"",""#text"":""C:\\Windows\\System32\\RuntimeBroker.exe""}]}}"
35031,35031,2026-08-23 01:37:46.5354744,4688,LogAlways,Microsoft-Windows-Security-Auditing,Security,4,3840,disstestbedvm,420,,A new process has been created,WORKGROUP\DISSTESTBEDVM$,,Parent process: C:\Windows\System32\services.exe,PID: 0x368,Parent PID: 0x23CC,Mandatory label: SECURITY_MANDATORY_SYSTEM_RID,Target User: -\-,,"C:\Program Files (x86)\Microsoft\EdgeUpdate\MicrosoftEdgeUpdate.exe ""C:\Program Files (x86)\Microsoft\EdgeUpdate\MicrosoftEdgeUpdate.exe"" /svc",False,.\artefacts\event_logs\Security.evtx,Audit success,0,"{""EventData"":{""Data"":[{""@Name"":""SubjectUserSid"",""#text"":""S-1-5-18""},{""@Name"":""SubjectUserName"",""#text"":""DISSTESTBEDVM$""},{""@Name"":""SubjectDomainName"",""#text"":""WORKGROUP""},{""@Name"":""SubjectLogonId"",""#text"":""0x3E7""},{""@Name"":""NewProcessId"",""#text"":""0x23CC""},{""@Name"":""NewProcessName"",""#text"":""C:\\Program Files (x86)\\Microsoft\\EdgeUpdate\\MicrosoftEdgeUpdate.exe""},{""@Name"":""TokenElevationType"",""#text"":""%%1936""},{""@Name"":""ProcessId"",""#text"":""0x368""},{""@Name"":""CommandLine"",""#text"":""\""C:\\Program Files (x86)\\Microsoft\\EdgeUpdate\\MicrosoftEdgeUpdate.exe\"" /svc""},{""@Name"":""TargetUserSid"",""#text"":""S-1-0-0""},{""@Name"":""TargetUserName"",""#text"":""-""},{""@Name"":""TargetDomainName"",""#text"":""-""},{""@Name"":""TargetLogonId"",""#text"":""0x0""},{""@Name"":""ParentProcessName"",""#text"":""C:\\Windows\\System32\\services.exe""},{""@Name"":""MandatoryLabel"",""#text"":""S-1-16-16384""}]}}"
35032,35032,2026-08-23 01:37:46.5960540,4688,LogAlways,Microsoft-Windows-Security-Auditing,Security,4,3840,disstestbedvm,420,,A new process has been created,WORKGROUP\DISSTESTBEDVM$,,Parent process: C:\Program Files (x86)\Microsoft\EdgeUpdate\MicrosoftEdgeUpdate.exe,PID: 0x23CC,Parent PID: 0x1278,Mandatory label: SECURITY_MANDATORY_SYSTEM_RID,Target User: -\-,,"C:\Program Files (x86)\Microsoft\EdgeUpdate\MicrosoftEdgeUpdate.exe ""C:\Program Files (x86)\Microsoft\EdgeUpdate\MicrosoftEdgeUpdate.exe"" /c",False,.\artefacts\event_logs\Security.evtx,Audit success,0,"{""EventData"":{""Data"":[{""@Name"":""SubjectUserSid"",""#text"":""S-1-5-18""},{""@Name"":""SubjectUserName"",""#text"":""DISSTESTBEDVM$""},{""@Name"":""SubjectDomainName"",""#text"":""WORKGROUP""},{""@Name"":""SubjectLogonId"",""#text"":""0x3E7""},{""@Name"":""NewProcessId"",""#text"":""0x1278""},{""@Name"":""NewProcessName"",""#text"":""C:\\Program Files (x86)\\Microsoft\\EdgeUpdate\\MicrosoftEdgeUpdate.exe""},{""@Name"":""TokenElevationType"",""#text"":""%%1936""},{""@Name"":""ProcessId"",""#text"":""0x23CC""},{""@Name"":""CommandLine"",""#text"":""\""C:\\Program Files (x86)\\Microsoft\\EdgeUpdate\\MicrosoftEdgeUpdate.exe\"" /c""},{""@Name"":""TargetUserSid"",""#text"":""S-1-0-0""},{""@Name"":""TargetUserName"",""#text"":""-""},{""@Name"":""TargetDomainName"",""#text"":""-""},{""@Name"":""TargetLogonId"",""#text"":""0x0""},{""@Name"":""ParentProcessName"",""#text"":""C:\\Program Files (x86)\\Microsoft\\EdgeUpdate\\MicrosoftEdgeUpdate.exe""},{""@Name"":""MandatoryLabel"",""#text"":""S-1-16-16384""}]}}"
35033,35033,2026-08-23 01:37:46.6043939,4689,LogAlways,Microsoft-Windows-Security-Auditing,Security,4,3840,disstestbedvm,420,,A process has exited,WORKGROUP\DISSTESTBEDVM$,,,PID: 0x23CC,,,,,C:\Program Files (x86)\Microsoft\EdgeUpdate\MicrosoftEdgeUpdate.exe,False,.\artefacts\event_logs\Security.evtx,Audit success,0,"{""EventData"":{""Data"":[{""@Name"":""SubjectUserSid"",""#text"":""S-1-5-18""},{""@Name"":""SubjectUserName"",""#text"":""DISSTESTBEDVM$""},{""@Name"":""SubjectDomainName"",""#text"":""WORKGROUP""},{""@Name"":""SubjectLogonId"",""#text"":""0x3E7""},{""@Name"":""Status"",""#text"":""0x0""},{""@Name"":""ProcessId"",""#text"":""0x23CC""},{""@Name"":""ProcessName"",""#text"":""C:\\Program Files (x86)\\Microsoft\\EdgeUpdate\\MicrosoftEdgeUpdate.exe""}]}}"
35034,35034,2026-08-23 01:37:46.6465190,4689,LogAlways,Microsoft-Windows-Security-Auditing,Security,4,7192,disstestbedvm,420,,A process has exited,WORKGROUP\DISSTESTBEDVM$,,,PID: 0x1278,,,,,C:\Program Files (x86)\Microsoft\EdgeUpdate\MicrosoftEdgeUpdate.exe,False,.\artefacts\event_logs\Security.evtx,Audit success,0,"{""EventData"":{""Data"":[{""@Name"":""SubjectUserSid"",""#text"":""S-1-5-18""},{""@Name"":""SubjectUserName"",""#text"":""DISSTESTBEDVM$""},{""@Name"":""SubjectDomainName"",""#text"":""WORKGROUP""},{""@Name"":""SubjectLogonId"",""#text"":""0x3E7""},{""@Name"":""Status"",""#text"":""0x0""},{""@Name"":""ProcessId"",""#text"":""0x1278""},{""@Name"":""ProcessName"",""#text"":""C:\\Program Files (x86)\\Microsoft\\EdgeUpdate\\MicrosoftEdgeUpdate.exe""}]}}"
35035,35035,2026-08-23 01:37:46.7274282,4624,LogAlways,Microsoft-Windows-Security-Auditing,Security,884,976,disstestbedvm,420,,Successful logon,WORKGROUP\DISSTESTBEDVM$,- (-),Target: NT AUTHORITY\SYSTEM,LogonType 5,LogonId: 0x3E7,,,,C:\Windows\System32\services.exe,False,.\artefacts\event_logs\Security.evtx,Audit success,0,"{""EventData"":{""Data"":[{""@Name"":""SubjectUserSid"",""#text"":""S-1-5-18""},{""@Name"":""SubjectUserName"",""#text"":""DISSTESTBEDVM$""},{""@Name"":""SubjectDomainName"",""#text"":""WORKGROUP""},{""@Name"":""SubjectLogonId"",""#text"":""0x3E7""},{""@Name"":""TargetUserSid"",""#text"":""S-1-5-18""},{""@Name"":""TargetUserName"",""#text"":""SYSTEM""},{""@Name"":""TargetDomainName"",""#text"":""NT AUTHORITY""},{""@Name"":""TargetLogonId"",""#text"":""0x3E7""},{""@Name"":""LogonType"",""#text"":""5""},{""@Name"":""LogonProcessName"",""#text"":""Advapi  ""},{""@Name"":""AuthenticationPackageName"",""#text"":""Negotiate""},{""@Name"":""WorkstationName"",""#text"":""-""},{""@Name"":""LogonGuid"",""#text"":""00000000-0000-0000-0000-000000000000""},{""@Name"":""TransmittedServices"",""#text"":""-""},{""@Name"":""LmPackageName"",""#text"":""-""},{""@Name"":""KeyLength"",""#text"":""0""},{""@Name"":""ProcessId"",""#text"":""0x368""},{""@Name"":""ProcessName"",""#text"":""C:\\Windows\\System32\\services.exe""},{""@Name"":""IpAddress"",""#text"":""-""},{""@Name"":""IpPort"",""#text"":""-""},{""@Name"":""ImpersonationLevel"",""#text"":""%%1833""},{""@Name"":""RestrictedAdminMode"",""#text"":""-""},{""@Name"":""RemoteCredentialGuard"",""#text"":""-""},{""@Name"":""TargetOutboundUserName"",""#text"":""-""},{""@Name"":""TargetOutboundDomainName"",""#text"":""-""},{""@Name"":""VirtualAccount"",""#text"":""%%1843""},{""@Name"":""TargetLinkedLogonId"",""#text"":""0x0""},{""@Name"":""ElevatedToken"",""#text"":""%%1842""}]}}"
35036,35036,2026-08-23 01:37:46.7274457,4672,LogAlways,Microsoft-Windows-Security-Auditing,Security,884,976,disstestbedvm,420,,Administrative logon,NT AUTHORITY\SYSTEM (S-1-5-18),,"PrivilegeList: SeAssignPrimaryTokenPrivilege, SeTcbPrivilege, SeSecurityPrivilege, SeTakeOwnershipPrivilege, SeLoadDriverPrivilege, SeBackupPrivilege, SeRestorePrivilege, SeDebugPrivilege, SeAuditPrivilege, SeSystemEnvironmentPrivilege, SeImpersonatePrivilege, SeDelegateSessionUserImpersonatePrivilege",LogonId: 0x3E7,,,,,,False,.\artefacts\event_logs\Security.evtx,Audit success,0,"{""EventData"":{""Data"":[{""@Name"":""SubjectUserSid"",""#text"":""S-1-5-18""},{""@Name"":""SubjectUserName"",""#text"":""SYSTEM""},{""@Name"":""SubjectDomainName"",""#text"":""NT AUTHORITY""},{""@Name"":""SubjectLogonId"",""#text"":""0x3E7""},{""@Name"":""PrivilegeList"",""#text"":""SeAssignPrimaryTokenPrivilege, SeTcbPrivilege, SeSecurityPrivilege, SeTakeOwnershipPrivilege, SeLoadDriverPrivilege, SeBackupPrivilege, SeRestorePrivilege, SeDebugPrivilege, SeAuditPrivilege, SeSystemEnvironmentPrivilege, SeImpersonatePrivilege, SeDelegateSessionUserImpersonatePrivilege""}]}}"
35037,35037,2026-08-23 01:37:46.7290801,4688,LogAlways,Microsoft-Windows-Security-Auditing,Security,4,3840,disstestbedvm,420,,A new process has been created,WORKGROUP\DISSTESTBEDVM$,,Parent process: C:\Windows\System32\services.exe,PID: 0x368,Parent PID: 0x2F68,Mandatory label: SECURITY_MANDATORY_SYSTEM_RID,Target User: -\-,,C:\Windows\System32\svchost.exe C:\WINDOWS\system32\svchost.exe -k InvSvcGroup -p -s InventorySvc,False,.\artefacts\event_logs\Security.evtx,Audit success,0,"{""EventData"":{""Data"":[{""@Name"":""SubjectUserSid"",""#text"":""S-1-5-18""},{""@Name"":""SubjectUserName"",""#text"":""DISSTESTBEDVM$""},{""@Name"":""SubjectDomainName"",""#text"":""WORKGROUP""},{""@Name"":""SubjectLogonId"",""#text"":""0x3E7""},{""@Name"":""NewProcessId"",""#text"":""0x2F68""},{""@Name"":""NewProcessName"",""#text"":""C:\\Windows\\System32\\svchost.exe""},{""@Name"":""TokenElevationType"",""#text"":""%%1936""},{""@Name"":""ProcessId"",""#text"":""0x368""},{""@Name"":""CommandLine"",""#text"":""C:\\WINDOWS\\system32\\svchost.exe -k InvSvcGroup -p -s InventorySvc""},{""@Name"":""TargetUserSid"",""#text"":""S-1-0-0""},{""@Name"":""TargetUserName"",""#text"":""-""},{""@Name"":""TargetDomainName"",""#text"":""-""},{""@Name"":""TargetLogonId"",""#text"":""0x0""},{""@Name"":""ParentProcessName"",""#text"":""C:\\Windows\\System32\\services.exe""},{""@Name"":""MandatoryLabel"",""#text"":""S-1-16-16384""}]}}"
35038,35038,2026-08-23 01:37:46.8887036,4688,LogAlways,Microsoft-Windows-Security-Auditing,Security,4,3840,disstestbedvm,420,,A new process has been created,WORKGROUP\DISSTESTBEDVM$,,Parent process: C:\Windows\System32\services.exe,PID: 0x368,Parent PID: 0x2F6C,Mandatory label: SECURITY_MANDATORY_SYSTEM_RID,Target User: WORKGROUP\DISSTESTBEDVM$,,C:\Windows\System32\svchost.exe C:\WINDOWS\System32\svchost.exe -k NetworkService -p,False,.\artefacts\event_logs\Security.evtx,Audit success,0,"{""EventData"":{""Data"":[{""@Name"":""SubjectUserSid"",""#text"":""S-1-5-18""},{""@Name"":""SubjectUserName"",""#text"":""DISSTESTBEDVM$""},{""@Name"":""SubjectDomainName"",""#text"":""WORKGROUP""},{""@Name"":""SubjectLogonId"",""#text"":""0x3E7""},{""@Name"":""NewProcessId"",""#text"":""0x2F6C""},{""@Name"":""NewProcessName"",""#text"":""C:\\Windows\\System32\\svchost.exe""},{""@Name"":""TokenElevationType"",""#text"":""%%1936""},{""@Name"":""ProcessId"",""#text"":""0x368""},{""@Name"":""CommandLine"",""#text"":""C:\\WINDOWS\\System32\\svchost.exe -k NetworkService -p""},{""@Name"":""TargetUserSid"",""#text"":""S-1-0-0""},{""@Name"":""TargetUserName"",""#text"":""DISSTESTBEDVM$""},{""@Name"":""TargetDomainName"",""#text"":""WORKGROUP""},{""@Name"":""TargetLogonId"",""#text"":""0x3E4""},{""@Name"":""ParentProcessName"",""#text"":""C:\\Windows\\System32\\services.exe""},{""@Name"":""MandatoryLabel"",""#text"":""S-1-16-16384""}]}}"
35039,35039,2026-08-23 01:37:47.0496079,4688,LogAlways,Microsoft-Windows-Security-Auditing,Security,4,3840,disstestbedvm,420,,A new process has been created,WORKGROUP\DISSTESTBEDVM$,,Parent process: C:\Windows\System32\services.exe,PID: 0x368,Parent PID: 0x1E9C,Mandatory label: SECURITY_MANDATORY_SYSTEM_RID,Target User: WORKGROUP\DISSTESTBEDVM$,,C:\Windows\System32\sppsvc.exe C:\WINDOWS\system32\sppsvc.exe,False,.\artefacts\event_logs\Security.evtx,Audit success,0,"{""EventData"":{""Data"":[{""@Name"":""SubjectUserSid"",""#text"":""S-1-5-18""},{""@Name"":""SubjectUserName"",""#text"":""DISSTESTBEDVM$""},{""@Name"":""SubjectDomainName"",""#text"":""WORKGROUP""},{""@Name"":""SubjectLogonId"",""#text"":""0x3E7""},{""@Name"":""NewProcessId"",""#text"":""0x1E9C""},{""@Name"":""NewProcessName"",""#text"":""C:\\Windows\\System32\\sppsvc.exe""},{""@Name"":""TokenElevationType"",""#text"":""%%1936""},{""@Name"":""ProcessId"",""#text"":""0x368""},{""@Name"":""CommandLine"",""#text"":""C:\\WINDOWS\\system32\\sppsvc.exe""},{""@Name"":""TargetUserSid"",""#text"":""S-1-0-0""},{""@Name"":""TargetUserName"",""#text"":""DISSTESTBEDVM$""},{""@Name"":""TargetDomainName"",""#text"":""WORKGROUP""},{""@Name"":""TargetLogonId"",""#text"":""0x3E4""},{""@Name"":""ParentProcessName"",""#text"":""C:\\Windows\\System32\\services.exe""},{""@Name"":""MandatoryLabel"",""#text"":""S-1-16-16384""}]}}"
35040,35040,2026-08-23 01:37:47.2150900,4688,LogAlways,Microsoft-Windows-Security-Auditing,Security,4,3836,disstestbedvm,420,,A new process has been created,WORKGROUP\DISSTESTBEDVM$,,Parent process: C:\Windows\System32\services.exe,PID: 0x368,Parent PID: 0x1390,Mandatory label: SECURITY_MANDATORY_SYSTEM_RID,Target User: NT AUTHORITY\LOCAL SERVICE,,C:\Windows\System32\svchost.exe C:\WINDOWS\system32\svchost.exe -k LocalService -s W32Time,False,.\artefacts\event_logs\Security.evtx,Audit success,0,"{""EventData"":{""Data"":[{""@Name"":""SubjectUserSid"",""#text"":""S-1-5-18""},{""@Name"":""SubjectUserName"",""#text"":""DISSTESTBEDVM$""},{""@Name"":""SubjectDomainName"",""#text"":""WORKGROUP""},{""@Name"":""SubjectLogonId"",""#text"":""0x3E7""},{""@Name"":""NewProcessId"",""#text"":""0x1390""},{""@Name"":""NewProcessName"",""#text"":""C:\\Windows\\System32\\svchost.exe""},{""@Name"":""TokenElevationType"",""#text"":""%%1936""},{""@Name"":""ProcessId"",""#text"":""0x368""},{""@Name"":""CommandLine"",""#text"":""C:\\WINDOWS\\system32\\svchost.exe -k LocalService -s W32Time""},{""@Name"":""TargetUserSid"",""#text"":""S-1-5-19""},{""@Name"":""TargetUserName"",""#text"":""LOCAL SERVICE""},{""@Name"":""TargetDomainName"",""#text"":""NT AUTHORITY""},{""@Name"":""TargetLogonId"",""#text"":""0x3E5""},{""@Name"":""ParentProcessName"",""#text"":""C:\\Windows\\System32\\services.exe""},{""@Name"":""MandatoryLabel"",""#text"":""S-1-16-16384""}]}}"
35041,35041,2026-08-23 01:37:47.3738882,4624,LogAlways,Microsoft-Windows-Security-Auditing,Security,884,976,disstestbedvm,420,,Successful logon,WORKGROUP\DISSTESTBEDVM$,- (-),Target: NT AUTHORITY\SYSTEM,LogonType 5,LogonId: 0x3E7,,,,C:\Windows\System32\services.exe,False,.\artefacts\event_logs\Security.evtx,Audit success,0,"{""EventData"":{""Data"":[{""@Name"":""SubjectUserSid"",""#text"":""S-1-5-18""},{""@Name"":""SubjectUserName"",""#text"":""DISSTESTBEDVM$""},{""@Name"":""SubjectDomainName"",""#text"":""WORKGROUP""},{""@Name"":""SubjectLogonId"",""#text"":""0x3E7""},{""@Name"":""TargetUserSid"",""#text"":""S-1-5-18""},{""@Name"":""TargetUserName"",""#text"":""SYSTEM""},{""@Name"":""TargetDomainName"",""#text"":""NT AUTHORITY""},{""@Name"":""TargetLogonId"",""#text"":""0x3E7""},{""@Name"":""LogonType"",""#text"":""5""},{""@Name"":""LogonProcessName"",""#text"":""Advapi  ""},{""@Name"":""AuthenticationPackageName"",""#text"":""Negotiate""},{""@Name"":""WorkstationName"",""#text"":""-""},{""@Name"":""LogonGuid"",""#text"":""00000000-0000-0000-0000-000000000000""},{""@Name"":""TransmittedServices"",""#text"":""-""},{""@Name"":""LmPackageName"",""#text"":""-""},{""@Name"":""KeyLength"",""#text"":""0""},{""@Name"":""ProcessId"",""#text"":""0x368""},{""@Name"":""ProcessName"",""#text"":""C:\\Windows\\System32\\services.exe""},{""@Name"":""IpAddress"",""#text"":""-""},{""@Name"":""IpPort"",""#text"":""-""},{""@Name"":""ImpersonationLevel"",""#text"":""%%1833""},{""@Name"":""RestrictedAdminMode"",""#text"":""-""},{""@Name"":""RemoteCredentialGuard"",""#text"":""-""},{""@Name"":""TargetOutboundUserName"",""#text"":""-""},{""@Name"":""TargetOutboundDomainName"",""#text"":""-""},{""@Name"":""VirtualAccount"",""#text"":""%%1843""},{""@Name"":""TargetLinkedLogonId"",""#text"":""0x0""},{""@Name"":""ElevatedToken"",""#text"":""%%1842""}]}}"
35042,35042,2026-08-23 01:37:47.3738924,4672,LogAlways,Microsoft-Windows-Security-Auditing,Security,884,976,disstestbedvm,420,,Administrative logon,NT AUTHORITY\SYSTEM (S-1-5-18),,"PrivilegeList: SeAssignPrimaryTokenPrivilege, SeTcbPrivilege, SeSecurityPrivilege, SeTakeOwnershipPrivilege, SeLoadDriverPrivilege, SeBackupPrivilege, SeRestorePrivilege, SeDebugPrivilege, SeAuditPrivilege, SeSystemEnvironmentPrivilege, SeImpersonatePrivilege, SeDelegateSessionUserImpersonatePrivilege",LogonId: 0x3E7,,,,,,False,.\artefacts\event_logs\Security.evtx,Audit success,0,"{""EventData"":{""Data"":[{""@Name"":""SubjectUserSid"",""#text"":""S-1-5-18""},{""@Name"":""SubjectUserName"",""#text"":""SYSTEM""},{""@Name"":""SubjectDomainName"",""#text"":""NT AUTHORITY""},{""@Name"":""SubjectLogonId"",""#text"":""0x3E7""},{""@Name"":""PrivilegeList"",""#text"":""SeAssignPrimaryTokenPrivilege, SeTcbPrivilege, SeSecurityPrivilege, SeTakeOwnershipPrivilege, SeLoadDriverPrivilege, SeBackupPrivilege, SeRestorePrivilege, SeDebugPrivilege, SeAuditPrivilege, SeSystemEnvironmentPrivilege, SeImpersonatePrivilege, SeDelegateSessionUserImpersonatePrivilege""}]}}"
35043,35043,2026-08-23 01:37:47.3748819,4688,LogAlways,Microsoft-Windows-Security-Auditing,Security,4,400,disstestbedvm,420,,A new process has been created,WORKGROUP\DISSTESTBEDVM$,,Parent process: C:\Windows\System32\services.exe,PID: 0x368,Parent PID: 0x1388,Mandatory label: SECURITY_MANDATORY_SYSTEM_RID,Target User: -\-,,C:\Windows\System32\svchost.exe C:\WINDOWS\system32\svchost.exe -k whesvc -p -s whesvc,False,.\artefacts\event_logs\Security.evtx,Audit success,0,"{""EventData"":{""Data"":[{""@Name"":""SubjectUserSid"",""#text"":""S-1-5-18""},{""@Name"":""SubjectUserName"",""#text"":""DISSTESTBEDVM$""},{""@Name"":""SubjectDomainName"",""#text"":""WORKGROUP""},{""@Name"":""SubjectLogonId"",""#text"":""0x3E7""},{""@Name"":""NewProcessId"",""#text"":""0x1388""},{""@Name"":""NewProcessName"",""#text"":""C:\\Windows\\System32\\svchost.exe""},{""@Name"":""TokenElevationType"",""#text"":""%%1936""},{""@Name"":""ProcessId"",""#text"":""0x368""},{""@Name"":""CommandLine"",""#text"":""C:\\WINDOWS\\system32\\svchost.exe -k whesvc -p -s whesvc""},{""@Name"":""TargetUserSid"",""#text"":""S-1-0-0""},{""@Name"":""TargetUserName"",""#text"":""-""},{""@Name"":""TargetDomainName"",""#text"":""-""},{""@Name"":""TargetLogonId"",""#text"":""0x0""},{""@Name"":""ParentProcessName"",""#text"":""C:\\Windows\\System32\\services.exe""},{""@Name"":""MandatoryLabel"",""#text"":""S-1-16-16384""}]}}"
35044,35044,2026-08-23 01:37:47.5378269,4688,LogAlways,Microsoft-Windows-Security-Auditing,Security,4,3844,disstestbedvm,420,,A new process has been created,WORKGROUP\DISSTESTBEDVM$,,Parent process: C:\Windows\System32\services.exe,PID: 0x368,Parent PID: 0xD74,Mandatory label: SECURITY_MANDATORY_SYSTEM_RID,Target User: NT AUTHORITY\LOCAL SERVICE,,C:\Windows\System32\svchost.exe C:\WINDOWS\System32\svchost.exe -k LocalServiceNetworkRestricted -p -s wscsvc,False,.\artefacts\event_logs\Security.evtx,Audit success,0,"{""EventData"":{""Data"":[{""@Name"":""SubjectUserSid"",""#text"":""S-1-5-18""},{""@Name"":""SubjectUserName"",""#text"":""DISSTESTBEDVM$""},{""@Name"":""SubjectDomainName"",""#text"":""WORKGROUP""},{""@Name"":""SubjectLogonId"",""#text"":""0x3E7""},{""@Name"":""NewProcessId"",""#text"":""0xD74""},{""@Name"":""NewProcessName"",""#text"":""C:\\Windows\\System32\\svchost.exe""},{""@Name"":""TokenElevationType"",""#text"":""%%1936""},{""@Name"":""ProcessId"",""#text"":""0x368""},{""@Name"":""CommandLine"",""#text"":""C:\\WINDOWS\\System32\\svchost.exe -k LocalServiceNetworkRestricted -p -s wscsvc""},{""@Name"":""TargetUserSid"",""#text"":""S-1-5-19""},{""@Name"":""TargetUserName"",""#text"":""LOCAL SERVICE""},{""@Name"":""TargetDomainName"",""#text"":""NT AUTHORITY""},{""@Name"":""TargetLogonId"",""#text"":""0x3E5""},{""@Name"":""ParentProcessName"",""#text"":""C:\\Windows\\System32\\services.exe""},{""@Name"":""MandatoryLabel"",""#text"":""S-1-16-16384""}]}}"
35045,35045,2026-08-23 01:37:51.3014169,4688,LogAlways,Microsoft-Windows-Security-Auditing,Security,4,3844,disstestbedvm,420,,A new process has been created,WORKGROUP\DISSTESTBEDVM$,,Parent process: C:\Windows\System32\svchost.exe,PID: 0x130,Parent PID: 0x2EF8,Mandatory label: SECURITY_MANDATORY_LOW_RID,Target User: disstestbedvm\dfanalyst,,"C:\Windows\System32\backgroundTaskHost.exe ""C:\WINDOWS\system32\backgroundTaskHost.exe"" -ServerName:App.AppXmtcan0h2tfbfy7k9kn8hbxb6dmzz1zh0.mca",False,.\artefacts\event_logs\Security.evtx,Audit success,0,"{""EventData"":{""Data"":[{""@Name"":""SubjectUserSid"",""#text"":""S-1-5-18""},{""@Name"":""SubjectUserName"",""#text"":""DISSTESTBEDVM$""},{""@Name"":""SubjectDomainName"",""#text"":""WORKGROUP""},{""@Name"":""SubjectLogonId"",""#text"":""0x3E7""},{""@Name"":""NewProcessId"",""#text"":""0x2EF8""},{""@Name"":""NewProcessName"",""#text"":""C:\\Windows\\System32\\backgroundTaskHost.exe""},{""@Name"":""TokenElevationType"",""#text"":""%%1938""},{""@Name"":""ProcessId"",""#text"":""0x130""},{""@Name"":""CommandLine"",""#text"":""\""C:\\WINDOWS\\system32\\backgroundTaskHost.exe\"" -ServerName:App.AppXmtcan0h2tfbfy7k9kn8hbxb6dmzz1zh0.mca""},{""@Name"":""TargetUserSid"",""#text"":""S-1-5-21-4209295338-567392030-2519289182-1001""},{""@Name"":""TargetUserName"",""#text"":""dfanalyst""},{""@Name"":""TargetDomainName"",""#text"":""disstestbedvm""},{""@Name"":""TargetLogonId"",""#text"":""0x1C59E""},{""@Name"":""ParentProcessName"",""#text"":""C:\\Windows\\System32\\svchost.exe""},{""@Name"":""MandatoryLabel"",""#text"":""S-1-16-4096""}]}}"
35046,35046,2026-08-23 01:37:51.6096356,4689,LogAlways,Microsoft-Windows-Security-Auditing,Security,4,3844,disstestbedvm,420,,A process has exited,disstestbedvm\dfanalyst,,,PID: 0x2EF8,,,,,C:\Windows\System32\backgroundTaskHost.exe,False,.\artefacts\event_logs\Security.evtx,Audit success,0,"{""EventData"":{""Data"":[{""@Name"":""SubjectUserSid"",""#text"":""S-1-5-21-4209295338-567392030-2519289182-1001""},{""@Name"":""SubjectUserName"",""#text"":""dfanalyst""},{""@Name"":""SubjectDomainName"",""#text"":""disstestbedvm""},{""@Name"":""SubjectLogonId"",""#text"":""0x1C59E""},{""@Name"":""Status"",""#text"":""0x1""},{""@Name"":""ProcessId"",""#text"":""0x2EF8""},{""@Name"":""ProcessName"",""#text"":""C:\\Windows\\System32\\backgroundTaskHost.exe""}]}}"
35047,35047,2026-08-23 01:37:53.6641685,4688,LogAlways,Microsoft-Windows-Security-Auditing,Security,4,3836,disstestbedvm,420,,A new process has been created,disstestbedvm\dfanalyst,,Parent process: C:\Program Files\WindowsApps\MicrosoftWindows.Client.WebExperience_526.17301.80.0_x64__cw5n1h2txyewy\Dashboard\Widgets.exe,PID: 0x1C7C,Parent PID: 0x1654,Mandatory label: SECURITY_MANDATORY_MEDIUM_RID,Target User: -\-,,"C:\Program Files (x86)\Microsoft\EdgeWebView\Application\151.0.4129.86\msedgewebview2.exe ""C:\Program Files (x86)\Microsoft\EdgeWebView\Application\151.0.4129.86\msedgewebview2.exe"" --embedded-browser-webview=1 --webview-exe-name=Widgets.exe --webview-exe-version=526.17301.10.0 --user-data-dir=""C:\Users\dfanalyst\AppData\Local\Packages\MicrosoftWindows.Client.WebExperience_cw5n1h2txyewy\LocalState\EBWebView"" --noerrdialogs --disk-cache-size=52428800 --edge-webview-is-background --lang=en-US --mojo-named-platform-channel-pipe=7292.5728.5948998301459399626 /pfhostedapp:43b5583181ef1943db6b8cf8cd049a0f290e448e",False,.\artefacts\event_logs\Security.evtx,Audit success,0,"{""EventData"":{""Data"":[{""@Name"":""SubjectUserSid"",""#text"":""S-1-5-21-4209295338-567392030-2519289182-1001""},{""@Name"":""SubjectUserName"",""#text"":""dfanalyst""},{""@Name"":""SubjectDomainName"",""#text"":""disstestbedvm""},{""@Name"":""SubjectLogonId"",""#text"":""0x1C59E""},{""@Name"":""NewProcessId"",""#text"":""0x1654""},{""@Name"":""NewProcessName"",""#text"":""C:\\Program Files (x86)\\Microsoft\\EdgeWebView\\Application\\151.0.4129.86\\msedgewebview2.exe""},{""@Name"":""TokenElevationType"",""#text"":""%%1938""},{""@Name"":""ProcessId"",""#text"":""0x1C7C""},{""@Name"":""CommandLine"",""#text"":""\""C:\\Program Files (x86)\\Microsoft\\EdgeWebView\\Application\\151.0.4129.86\\msedgewebview2.exe\"" --embedded-browser-webview=1 --webview-exe-name=Widgets.exe --webview-exe-version=526.17301.10.0 --user-data-dir=\""C:\\Users\\dfanalyst\\AppData\\Local\\Packages\\MicrosoftWindows.Client.WebExperience_cw5n1h2txyewy\\LocalState\\EBWebView\"" --noerrdialogs --disk-cache-size=52428800 --edge-webview-is-background --lang=en-US --mojo-named-platform-channel-pipe=7292.5728.5948998301459399626 /pfhostedapp:43b5583181ef1943db6b8cf8cd049a0f290e448e""},{""@Name"":""TargetUserSid"",""#text"":""S-1-0-0""},{""@Name"":""TargetUserName"",""#text"":""-""},{""@Name"":""TargetDomainName"",""#text"":""-""},{""@Name"":""TargetLogonId"",""#text"":""0x0""},{""@Name"":""ParentProcessName"",""#text"":""C:\\Program Files\\WindowsApps\\MicrosoftWindows.Client.WebExperience_526.17301.80.0_x64__cw5n1h2txyewy\\Dashboard\\Widgets.exe""},{""@Name"":""MandatoryLabel"",""#text"":""S-1-16-8192""}]}}"
35048,35048,2026-08-23 01:37:53.7245232,4688,LogAlways,Microsoft-Windows-Security-Auditing,Security,4,3840,disstestbedvm,420,,A new process has been created,disstestbedvm\dfanalyst,,Parent process: C:\Program Files (x86)\Microsoft\EdgeWebView\Application\151.0.4129.86\msedgewebview2.exe,PID: 0x1654,Parent PID: 0x4A4,Mandatory label: SECURITY_MANDATORY_MEDIUM_RID,Target User: -\-,,"C:\Program Files (x86)\Microsoft\EdgeWebView\Application\151.0.4129.86\msedgewebview2.exe ""C:\Program Files (x86)\Microsoft\EdgeWebView\Application\151.0.4129.86\msedgewebview2.exe"" --type=crashpad-handler --user-data-dir=C:\Users\dfanalyst\AppData\Local\Packages\MicrosoftWindows.Client.WebExperience_cw5n1h2txyewy\LocalState\EBWebView /prefetch:4 /pfhostedapp:43b5583181ef1943db6b8cf8cd049a0f290e448e --monitor-self-annotation=ptype=crashpad-handler --database=C:\Users\dfanalyst\AppData\Local\Packages\MicrosoftWindows.Client.WebExperience_cw5n1h2txyewy\LocalState\EBWebView\Crashpad --annotation=IsOfficialBuild=1 --annotation=channel= --annotation=chromium-version=151.0.7922.138 ""--annotation=exe=C:\Program Files (x86)\Microsoft\EdgeWebView\Application\151.0.4129.86\msedgewebview2.exe"" --annotation=plat=Win64 ""--annotation=prod=Edge WebView2"" --annotation=ver=151.0.4129.86 --initial-client-data=0x170,0x174,0x178,0x14c,0x180,0x7ff89d4565f0,0x7ff89d456600,0x7ff89d456610",False,.\artefacts\event_logs\Security.evtx,Audit success,0,"{""EventData"":{""Data"":[{""@Name"":""SubjectUserSid"",""#text"":""S-1-5-21-4209295338-567392030-2519289182-1001""},{""@Name"":""SubjectUserName"",""#text"":""dfanalyst""},{""@Name"":""SubjectDomainName"",""#text"":""disstestbedvm""},{""@Name"":""SubjectLogonId"",""#text"":""0x1C59E""},{""@Name"":""NewProcessId"",""#text"":""0x4A4""},{""@Name"":""NewProcessName"",""#text"":""C:\\Program Files (x86)\\Microsoft\\EdgeWebView\\Application\\151.0.4129.86\\msedgewebview2.exe""},{""@Name"":""TokenElevationType"",""#text"":""%%1938""},{""@Name"":""ProcessId"",""#text"":""0x1654""},{""@Name"":""CommandLine"",""#text"":""\""C:\\Program Files (x86)\\Microsoft\\EdgeWebView\\Application\\151.0.4129.86\\msedgewebview2.exe\"" --type=crashpad-handler --user-data-dir=C:\\Users\\dfanalyst\\AppData\\Local\\Packages\\MicrosoftWindows.Client.WebExperience_cw5n1h2txyewy\\LocalState\\EBWebView /prefetch:4 /pfhostedapp:43b5583181ef1943db6b8cf8cd049a0f290e448e --monitor-self-annotation=ptype=crashpad-handler --database=C:\\Users\\dfanalyst\\AppData\\Local\\Packages\\MicrosoftWindows.Client.WebExperience_cw5n1h2txyewy\\LocalState\\EBWebView\\Crashpad --annotation=IsOfficialBuild=1 --annotation=channel= --annotation=chromium-version=151.0.7922.138 \""--annotation=exe=C:\\Program Files (x86)\\Microsoft\\EdgeWebView\\Application\\151.0.4129.86\\msedgewebview2.exe\"" --annotation=plat=Win64 \""--annotation=prod=Edge WebView2\"" --annotation=ver=151.0.4129.86 --initial-client-data=0x170,0x174,0x178,0x14c,0x180,0x7ff89d4565f0,0x7ff89d456600,0x7ff89d456610""},{""@Name"":""TargetUserSid"",""#text"":""S-1-0-0""},{""@Name"":""TargetUserName"",""#text"":""-""},{""@Name"":""TargetDomainName"",""#text"":""-""},{""@Name"":""TargetLogonId"",""#text"":""0x0""},{""@Name"":""ParentProcessName"",""#text"":""C:\\Program Files (x86)\\Microsoft\\EdgeWebView\\Application\\151.0.4129.86\\msedgewebview2.exe""},{""@Name"":""MandatoryLabel"",""#text"":""S-1-16-8192""}]}}"
35049,35049,2026-08-23 01:37:53.7607148,4688,LogAlways,Microsoft-Windows-Security-Auditing,Security,4,3840,disstestbedvm,420,,A new process has been created,WORKGROUP\DISSTESTBEDVM$,,Parent process: C:\Windows\System32\svchost.exe,PID: 0x130,Parent PID: 0x2FA8,Mandatory label: SECURITY_MANDATORY_LOW_RID,Target User: disstestbedvm\dfanalyst,,"C:\Windows\System32\backgroundTaskHost.exe ""C:\WINDOWS\system32\BackgroundTaskHost.exe"" -ServerName:BackgroundTaskHost.WebAccountProvider",False,.\artefacts\event_logs\Security.evtx,Audit success,0,"{""EventData"":{""Data"":[{""@Name"":""SubjectUserSid"",""#text"":""S-1-5-18""},{""@Name"":""SubjectUserName"",""#text"":""DISSTESTBEDVM$""},{""@Name"":""SubjectDomainName"",""#text"":""WORKGROUP""},{""@Name"":""SubjectLogonId"",""#text"":""0x3E7""},{""@Name"":""NewProcessId"",""#text"":""0x2FA8""},{""@Name"":""NewProcessName"",""#text"":""C:\\Windows\\System32\\backgroundTaskHost.exe""},{""@Name"":""TokenElevationType"",""#text"":""%%1938""},{""@Name"":""ProcessId"",""#text"":""0x130""},{""@Name"":""CommandLine"",""#text"":""\""C:\\WINDOWS\\system32\\BackgroundTaskHost.exe\"" -ServerName:BackgroundTaskHost.WebAccountProvider""},{""@Name"":""TargetUserSid"",""#text"":""S-1-5-21-4209295338-567392030-2519289182-1001""},{""@Name"":""TargetUserName"",""#text"":""dfanalyst""},{""@Name"":""TargetDomainName"",""#text"":""disstestbedvm""},{""@Name"":""TargetLogonId"",""#text"":""0x1C59E""},{""@Name"":""ParentProcessName"",""#text"":""C:\\Windows\\System32\\svchost.exe""},{""@Name"":""MandatoryLabel"",""#text"":""S-1-16-4096""}]}}"
35050,35050,2026-08-23 01:37:53.8844427,4688,LogAlways,Microsoft-Windows-Security-Auditing,Security,4,3836,disstestbedvm,420,,A new process has been created,disstestbedvm\dfanalyst,,Parent process: C:\Program Files (x86)\Microsoft\EdgeWebView\Application\151.0.4129.86\msedgewebview2.exe,PID: 0x1654,Parent PID: 0x1A18,Mandatory label: SECURITY_MANDATORY_LOW_RID,Target User: -\-,,"C:\Program Files (x86)\Microsoft\EdgeWebView\Application\151.0.4129.86\msedgewebview2.exe ""C:\Program Files (x86)\Microsoft\EdgeWebView\Application\151.0.4129.86\msedgewebview2.exe"" --type=gpu-process --noerrdialogs --user-data-dir=""C:\Users\dfanalyst\AppData\Local\Packages\MicrosoftWindows.Client.WebExperience_cw5n1h2txyewy\LocalState\EBWebView"" --webview-exe-name=Widgets.exe --webview-exe-version=526.17301.10.0 --embedded-browser-webview=1 --gpu-preferences=WAAAAAAAAADgAAAEAAAAAAAAAAAAAGAAQAAAAAAAAAADAAAAAAAAADgAAAAAAAAAAAAAAAAAAAACAAAAAAAAAAAAAAAAAAAAKAAAAAAAAAAoAAAAAAAAAAgAAAAAAAAAEAAAAAIAAAABAAAAAAAAAAgAAAAAAAAACAAAAAAAAAA= --startup-read-main-dll --metrics-shmem-handle=1928,i,1912494550517437820,2392486704922355251,262144 --field-trial-handle=2156,i,2923009085561422535,1491132749954761360,262144 --variations-seed-version --pseudonymization-salt-handle=2172,i,7423673373919026423,735060380805803806,4 --trace-process-track-uuid=3190708988185955192 --mojo-platform-channel-handle=2136 /prefetch:2 /pfhostedapp:43b5583181ef1943db6b8cf8cd049a0f290e448e",False,.\artefacts\event_logs\Security.evtx,Audit success,0,"{""EventData"":{""Data"":[{""@Name"":""SubjectUserSid"",""#text"":""S-1-5-21-4209295338-567392030-2519289182-1001""},{""@Name"":""SubjectUserName"",""#text"":""dfanalyst""},{""@Name"":""SubjectDomainName"",""#text"":""disstestbedvm""},{""@Name"":""SubjectLogonId"",""#text"":""0x1C59E""},{""@Name"":""NewProcessId"",""#text"":""0x1A18""},{""@Name"":""NewProcessName"",""#text"":""C:\\Program Files (x86)\\Microsoft\\EdgeWebView\\Application\\151.0.4129.86\\msedgewebview2.exe""},{""@Name"":""TokenElevationType"",""#text"":""%%1938""},{""@Name"":""ProcessId"",""#text"":""0x1654""},{""@Name"":""CommandLine"",""#text"":""\""C:\\Program Files (x86)\\Microsoft\\EdgeWebView\\Application\\151.0.4129.86\\msedgewebview2.exe\"" --type=gpu-process --noerrdialogs --user-data-dir=\""C:\\Users\\dfanalyst\\AppData\\Local\\Packages\\MicrosoftWindows.Client.WebExperience_cw5n1h2txyewy\\LocalState\\EBWebView\"" --webview-exe-name=Widgets.exe --webview-exe-version=526.17301.10.0 --embedded-browser-webview=1 --gpu-preferences=WAAAAAAAAADgAAAEAAAAAAAAAAAAAGAAQAAAAAAAAAADAAAAAAAAADgAAAAAAAAAAAAAAAAAAAACAAAAAAAAAAAAAAAAAAAAKAAAAAAAAAAoAAAAAAAAAAgAAAAAAAAAEAAAAAIAAAABAAAAAAAAAAgAAAAAAAAACAAAAAAAAAA= --startup-read-main-dll --metrics-shmem-handle=1928,i,1912494550517437820,2392486704922355251,262144 --field-trial-handle=2156,i,2923009085561422535,1491132749954761360,262144 --variations-seed-version --pseudonymization-salt-handle=2172,i,7423673373919026423,735060380805803806,4 --trace-process-track-uuid=3190708988185955192 --mojo-platform-channel-handle=2136 /prefetch:2 /pfhostedapp:43b5583181ef1943db6b8cf8cd049a0f290e448e""},{""@Name"":""TargetUserSid"",""#text"":""S-1-0-0""},{""@Name"":""TargetUserName"",""#text"":""-""},{""@Name"":""TargetDomainName"",""#text"":""-""},{""@Name"":""TargetLogonId"",""#text"":""0x0""},{""@Name"":""ParentProcessName"",""#text"":""C:\\Program Files (x86)\\Microsoft\\EdgeWebView\\Application\\151.0.4129.86\\msedgewebview2.exe""},{""@Name"":""MandatoryLabel"",""#text"":""S-1-16-4096""}]}}"
35051,35051,2026-08-23 01:37:53.8852401,4688,LogAlways,Microsoft-Windows-Security-Auditing,Security,4,3836,disstestbedvm,420,,A new process has been created,disstestbedvm\dfanalyst,,Parent process: C:\Program Files (x86)\Microsoft\EdgeWebView\Application\151.0.4129.86\msedgewebview2.exe,PID: 0x1654,Parent PID: 0xE64,Mandatory label: SECURITY_MANDATORY_MEDIUM_RID,Target User: -\-,,"C:\Program Files (x86)\Microsoft\EdgeWebView\Application\151.0.4129.86\msedgewebview2.exe ""C:\Program Files (x86)\Microsoft\EdgeWebView\Application\151.0.4129.86\msedgewebview2.exe"" --type=utility --utility-sub-type=network.mojom.NetworkService --lang=en-US --service-sandbox-type=none --noerrdialogs --user-data-dir=""C:\Users\dfanalyst\AppData\Local\Packages\MicrosoftWindows.Client.WebExperience_cw5n1h2txyewy\LocalState\EBWebView"" --webview-exe-name=Widgets.exe --webview-exe-version=526.17301.10.0 --embedded-browser-webview=1 --startup-read-main-dll --metrics-shmem-handle=2160,i,4391158151872113558,8957292207474283235,524288 --field-trial-handle=2156,i,2923009085561422535,1491132749954761360,262144 --variations-seed-version --pseudonymization-salt-handle=2172,i,7423673373919026423,735060380805803806,4 --trace-process-track-uuid=3190708989122997041 --mojo-platform-channel-handle=2292 /prefetch:11 /pfhostedapp:43b5583181ef1943db6b8cf8cd049a0f290e448e",False,.\artefacts\event_logs\Security.evtx,Audit success,0,"{""EventData"":{""Data"":[{""@Name"":""SubjectUserSid"",""#text"":""S-1-5-21-4209295338-567392030-2519289182-1001""},{""@Name"":""SubjectUserName"",""#text"":""dfanalyst""},{""@Name"":""SubjectDomainName"",""#text"":""disstestbedvm""},{""@Name"":""SubjectLogonId"",""#text"":""0x1C59E""},{""@Name"":""NewProcessId"",""#text"":""0xE64""},{""@Name"":""NewProcessName"",""#text"":""C:\\Program Files (x86)\\Microsoft\\EdgeWebView\\Application\\151.0.4129.86\\msedgewebview2.exe""},{""@Name"":""TokenElevationType"",""#text"":""%%1938""},{""@Name"":""ProcessId"",""#text"":""0x1654""},{""@Name"":""CommandLine"",""#text"":""\""C:\\Program Files (x86)\\Microsoft\\EdgeWebView\\Application\\151.0.4129.86\\msedgewebview2.exe\"" --type=utility --utility-sub-type=network.mojom.NetworkService --lang=en-US --service-sandbox-type=none --noerrdialogs --user-data-dir=\""C:\\Users\\dfanalyst\\AppData\\Local\\Packages\\MicrosoftWindows.Client.WebExperience_cw5n1h2txyewy\\LocalState\\EBWebView\"" --webview-exe-name=Widgets.exe --webview-exe-version=526.17301.10.0 --embedded-browser-webview=1 --startup-read-main-dll --metrics-shmem-handle=2160,i,4391158151872113558,8957292207474283235,524288 --field-trial-handle=2156,i,2923009085561422535,1491132749954761360,262144 --variations-seed-version --pseudonymization-salt-handle=2172,i,7423673373919026423,735060380805803806,4 --trace-process-track-uuid=3190708989122997041 --mojo-platform-channel-handle=2292 /prefetch:11 /pfhostedapp:43b5583181ef1943db6b8cf8cd049a0f290e448e""},{""@Name"":""TargetUserSid"",""#text"":""S-1-0-0""},{""@Name"":""TargetUserName"",""#text"":""-""},{""@Name"":""TargetDomainName"",""#text"":""-""},{""@Name"":""TargetLogonId"",""#text"":""0x0""},{""@Name"":""ParentProcessName"",""#text"":""C:\\Program Files (x86)\\Microsoft\\EdgeWebView\\Application\\151.0.4129.86\\msedgewebview2.exe""},{""@Name"":""MandatoryLabel"",""#text"":""S-1-16-8192""}]}}"
35052,35052,2026-08-23 01:37:53.8994777,4689,LogAlways,Microsoft-Windows-Security-Auditing,Security,4,3828,disstestbedvm,420,,A process has exited,disstestbedvm\dfanalyst,,,PID: 0x2FA8,,,,,C:\Windows\System32\backgroundTaskHost.exe,False,.\artefacts\event_logs\Security.evtx,Audit success,0,"{""EventData"":{""Data"":[{""@Name"":""SubjectUserSid"",""#text"":""S-1-5-21-4209295338-567392030-2519289182-1001""},{""@Name"":""SubjectUserName"",""#text"":""dfanalyst""},{""@Name"":""SubjectDomainName"",""#text"":""disstestbedvm""},{""@Name"":""SubjectLogonId"",""#text"":""0x1C59E""},{""@Name"":""Status"",""#text"":""0x1""},{""@Name"":""ProcessId"",""#text"":""0x2FA8""},{""@Name"":""ProcessName"",""#text"":""C:\\Windows\\System32\\backgroundTaskHost.exe""}]}}"
35053,35053,2026-08-23 01:37:53.9274255,4688,LogAlways,Microsoft-Windows-Security-Auditing,Security,4,68,disstestbedvm,420,,A new process has been created,disstestbedvm\dfanalyst,,Parent process: C:\Program Files (x86)\Microsoft\EdgeWebView\Application\151.0.4129.86\msedgewebview2.exe,PID: 0x1654,Parent PID: 0x2E58,Mandatory label: SECURITY_MANDATORY_LOW_RID,Target User: -\-,,"C:\Program Files (x86)\Microsoft\EdgeWebView\Application\151.0.4129.86\msedgewebview2.exe ""C:\Program Files (x86)\Microsoft\EdgeWebView\Application\151.0.4129.86\msedgewebview2.exe"" --type=utility --utility-sub-type=storage.mojom.StorageService --lang=en-US --service-sandbox-type=service --noerrdialogs --user-data-dir=""C:\Users\dfanalyst\AppData\Local\Packages\MicrosoftWindows.Client.WebExperience_cw5n1h2txyewy\LocalState\EBWebView"" --webview-exe-name=Widgets.exe --webview-exe-version=526.17301.10.0 --embedded-browser-webview=1 --startup-read-main-dll --metrics-shmem-handle=2624,i,8589590258258002624,6547800809512808292,524288 --field-trial-handle=2156,i,2923009085561422535,1491132749954761360,262144 --variations-seed-version --pseudonymization-salt-handle=2172,i,7423673373919026423,735060380805803806,4 --trace-process-track-uuid=3190708990060038890 --mojo-platform-channel-handle=2688 /prefetch:13 /pfhostedapp:43b5583181ef1943db6b8cf8cd049a0f290e448e",False,.\artefacts\event_logs\Security.evtx,Audit success,0,"{""EventData"":{""Data"":[{""@Name"":""SubjectUserSid"",""#text"":""S-1-5-21-4209295338-567392030-2519289182-1001""},{""@Name"":""SubjectUserName"",""#text"":""dfanalyst""},{""@Name"":""SubjectDomainName"",""#text"":""disstestbedvm""},{""@Name"":""SubjectLogonId"",""#text"":""0x1C59E""},{""@Name"":""NewProcessId"",""#text"":""0x2E58""},{""@Name"":""NewProcessName"",""#text"":""C:\\Program Files (x86)\\Microsoft\\EdgeWebView\\Application\\151.0.4129.86\\msedgewebview2.exe""},{""@Name"":""TokenElevationType"",""#text"":""%%1938""},{""@Name"":""ProcessId"",""#text"":""0x1654""},{""@Name"":""CommandLine"",""#text"":""\""C:\\Program Files (x86)\\Microsoft\\EdgeWebView\\Application\\151.0.4129.86\\msedgewebview2.exe\"" --type=utility --utility-sub-type=storage.mojom.StorageService --lang=en-US --service-sandbox-type=service --noerrdialogs --user-data-dir=\""C:\\Users\\dfanalyst\\AppData\\Local\\Packages\\MicrosoftWindows.Client.WebExperience_cw5n1h2txyewy\\LocalState\\EBWebView\"" --webview-exe-name=Widgets.exe --webview-exe-version=526.17301.10.0 --embedded-browser-webview=1 --startup-read-main-dll --metrics-shmem-handle=2624,i,8589590258258002624,6547800809512808292,524288 --field-trial-handle=2156,i,2923009085561422535,1491132749954761360,262144 --variations-seed-version --pseudonymization-salt-handle=2172,i,7423673373919026423,735060380805803806,4 --trace-process-track-uuid=3190708990060038890 --mojo-platform-channel-handle=2688 /prefetch:13 /pfhostedapp:43b5583181ef1943db6b8cf8cd049a0f290e448e""},{""@Name"":""TargetUserSid"",""#text"":""S-1-0-0""},{""@Name"":""TargetUserName"",""#text"":""-""},{""@Name"":""TargetDomainName"",""#text"":""-""},{""@Name"":""TargetLogonId"",""#text"":""0x0""},{""@Name"":""ParentProcessName"",""#text"":""C:\\Program Files (x86)\\Microsoft\\EdgeWebView\\Application\\151.0.4129.86\\msedgewebview2.exe""},{""@Name"":""MandatoryLabel"",""#text"":""S-1-16-4096""}]}}"
35054,35054,2026-08-23 01:37:54.0325192,4688,LogAlways,Microsoft-Windows-Security-Auditing,Security,4,7216,disstestbedvm,420,,A new process has been created,disstestbedvm\dfanalyst,,Parent process: C:\Program Files (x86)\Microsoft\EdgeWebView\Application\151.0.4129.86\msedgewebview2.exe,PID: 0x1654,Parent PID: 0x2F1C,Mandatory label: SECURITY_MANDATORY_LOW_RID,Target User: -\-,,"C:\Program Files (x86)\Microsoft\EdgeWebView\Application\151.0.4129.86\msedgewebview2.exe ""C:\Program Files (x86)\Microsoft\EdgeWebView\Application\151.0.4129.86\msedgewebview2.exe"" --type=renderer --noerrdialogs --user-data-dir=""C:\Users\dfanalyst\AppData\Local\Packages\MicrosoftWindows.Client.WebExperience_cw5n1h2txyewy\LocalState\EBWebView"" --webview-exe-name=Widgets.exe --webview-exe-version=526.17301.10.0 --embedded-browser-webview=1 --video-capture-use-gpu-memory-buffer --lang=en-US --device-scale-factor=1 --num-raster-threads=2 --enable-main-frame-before-activation --renderer-client-id=5 --js-flags=""--expose-gc --ms-user-locale=en_GB"" --time-ticks-at-unix-epoch=-1787448932044134 --launch-time-ticks=141982656 --ssd-no-pressure-read-main-dll --metrics-shmem-handle=3884,i,6022401403080812089,15326827964524997808,2097152 --field-trial-handle=2156,i,2923009085561422535,1491132749954761360,262144 --variations-seed-version --pseudonymization-salt-handle=2172,i,7423673373919026423,735060380805803806,4 --trace-process-track-uuid=3190708990997080739 --mojo-platform-channel-handle=3892 /pfhostedapp:43b5583181ef1943db6b8cf8cd049a0f290e448e /prefetch:1",False,.\artefacts\event_logs\Security.evtx,Audit success,0,"{""EventData"":{""Data"":[{""@Name"":""SubjectUserSid"",""#text"":""S-1-5-21-4209295338-567392030-2519289182-1001""},{""@Name"":""SubjectUserName"",""#text"":""dfanalyst""},{""@Name"":""SubjectDomainName"",""#text"":""disstestbedvm""},{""@Name"":""SubjectLogonId"",""#text"":""0x1C59E""},{""@Name"":""NewProcessId"",""#text"":""0x2F1C""},{""@Name"":""NewProcessName"",""#text"":""C:\\Program Files (x86)\\Microsoft\\EdgeWebView\\Application\\151.0.4129.86\\msedgewebview2.exe""},{""@Name"":""TokenElevationType"",""#text"":""%%1938""},{""@Name"":""ProcessId"",""#text"":""0x1654""},{""@Name"":""CommandLine"",""#text"":""\""C:\\Program Files (x86)\\Microsoft\\EdgeWebView\\Application\\151.0.4129.86\\msedgewebview2.exe\"" --type=renderer --noerrdialogs --user-data-dir=\""C:\\Users\\dfanalyst\\AppData\\Local\\Packages\\MicrosoftWindows.Client.WebExperience_cw5n1h2txyewy\\LocalState\\EBWebView\"" --webview-exe-name=Widgets.exe --webview-exe-version=526.17301.10.0 --embedded-browser-webview=1 --video-capture-use-gpu-memory-buffer --lang=en-US --device-scale-factor=1 --num-raster-threads=2 --enable-main-frame-before-activation --renderer-client-id=5 --js-flags=\""--expose-gc --ms-user-locale=en_GB\"" --time-ticks-at-unix-epoch=-1787448932044134 --launch-time-ticks=141982656 --ssd-no-pressure-read-main-dll --metrics-shmem-handle=3884,i,6022401403080812089,15326827964524997808,2097152 --field-trial-handle=2156,i,2923009085561422535,1491132749954761360,262144 --variations-seed-version --pseudonymization-salt-handle=2172,i,7423673373919026423,735060380805803806,4 --trace-process-track-uuid=3190708990997080739 --mojo-platform-channel-handle=3892 /pfhostedapp:43b5583181ef1943db6b8cf8cd049a0f290e448e /prefetch:1""},{""@Name"":""TargetUserSid"",""#text"":""S-1-0-0""},{""@Name"":""TargetUserName"",""#text"":""-""},{""@Name"":""TargetDomainName"",""#text"":""-""},{""@Name"":""TargetLogonId"",""#text"":""0x0""},{""@Name"":""ParentProcessName"",""#text"":""C:\\Program Files (x86)\\Microsoft\\EdgeWebView\\Application\\151.0.4129.86\\msedgewebview2.exe""},{""@Name"":""MandatoryLabel"",""#text"":""S-1-16-4096""}]}}"
35055,35055,2026-08-23 01:37:54.1489046,4688,LogAlways,Microsoft-Windows-Security-Auditing,Security,4,3844,disstestbedvm,420,,A new process has been created,disstestbedvm\dfanalyst,,Parent process: C:\Program Files (x86)\Microsoft\EdgeWebView\Application\151.0.4129.86\msedgewebview2.exe,PID: 0x1E78,Parent PID: 0x102C,Mandatory label: SECURITY_MANDATORY_LOW_RID,Target User: -\-,,"C:\Program Files (x86)\Microsoft\EdgeWebView\Application\151.0.4129.86\msedgewebview2.exe ""C:\Program Files (x86)\Microsoft\EdgeWebView\Application\151.0.4129.86\msedgewebview2.exe"" --type=gpu-process --disable-gpu-sandbox --gpu-vendor-id=5140 --gpu-device-id=140 --gpu-sub-system-id=0 --gpu-revision=0 --gpu-driver-version=10.0.26100.8521 --noerrdialogs --user-agent=""Mozilla/5.0 (Windows NT 10.0; Win64; x64; Cortana 1.18.9.23723; 10.0.0.0.26200.8655) AppleWebKit/537.36 (KHTML, like Gecko) Chrome/70.0.3538.102 Safari/537.36 Edge/18.26200 IsWebView2/True (WebView2Version 151.0.4129.59)"" --user-data-dir=""C:\Users\dfanalyst\AppData\Local\Packages\MicrosoftWindows.Client.CBS_cw5n1h2txyewy\LocalState\EBWebView"" --webview-exe-name=SearchHost.exe --webview-exe-version=2604.28014.500.0 --embedded-browser-webview=1 --gpu-preferences=WAAAAAAAAADoAAAEAAAAAAAAAAAAAGAAQAAAAAAAAAAAAAAAAAAAADgAAAAAAAAAAAAAAAAAAABCAAAAAAAAAAAAAAAAAAAAKAAAAAAAAAAoAAAAAAAAAAgAAAAAAAAADAAAAAEAAAAAAAAAAAAAAAgAAAAAAAAACAAAAAAAAAA= --use-gl=angle --use-angle=d3d11-warp-webgl --always-read-main-dll --metrics-shmem-handle=4544,i,5584604546231213249,1474133114069278642,262144 --field-trial-handle=1972,i,17637117900165305931,11379201529148083644,262144 --enable-features=msEdgeFluentOverlayScrollbar --disable-features=msSmartScreenProtection --variations-seed-version --pseudonymization-salt-handle=1976,i,2302679310929268535,3300967440980399834,4 --trace-process-track-uuid=3190708991934122588 --mojo-platform-channel-handle=3512 /prefetch:10 /pfhostedapp:7243aa69cebe475efcf78264d9604342c54c08f3",False,.\artefacts\event_logs\Security.evtx,Audit success,0,"{""EventData"":{""Data"":[{""@Name"":""SubjectUserSid"",""#text"":""S-1-5-21-4209295338-567392030-2519289182-1001""},{""@Name"":""SubjectUserName"",""#text"":""dfanalyst""},{""@Name"":""SubjectDomainName"",""#text"":""disstestbedvm""},{""@Name"":""SubjectLogonId"",""#text"":""0x1C59E""},{""@Name"":""NewProcessId"",""#text"":""0x102C""},{""@Name"":""NewProcessName"",""#text"":""C:\\Program Files (x86)\\Microsoft\\EdgeWebView\\Application\\151.0.4129.86\\msedgewebview2.exe""},{""@Name"":""TokenElevationType"",""#text"":""%%1938""},{""@Name"":""ProcessId"",""#text"":""0x1E78""},{""@Name"":""CommandLine"",""#text"":""\""C:\\Program Files (x86)\\Microsoft\\EdgeWebView\\Application\\151.0.4129.86\\msedgewebview2.exe\"" --type=gpu-process --disable-gpu-sandbox --gpu-vendor-id=5140 --gpu-device-id=140 --gpu-sub-system-id=0 --gpu-revision=0 --gpu-driver-version=10.0.26100.8521 --noerrdialogs --user-agent=\""Mozilla/5.0 (Windows NT 10.0; Win64; x64; Cortana 1.18.9.23723; 10.0.0.0.26200.8655) AppleWebKit/537.36 (KHTML, like Gecko) Chrome/70.0.3538.102 Safari/537.36 Edge/18.26200 IsWebView2/True (WebView2Version 151.0.4129.59)\"" --user-data-dir=\""C:\\Users\\dfanalyst\\AppData\\Local\\Packages\\MicrosoftWindows.Client.CBS_cw5n1h2txyewy\\LocalState\\EBWebView\"" --webview-exe-name=SearchHost.exe --webview-exe-version=2604.28014.500.0 --embedded-browser-webview=1 --gpu-preferences=WAAAAAAAAADoAAAEAAAAAAAAAAAAAGAAQAAAAAAAAAAAAAAAAAAAADgAAAAAAAAAAAAAAAAAAABCAAAAAAAAAAAAAAAAAAAAKAAAAAAAAAAoAAAAAAAAAAgAAAAAAAAADAAAAAEAAAAAAAAAAAAAAAgAAAAAAAAACAAAAAAAAAA= --use-gl=angle --use-angle=d3d11-warp-webgl --always-read-main-dll --metrics-shmem-handle=4544,i,5584604546231213249,1474133114069278642,262144 --field-trial-handle=1972,i,17637117900165305931,11379201529148083644,262144 --enable-features=msEdgeFluentOverlayScrollbar --disable-features=msSmartScreenProtection --variations-seed-version --pseudonymization-salt-handle=1976,i,2302679310929268535,3300967440980399834,4 --trace-process-track-uuid=3190708991934122588 --mojo-platform-channel-handle=3512 /prefetch:10 /pfhostedapp:7243aa69cebe475efcf78264d9604342c54c08f3""},{""@Name"":""TargetUserSid"",""#text"":""S-1-0-0""},{""@Name"":""TargetUserName"",""#text"":""-""},{""@Name"":""TargetDomainName"",""#text"":""-""},{""@Name"":""TargetLogonId"",""#text"":""0x0""},{""@Name"":""ParentProcessName"",""#text"":""C:\\Program Files (x86)\\Microsoft\\EdgeWebView\\Application\\151.0.4129.86\\msedgewebview2.exe""},{""@Name"":""MandatoryLabel"",""#text"":""S-1-16-4096""}]}}"
35056,35056,2026-08-23 01:37:54.2965505,4689,LogAlways,Microsoft-Windows-Security-Auditing,Security,4,7176,disstestbedvm,420,,A process has exited,disstestbedvm\dfanalyst,,,PID: 0x102C,,,,,C:\Program Files (x86)\Microsoft\EdgeWebView\Application\151.0.4129.86\msedgewebview2.exe,False,.\artefacts\event_logs\Security.evtx,Audit success,0,"{""EventData"":{""Data"":[{""@Name"":""SubjectUserSid"",""#text"":""S-1-5-21-4209295338-567392030-2519289182-1001""},{""@Name"":""SubjectUserName"",""#text"":""dfanalyst""},{""@Name"":""SubjectDomainName"",""#text"":""disstestbedvm""},{""@Name"":""SubjectLogonId"",""#text"":""0x1C59E""},{""@Name"":""Status"",""#text"":""0x0""},{""@Name"":""ProcessId"",""#text"":""0x102C""},{""@Name"":""ProcessName"",""#text"":""C:\\Program Files (x86)\\Microsoft\\EdgeWebView\\Application\\151.0.4129.86\\msedgewebview2.exe""}]}}"
35057,35057,2026-08-23 01:37:56.9398852,4689,LogAlways,Microsoft-Windows-Security-Auditing,Security,4,3844,disstestbedvm,420,,A process has exited,WORKGROUP\DISSTESTBEDVM$,,,PID: 0x2F6C,,,,,C:\Windows\System32\svchost.exe,False,.\artefacts\event_logs\Security.evtx,Audit success,0,"{""EventData"":{""Data"":[{""@Name"":""SubjectUserSid"",""#text"":""S-1-5-20""},{""@Name"":""SubjectUserName"",""#text"":""DISSTESTBEDVM$""},{""@Name"":""SubjectDomainName"",""#text"":""WORKGROUP""},{""@Name"":""SubjectLogonId"",""#text"":""0x3E4""},{""@Name"":""Status"",""#text"":""0x0""},{""@Name"":""ProcessId"",""#text"":""0x2F6C""},{""@Name"":""ProcessName"",""#text"":""C:\\Windows\\System32\\svchost.exe""}]}}"
35058,35058,2026-08-23 01:37:58.4484314,4689,LogAlways,Microsoft-Windows-Security-Auditing,Security,4,7176,disstestbedvm,420,,A process has exited,WORKGROUP\DISSTESTBEDVM$,,,PID: 0x1760,,,,,C:\Windows\System32\svchost.exe,False,.\artefacts\event_logs\Security.evtx,Audit success,0,"{""EventData"":{""Data"":[{""@Name"":""SubjectUserSid"",""#text"":""S-1-5-18""},{""@Name"":""SubjectUserName"",""#text"":""DISSTESTBEDVM$""},{""@Name"":""SubjectDomainName"",""#text"":""WORKGROUP""},{""@Name"":""SubjectLogonId"",""#text"":""0x3E7""},{""@Name"":""Status"",""#text"":""0x0""},{""@Name"":""ProcessId"",""#text"":""0x1760""},{""@Name"":""ProcessName"",""#text"":""C:\\Windows\\System32\\svchost.exe""}]}}"
35059,35059,2026-08-23 01:37:59.3376981,4688,LogAlways,Microsoft-Windows-Security-Auditing,Security,4,3844,disstestbedvm,421,,A new process has been created,disstestbedvm\dfanalyst,,Parent process: C:\Program Files (x86)\Microsoft\Edge\Application\msedge.exe,PID: 0x29C0,Parent PID: 0x1200,Mandatory label: SECURITY_MANDATORY_LOW_RID,Target User: -\-,,"C:\Program Files (x86)\Microsoft\Edge\Application\msedge.exe ""C:\Program Files (x86)\Microsoft\Edge\Application\msedge.exe"" --type=utility --utility-sub-type=unzip.mojom.Unzipper --lang=en-US --service-sandbox-type=service --ssd-no-pressure-read-main-dll --metrics-shmem-handle=6632,i,4897110834102771873,5633218606041507159,524288 --field-trial-handle=2476,i,17182035845370454791,15354448509732342254,262144 --variations-seed-version --pseudonymization-salt-handle=2412,i,7137466440942964473,4096696584347048169,4 --trace-process-track-uuid=3190708996619331833 --mojo-platform-channel-handle=1552 /prefetch:14",False,.\artefacts\event_logs\Security.evtx,Audit success,0,"{""EventData"":{""Data"":[{""@Name"":""SubjectUserSid"",""#text"":""S-1-5-21-4209295338-567392030-2519289182-1001""},{""@Name"":""SubjectUserName"",""#text"":""dfanalyst""},{""@Name"":""SubjectDomainName"",""#text"":""disstestbedvm""},{""@Name"":""SubjectLogonId"",""#text"":""0x1C59E""},{""@Name"":""NewProcessId"",""#text"":""0x1200""},{""@Name"":""NewProcessName"",""#text"":""C:\\Program Files (x86)\\Microsoft\\Edge\\Application\\msedge.exe""},{""@Name"":""TokenElevationType"",""#text"":""%%1938""},{""@Name"":""ProcessId"",""#text"":""0x29C0""},{""@Name"":""CommandLine"",""#text"":""\""C:\\Program Files (x86)\\Microsoft\\Edge\\Application\\msedge.exe\"" --type=utility --utility-sub-type=unzip.mojom.Unzipper --lang=en-US --service-sandbox-type=service --ssd-no-pressure-read-main-dll --metrics-shmem-handle=6632,i,4897110834102771873,5633218606041507159,524288 --field-trial-handle=2476,i,17182035845370454791,15354448509732342254,262144 --variations-seed-version --pseudonymization-salt-handle=2412,i,7137466440942964473,4096696584347048169,4 --trace-process-track-uuid=3190708996619331833 --mojo-platform-channel-handle=1552 /prefetch:14""},{""@Name"":""TargetUserSid"",""#text"":""S-1-0-0""},{""@Name"":""TargetUserName"",""#text"":""-""},{""@Name"":""TargetDomainName"",""#text"":""-""},{""@Name"":""TargetLogonId"",""#text"":""0x0""},{""@Name"":""ParentProcessName"",""#text"":""C:\\Program Files (x86)\\Microsoft\\Edge\\Application\\msedge.exe""},{""@Name"":""MandatoryLabel"",""#text"":""S-1-16-4096""}]}}"
35060,35060,2026-08-23 01:37:59.4289472,4689,LogAlways,Microsoft-Windows-Security-Auditing,Security,4,3844,disstestbedvm,421,,A process has exited,disstestbedvm\dfanalyst,,,PID: 0x1200,,,,,C:\Program Files (x86)\Microsoft\Edge\Application\msedge.exe,False,.\artefacts\event_logs\Security.evtx,Audit success,0,"{""EventData"":{""Data"":[{""@Name"":""SubjectUserSid"",""#text"":""S-1-5-21-4209295338-567392030-2519289182-1001""},{""@Name"":""SubjectUserName"",""#text"":""dfanalyst""},{""@Name"":""SubjectDomainName"",""#text"":""disstestbedvm""},{""@Name"":""SubjectLogonId"",""#text"":""0x1C59E""},{""@Name"":""Status"",""#text"":""0x0""},{""@Name"":""ProcessId"",""#text"":""0x1200""},{""@Name"":""ProcessName"",""#text"":""C:\\Program Files (x86)\\Microsoft\\Edge\\Application\\msedge.exe""}]}}"
35061,35061,2026-08-23 01:38:01.3140642,4688,LogAlways,Microsoft-Windows-Security-Auditing,Security,4,3844,disstestbedvm,421,,A new process has been created,WORKGROUP\DISSTESTBEDVM$,,Parent process: C:\Windows\System32\svchost.exe,PID: 0x130,Parent PID: 0x17FC,Mandatory label: SECURITY_MANDATORY_MEDIUM_RID,Target User: disstestbedvm\dfanalyst,,"C:\Program Files\WindowsApps\Microsoft.WindowsStore_22606.1401.13.0_x64__8wekyb3d8bbwe\StoreDesktopExtension.exe ""C:\Program Files\WindowsApps\Microsoft.WindowsStore_22606.1401.13.0_x64__8wekyb3d8bbwe\StoreDesktopExtension.exe"" -Embedding",False,.\artefacts\event_logs\Security.evtx,Audit success,0,"{""EventData"":{""Data"":[{""@Name"":""SubjectUserSid"",""#text"":""S-1-5-18""},{""@Name"":""SubjectUserName"",""#text"":""DISSTESTBEDVM$""},{""@Name"":""SubjectDomainName"",""#text"":""WORKGROUP""},{""@Name"":""SubjectLogonId"",""#text"":""0x3E7""},{""@Name"":""NewProcessId"",""#text"":""0x17FC""},{""@Name"":""NewProcessName"",""#text"":""C:\\Program Files\\WindowsApps\\Microsoft.WindowsStore_22606.1401.13.0_x64__8wekyb3d8bbwe\\StoreDesktopExtension.exe""},{""@Name"":""TokenElevationType"",""#text"":""%%1938""},{""@Name"":""ProcessId"",""#text"":""0x130""},{""@Name"":""CommandLine"",""#text"":""\""C:\\Program Files\\WindowsApps\\Microsoft.WindowsStore_22606.1401.13.0_x64__8wekyb3d8bbwe\\StoreDesktopExtension.exe\"" -Embedding""},{""@Name"":""TargetUserSid"",""#text"":""S-1-5-21-4209295338-567392030-2519289182-1001""},{""@Name"":""TargetUserName"",""#text"":""dfanalyst""},{""@Name"":""TargetDomainName"",""#text"":""disstestbedvm""},{""@Name"":""TargetLogonId"",""#text"":""0x1C59E""},{""@Name"":""ParentProcessName"",""#text"":""C:\\Windows\\System32\\svchost.exe""},{""@Name"":""MandatoryLabel"",""#text"":""S-1-16-8192""}]}}"
35062,35062,2026-08-23 01:38:01.3636850,4688,LogAlways,Microsoft-Windows-Security-Auditing,Security,4,68,disstestbedvm,421,,A new process has been created,WORKGROUP\DISSTESTBEDVM$,,Parent process: C:\Windows\System32\svchost.exe,PID: 0x130,Parent PID: 0x1194,Mandatory label: SECURITY_MANDATORY_LOW_RID,Target User: disstestbedvm\dfanalyst,,"C:\Windows\System32\backgroundTaskHost.exe ""C:\WINDOWS\system32\backgroundTaskHost.exe"" -ServerName:SettingsUXHostApp.AppXbcemfss8fnwzwnsjec8qzh0c3jnkn6x0.mca",False,.\artefacts\event_logs\Security.evtx,Audit success,0,"{""EventData"":{""Data"":[{""@Name"":""SubjectUserSid"",""#text"":""S-1-5-18""},{""@Name"":""SubjectUserName"",""#text"":""DISSTESTBEDVM$""},{""@Name"":""SubjectDomainName"",""#text"":""WORKGROUP""},{""@Name"":""SubjectLogonId"",""#text"":""0x3E7""},{""@Name"":""NewProcessId"",""#text"":""0x1194""},{""@Name"":""NewProcessName"",""#text"":""C:\\Windows\\System32\\backgroundTaskHost.exe""},{""@Name"":""TokenElevationType"",""#text"":""%%1938""},{""@Name"":""ProcessId"",""#text"":""0x130""},{""@Name"":""CommandLine"",""#text"":""\""C:\\WINDOWS\\system32\\backgroundTaskHost.exe\"" -ServerName:SettingsUXHostApp.AppXbcemfss8fnwzwnsjec8qzh0c3jnkn6x0.mca""},{""@Name"":""TargetUserSid"",""#text"":""S-1-5-21-4209295338-567392030-2519289182-1001""},{""@Name"":""TargetUserName"",""#text"":""dfanalyst""},{""@Name"":""TargetDomainName"",""#text"":""disstestbedvm""},{""@Name"":""TargetLogonId"",""#text"":""0x1C59E""},{""@Name"":""ParentProcessName"",""#text"":""C:\\Windows\\System32\\svchost.exe""},{""@Name"":""MandatoryLabel"",""#text"":""S-1-16-4096""}]}}"
35063,35063,2026-08-23 01:38:01.3721700,4688,LogAlways,Microsoft-Windows-Security-Auditing,Security,4,68,disstestbedvm,421,,A new process has been created,WORKGROUP\DISSTESTBEDVM$,,Parent process: C:\Windows\System32\svchost.exe,PID: 0x130,Parent PID: 0x2EEC,Mandatory label: SECURITY_MANDATORY_LOW_RID,Target User: disstestbedvm\dfanalyst,,"C:\Windows\System32\backgroundTaskHost.exe ""C:\WINDOWS\system32\backgroundTaskHost.exe"" -ServerName:OobeHost.AppXdcwkjpb46w3zw4hbmx5jfxajhymjka0d.mca",False,.\artefacts\event_logs\Security.evtx,Audit success,0,"{""EventData"":{""Data"":[{""@Name"":""SubjectUserSid"",""#text"":""S-1-5-18""},{""@Name"":""SubjectUserName"",""#text"":""DISSTESTBEDVM$""},{""@Name"":""SubjectDomainName"",""#text"":""WORKGROUP""},{""@Name"":""SubjectLogonId"",""#text"":""0x3E7""},{""@Name"":""NewProcessId"",""#text"":""0x2EEC""},{""@Name"":""NewProcessName"",""#text"":""C:\\Windows\\System32\\backgroundTaskHost.exe""},{""@Name"":""TokenElevationType"",""#text"":""%%1938""},{""@Name"":""ProcessId"",""#text"":""0x130""},{""@Name"":""CommandLine"",""#text"":""\""C:\\WINDOWS\\system32\\backgroundTaskHost.exe\"" -ServerName:OobeHost.AppXdcwkjpb46w3zw4hbmx5jfxajhymjka0d.mca""},{""@Name"":""TargetUserSid"",""#text"":""S-1-5-21-4209295338-567392030-2519289182-1001""},{""@Name"":""TargetUserName"",""#text"":""dfanalyst""},{""@Name"":""TargetDomainName"",""#text"":""disstestbedvm""},{""@Name"":""TargetLogonId"",""#text"":""0x1C59E""},{""@Name"":""ParentProcessName"",""#text"":""C:\\Windows\\System32\\svchost.exe""},{""@Name"":""MandatoryLabel"",""#text"":""S-1-16-4096""}]}}"
35064,35064,2026-08-23 01:38:01.3722159,4688,LogAlways,Microsoft-Windows-Security-Auditing,Security,4,68,disstestbedvm,421,,A new process has been created,WORKGROUP\DISSTESTBEDVM$,,Parent process: C:\Windows\System32\svchost.exe,PID: 0x130,Parent PID: 0x2ED0,Mandatory label: SECURITY_MANDATORY_LOW_RID,Target User: disstestbedvm\dfanalyst,,"C:\Windows\System32\backgroundTaskHost.exe ""C:\WINDOWS\system32\backgroundTaskHost.exe"" -ServerName:Global.DesktopSpotlight.AppXz2j21w56bgxkgsjhtn7zkjsepq96erz2.mca",False,.\artefacts\event_logs\Security.evtx,Audit success,0,"{""EventData"":{""Data"":[{""@Name"":""SubjectUserSid"",""#text"":""S-1-5-18""},{""@Name"":""SubjectUserName"",""#text"":""DISSTESTBEDVM$""},{""@Name"":""SubjectDomainName"",""#text"":""WORKGROUP""},{""@Name"":""SubjectLogonId"",""#text"":""0x3E7""},{""@Name"":""NewProcessId"",""#text"":""0x2ED0""},{""@Name"":""NewProcessName"",""#text"":""C:\\Windows\\System32\\backgroundTaskHost.exe""},{""@Name"":""TokenElevationType"",""#text"":""%%1938""},{""@Name"":""ProcessId"",""#text"":""0x130""},{""@Name"":""CommandLine"",""#text"":""\""C:\\WINDOWS\\system32\\backgroundTaskHost.exe\"" -ServerName:Global.DesktopSpotlight.AppXz2j21w56bgxkgsjhtn7zkjsepq96erz2.mca""},{""@Name"":""TargetUserSid"",""#text"":""S-1-5-21-4209295338-567392030-2519289182-1001""},{""@Name"":""TargetUserName"",""#text"":""dfanalyst""},{""@Name"":""TargetDomainName"",""#text"":""disstestbedvm""},{""@Name"":""TargetLogonId"",""#text"":""0x1C59E""},{""@Name"":""ParentProcessName"",""#text"":""C:\\Windows\\System32\\svchost.exe""},{""@Name"":""MandatoryLabel"",""#text"":""S-1-16-4096""}]}}"
35065,35065,2026-08-23 01:38:01.3973151,4688,LogAlways,Microsoft-Windows-Security-Auditing,Security,4,7216,disstestbedvm,421,,A new process has been created,WORKGROUP\DISSTESTBEDVM$,,Parent process: C:\Windows\System32\svchost.exe,PID: 0x130,Parent PID: 0x2438,Mandatory label: SECURITY_MANDATORY_LOW_RID,Target User: disstestbedvm\dfanalyst,,"C:\Windows\System32\backgroundTaskHost.exe ""C:\WINDOWS\system32\backgroundTaskHost.exe"" -ServerName:App.AppXpybpk6fj2fe0gb0jan49e6dncngk3pa1.mca",False,.\artefacts\event_logs\Security.evtx,Audit success,0,"{""EventData"":{""Data"":[{""@Name"":""SubjectUserSid"",""#text"":""S-1-5-18""},{""@Name"":""SubjectUserName"",""#text"":""DISSTESTBEDVM$""},{""@Name"":""SubjectDomainName"",""#text"":""WORKGROUP""},{""@Name"":""SubjectLogonId"",""#text"":""0x3E7""},{""@Name"":""NewProcessId"",""#text"":""0x2438""},{""@Name"":""NewProcessName"",""#text"":""C:\\Windows\\System32\\backgroundTaskHost.exe""},{""@Name"":""TokenElevationType"",""#text"":""%%1938""},{""@Name"":""ProcessId"",""#text"":""0x130""},{""@Name"":""CommandLine"",""#text"":""\""C:\\WINDOWS\\system32\\backgroundTaskHost.exe\"" -ServerName:App.AppXpybpk6fj2fe0gb0jan49e6dncngk3pa1.mca""},{""@Name"":""TargetUserSid"",""#text"":""S-1-5-21-4209295338-567392030-2519289182-1001""},{""@Name"":""TargetUserName"",""#text"":""dfanalyst""},{""@Name"":""TargetDomainName"",""#text"":""disstestbedvm""},{""@Name"":""TargetLogonId"",""#text"":""0x1C59E""},{""@Name"":""ParentProcessName"",""#text"":""C:\\Windows\\System32\\svchost.exe""},{""@Name"":""MandatoryLabel"",""#text"":""S-1-16-4096""}]}}"
35066,35066,2026-08-23 01:38:01.4442710,4688,LogAlways,Microsoft-Windows-Security-Auditing,Security,4,7216,disstestbedvm,421,,A new process has been created,WORKGROUP\DISSTESTBEDVM$,,Parent process: C:\Windows\System32\svchost.exe,PID: 0x130,Parent PID: 0x1604,Mandatory label: SECURITY_MANDATORY_LOW_RID,Target User: disstestbedvm\dfanalyst,,"C:\Windows\System32\backgroundTaskHost.exe ""C:\WINDOWS\system32\backgroundTaskHost.exe"" -ServerName:Global.wsw.AppXcx5gg4ftq7samr2je0nxerebxpgp1v9j.mca",False,.\artefacts\event_logs\Security.evtx,Audit success,0,"{""EventData"":{""Data"":[{""@Name"":""SubjectUserSid"",""#text"":""S-1-5-18""},{""@Name"":""SubjectUserName"",""#text"":""DISSTESTBEDVM$""},{""@Name"":""SubjectDomainName"",""#text"":""WORKGROUP""},{""@Name"":""SubjectLogonId"",""#text"":""0x3E7""},{""@Name"":""NewProcessId"",""#text"":""0x1604""},{""@Name"":""NewProcessName"",""#text"":""C:\\Windows\\System32\\backgroundTaskHost.exe""},{""@Name"":""TokenElevationType"",""#text"":""%%1938""},{""@Name"":""ProcessId"",""#text"":""0x130""},{""@Name"":""CommandLine"",""#text"":""\""C:\\WINDOWS\\system32\\backgroundTaskHost.exe\"" -ServerName:Global.wsw.AppXcx5gg4ftq7samr2je0nxerebxpgp1v9j.mca""},{""@Name"":""TargetUserSid"",""#text"":""S-1-5-21-4209295338-567392030-2519289182-1001""},{""@Name"":""TargetUserName"",""#text"":""dfanalyst""},{""@Name"":""TargetDomainName"",""#text"":""disstestbedvm""},{""@Name"":""TargetLogonId"",""#text"":""0x1C59E""},{""@Name"":""ParentProcessName"",""#text"":""C:\\Windows\\System32\\svchost.exe""},{""@Name"":""MandatoryLabel"",""#text"":""S-1-16-4096""}]}}"
35067,35067,2026-08-23 01:38:01.4550851,4688,LogAlways,Microsoft-Windows-Security-Auditing,Security,4,7216,disstestbedvm,421,,A new process has been created,WORKGROUP\DISSTESTBEDVM$,,Parent process: C:\Windows\System32\svchost.exe,PID: 0x130,Parent PID: 0x2E74,Mandatory label: SECURITY_MANDATORY_LOW_RID,Target User: disstestbedvm\dfanalyst,,"C:\Windows\System32\backgroundTaskHost.exe ""C:\WINDOWS\system32\backgroundTaskHost.exe"" -ServerName:Global.IrisService.AppXwt29n3t7x7q6fgyrrbbqxwzkqjfjaw4y.mca",False,.\artefacts\event_logs\Security.evtx,Audit success,0,"{""EventData"":{""Data"":[{""@Name"":""SubjectUserSid"",""#text"":""S-1-5-18""},{""@Name"":""SubjectUserName"",""#text"":""DISSTESTBEDVM$""},{""@Name"":""SubjectDomainName"",""#text"":""WORKGROUP""},{""@Name"":""SubjectLogonId"",""#text"":""0x3E7""},{""@Name"":""NewProcessId"",""#text"":""0x2E74""},{""@Name"":""NewProcessName"",""#text"":""C:\\Windows\\System32\\backgroundTaskHost.exe""},{""@Name"":""TokenElevationType"",""#text"":""%%1938""},{""@Name"":""ProcessId"",""#text"":""0x130""},{""@Name"":""CommandLine"",""#text"":""\""C:\\WINDOWS\\system32\\backgroundTaskHost.exe\"" -ServerName:Global.IrisService.AppXwt29n3t7x7q6fgyrrbbqxwzkqjfjaw4y.mca""},{""@Name"":""TargetUserSid"",""#text"":""S-1-5-21-4209295338-567392030-2519289182-1001""},{""@Name"":""TargetUserName"",""#text"":""dfanalyst""},{""@Name"":""TargetDomainName"",""#text"":""disstestbedvm""},{""@Name"":""TargetLogonId"",""#text"":""0x1C59E""},{""@Name"":""ParentProcessName"",""#text"":""C:\\Windows\\System32\\svchost.exe""},{""@Name"":""MandatoryLabel"",""#text"":""S-1-16-4096""}]}}"
35068,35068,2026-08-23 01:38:01.4605159,4688,LogAlways,Microsoft-Windows-Security-Auditing,Security,4,7200,disstestbedvm,421,,A new process has been created,WORKGROUP\DISSTESTBEDVM$,,Parent process: C:\Windows\System32\svchost.exe,PID: 0x130,Parent PID: 0xDB0,Mandatory label: SECURITY_MANDATORY_LOW_RID,Target User: disstestbedvm\dfanalyst,,"C:\Windows\System32\backgroundTaskHost.exe ""C:\WINDOWS\system32\backgroundTaskHost.exe"" -ServerName:WebExperienceHost.AppXt2rk6m02ana976jna04hdq35jfnzy7f7.mca",False,.\artefacts\event_logs\Security.evtx,Audit success,0,"{""EventData"":{""Data"":[{""@Name"":""SubjectUserSid"",""#text"":""S-1-5-18""},{""@Name"":""SubjectUserName"",""#text"":""DISSTESTBEDVM$""},{""@Name"":""SubjectDomainName"",""#text"":""WORKGROUP""},{""@Name"":""SubjectLogonId"",""#text"":""0x3E7""},{""@Name"":""NewProcessId"",""#text"":""0xDB0""},{""@Name"":""NewProcessName"",""#text"":""C:\\Windows\\System32\\backgroundTaskHost.exe""},{""@Name"":""TokenElevationType"",""#text"":""%%1938""},{""@Name"":""ProcessId"",""#text"":""0x130""},{""@Name"":""CommandLine"",""#text"":""\""C:\\WINDOWS\\system32\\backgroundTaskHost.exe\"" -ServerName:WebExperienceHost.AppXt2rk6m02ana976jna04hdq35jfnzy7f7.mca""},{""@Name"":""TargetUserSid"",""#text"":""S-1-5-21-4209295338-567392030-2519289182-1001""},{""@Name"":""TargetUserName"",""#text"":""dfanalyst""},{""@Name"":""TargetDomainName"",""#text"":""disstestbedvm""},{""@Name"":""TargetLogonId"",""#text"":""0x1C59E""},{""@Name"":""ParentProcessName"",""#text"":""C:\\Windows\\System32\\svchost.exe""},{""@Name"":""MandatoryLabel"",""#text"":""S-1-16-4096""}]}}"
35069,35069,2026-08-23 01:38:01.6386683,4688,LogAlways,Microsoft-Windows-Security-Auditing,Security,4,7200,disstestbedvm,421,,A new process has been created,WORKGROUP\DISSTESTBEDVM$,,Parent process: C:\Windows\System32\svchost.exe,PID: 0x130,Parent PID: 0x29F8,Mandatory label: SECURITY_MANDATORY_MEDIUM_RID,Target User: disstestbedvm\dfanalyst,,C:\Windows\System32\RuntimeBroker.exe C:\Windows\System32\RuntimeBroker.exe -Embedding,False,.\artefacts\event_logs\Security.evtx,Audit success,0,"{""EventData"":{""Data"":[{""@Name"":""SubjectUserSid"",""#text"":""S-1-5-18""},{""@Name"":""SubjectUserName"",""#text"":""DISSTESTBEDVM$""},{""@Name"":""SubjectDomainName"",""#text"":""WORKGROUP""},{""@Name"":""SubjectLogonId"",""#text"":""0x3E7""},{""@Name"":""NewProcessId"",""#text"":""0x29F8""},{""@Name"":""NewProcessName"",""#text"":""C:\\Windows\\System32\\RuntimeBroker.exe""},{""@Name"":""TokenElevationType"",""#text"":""%%1938""},{""@Name"":""ProcessId"",""#text"":""0x130""},{""@Name"":""CommandLine"",""#text"":""C:\\Windows\\System32\\RuntimeBroker.exe -Embedding""},{""@Name"":""TargetUserSid"",""#text"":""S-1-5-21-4209295338-567392030-2519289182-1001""},{""@Name"":""TargetUserName"",""#text"":""dfanalyst""},{""@Name"":""TargetDomainName"",""#text"":""disstestbedvm""},{""@Name"":""TargetLogonId"",""#text"":""0x1C59E""},{""@Name"":""ParentProcessName"",""#text"":""C:\\Windows\\System32\\svchost.exe""},{""@Name"":""MandatoryLabel"",""#text"":""S-1-16-8192""}]}}"
35070,35070,2026-08-23 01:38:01.6478695,4688,LogAlways,Microsoft-Windows-Security-Auditing,Security,4,3844,disstestbedvm,421,,A new process has been created,WORKGROUP\DISSTESTBEDVM$,,Parent process: C:\Windows\System32\svchost.exe,PID: 0x130,Parent PID: 0xF24,Mandatory label: SECURITY_MANDATORY_LOW_RID,Target User: disstestbedvm\dfanalyst,,"C:\Windows\System32\backgroundTaskHost.exe ""C:\WINDOWS\system32\backgroundTaskHost.exe"" -ServerName:Global.RulesEngine.AppXgphnekvm0vv49drvfehh4b6kyf6ckafp.mca",False,.\artefacts\event_logs\Security.evtx,Audit success,0,"{""EventData"":{""Data"":[{""@Name"":""SubjectUserSid"",""#text"":""S-1-5-18""},{""@Name"":""SubjectUserName"",""#text"":""DISSTESTBEDVM$""},{""@Name"":""SubjectDomainName"",""#text"":""WORKGROUP""},{""@Name"":""SubjectLogonId"",""#text"":""0x3E7""},{""@Name"":""NewProcessId"",""#text"":""0xF24""},{""@Name"":""NewProcessName"",""#text"":""C:\\Windows\\System32\\backgroundTaskHost.exe""},{""@Name"":""TokenElevationType"",""#text"":""%%1938""},{""@Name"":""ProcessId"",""#text"":""0x130""},{""@Name"":""CommandLine"",""#text"":""\""C:\\WINDOWS\\system32\\backgroundTaskHost.exe\"" -ServerName:Global.RulesEngine.AppXgphnekvm0vv49drvfehh4b6kyf6ckafp.mca""},{""@Name"":""TargetUserSid"",""#text"":""S-1-5-21-4209295338-567392030-2519289182-1001""},{""@Name"":""TargetUserName"",""#text"":""dfanalyst""},{""@Name"":""TargetDomainName"",""#text"":""disstestbedvm""},{""@Name"":""TargetLogonId"",""#text"":""0x1C59E""},{""@Name"":""ParentProcessName"",""#text"":""C:\\Windows\\System32\\svchost.exe""},{""@Name"":""MandatoryLabel"",""#text"":""S-1-16-4096""}]}}"
35071,35071,2026-08-23 01:38:01.7224740,4688,LogAlways,Microsoft-Windows-Security-Auditing,Security,4,3844,disstestbedvm,421,,A new process has been created,WORKGROUP\DISSTESTBEDVM$,,Parent process: C:\Windows\System32\svchost.exe,PID: 0x130,Parent PID: 0x55C,Mandatory label: SECURITY_MANDATORY_MEDIUM_RID,Target User: disstestbedvm\dfanalyst,,"C:\Windows\System32\backgroundTaskHost.exe ""C:\WINDOWS\system32\backgroundTaskHost.exe"" -ServerName:WindowsBackup.AppXnn6fnh4raxtmg45ba8k2f4ykb7n0k3y4.mca",False,.\artefacts\event_logs\Security.evtx,Audit success,0,"{""EventData"":{""Data"":[{""@Name"":""SubjectUserSid"",""#text"":""S-1-5-18""},{""@Name"":""SubjectUserName"",""#text"":""DISSTESTBEDVM$""},{""@Name"":""SubjectDomainName"",""#text"":""WORKGROUP""},{""@Name"":""SubjectLogonId"",""#text"":""0x3E7""},{""@Name"":""NewProcessId"",""#text"":""0x55C""},{""@Name"":""NewProcessName"",""#text"":""C:\\Windows\\System32\\backgroundTaskHost.exe""},{""@Name"":""TokenElevationType"",""#text"":""%%1938""},{""@Name"":""ProcessId"",""#text"":""0x130""},{""@Name"":""CommandLine"",""#text"":""\""C:\\WINDOWS\\system32\\backgroundTaskHost.exe\"" -ServerName:WindowsBackup.AppXnn6fnh4raxtmg45ba8k2f4ykb7n0k3y4.mca""},{""@Name"":""TargetUserSid"",""#text"":""S-1-5-21-4209295338-567392030-2519289182-1001""},{""@Name"":""TargetUserName"",""#text"":""dfanalyst""},{""@Name"":""TargetDomainName"",""#text"":""disstestbedvm""},{""@Name"":""TargetLogonId"",""#text"":""0x1C59E""},{""@Name"":""ParentProcessName"",""#text"":""C:\\Windows\\System32\\svchost.exe""},{""@Name"":""MandatoryLabel"",""#text"":""S-1-16-8192""}]}}"
35072,35072,2026-08-23 01:38:01.8215996,4688,LogAlways,Microsoft-Windows-Security-Auditing,Security,4,3844,disstestbedvm,421,,A new process has been created,WORKGROUP\DISSTESTBEDVM$,,Parent process: C:\Windows\System32\svchost.exe,PID: 0x130,Parent PID: 0xFCC,Mandatory label: SECURITY_MANDATORY_LOW_RID,Target User: disstestbedvm\dfanalyst,,"C:\Windows\System32\backgroundTaskHost.exe ""C:\WINDOWS\system32\backgroundTaskHost.exe"" -ServerName:App.AppXmtcan0h2tfbfy7k9kn8hbxb6dmzz1zh0.mca",False,.\artefacts\event_logs\Security.evtx,Audit success,0,"{""EventData"":{""Data"":[{""@Name"":""SubjectUserSid"",""#text"":""S-1-5-18""},{""@Name"":""SubjectUserName"",""#text"":""DISSTESTBEDVM$""},{""@Name"":""SubjectDomainName"",""#text"":""WORKGROUP""},{""@Name"":""SubjectLogonId"",""#text"":""0x3E7""},{""@Name"":""NewProcessId"",""#text"":""0xFCC""},{""@Name"":""NewProcessName"",""#text"":""C:\\Windows\\System32\\backgroundTaskHost.exe""},{""@Name"":""TokenElevationType"",""#text"":""%%1938""},{""@Name"":""ProcessId"",""#text"":""0x130""},{""@Name"":""CommandLine"",""#text"":""\""C:\\WINDOWS\\system32\\backgroundTaskHost.exe\"" -ServerName:App.AppXmtcan0h2tfbfy7k9kn8hbxb6dmzz1zh0.mca""},{""@Name"":""TargetUserSid"",""#text"":""S-1-5-21-4209295338-567392030-2519289182-1001""},{""@Name"":""TargetUserName"",""#text"":""dfanalyst""},{""@Name"":""TargetDomainName"",""#text"":""disstestbedvm""},{""@Name"":""TargetLogonId"",""#text"":""0x1C59E""},{""@Name"":""ParentProcessName"",""#text"":""C:\\Windows\\System32\\svchost.exe""},{""@Name"":""MandatoryLabel"",""#text"":""S-1-16-4096""}]}}"
35073,35073,2026-08-23 01:38:01.9617740,4688,LogAlways,Microsoft-Windows-Security-Auditing,Security,4,3844,disstestbedvm,421,,A new process has been created,WORKGROUP\DISSTESTBEDVM$,,Parent process: C:\Windows\System32\svchost.exe,PID: 0x130,Parent PID: 0x2EC0,Mandatory label: SECURITY_MANDATORY_MEDIUM_RID,Target User: disstestbedvm\dfanalyst,,C:\Windows\System32\RuntimeBroker.exe C:\Windows\System32\RuntimeBroker.exe -Embedding,False,.\artefacts\event_logs\Security.evtx,Audit success,0,"{""EventData"":{""Data"":[{""@Name"":""SubjectUserSid"",""#text"":""S-1-5-18""},{""@Name"":""SubjectUserName"",""#text"":""DISSTESTBEDVM$""},{""@Name"":""SubjectDomainName"",""#text"":""WORKGROUP""},{""@Name"":""SubjectLogonId"",""#text"":""0x3E7""},{""@Name"":""NewProcessId"",""#text"":""0x2EC0""},{""@Name"":""NewProcessName"",""#text"":""C:\\Windows\\System32\\RuntimeBroker.exe""},{""@Name"":""TokenElevationType"",""#text"":""%%1938""},{""@Name"":""ProcessId"",""#text"":""0x130""},{""@Name"":""CommandLine"",""#text"":""C:\\Windows\\System32\\RuntimeBroker.exe -Embedding""},{""@Name"":""TargetUserSid"",""#text"":""S-1-5-21-4209295338-567392030-2519289182-1001""},{""@Name"":""TargetUserName"",""#text"":""dfanalyst""},{""@Name"":""TargetDomainName"",""#text"":""disstestbedvm""},{""@Name"":""TargetLogonId"",""#text"":""0x1C59E""},{""@Name"":""ParentProcessName"",""#text"":""C:\\Windows\\System32\\svchost.exe""},{""@Name"":""MandatoryLabel"",""#text"":""S-1-16-8192""}]}}"
35074,35074,2026-08-23 01:38:02.0936965,4689,LogAlways,Microsoft-Windows-Security-Auditing,Security,4,7200,disstestbedvm,421,,A process has exited,disstestbedvm\dfanalyst,,,PID: 0xFCC,,,,,C:\Windows\System32\backgroundTaskHost.exe,False,.\artefacts\event_logs\Security.evtx,Audit success,0,"{""EventData"":{""Data"":[{""@Name"":""SubjectUserSid"",""#text"":""S-1-5-21-4209295338-567392030-2519289182-1001""},{""@Name"":""SubjectUserName"",""#text"":""dfanalyst""},{""@Name"":""SubjectDomainName"",""#text"":""disstestbedvm""},{""@Name"":""SubjectLogonId"",""#text"":""0x1C59E""},{""@Name"":""Status"",""#text"":""0x1""},{""@Name"":""ProcessId"",""#text"":""0xFCC""},{""@Name"":""ProcessName"",""#text"":""C:\\Windows\\System32\\backgroundTaskHost.exe""}]}}"
35075,35075,2026-08-23 01:38:02.2599410,4688,LogAlways,Microsoft-Windows-Security-Auditing,Security,4,7200,disstestbedvm,421,,A new process has been created,WORKGROUP\DISSTESTBEDVM$,,Parent process: C:\Windows\System32\svchost.exe,PID: 0x130,Parent PID: 0x1758,Mandatory label: SECURITY_MANDATORY_MEDIUM_RID,Target User: disstestbedvm\dfanalyst,,C:\Windows\System32\oobe\UserOOBEBroker.exe C:\Windows\System32\oobe\UserOOBEBroker.exe -Embedding,False,.\artefacts\event_logs\Security.evtx,Audit success,0,"{""EventData"":{""Data"":[{""@Name"":""SubjectUserSid"",""#text"":""S-1-5-18""},{""@Name"":""SubjectUserName"",""#text"":""DISSTESTBEDVM$""},{""@Name"":""SubjectDomainName"",""#text"":""WORKGROUP""},{""@Name"":""SubjectLogonId"",""#text"":""0x3E7""},{""@Name"":""NewProcessId"",""#text"":""0x1758""},{""@Name"":""NewProcessName"",""#text"":""C:\\Windows\\System32\\oobe\\UserOOBEBroker.exe""},{""@Name"":""TokenElevationType"",""#text"":""%%1938""},{""@Name"":""ProcessId"",""#text"":""0x130""},{""@Name"":""CommandLine"",""#text"":""C:\\Windows\\System32\\oobe\\UserOOBEBroker.exe -Embedding""},{""@Name"":""TargetUserSid"",""#text"":""S-1-5-21-4209295338-567392030-2519289182-1001""},{""@Name"":""TargetUserName"",""#text"":""dfanalyst""},{""@Name"":""TargetDomainName"",""#text"":""disstestbedvm""},{""@Name"":""TargetLogonId"",""#text"":""0x1C59E""},{""@Name"":""ParentProcessName"",""#text"":""C:\\Windows\\System32\\svchost.exe""},{""@Name"":""MandatoryLabel"",""#text"":""S-1-16-8192""}]}}"
35076,35076,2026-08-23 01:38:02.3211772,4688,LogAlways,Microsoft-Windows-Security-Auditing,Security,4,2660,disstestbedvm,421,,A new process has been created,WORKGROUP\DISSTESTBEDVM$,,Parent process: C:\Windows\System32\svchost.exe,PID: 0x130,Parent PID: 0x1954,Mandatory label: SECURITY_MANDATORY_MEDIUM_RID,Target User: disstestbedvm\dfanalyst,,C:\Windows\System32\RuntimeBroker.exe C:\Windows\System32\RuntimeBroker.exe -Embedding,False,.\artefacts\event_logs\Security.evtx,Audit success,0,"{""EventData"":{""Data"":[{""@Name"":""SubjectUserSid"",""#text"":""S-1-5-18""},{""@Name"":""SubjectUserName"",""#text"":""DISSTESTBEDVM$""},{""@Name"":""SubjectDomainName"",""#text"":""WORKGROUP""},{""@Name"":""SubjectLogonId"",""#text"":""0x3E7""},{""@Name"":""NewProcessId"",""#text"":""0x1954""},{""@Name"":""NewProcessName"",""#text"":""C:\\Windows\\System32\\RuntimeBroker.exe""},{""@Name"":""TokenElevationType"",""#text"":""%%1938""},{""@Name"":""ProcessId"",""#text"":""0x130""},{""@Name"":""CommandLine"",""#text"":""C:\\Windows\\System32\\RuntimeBroker.exe -Embedding""},{""@Name"":""TargetUserSid"",""#text"":""S-1-5-21-4209295338-567392030-2519289182-1001""},{""@Name"":""TargetUserName"",""#text"":""dfanalyst""},{""@Name"":""TargetDomainName"",""#text"":""disstestbedvm""},{""@Name"":""TargetLogonId"",""#text"":""0x1C59E""},{""@Name"":""ParentProcessName"",""#text"":""C:\\Windows\\System32\\svchost.exe""},{""@Name"":""MandatoryLabel"",""#text"":""S-1-16-8192""}]}}"
35077,35077,2026-08-23 01:38:02.3267899,4688,LogAlways,Microsoft-Windows-Security-Auditing,Security,4,7176,disstestbedvm,421,,A new process has been created,WORKGROUP\DISSTESTBEDVM$,,Parent process: C:\Windows\System32\svchost.exe,PID: 0x130,Parent PID: 0x2E40,Mandatory label: SECURITY_MANDATORY_MEDIUM_RID,Target User: disstestbedvm\dfanalyst,,"C:\Users\dfanalyst\AppData\Local\Microsoft\OneDrive\26.145.0728.0011\FileCoAuth.exe ""C:\Users\dfanalyst\AppData\Local\Microsoft\OneDrive\26.145.0728.0011\FileCoAuth.exe"" -Embedding",False,.\artefacts\event_logs\Security.evtx,Audit success,0,"{""EventData"":{""Data"":[{""@Name"":""SubjectUserSid"",""#text"":""S-1-5-18""},{""@Name"":""SubjectUserName"",""#text"":""DISSTESTBEDVM$""},{""@Name"":""SubjectDomainName"",""#text"":""WORKGROUP""},{""@Name"":""SubjectLogonId"",""#text"":""0x3E7""},{""@Name"":""NewProcessId"",""#text"":""0x2E40""},{""@Name"":""NewProcessName"",""#text"":""C:\\Users\\dfanalyst\\AppData\\Local\\Microsoft\\OneDrive\\26.145.0728.0011\\FileCoAuth.exe""},{""@Name"":""TokenElevationType"",""#text"":""%%1938""},{""@Name"":""ProcessId"",""#text"":""0x130""},{""@Name"":""CommandLine"",""#text"":""\""C:\\Users\\dfanalyst\\AppData\\Local\\Microsoft\\OneDrive\\26.145.0728.0011\\FileCoAuth.exe\"" -Embedding""},{""@Name"":""TargetUserSid"",""#text"":""S-1-5-21-4209295338-567392030-2519289182-1001""},{""@Name"":""TargetUserName"",""#text"":""dfanalyst""},{""@Name"":""TargetDomainName"",""#text"":""disstestbedvm""},{""@Name"":""TargetLogonId"",""#text"":""0x1C59E""},{""@Name"":""ParentProcessName"",""#text"":""C:\\Windows\\System32\\svchost.exe""},{""@Name"":""MandatoryLabel"",""#text"":""S-1-16-8192""}]}}"
35078,35078,2026-08-23 01:38:02.9700596,5382,LogAlways,Microsoft-Windows-Security-Auditing,Security,884,976,disstestbedvm,421,,,,,,,,,,,,False,.\artefacts\event_logs\Security.evtx,Audit success,0,"{""EventData"":{""Data"":[{""@Name"":""SubjectUserSid"",""#text"":""S-1-5-21-4209295338-567392030-2519289182-1001""},{""@Name"":""SubjectUserName"",""#text"":""dfanalyst""},{""@Name"":""SubjectDomainName"",""#text"":""disstestbedvm""},{""@Name"":""SubjectLogonId"",""#text"":""0x1C59E""},{""@Name"":""SchemaFriendlyName"",""#text"":""Windows Web Password Credential""},{""@Name"":""Schema"",""#text"":""3ccd5499-87a8-4b10-a215-608888dd3b55""},{""@Name"":""Resource"",""#text"":""SnapshotEncryptionKey""},{""@Name"":""Identity"",""#text"":""MicrosoftStore-Installs""},{""@Name"":""PackageSid""},{""@Name"":""Flags"",""#text"":""0""},{""@Name"":""ReturnCode"",""#text"":""0""},{""@Name"":""ProcessCreationTime"",""#text"":""2026-08-23 01:38:01.3972752""},{""@Name"":""ClientProcessId"",""#text"":""9272""}]}}"
35079,35079,2026-08-23 01:38:02.9735275,5382,LogAlways,Microsoft-Windows-Security-Auditing,Security,884,976,disstestbedvm,421,,,,,,,,,,,,False,.\artefacts\event_logs\Security.evtx,Audit success,0,"{""EventData"":{""Data"":[{""@Name"":""SubjectUserSid"",""#text"":""S-1-5-21-4209295338-567392030-2519289182-1001""},{""@Name"":""SubjectUserName"",""#text"":""dfanalyst""},{""@Name"":""SubjectDomainName"",""#text"":""disstestbedvm""},{""@Name"":""SubjectLogonId"",""#text"":""0x1C59E""},{""@Name"":""SchemaFriendlyName"",""#text"":""Windows Web Password Credential""},{""@Name"":""Schema"",""#text"":""3ccd5499-87a8-4b10-a215-608888dd3b55""},{""@Name"":""Resource"",""#text"":""SnapshotEncryptionIV""},{""@Name"":""Identity"",""#text"":""MicrosoftStore-Installs""},{""@Name"":""PackageSid""},{""@Name"":""Flags"",""#text"":""0""},{""@Name"":""ReturnCode"",""#text"":""0""},{""@Name"":""ProcessCreationTime"",""#text"":""2026-08-23 01:38:01.3972752""},{""@Name"":""ClientProcessId"",""#text"":""9272""}]}}"
35080,35080,2026-08-23 01:38:03.1332675,4688,LogAlways,Microsoft-Windows-Security-Auditing,Security,4,3836,disstestbedvm,421,,A new process has been created,WORKGROUP\DISSTESTBEDVM$,,Parent process: C:\Windows\System32\svchost.exe,PID: 0x130,Parent PID: 0x64C,Mandatory label: SECURITY_MANDATORY_MEDIUM_RID,Target User: disstestbedvm\dfanalyst,,"C:\Program Files\WindowsApps\Microsoft.DesktopAppInstaller_1.29.279.0_x64__8wekyb3d8bbwe\WindowsPackageManagerServer.exe ""C:\Program Files\WindowsApps\Microsoft.DesktopAppInstaller_1.29.279.0_x64__8wekyb3d8bbwe\WindowsPackageManagerServer.exe"" -Embedding",False,.\artefacts\event_logs\Security.evtx,Audit success,0,"{""EventData"":{""Data"":[{""@Name"":""SubjectUserSid"",""#text"":""S-1-5-18""},{""@Name"":""SubjectUserName"",""#text"":""DISSTESTBEDVM$""},{""@Name"":""SubjectDomainName"",""#text"":""WORKGROUP""},{""@Name"":""SubjectLogonId"",""#text"":""0x3E7""},{""@Name"":""NewProcessId"",""#text"":""0x64C""},{""@Name"":""NewProcessName"",""#text"":""C:\\Program Files\\WindowsApps\\Microsoft.DesktopAppInstaller_1.29.279.0_x64__8wekyb3d8bbwe\\WindowsPackageManagerServer.exe""},{""@Name"":""TokenElevationType"",""#text"":""%%1938""},{""@Name"":""ProcessId"",""#text"":""0x130""},{""@Name"":""CommandLine"",""#text"":""\""C:\\Program Files\\WindowsApps\\Microsoft.DesktopAppInstaller_1.29.279.0_x64__8wekyb3d8bbwe\\WindowsPackageManagerServer.exe\"" -Embedding""},{""@Name"":""TargetUserSid"",""#text"":""S-1-5-21-4209295338-567392030-2519289182-1001""},{""@Name"":""TargetUserName"",""#text"":""dfanalyst""},{""@Name"":""TargetDomainName"",""#text"":""disstestbedvm""},{""@Name"":""TargetLogonId"",""#text"":""0x1C59E""},{""@Name"":""ParentProcessName"",""#text"":""C:\\Windows\\System32\\svchost.exe""},{""@Name"":""MandatoryLabel"",""#text"":""S-1-16-8192""}]}}"
35081,35081,2026-08-23 01:38:03.3734838,4689,LogAlways,Microsoft-Windows-Security-Auditing,Security,4,3836,disstestbedvm,421,,A process has exited,WORKGROUP\DISSTESTBEDVM$,,,PID: 0x1174,,,,,C:\Windows\WinSxS\amd64_microsoft-windows-servicingstack_31bf3856ad364e35_10.0.26100.8648_none_a50ef8e3775e8e5e\TiWorker.exe,False,.\artefacts\event_logs\Security.evtx,Audit success,0,"{""EventData"":{""Data"":[{""@Name"":""SubjectUserSid"",""#text"":""S-1-5-18""},{""@Name"":""SubjectUserName"",""#text"":""DISSTESTBEDVM$""},{""@Name"":""SubjectDomainName"",""#text"":""WORKGROUP""},{""@Name"":""SubjectLogonId"",""#text"":""0x3E7""},{""@Name"":""Status"",""#text"":""0x0""},{""@Name"":""ProcessId"",""#text"":""0x1174""},{""@Name"":""ProcessName"",""#text"":""C:\\Windows\\WinSxS\\amd64_microsoft-windows-servicingstack_31bf3856ad364e35_10.0.26100.8648_none_a50ef8e3775e8e5e\\TiWorker.exe""}]}}"
35082,35082,2026-08-23 01:38:03.3780945,4689,LogAlways,Microsoft-Windows-Security-Auditing,Security,4,3836,disstestbedvm,421,,A process has exited,WORKGROUP\DISSTESTBEDVM$,,,PID: 0x18F8,,,,,C:\Windows\servicing\TrustedInstaller.exe,False,.\artefacts\event_logs\Security.evtx,Audit success,0,"{""EventData"":{""Data"":[{""@Name"":""SubjectUserSid"",""#text"":""S-1-5-18""},{""@Name"":""SubjectUserName"",""#text"":""DISSTESTBEDVM$""},{""@Name"":""SubjectDomainName"",""#text"":""WORKGROUP""},{""@Name"":""SubjectLogonId"",""#text"":""0x3E7""},{""@Name"":""Status"",""#text"":""0x0""},{""@Name"":""ProcessId"",""#text"":""0x18F8""},{""@Name"":""ProcessName"",""#text"":""C:\\Windows\\servicing\\TrustedInstaller.exe""}]}}"
35083,35083,2026-08-23 01:38:04.3196734,5382,LogAlways,Microsoft-Windows-Security-Auditing,Security,884,976,disstestbedvm,421,,,,,,,,,,,,False,.\artefacts\event_logs\Security.evtx,Audit success,0,"{""EventData"":{""Data"":[{""@Name"":""SubjectUserSid"",""#text"":""S-1-5-21-4209295338-567392030-2519289182-1001""},{""@Name"":""SubjectUserName"",""#text"":""dfanalyst""},{""@Name"":""SubjectDomainName"",""#text"":""disstestbedvm""},{""@Name"":""SubjectLogonId"",""#text"":""0x1C59E""},{""@Name"":""SchemaFriendlyName"",""#text"":""Windows Web Password Credential""},{""@Name"":""Schema"",""#text"":""3ccd5499-87a8-4b10-a215-608888dd3b55""},{""@Name"":""Resource"",""#text"":""SnapshotEncryptionKey""},{""@Name"":""Identity"",""#text"":""MicrosoftStore-Installs""},{""@Name"":""PackageSid""},{""@Name"":""Flags"",""#text"":""0""},{""@Name"":""ReturnCode"",""#text"":""0""},{""@Name"":""ProcessCreationTime"",""#text"":""2026-08-23 01:38:01.3972752""},{""@Name"":""ClientProcessId"",""#text"":""9272""}]}}"
35084,35084,2026-08-23 01:38:04.3208963,5382,LogAlways,Microsoft-Windows-Security-Auditing,Security,884,976,disstestbedvm,421,,,,,,,,,,,,False,.\artefacts\event_logs\Security.evtx,Audit success,0,"{""EventData"":{""Data"":[{""@Name"":""SubjectUserSid"",""#text"":""S-1-5-21-4209295338-567392030-2519289182-1001""},{""@Name"":""SubjectUserName"",""#text"":""dfanalyst""},{""@Name"":""SubjectDomainName"",""#text"":""disstestbedvm""},{""@Name"":""SubjectLogonId"",""#text"":""0x1C59E""},{""@Name"":""SchemaFriendlyName"",""#text"":""Windows Web Password Credential""},{""@Name"":""Schema"",""#text"":""3ccd5499-87a8-4b10-a215-608888dd3b55""},{""@Name"":""Resource"",""#text"":""SnapshotEncryptionIV""},{""@Name"":""Identity"",""#text"":""MicrosoftStore-Installs""},{""@Name"":""PackageSid""},{""@Name"":""Flags"",""#text"":""0""},{""@Name"":""ReturnCode"",""#text"":""0""},{""@Name"":""ProcessCreationTime"",""#text"":""2026-08-23 01:38:01.3972752""},{""@Name"":""ClientProcessId"",""#text"":""9272""}]}}"
35085,35085,2026-08-23 01:38:08.4744307,4689,LogAlways,Microsoft-Windows-Security-Auditing,Security,4,68,disstestbedvm,421,,A process has exited,disstestbedvm\dfanalyst,,,PID: 0x2E40,,,,,C:\Users\dfanalyst\AppData\Local\Microsoft\OneDrive\26.145.0728.0011\FileCoAuth.exe,False,.\artefacts\event_logs\Security.evtx,Audit success,0,"{""EventData"":{""Data"":[{""@Name"":""SubjectUserSid"",""#text"":""S-1-5-21-4209295338-567392030-2519289182-1001""},{""@Name"":""SubjectUserName"",""#text"":""dfanalyst""},{""@Name"":""SubjectDomainName"",""#text"":""disstestbedvm""},{""@Name"":""SubjectLogonId"",""#text"":""0x1C59E""},{""@Name"":""Status"",""#text"":""0x0""},{""@Name"":""ProcessId"",""#text"":""0x2E40""},{""@Name"":""ProcessName"",""#text"":""C:\\Users\\dfanalyst\\AppData\\Local\\Microsoft\\OneDrive\\26.145.0728.0011\\FileCoAuth.exe""}]}}"
35086,35086,2026-08-23 01:38:10.1972188,4689,LogAlways,Microsoft-Windows-Security-Auditing,Security,4,7216,disstestbedvm,421,,A process has exited,WORKGROUP\DISSTESTBEDVM$,,,PID: 0x27B8,,,,,C:\Windows\System32\wbem\WmiApSrv.exe,False,.\artefacts\event_logs\Security.evtx,Audit success,0,"{""EventData"":{""Data"":[{""@Name"":""SubjectUserSid"",""#text"":""S-1-5-18""},{""@Name"":""SubjectUserName"",""#text"":""DISSTESTBEDVM$""},{""@Name"":""SubjectDomainName"",""#text"":""WORKGROUP""},{""@Name"":""SubjectLogonId"",""#text"":""0x3E7""},{""@Name"":""Status"",""#text"":""0x0""},{""@Name"":""ProcessId"",""#text"":""0x27B8""},{""@Name"":""ProcessName"",""#text"":""C:\\Windows\\System32\\wbem\\WmiApSrv.exe""}]}}"
35087,35087,2026-08-23 01:38:10.3480793,4624,LogAlways,Microsoft-Windows-Security-Auditing,Security,884,1016,disstestbedvm,421,,Successful logon,WORKGROUP\DISSTESTBEDVM$,- (-),Target: NT AUTHORITY\SYSTEM,LogonType 5,LogonId: 0x3E7,,,,C:\Windows\System32\services.exe,False,.\artefacts\event_logs\Security.evtx,Audit success,0,"{""EventData"":{""Data"":[{""@Name"":""SubjectUserSid"",""#text"":""S-1-5-18""},{""@Name"":""SubjectUserName"",""#text"":""DISSTESTBEDVM$""},{""@Name"":""SubjectDomainName"",""#text"":""WORKGROUP""},{""@Name"":""SubjectLogonId"",""#text"":""0x3E7""},{""@Name"":""TargetUserSid"",""#text"":""S-1-5-18""},{""@Name"":""TargetUserName"",""#text"":""SYSTEM""},{""@Name"":""TargetDomainName"",""#text"":""NT AUTHORITY""},{""@Name"":""TargetLogonId"",""#text"":""0x3E7""},{""@Name"":""LogonType"",""#text"":""5""},{""@Name"":""LogonProcessName"",""#text"":""Advapi  ""},{""@Name"":""AuthenticationPackageName"",""#text"":""Negotiate""},{""@Name"":""WorkstationName"",""#text"":""-""},{""@Name"":""LogonGuid"",""#text"":""00000000-0000-0000-0000-000000000000""},{""@Name"":""TransmittedServices"",""#text"":""-""},{""@Name"":""LmPackageName"",""#text"":""-""},{""@Name"":""KeyLength"",""#text"":""0""},{""@Name"":""ProcessId"",""#text"":""0x368""},{""@Name"":""ProcessName"",""#text"":""C:\\Windows\\System32\\services.exe""},{""@Name"":""IpAddress"",""#text"":""-""},{""@Name"":""IpPort"",""#text"":""-""},{""@Name"":""ImpersonationLevel"",""#text"":""%%1833""},{""@Name"":""RestrictedAdminMode"",""#text"":""-""},{""@Name"":""RemoteCredentialGuard"",""#text"":""-""},{""@Name"":""TargetOutboundUserName"",""#text"":""-""},{""@Name"":""TargetOutboundDomainName"",""#text"":""-""},{""@Name"":""VirtualAccount"",""#text"":""%%1843""},{""@Name"":""TargetLinkedLogonId"",""#text"":""0x0""},{""@Name"":""ElevatedToken"",""#text"":""%%1842""}]}}"
35088,35088,2026-08-23 01:38:10.3480848,4672,LogAlways,Microsoft-Windows-Security-Auditing,Security,884,1016,disstestbedvm,421,,Administrative logon,NT AUTHORITY\SYSTEM (S-1-5-18),,"PrivilegeList: SeAssignPrimaryTokenPrivilege, SeTcbPrivilege, SeSecurityPrivilege, SeTakeOwnershipPrivilege, SeLoadDriverPrivilege, SeBackupPrivilege, SeRestorePrivilege, SeDebugPrivilege, SeAuditPrivilege, SeSystemEnvironmentPrivilege, SeImpersonatePrivilege, SeDelegateSessionUserImpersonatePrivilege",LogonId: 0x3E7,,,,,,False,.\artefacts\event_logs\Security.evtx,Audit success,0,"{""EventData"":{""Data"":[{""@Name"":""SubjectUserSid"",""#text"":""S-1-5-18""},{""@Name"":""SubjectUserName"",""#text"":""SYSTEM""},{""@Name"":""SubjectDomainName"",""#text"":""NT AUTHORITY""},{""@Name"":""SubjectLogonId"",""#text"":""0x3E7""},{""@Name"":""PrivilegeList"",""#text"":""SeAssignPrimaryTokenPrivilege, SeTcbPrivilege, SeSecurityPrivilege, SeTakeOwnershipPrivilege, SeLoadDriverPrivilege, SeBackupPrivilege, SeRestorePrivilege, SeDebugPrivilege, SeAuditPrivilege, SeSystemEnvironmentPrivilege, SeImpersonatePrivilege, SeDelegateSessionUserImpersonatePrivilege""}]}}"
35089,35089,2026-08-23 01:38:10.3492320,4688,LogAlways,Microsoft-Windows-Security-Auditing,Security,4,3828,disstestbedvm,421,,A new process has been created,WORKGROUP\DISSTESTBEDVM$,,Parent process: C:\Windows\System32\services.exe,PID: 0x368,Parent PID: 0x9B0,Mandatory label: SECURITY_MANDATORY_SYSTEM_RID,Target User: -\-,,C:\Windows\System32\wbem\WmiApSrv.exe C:\WINDOWS\system32\wbem\WmiApSrv.exe,False,.\artefacts\event_logs\Security.evtx,Audit success,0,"{""EventData"":{""Data"":[{""@Name"":""SubjectUserSid"",""#text"":""S-1-5-18""},{""@Name"":""SubjectUserName"",""#text"":""DISSTESTBEDVM$""},{""@Name"":""SubjectDomainName"",""#text"":""WORKGROUP""},{""@Name"":""SubjectLogonId"",""#text"":""0x3E7""},{""@Name"":""NewProcessId"",""#text"":""0x9B0""},{""@Name"":""NewProcessName"",""#text"":""C:\\Windows\\System32\\wbem\\WmiApSrv.exe""},{""@Name"":""TokenElevationType"",""#text"":""%%1936""},{""@Name"":""ProcessId"",""#text"":""0x368""},{""@Name"":""CommandLine"",""#text"":""C:\\WINDOWS\\system32\\wbem\\WmiApSrv.exe""},{""@Name"":""TargetUserSid"",""#text"":""S-1-0-0""},{""@Name"":""TargetUserName"",""#text"":""-""},{""@Name"":""TargetDomainName"",""#text"":""-""},{""@Name"":""TargetLogonId"",""#text"":""0x0""},{""@Name"":""ParentProcessName"",""#text"":""C:\\Windows\\System32\\services.exe""},{""@Name"":""MandatoryLabel"",""#text"":""S-1-16-16384""}]}}"
35090,35090,2026-08-23 01:38:10.4028906,4689,LogAlways,Microsoft-Windows-Security-Auditing,Security,4,68,disstestbedvm,421,,A process has exited,WORKGROUP\DISSTESTBEDVM$,,,PID: 0x9B0,,,,,C:\Windows\System32\wbem\WmiApSrv.exe,False,.\artefacts\event_logs\Security.evtx,Audit success,0,"{""EventData"":{""Data"":[{""@Name"":""SubjectUserSid"",""#text"":""S-1-5-18""},{""@Name"":""SubjectUserName"",""#text"":""DISSTESTBEDVM$""},{""@Name"":""SubjectDomainName"",""#text"":""WORKGROUP""},{""@Name"":""SubjectLogonId"",""#text"":""0x3E7""},{""@Name"":""Status"",""#text"":""0x0""},{""@Name"":""ProcessId"",""#text"":""0x9B0""},{""@Name"":""ProcessName"",""#text"":""C:\\Windows\\System32\\wbem\\WmiApSrv.exe""}]}}"
35091,35091,2026-08-23 01:38:10.5062938,4624,LogAlways,Microsoft-Windows-Security-Auditing,Security,884,1016,disstestbedvm,421,,Successful logon,WORKGROUP\DISSTESTBEDVM$,- (-),Target: NT AUTHORITY\SYSTEM,LogonType 5,LogonId: 0x3E7,,,,C:\Windows\System32\services.exe,False,.\artefacts\event_logs\Security.evtx,Audit success,0,"{""EventData"":{""Data"":[{""@Name"":""SubjectUserSid"",""#text"":""S-1-5-18""},{""@Name"":""SubjectUserName"",""#text"":""DISSTESTBEDVM$""},{""@Name"":""SubjectDomainName"",""#text"":""WORKGROUP""},{""@Name"":""SubjectLogonId"",""#text"":""0x3E7""},{""@Name"":""TargetUserSid"",""#text"":""S-1-5-18""},{""@Name"":""TargetUserName"",""#text"":""SYSTEM""},{""@Name"":""TargetDomainName"",""#text"":""NT AUTHORITY""},{""@Name"":""TargetLogonId"",""#text"":""0x3E7""},{""@Name"":""LogonType"",""#text"":""5""},{""@Name"":""LogonProcessName"",""#text"":""Advapi  ""},{""@Name"":""AuthenticationPackageName"",""#text"":""Negotiate""},{""@Name"":""WorkstationName"",""#text"":""-""},{""@Name"":""LogonGuid"",""#text"":""00000000-0000-0000-0000-000000000000""},{""@Name"":""TransmittedServices"",""#text"":""-""},{""@Name"":""LmPackageName"",""#text"":""-""},{""@Name"":""KeyLength"",""#text"":""0""},{""@Name"":""ProcessId"",""#text"":""0x368""},{""@Name"":""ProcessName"",""#text"":""C:\\Windows\\System32\\services.exe""},{""@Name"":""IpAddress"",""#text"":""-""},{""@Name"":""IpPort"",""#text"":""-""},{""@Name"":""ImpersonationLevel"",""#text"":""%%1833""},{""@Name"":""RestrictedAdminMode"",""#text"":""-""},{""@Name"":""RemoteCredentialGuard"",""#text"":""-""},{""@Name"":""TargetOutboundUserName"",""#text"":""-""},{""@Name"":""TargetOutboundDomainName"",""#text"":""-""},{""@Name"":""VirtualAccount"",""#text"":""%%1843""},{""@Name"":""TargetLinkedLogonId"",""#text"":""0x0""},{""@Name"":""ElevatedToken"",""#text"":""%%1842""}]}}"
35092,35092,2026-08-23 01:38:10.5062999,4672,LogAlways,Microsoft-Windows-Security-Auditing,Security,884,1016,disstestbedvm,421,,Administrative logon,NT AUTHORITY\SYSTEM (S-1-5-18),,"PrivilegeList: SeAssignPrimaryTokenPrivilege, SeTcbPrivilege, SeSecurityPrivilege, SeTakeOwnershipPrivilege, SeLoadDriverPrivilege, SeBackupPrivilege, SeRestorePrivilege, SeDebugPrivilege, SeAuditPrivilege, SeSystemEnvironmentPrivilege, SeImpersonatePrivilege, SeDelegateSessionUserImpersonatePrivilege",LogonId: 0x3E7,,,,,,False,.\artefacts\event_logs\Security.evtx,Audit success,0,"{""EventData"":{""Data"":[{""@Name"":""SubjectUserSid"",""#text"":""S-1-5-18""},{""@Name"":""SubjectUserName"",""#text"":""SYSTEM""},{""@Name"":""SubjectDomainName"",""#text"":""NT AUTHORITY""},{""@Name"":""SubjectLogonId"",""#text"":""0x3E7""},{""@Name"":""PrivilegeList"",""#text"":""SeAssignPrimaryTokenPrivilege, SeTcbPrivilege, SeSecurityPrivilege, SeTakeOwnershipPrivilege, SeLoadDriverPrivilege, SeBackupPrivilege, SeRestorePrivilege, SeDebugPrivilege, SeAuditPrivilege, SeSystemEnvironmentPrivilege, SeImpersonatePrivilege, SeDelegateSessionUserImpersonatePrivilege""}]}}"
35093,35093,2026-08-23 01:38:10.5074220,4688,LogAlways,Microsoft-Windows-Security-Auditing,Security,4,68,disstestbedvm,421,,A new process has been created,WORKGROUP\DISSTESTBEDVM$,,Parent process: C:\Windows\System32\services.exe,PID: 0x368,Parent PID: 0xF34,Mandatory label: SECURITY_MANDATORY_SYSTEM_RID,Target User: -\-,,C:\Windows\System32\wbem\WmiApSrv.exe C:\WINDOWS\system32\wbem\WmiApSrv.exe,False,.\artefacts\event_logs\Security.evtx,Audit success,0,"{""EventData"":{""Data"":[{""@Name"":""SubjectUserSid"",""#text"":""S-1-5-18""},{""@Name"":""SubjectUserName"",""#text"":""DISSTESTBEDVM$""},{""@Name"":""SubjectDomainName"",""#text"":""WORKGROUP""},{""@Name"":""SubjectLogonId"",""#text"":""0x3E7""},{""@Name"":""NewProcessId"",""#text"":""0xF34""},{""@Name"":""NewProcessName"",""#text"":""C:\\Windows\\System32\\wbem\\WmiApSrv.exe""},{""@Name"":""TokenElevationType"",""#text"":""%%1936""},{""@Name"":""ProcessId"",""#text"":""0x368""},{""@Name"":""CommandLine"",""#text"":""C:\\WINDOWS\\system32\\wbem\\WmiApSrv.exe""},{""@Name"":""TargetUserSid"",""#text"":""S-1-0-0""},{""@Name"":""TargetUserName"",""#text"":""-""},{""@Name"":""TargetDomainName"",""#text"":""-""},{""@Name"":""TargetLogonId"",""#text"":""0x0""},{""@Name"":""ParentProcessName"",""#text"":""C:\\Windows\\System32\\services.exe""},{""@Name"":""MandatoryLabel"",""#text"":""S-1-16-16384""}]}}"
35094,35094,2026-08-23 01:38:14.5794212,4689,LogAlways,Microsoft-Windows-Security-Auditing,Security,4,7216,disstestbedvm,421,,A process has exited,WORKGROUP\DISSTESTBEDVM$,,,PID: 0x2104,,,,,C:\Windows\System32\SearchProtocolHost.exe,False,.\artefacts\event_logs\Security.evtx,Audit success,0,"{""EventData"":{""Data"":[{""@Name"":""SubjectUserSid"",""#text"":""S-1-5-18""},{""@Name"":""SubjectUserName"",""#text"":""DISSTESTBEDVM$""},{""@Name"":""SubjectDomainName"",""#text"":""WORKGROUP""},{""@Name"":""SubjectLogonId"",""#text"":""0x3E7""},{""@Name"":""Status"",""#text"":""0x0""},{""@Name"":""ProcessId"",""#text"":""0x2104""},{""@Name"":""ProcessName"",""#text"":""C:\\Windows\\System32\\SearchProtocolHost.exe""}]}}"
35095,35095,2026-08-23 01:38:17.3536104,4689,LogAlways,Microsoft-Windows-Security-Auditing,Security,4,7220,disstestbedvm,421,,A process has exited,WORKGROUP\DISSTESTBEDVM$,,,PID: 0x1E9C,,,,,C:\Windows\System32\sppsvc.exe,False,.\artefacts\event_logs\Security.evtx,Audit success,0,"{""EventData"":{""Data"":[{""@Name"":""SubjectUserSid"",""#text"":""S-1-5-20""},{""@Name"":""SubjectUserName"",""#text"":""DISSTESTBEDVM$""},{""@Name"":""SubjectDomainName"",""#text"":""WORKGROUP""},{""@Name"":""SubjectLogonId"",""#text"":""0x3E4""},{""@Name"":""Status"",""#text"":""0x0""},{""@Name"":""ProcessId"",""#text"":""0x1E9C""},{""@Name"":""ProcessName"",""#text"":""C:\\Windows\\System32\\sppsvc.exe""}]}}"
35096,35096,2026-08-23 01:38:18.1059477,4689,LogAlways,Microsoft-Windows-Security-Auditing,Security,4,7216,disstestbedvm,421,,A process has exited,WORKGROUP\DISSTESTBEDVM$,,,PID: 0x16E0,,,,,C:\Windows\System32\svchost.exe,False,.\artefacts\event_logs\Security.evtx,Audit success,0,"{""EventData"":{""Data"":[{""@Name"":""SubjectUserSid"",""#text"":""S-1-5-18""},{""@Name"":""SubjectUserName"",""#text"":""DISSTESTBEDVM$""},{""@Name"":""SubjectDomainName"",""#text"":""WORKGROUP""},{""@Name"":""SubjectLogonId"",""#text"":""0x3E7""},{""@Name"":""Status"",""#text"":""0x0""},{""@Name"":""ProcessId"",""#text"":""0x16E0""},{""@Name"":""ProcessName"",""#text"":""C:\\Windows\\System32\\svchost.exe""}]}}"
35097,35097,2026-08-23 01:38:23.5977575,4688,LogAlways,Microsoft-Windows-Security-Auditing,Security,4,68,disstestbedvm,421,,A new process has been created,WORKGROUP\DISSTESTBEDVM$,,Parent process: C:\Windows\System32\svchost.exe,PID: 0x130,Parent PID: 0xBE0,Mandatory label: SECURITY_MANDATORY_LOW_RID,Target User: disstestbedvm\dfanalyst,,"C:\Windows\System32\backgroundTaskHost.exe ""C:\WINDOWS\system32\backgroundTaskHost.exe"" -ServerName:App.AppXmtcan0h2tfbfy7k9kn8hbxb6dmzz1zh0.mca",False,.\artefacts\event_logs\Security.evtx,Audit success,0,"{""EventData"":{""Data"":[{""@Name"":""SubjectUserSid"",""#text"":""S-1-5-18""},{""@Name"":""SubjectUserName"",""#text"":""DISSTESTBEDVM$""},{""@Name"":""SubjectDomainName"",""#text"":""WORKGROUP""},{""@Name"":""SubjectLogonId"",""#text"":""0x3E7""},{""@Name"":""NewProcessId"",""#text"":""0xBE0""},{""@Name"":""NewProcessName"",""#text"":""C:\\Windows\\System32\\backgroundTaskHost.exe""},{""@Name"":""TokenElevationType"",""#text"":""%%1938""},{""@Name"":""ProcessId"",""#text"":""0x130""},{""@Name"":""CommandLine"",""#text"":""\""C:\\WINDOWS\\system32\\backgroundTaskHost.exe\"" -ServerName:App.AppXmtcan0h2tfbfy7k9kn8hbxb6dmzz1zh0.mca""},{""@Name"":""TargetUserSid"",""#text"":""S-1-5-21-4209295338-567392030-2519289182-1001""},{""@Name"":""TargetUserName"",""#text"":""dfanalyst""},{""@Name"":""TargetDomainName"",""#text"":""disstestbedvm""},{""@Name"":""TargetLogonId"",""#text"":""0x1C59E""},{""@Name"":""ParentProcessName"",""#text"":""C:\\Windows\\System32\\svchost.exe""},{""@Name"":""MandatoryLabel"",""#text"":""S-1-16-4096""}]}}"
35098,35098,2026-08-23 01:38:23.6534026,4688,LogAlways,Microsoft-Windows-Security-Auditing,Security,4,7216,disstestbedvm,421,,A new process has been created,disstestbedvm\dfanalyst,,Parent process: C:\Program Files (x86)\Microsoft\Edge\Application\msedge.exe,PID: 0x29C0,Parent PID: 0x2F70,Mandatory label: SECURITY_MANDATORY_LOW_RID,Target User: -\-,,"C:\Program Files (x86)\Microsoft\Edge\Application\msedge.exe ""C:\Program Files (x86)\Microsoft\Edge\Application\msedge.exe"" --type=utility --utility-sub-type=unzip.mojom.Unzipper --lang=en-US --service-sandbox-type=service --skip-read-main-dll --metrics-shmem-handle=812,i,11527824135505329931,10552699651839103861,524288 --field-trial-handle=2476,i,17182035845370454791,15354448509732342254,262144 --variations-seed-version --pseudonymization-salt-handle=2412,i,7137466440942964473,4096696584347048169,4 --trace-process-track-uuid=3190708997556373682 --mojo-platform-channel-handle=6840 /prefetch:14",False,.\artefacts\event_logs\Security.evtx,Audit success,0,"{""EventData"":{""Data"":[{""@Name"":""SubjectUserSid"",""#text"":""S-1-5-21-4209295338-567392030-2519289182-1001""},{""@Name"":""SubjectUserName"",""#text"":""dfanalyst""},{""@Name"":""SubjectDomainName"",""#text"":""disstestbedvm""},{""@Name"":""SubjectLogonId"",""#text"":""0x1C59E""},{""@Name"":""NewProcessId"",""#text"":""0x2F70""},{""@Name"":""NewProcessName"",""#text"":""C:\\Program Files (x86)\\Microsoft\\Edge\\Application\\msedge.exe""},{""@Name"":""TokenElevationType"",""#text"":""%%1938""},{""@Name"":""ProcessId"",""#text"":""0x29C0""},{""@Name"":""CommandLine"",""#text"":""\""C:\\Program Files (x86)\\Microsoft\\Edge\\Application\\msedge.exe\"" --type=utility --utility-sub-type=unzip.mojom.Unzipper --lang=en-US --service-sandbox-type=service --skip-read-main-dll --metrics-shmem-handle=812,i,11527824135505329931,10552699651839103861,524288 --field-trial-handle=2476,i,17182035845370454791,15354448509732342254,262144 --variations-seed-version --pseudonymization-salt-handle=2412,i,7137466440942964473,4096696584347048169,4 --trace-process-track-uuid=3190708997556373682 --mojo-platform-channel-handle=6840 /prefetch:14""},{""@Name"":""TargetUserSid"",""#text"":""S-1-0-0""},{""@Name"":""TargetUserName"",""#text"":""-""},{""@Name"":""TargetDomainName"",""#text"":""-""},{""@Name"":""TargetLogonId"",""#text"":""0x0""},{""@Name"":""ParentProcessName"",""#text"":""C:\\Program Files (x86)\\Microsoft\\Edge\\Application\\msedge.exe""},{""@Name"":""MandatoryLabel"",""#text"":""S-1-16-4096""}]}}"
35099,35099,2026-08-23 01:38:23.6807506,4689,LogAlways,Microsoft-Windows-Security-Auditing,Security,4,7216,disstestbedvm,421,,A process has exited,disstestbedvm\dfanalyst,,,PID: 0x2F70,,,,,C:\Program Files (x86)\Microsoft\Edge\Application\msedge.exe,False,.\artefacts\event_logs\Security.evtx,Audit success,0,"{""EventData"":{""Data"":[{""@Name"":""SubjectUserSid"",""#text"":""S-1-5-21-4209295338-567392030-2519289182-1001""},{""@Name"":""SubjectUserName"",""#text"":""dfanalyst""},{""@Name"":""SubjectDomainName"",""#text"":""disstestbedvm""},{""@Name"":""SubjectLogonId"",""#text"":""0x1C59E""},{""@Name"":""Status"",""#text"":""0x0""},{""@Name"":""ProcessId"",""#text"":""0x2F70""},{""@Name"":""ProcessName"",""#text"":""C:\\Program Files (x86)\\Microsoft\\Edge\\Application\\msedge.exe""}]}}"
35100,35100,2026-08-23 01:38:23.7768770,5379,LogAlways,Microsoft-Windows-Security-Auditing,Security,884,980,disstestbedvm,421,,,,,,,,,,,,False,.\artefacts\event_logs\Security.evtx,Audit success,0,"{""EventData"":{""Data"":[{""@Name"":""SubjectUserSid"",""#text"":""S-1-5-21-4209295338-567392030-2519289182-1001""},{""@Name"":""SubjectUserName"",""#text"":""dfanalyst""},{""@Name"":""SubjectDomainName"",""#text"":""disstestbedvm""},{""@Name"":""SubjectLogonId"",""#text"":""0x1C59E""},{""@Name"":""TargetName"",""#text"":""MicrosoftAccount:user=02fgkkqegieoagrb""},{""@Name"":""Type"",""#text"":""0""},{""@Name"":""CountOfCredentialsReturned"",""#text"":""0""},{""@Name"":""ReadOperation"",""#text"":""%%8100""},{""@Name"":""ReturnCode"",""#text"":""3221226021""},{""@Name"":""ProcessCreationTime"",""#text"":""2026-08-23 01:35:46.0099041""},{""@Name"":""ClientProcessId"",""#text"":""4312""}]}}"
35101,35101,2026-08-23 01:38:23.7769427,5379,LogAlways,Microsoft-Windows-Security-Auditing,Security,884,980,disstestbedvm,421,,,,,,,,,,,,False,.\artefacts\event_logs\Security.evtx,Audit success,0,"{""EventData"":{""Data"":[{""@Name"":""SubjectUserSid"",""#text"":""S-1-5-21-4209295338-567392030-2519289182-1001""},{""@Name"":""SubjectUserName"",""#text"":""dfanalyst""},{""@Name"":""SubjectDomainName"",""#text"":""disstestbedvm""},{""@Name"":""SubjectLogonId"",""#text"":""0x1C59E""},{""@Name"":""TargetName"",""#text"":""WindowsLive:(token):name=02fgkkqegieoagrb;serviceuri=*""},{""@Name"":""Type"",""#text"":""0""},{""@Name"":""CountOfCredentialsReturned"",""#text"":""0""},{""@Name"":""ReadOperation"",""#text"":""%%8100""},{""@Name"":""ReturnCode"",""#text"":""3221226021""},{""@Name"":""ProcessCreationTime"",""#text"":""2026-08-23 01:35:46.0099041""},{""@Name"":""ClientProcessId"",""#text"":""4312""}]}}"
35102,35102,2026-08-23 01:38:23.7775315,5379,LogAlways,Microsoft-Windows-Security-Auditing,Security,884,980,disstestbedvm,421,,,,,,,,,,,,False,.\artefacts\event_logs\Security.evtx,Audit success,0,"{""EventData"":{""Data"":[{""@Name"":""SubjectUserSid"",""#text"":""S-1-5-21-4209295338-567392030-2519289182-1001""},{""@Name"":""SubjectUserName"",""#text"":""dfanalyst""},{""@Name"":""SubjectDomainName"",""#text"":""disstestbedvm""},{""@Name"":""SubjectLogonId"",""#text"":""0x1C59E""},{""@Name"":""TargetName"",""#text"":""WindowsLive:(cert):name=02fgkkqegieoagrb;serviceuri=*""},{""@Name"":""Type"",""#text"":""0""},{""@Name"":""CountOfCredentialsReturned"",""#text"":""0""},{""@Name"":""ReadOperation"",""#text"":""%%8100""},{""@Name"":""ReturnCode"",""#text"":""3221226021""},{""@Name"":""ProcessCreationTime"",""#text"":""2026-08-23 01:35:46.0099041""},{""@Name"":""ClientProcessId"",""#text"":""4312""}]}}"
35103,35103,2026-08-23 01:38:24.0253359,5379,LogAlways,Microsoft-Windows-Security-Auditing,Security,884,976,disstestbedvm,421,,,,,,,,,,,,False,.\artefacts\event_logs\Security.evtx,Audit success,0,"{""EventData"":{""Data"":[{""@Name"":""SubjectUserSid"",""#text"":""S-1-5-21-4209295338-567392030-2519289182-1001""},{""@Name"":""SubjectUserName"",""#text"":""dfanalyst""},{""@Name"":""SubjectDomainName"",""#text"":""disstestbedvm""},{""@Name"":""SubjectLogonId"",""#text"":""0x1C59E""},{""@Name"":""TargetName"",""#text"":""MicrosoftAccount:user=02fgkkqegieoagrb""},{""@Name"":""Type"",""#text"":""0""},{""@Name"":""CountOfCredentialsReturned"",""#text"":""0""},{""@Name"":""ReadOperation"",""#text"":""%%8100""},{""@Name"":""ReturnCode"",""#text"":""3221226021""},{""@Name"":""ProcessCreationTime"",""#text"":""2026-08-23 01:35:46.0099041""},{""@Name"":""ClientProcessId"",""#text"":""4312""}]}}"
35104,35104,2026-08-23 01:38:24.0293294,4688,LogAlways,Microsoft-Windows-Security-Auditing,Security,4,2660,disstestbedvm,421,,A new process has been created,WORKGROUP\DISSTESTBEDVM$,,Parent process: C:\Windows\System32\svchost.exe,PID: 0x130,Parent PID: 0xE68,Mandatory label: SECURITY_MANDATORY_LOW_RID,Target User: disstestbedvm\dfanalyst,,"C:\Windows\System32\backgroundTaskHost.exe ""C:\WINDOWS\system32\BackgroundTaskHost.exe"" -ServerName:BackgroundTaskHost.WebAccountProvider",False,.\artefacts\event_logs\Security.evtx,Audit success,0,"{""EventData"":{""Data"":[{""@Name"":""SubjectUserSid"",""#text"":""S-1-5-18""},{""@Name"":""SubjectUserName"",""#text"":""DISSTESTBEDVM$""},{""@Name"":""SubjectDomainName"",""#text"":""WORKGROUP""},{""@Name"":""SubjectLogonId"",""#text"":""0x3E7""},{""@Name"":""NewProcessId"",""#text"":""0xE68""},{""@Name"":""NewProcessName"",""#text"":""C:\\Windows\\System32\\backgroundTaskHost.exe""},{""@Name"":""TokenElevationType"",""#text"":""%%1938""},{""@Name"":""ProcessId"",""#text"":""0x130""},{""@Name"":""CommandLine"",""#text"":""\""C:\\WINDOWS\\system32\\BackgroundTaskHost.exe\"" -ServerName:BackgroundTaskHost.WebAccountProvider""},{""@Name"":""TargetUserSid"",""#text"":""S-1-5-21-4209295338-567392030-2519289182-1001""},{""@Name"":""TargetUserName"",""#text"":""dfanalyst""},{""@Name"":""TargetDomainName"",""#text"":""disstestbedvm""},{""@Name"":""TargetLogonId"",""#text"":""0x1C59E""},{""@Name"":""ParentProcessName"",""#text"":""C:\\Windows\\System32\\svchost.exe""},{""@Name"":""MandatoryLabel"",""#text"":""S-1-16-4096""}]}}"
35105,35105,2026-08-23 01:38:24.0334058,5379,LogAlways,Microsoft-Windows-Security-Auditing,Security,884,976,disstestbedvm,421,,,,,,,,,,,,False,.\artefacts\event_logs\Security.evtx,Audit success,0,"{""EventData"":{""Data"":[{""@Name"":""SubjectUserSid"",""#text"":""S-1-5-21-4209295338-567392030-2519289182-1001""},{""@Name"":""SubjectUserName"",""#text"":""dfanalyst""},{""@Name"":""SubjectDomainName"",""#text"":""disstestbedvm""},{""@Name"":""SubjectLogonId"",""#text"":""0x1C59E""},{""@Name"":""TargetName"",""#text"":""MicrosoftAccount:user=02fgkkqegieoagrb""},{""@Name"":""Type"",""#text"":""0""},{""@Name"":""CountOfCredentialsReturned"",""#text"":""0""},{""@Name"":""ReadOperation"",""#text"":""%%8100""},{""@Name"":""ReturnCode"",""#text"":""3221226021""},{""@Name"":""ProcessCreationTime"",""#text"":""2026-08-23 01:35:46.0099041""},{""@Name"":""ClientProcessId"",""#text"":""4312""}]}}"
35106,35106,2026-08-23 01:38:24.0360328,5379,LogAlways,Microsoft-Windows-Security-Auditing,Security,884,976,disstestbedvm,421,,,,,,,,,,,,False,.\artefacts\event_logs\Security.evtx,Audit success,0,"{""EventData"":{""Data"":[{""@Name"":""SubjectUserSid"",""#text"":""S-1-5-21-4209295338-567392030-2519289182-1001""},{""@Name"":""SubjectUserName"",""#text"":""dfanalyst""},{""@Name"":""SubjectDomainName"",""#text"":""disstestbedvm""},{""@Name"":""SubjectLogonId"",""#text"":""0x1C59E""},{""@Name"":""TargetName"",""#text"":""MicrosoftAccount:user=02fgkkqegieoagrb""},{""@Name"":""Type"",""#text"":""0""},{""@Name"":""CountOfCredentialsReturned"",""#text"":""0""},{""@Name"":""ReadOperation"",""#text"":""%%8100""},{""@Name"":""ReturnCode"",""#text"":""3221226021""},{""@Name"":""ProcessCreationTime"",""#text"":""2026-08-23 01:35:46.0099041""},{""@Name"":""ClientProcessId"",""#text"":""4312""}]}}"
35107,35107,2026-08-23 01:38:24.0360813,5379,LogAlways,Microsoft-Windows-Security-Auditing,Security,884,976,disstestbedvm,421,,,,,,,,,,,,False,.\artefacts\event_logs\Security.evtx,Audit success,0,"{""EventData"":{""Data"":[{""@Name"":""SubjectUserSid"",""#text"":""S-1-5-21-4209295338-567392030-2519289182-1001""},{""@Name"":""SubjectUserName"",""#text"":""dfanalyst""},{""@Name"":""SubjectDomainName"",""#text"":""disstestbedvm""},{""@Name"":""SubjectLogonId"",""#text"":""0x1C59E""},{""@Name"":""TargetName"",""#text"":""MicrosoftAccount:user=02fgkkqegieoagrb""},{""@Name"":""Type"",""#text"":""0""},{""@Name"":""CountOfCredentialsReturned"",""#text"":""0""},{""@Name"":""ReadOperation"",""#text"":""%%8100""},{""@Name"":""ReturnCode"",""#text"":""3221226021""},{""@Name"":""ProcessCreationTime"",""#text"":""2026-08-23 01:35:46.0099041""},{""@Name"":""ClientProcessId"",""#text"":""4312""}]}}"
35108,35108,2026-08-23 01:38:24.0900644,4688,LogAlways,Microsoft-Windows-Security-Auditing,Security,4,68,disstestbedvm,421,,A new process has been created,WORKGROUP\DISSTESTBEDVM$,,Parent process: C:\Windows\System32\svchost.exe,PID: 0x130,Parent PID: 0x1258,Mandatory label: SECURITY_MANDATORY_MEDIUM_RID,Target User: disstestbedvm\dfanalyst,,C:\Windows\System32\RuntimeBroker.exe C:\Windows\System32\RuntimeBroker.exe -Embedding,False,.\artefacts\event_logs\Security.evtx,Audit success,0,"{""EventData"":{""Data"":[{""@Name"":""SubjectUserSid"",""#text"":""S-1-5-18""},{""@Name"":""SubjectUserName"",""#text"":""DISSTESTBEDVM$""},{""@Name"":""SubjectDomainName"",""#text"":""WORKGROUP""},{""@Name"":""SubjectLogonId"",""#text"":""0x3E7""},{""@Name"":""NewProcessId"",""#text"":""0x1258""},{""@Name"":""NewProcessName"",""#text"":""C:\\Windows\\System32\\RuntimeBroker.exe""},{""@Name"":""TokenElevationType"",""#text"":""%%1938""},{""@Name"":""ProcessId"",""#text"":""0x130""},{""@Name"":""CommandLine"",""#text"":""C:\\Windows\\System32\\RuntimeBroker.exe -Embedding""},{""@Name"":""TargetUserSid"",""#text"":""S-1-5-21-4209295338-567392030-2519289182-1001""},{""@Name"":""TargetUserName"",""#text"":""dfanalyst""},{""@Name"":""TargetDomainName"",""#text"":""disstestbedvm""},{""@Name"":""TargetLogonId"",""#text"":""0x1C59E""},{""@Name"":""ParentProcessName"",""#text"":""C:\\Windows\\System32\\svchost.exe""},{""@Name"":""MandatoryLabel"",""#text"":""S-1-16-8192""}]}}"
35109,35109,2026-08-23 01:38:24.1525673,4688,LogAlways,Microsoft-Windows-Security-Auditing,Security,4,7200,disstestbedvm,421,,A new process has been created,WORKGROUP\DISSTESTBEDVM$,,Parent process: C:\Windows\System32\svchost.exe,PID: 0x130,Parent PID: 0x104C,Mandatory label: SECURITY_MANDATORY_MEDIUM_RID,Target User: disstestbedvm\dfanalyst,,C:\Windows\System32\RuntimeBroker.exe C:\Windows\System32\RuntimeBroker.exe -Embedding,False,.\artefacts\event_logs\Security.evtx,Audit success,0,"{""EventData"":{""Data"":[{""@Name"":""SubjectUserSid"",""#text"":""S-1-5-18""},{""@Name"":""SubjectUserName"",""#text"":""DISSTESTBEDVM$""},{""@Name"":""SubjectDomainName"",""#text"":""WORKGROUP""},{""@Name"":""SubjectLogonId"",""#text"":""0x3E7""},{""@Name"":""NewProcessId"",""#text"":""0x104C""},{""@Name"":""NewProcessName"",""#text"":""C:\\Windows\\System32\\RuntimeBroker.exe""},{""@Name"":""TokenElevationType"",""#text"":""%%1938""},{""@Name"":""ProcessId"",""#text"":""0x130""},{""@Name"":""CommandLine"",""#text"":""C:\\Windows\\System32\\RuntimeBroker.exe -Embedding""},{""@Name"":""TargetUserSid"",""#text"":""S-1-5-21-4209295338-567392030-2519289182-1001""},{""@Name"":""TargetUserName"",""#text"":""dfanalyst""},{""@Name"":""TargetDomainName"",""#text"":""disstestbedvm""},{""@Name"":""TargetLogonId"",""#text"":""0x1C59E""},{""@Name"":""ParentProcessName"",""#text"":""C:\\Windows\\System32\\svchost.exe""},{""@Name"":""MandatoryLabel"",""#text"":""S-1-16-8192""}]}}"
35110,35110,2026-08-23 01:38:24.5947759,4689,LogAlways,Microsoft-Windows-Security-Auditing,Security,4,68,disstestbedvm,421,,A process has exited,disstestbedvm\dfanalyst,,,PID: 0xBE0,,,,,C:\Windows\System32\backgroundTaskHost.exe,False,.\artefacts\event_logs\Security.evtx,Audit success,0,"{""EventData"":{""Data"":[{""@Name"":""SubjectUserSid"",""#text"":""S-1-5-21-4209295338-567392030-2519289182-1001""},{""@Name"":""SubjectUserName"",""#text"":""dfanalyst""},{""@Name"":""SubjectDomainName"",""#text"":""disstestbedvm""},{""@Name"":""SubjectLogonId"",""#text"":""0x1C59E""},{""@Name"":""Status"",""#text"":""0x1""},{""@Name"":""ProcessId"",""#text"":""0xBE0""},{""@Name"":""ProcessName"",""#text"":""C:\\Windows\\System32\\backgroundTaskHost.exe""}]}}"
35111,35111,2026-08-23 01:38:39.0886464,4688,LogAlways,Microsoft-Windows-Security-Auditing,Security,4,7200,disstestbedvm,421,,A new process has been created,disstestbedvm\dfanalyst,,Parent process: C:\Program Files (x86)\Microsoft\Edge\Application\msedge.exe,PID: 0x29C0,Parent PID: 0x15B8,Mandatory label: SECURITY_MANDATORY_MEDIUM_RID,Target User: -\-,,"C:\Program Files (x86)\Microsoft\Edge\Application\msedge.exe ""C:\Program Files (x86)\Microsoft\Edge\Application\msedge.exe"" --type=gpu-process --disable-gpu-sandbox --gpu-vendor-id=5140 --gpu-device-id=140 --gpu-sub-system-id=0 --gpu-revision=0 --gpu-driver-version=10.0.26100.8521 --gpu-preferences=WAAAAAAAAADoAAAEAAAAAAAAAAAAAGAAQAAAAAAAAAAAAAAAAAAAADgAAAAAAAAAAAAAAAAAAABCAAAAAAAAAAAAAAAAAAAAKAAAAAAAAAAoAAAAAAAAAAgAAAAAAAAADAAAAAEAAAAAAAAAAAAAAAgAAAAAAAAACAAAAAAAAAA= --use-gl=angle --use-angle=d3d11-warp-webgl --ssd-no-pressure-read-main-dll --metrics-shmem-handle=6628,i,3254030994959461491,9560178896825405045,262144 --field-trial-handle=2476,i,17182035845370454791,15354448509732342254,262144 --variations-seed-version --pseudonymization-salt-handle=2412,i,7137466440942964473,4096696584347048169,4 --trace-process-track-uuid=3190708998493415531 --mojo-platform-channel-handle=6944 /prefetch:10",False,.\artefacts\event_logs\Security.evtx,Audit success,0,"{""EventData"":{""Data"":[{""@Name"":""SubjectUserSid"",""#text"":""S-1-5-21-4209295338-567392030-2519289182-1001""},{""@Name"":""SubjectUserName"",""#text"":""dfanalyst""},{""@Name"":""SubjectDomainName"",""#text"":""disstestbedvm""},{""@Name"":""SubjectLogonId"",""#text"":""0x1C59E""},{""@Name"":""NewProcessId"",""#text"":""0x15B8""},{""@Name"":""NewProcessName"",""#text"":""C:\\Program Files (x86)\\Microsoft\\Edge\\Application\\msedge.exe""},{""@Name"":""TokenElevationType"",""#text"":""%%1938""},{""@Name"":""ProcessId"",""#text"":""0x29C0""},{""@Name"":""CommandLine"",""#text"":""\""C:\\Program Files (x86)\\Microsoft\\Edge\\Application\\msedge.exe\"" --type=gpu-process --disable-gpu-sandbox --gpu-vendor-id=5140 --gpu-device-id=140 --gpu-sub-system-id=0 --gpu-revision=0 --gpu-driver-version=10.0.26100.8521 --gpu-preferences=WAAAAAAAAADoAAAEAAAAAAAAAAAAAGAAQAAAAAAAAAAAAAAAAAAAADgAAAAAAAAAAAAAAAAAAABCAAAAAAAAAAAAAAAAAAAAKAAAAAAAAAAoAAAAAAAAAAgAAAAAAAAADAAAAAEAAAAAAAAAAAAAAAgAAAAAAAAACAAAAAAAAAA= --use-gl=angle --use-angle=d3d11-warp-webgl --ssd-no-pressure-read-main-dll --metrics-shmem-handle=6628,i,3254030994959461491,9560178896825405045,262144 --field-trial-handle=2476,i,17182035845370454791,15354448509732342254,262144 --variations-seed-version --pseudonymization-salt-handle=2412,i,7137466440942964473,4096696584347048169,4 --trace-process-track-uuid=3190708998493415531 --mojo-platform-channel-handle=6944 /prefetch:10""},{""@Name"":""TargetUserSid"",""#text"":""S-1-0-0""},{""@Name"":""TargetUserName"",""#text"":""-""},{""@Name"":""TargetDomainName"",""#text"":""-""},{""@Name"":""TargetLogonId"",""#text"":""0x0""},{""@Name"":""ParentProcessName"",""#text"":""C:\\Program Files (x86)\\Microsoft\\Edge\\Application\\msedge.exe""},{""@Name"":""MandatoryLabel"",""#text"":""S-1-16-8192""}]}}"
35112,35112,2026-08-23 01:38:39.1895113,4689,LogAlways,Microsoft-Windows-Security-Auditing,Security,4,7200,disstestbedvm,421,,A process has exited,disstestbedvm\dfanalyst,,,PID: 0x15B8,,,,,C:\Program Files (x86)\Microsoft\Edge\Application\msedge.exe,False,.\artefacts\event_logs\Security.evtx,Audit success,0,"{""EventData"":{""Data"":[{""@Name"":""SubjectUserSid"",""#text"":""S-1-5-21-4209295338-567392030-2519289182-1001""},{""@Name"":""SubjectUserName"",""#text"":""dfanalyst""},{""@Name"":""SubjectDomainName"",""#text"":""disstestbedvm""},{""@Name"":""SubjectLogonId"",""#text"":""0x1C59E""},{""@Name"":""Status"",""#text"":""0x0""},{""@Name"":""ProcessId"",""#text"":""0x15B8""},{""@Name"":""ProcessName"",""#text"":""C:\\Program Files (x86)\\Microsoft\\Edge\\Application\\msedge.exe""}]}}"
35113,35113,2026-08-23 01:38:42.4799042,4688,LogAlways,Microsoft-Windows-Security-Auditing,Security,4,2660,disstestbedvm,421,,A new process has been created,WORKGROUP\DISSTESTBEDVM$,,Parent process: C:\Windows\System32\svchost.exe,PID: 0x5EC,Parent PID: 0x17B4,Mandatory label: SECURITY_MANDATORY_SYSTEM_RID,Target User: -\-,,C:\Windows\System32\taskhostw.exe taskhostw.exe,False,.\artefacts\event_logs\Security.evtx,Audit success,0,"{""EventData"":{""Data"":[{""@Name"":""SubjectUserSid"",""#text"":""S-1-5-18""},{""@Name"":""SubjectUserName"",""#text"":""DISSTESTBEDVM$""},{""@Name"":""SubjectDomainName"",""#text"":""WORKGROUP""},{""@Name"":""SubjectLogonId"",""#text"":""0x3E7""},{""@Name"":""NewProcessId"",""#text"":""0x17B4""},{""@Name"":""NewProcessName"",""#text"":""C:\\Windows\\System32\\taskhostw.exe""},{""@Name"":""TokenElevationType"",""#text"":""%%1936""},{""@Name"":""ProcessId"",""#text"":""0x5EC""},{""@Name"":""CommandLine"",""#text"":""taskhostw.exe""},{""@Name"":""TargetUserSid"",""#text"":""S-1-0-0""},{""@Name"":""TargetUserName"",""#text"":""-""},{""@Name"":""TargetDomainName"",""#text"":""-""},{""@Name"":""TargetLogonId"",""#text"":""0x0""},{""@Name"":""ParentProcessName"",""#text"":""C:\\Windows\\System32\\svchost.exe""},{""@Name"":""MandatoryLabel"",""#text"":""S-1-16-16384""}]}}"
35114,35114,2026-08-23 01:38:42.4804623,4688,LogAlways,Microsoft-Windows-Security-Auditing,Security,4,2660,disstestbedvm,421,,A new process has been created,WORKGROUP\DISSTESTBEDVM$,,Parent process: C:\Windows\System32\svchost.exe,PID: 0x5EC,Parent PID: 0x17CC,Mandatory label: SECURITY_MANDATORY_SYSTEM_RID,Target User: -\-,,"C:\Windows\System32\wermgr.exe ""C:\WINDOWS\system32\wermgr.exe"" -upload",False,.\artefacts\event_logs\Security.evtx,Audit success,0,"{""EventData"":{""Data"":[{""@Name"":""SubjectUserSid"",""#text"":""S-1-5-18""},{""@Name"":""SubjectUserName"",""#text"":""DISSTESTBEDVM$""},{""@Name"":""SubjectDomainName"",""#text"":""WORKGROUP""},{""@Name"":""SubjectLogonId"",""#text"":""0x3E7""},{""@Name"":""NewProcessId"",""#text"":""0x17CC""},{""@Name"":""NewProcessName"",""#text"":""C:\\Windows\\System32\\wermgr.exe""},{""@Name"":""TokenElevationType"",""#text"":""%%1936""},{""@Name"":""ProcessId"",""#text"":""0x5EC""},{""@Name"":""CommandLine"",""#text"":""\""C:\\WINDOWS\\system32\\wermgr.exe\"" -upload""},{""@Name"":""TargetUserSid"",""#text"":""S-1-0-0""},{""@Name"":""TargetUserName"",""#text"":""-""},{""@Name"":""TargetDomainName"",""#text"":""-""},{""@Name"":""TargetLogonId"",""#text"":""0x0""},{""@Name"":""ParentProcessName"",""#text"":""C:\\Windows\\System32\\svchost.exe""},{""@Name"":""MandatoryLabel"",""#text"":""S-1-16-16384""}]}}"
35115,35115,2026-08-23 01:38:42.5725338,4689,LogAlways,Microsoft-Windows-Security-Auditing,Security,4,7216,disstestbedvm,421,,A process has exited,WORKGROUP\DISSTESTBEDVM$,,,PID: 0x17CC,,,,,C:\Windows\System32\wermgr.exe,False,.\artefacts\event_logs\Security.evtx,Audit success,0,"{""EventData"":{""Data"":[{""@Name"":""SubjectUserSid"",""#text"":""S-1-5-18""},{""@Name"":""SubjectUserName"",""#text"":""DISSTESTBEDVM$""},{""@Name"":""SubjectDomainName"",""#text"":""WORKGROUP""},{""@Name"":""SubjectLogonId"",""#text"":""0x3E7""},{""@Name"":""Status"",""#text"":""0x0""},{""@Name"":""ProcessId"",""#text"":""0x17CC""},{""@Name"":""ProcessName"",""#text"":""C:\\Windows\\System32\\wermgr.exe""}]}}"
35116,35116,2026-08-23 01:38:42.8123006,4689,LogAlways,Microsoft-Windows-Security-Auditing,Security,4,7216,disstestbedvm,421,,A process has exited,WORKGROUP\DISSTESTBEDVM$,,,PID: 0x17B4,,,,,C:\Windows\System32\taskhostw.exe,False,.\artefacts\event_logs\Security.evtx,Audit success,0,"{""EventData"":{""Data"":[{""@Name"":""SubjectUserSid"",""#text"":""S-1-5-18""},{""@Name"":""SubjectUserName"",""#text"":""DISSTESTBEDVM$""},{""@Name"":""SubjectDomainName"",""#text"":""WORKGROUP""},{""@Name"":""SubjectLogonId"",""#text"":""0x3E7""},{""@Name"":""Status"",""#text"":""0x0""},{""@Name"":""ProcessId"",""#text"":""0x17B4""},{""@Name"":""ProcessName"",""#text"":""C:\\Windows\\System32\\taskhostw.exe""}]}}"
35117,35117,2026-08-23 01:38:43.8925503,4798,LogAlways,Microsoft-Windows-Security-Auditing,Security,884,1016,disstestbedvm,421,,A user's local group membership was enumerated,disstestbedvm\dfanalyst (S-1-5-21-4209295338-567392030-2519289182-1001),,Target: disstestbedvm\dfanalyst (S-1-5-21-4209295338-567392030-2519289182-1001),SubjectLogonId: 0x1C59E,CallerProcessName: C:\Program Files\Notepad++\notepad++.exe,CallerProcessId: 0x2CDC,,,,False,.\artefacts\event_logs\Security.evtx,Audit success,0,"{""EventData"":{""Data"":[{""@Name"":""TargetUserName"",""#text"":""dfanalyst""},{""@Name"":""TargetDomainName"",""#text"":""disstestbedvm""},{""@Name"":""TargetSid"",""#text"":""S-1-5-21-4209295338-567392030-2519289182-1001""},{""@Name"":""SubjectUserSid"",""#text"":""S-1-5-21-4209295338-567392030-2519289182-1001""},{""@Name"":""SubjectUserName"",""#text"":""dfanalyst""},{""@Name"":""SubjectDomainName"",""#text"":""disstestbedvm""},{""@Name"":""SubjectLogonId"",""#text"":""0x1C59E""},{""@Name"":""CallerProcessId"",""#text"":""0x2CDC""},{""@Name"":""CallerProcessName"",""#text"":""C:\\Program Files\\Notepad++\\notepad++.exe""}]}}"
35118,35118,2026-08-23 01:38:44.2675452,4663,LogAlways,Microsoft-Windows-Security-Auditing,Security,4,7220,disstestbedvm,421,,Attempt was made to access an object,disstestbedvm\dfanalyst,,ObjectServer: Security,ObjectType: File,ObjectName: \Device\CdRom0\,"AccessList: Unknown code (%%4416, )",,,C:\Windows\explorer.exe,False,.\artefacts\event_logs\Security.evtx,Audit success,0,"{""EventData"":{""Data"":[{""@Name"":""SubjectUserSid"",""#text"":""S-1-5-21-4209295338-567392030-2519289182-1001""},{""@Name"":""SubjectUserName"",""#text"":""dfanalyst""},{""@Name"":""SubjectDomainName"",""#text"":""disstestbedvm""},{""@Name"":""SubjectLogonId"",""#text"":""0x1C59E""},{""@Name"":""ObjectServer"",""#text"":""Security""},{""@Name"":""ObjectType"",""#text"":""File""},{""@Name"":""ObjectName"",""#text"":""\\Device\\CdRom0\\""},{""@Name"":""HandleId"",""#text"":""0x18E8""},{""@Name"":""AccessList"",""#text"":""%%4416, ""},{""@Name"":""AccessMask"",""#text"":""0x1""},{""@Name"":""ProcessId"",""#text"":""0x162C""},{""@Name"":""ProcessName"",""#text"":""C:\\Windows\\explorer.exe""},{""@Name"":""ResourceAttributes""}]}}"
35119,35119,2026-08-23 01:38:44.2683411,4663,LogAlways,Microsoft-Windows-Security-Auditing,Security,4,7220,disstestbedvm,421,,Attempt was made to access an object,disstestbedvm\dfanalyst,,ObjectServer: Security,ObjectType: File,ObjectName: \Device\CdRom0\,"AccessList: Unknown code (%%4416, )",,,C:\Windows\explorer.exe,False,.\artefacts\event_logs\Security.evtx,Audit success,0,"{""EventData"":{""Data"":[{""@Name"":""SubjectUserSid"",""#text"":""S-1-5-21-4209295338-567392030-2519289182-1001""},{""@Name"":""SubjectUserName"",""#text"":""dfanalyst""},{""@Name"":""SubjectDomainName"",""#text"":""disstestbedvm""},{""@Name"":""SubjectLogonId"",""#text"":""0x1C59E""},{""@Name"":""ObjectServer"",""#text"":""Security""},{""@Name"":""ObjectType"",""#text"":""File""},{""@Name"":""ObjectName"",""#text"":""\\Device\\CdRom0\\""},{""@Name"":""HandleId"",""#text"":""0x178C""},{""@Name"":""AccessList"",""#text"":""%%4416, ""},{""@Name"":""AccessMask"",""#text"":""0x1""},{""@Name"":""ProcessId"",""#text"":""0x162C""},{""@Name"":""ProcessName"",""#text"":""C:\\Windows\\explorer.exe""},{""@Name"":""ResourceAttributes""}]}}"
35120,35120,2026-08-23 01:38:44.2903177,4663,LogAlways,Microsoft-Windows-Security-Auditing,Security,4,7220,disstestbedvm,421,,Attempt was made to access an object,disstestbedvm\dfanalyst,,ObjectServer: Security,ObjectType: File,ObjectName: \Device\CdRom0\setup.exe,"AccessList: Unknown code (%%4416, )",,,C:\Program Files\Notepad++\notepad++.exe,False,.\artefacts\event_logs\Security.evtx,Audit success,0,"{""EventData"":{""Data"":[{""@Name"":""SubjectUserSid"",""#text"":""S-1-5-21-4209295338-567392030-2519289182-1001""},{""@Name"":""SubjectUserName"",""#text"":""dfanalyst""},{""@Name"":""SubjectDomainName"",""#text"":""disstestbedvm""},{""@Name"":""SubjectLogonId"",""#text"":""0x1C59E""},{""@Name"":""ObjectServer"",""#text"":""Security""},{""@Name"":""ObjectType"",""#text"":""File""},{""@Name"":""ObjectName"",""#text"":""\\Device\\CdRom0\\setup.exe""},{""@Name"":""HandleId"",""#text"":""0xBB4""},{""@Name"":""AccessList"",""#text"":""%%4416, ""},{""@Name"":""AccessMask"",""#text"":""0x1""},{""@Name"":""ProcessId"",""#text"":""0x2CDC""},{""@Name"":""ProcessName"",""#text"":""C:\\Program Files\\Notepad++\\notepad++.exe""},{""@Name"":""ResourceAttributes""}]}}"
35121,35121,2026-08-23 01:38:49.9909537,4689,LogAlways,Microsoft-Windows-Security-Auditing,Security,4,68,disstestbedvm,421,,A process has exited,WORKGROUP\DISSTESTBEDVM$,,,PID: 0x1034,,,,,C:\Windows\System32\dllhost.exe,False,.\artefacts\event_logs\Security.evtx,Audit success,0,"{""EventData"":{""Data"":[{""@Name"":""SubjectUserSid"",""#text"":""S-1-5-18""},{""@Name"":""SubjectUserName"",""#text"":""DISSTESTBEDVM$""},{""@Name"":""SubjectDomainName"",""#text"":""WORKGROUP""},{""@Name"":""SubjectLogonId"",""#text"":""0x3E7""},{""@Name"":""Status"",""#text"":""0x0""},{""@Name"":""ProcessId"",""#text"":""0x1034""},{""@Name"":""ProcessName"",""#text"":""C:\\Windows\\System32\\dllhost.exe""}]}}"
35122,35122,2026-08-23 01:38:50.0123566,4689,LogAlways,Microsoft-Windows-Security-Auditing,Security,4,68,disstestbedvm,421,,A process has exited,WORKGROUP\DISSTESTBEDVM$,,,PID: 0x1AD4,,,,,C:\Windows\System32\VSSVC.exe,False,.\artefacts\event_logs\Security.evtx,Audit success,0,"{""EventData"":{""Data"":[{""@Name"":""SubjectUserSid"",""#text"":""S-1-5-18""},{""@Name"":""SubjectUserName"",""#text"":""DISSTESTBEDVM$""},{""@Name"":""SubjectDomainName"",""#text"":""WORKGROUP""},{""@Name"":""SubjectLogonId"",""#text"":""0x3E7""},{""@Name"":""Status"",""#text"":""0x0""},{""@Name"":""ProcessId"",""#text"":""0x1AD4""},{""@Name"":""ProcessName"",""#text"":""C:\\Windows\\System32\\VSSVC.exe""}]}}"
35123,35123,2026-08-23 01:38:52.0830270,4688,LogAlways,Microsoft-Windows-Security-Auditing,Security,4,3844,disstestbedvm,421,,A new process has been created,disstestbedvm\dfanalyst,,Parent process: C:\Program Files (x86)\Microsoft\Edge\Application\msedge.exe,PID: 0x29C0,Parent PID: 0x2200,Mandatory label: SECURITY_MANDATORY_LOW_RID,Target User: -\-,,"C:\Program Files (x86)\Microsoft\Edge\Application\msedge.exe ""C:\Program Files (x86)\Microsoft\Edge\Application\msedge.exe"" --type=utility --utility-sub-type=unzip.mojom.Unzipper --lang=en-US --service-sandbox-type=service --skip-read-main-dll --metrics-shmem-handle=6944,i,7200410034586231908,11223910632492935313,524288 --field-trial-handle=2476,i,17182035845370454791,15354448509732342254,262144 --variations-seed-version --pseudonymization-salt-handle=2412,i,7137466440942964473,4096696584347048169,4 --trace-process-track-uuid=3190708999430457380 --mojo-platform-channel-handle=6128 /prefetch:14",False,.\artefacts\event_logs\Security.evtx,Audit success,0,"{""EventData"":{""Data"":[{""@Name"":""SubjectUserSid"",""#text"":""S-1-5-21-4209295338-567392030-2519289182-1001""},{""@Name"":""SubjectUserName"",""#text"":""dfanalyst""},{""@Name"":""SubjectDomainName"",""#text"":""disstestbedvm""},{""@Name"":""SubjectLogonId"",""#text"":""0x1C59E""},{""@Name"":""NewProcessId"",""#text"":""0x2200""},{""@Name"":""NewProcessName"",""#text"":""C:\\Program Files (x86)\\Microsoft\\Edge\\Application\\msedge.exe""},{""@Name"":""TokenElevationType"",""#text"":""%%1938""},{""@Name"":""ProcessId"",""#text"":""0x29C0""},{""@Name"":""CommandLine"",""#text"":""\""C:\\Program Files (x86)\\Microsoft\\Edge\\Application\\msedge.exe\"" --type=utility --utility-sub-type=unzip.mojom.Unzipper --lang=en-US --service-sandbox-type=service --skip-read-main-dll --metrics-shmem-handle=6944,i,7200410034586231908,11223910632492935313,524288 --field-trial-handle=2476,i,17182035845370454791,15354448509732342254,262144 --variations-seed-version --pseudonymization-salt-handle=2412,i,7137466440942964473,4096696584347048169,4 --trace-process-track-uuid=3190708999430457380 --mojo-platform-channel-handle=6128 /prefetch:14""},{""@Name"":""TargetUserSid"",""#text"":""S-1-0-0""},{""@Name"":""TargetUserName"",""#text"":""-""},{""@Name"":""TargetDomainName"",""#text"":""-""},{""@Name"":""TargetLogonId"",""#text"":""0x0""},{""@Name"":""ParentProcessName"",""#text"":""C:\\Program Files (x86)\\Microsoft\\Edge\\Application\\msedge.exe""},{""@Name"":""MandatoryLabel"",""#text"":""S-1-16-4096""}]}}"
35124,35124,2026-08-23 01:38:52.1229059,4689,LogAlways,Microsoft-Windows-Security-Auditing,Security,4,7220,disstestbedvm,421,,A process has exited,disstestbedvm\dfanalyst,,,PID: 0x2200,,,,,C:\Program Files (x86)\Microsoft\Edge\Application\msedge.exe,False,.\artefacts\event_logs\Security.evtx,Audit success,0,"{""EventData"":{""Data"":[{""@Name"":""SubjectUserSid"",""#text"":""S-1-5-21-4209295338-567392030-2519289182-1001""},{""@Name"":""SubjectUserName"",""#text"":""dfanalyst""},{""@Name"":""SubjectDomainName"",""#text"":""disstestbedvm""},{""@Name"":""SubjectLogonId"",""#text"":""0x1C59E""},{""@Name"":""Status"",""#text"":""0x0""},{""@Name"":""ProcessId"",""#text"":""0x2200""},{""@Name"":""ProcessName"",""#text"":""C:\\Program Files (x86)\\Microsoft\\Edge\\Application\\msedge.exe""}]}}"
35125,35125,2026-08-23 01:39:01.5956846,4689,LogAlways,Microsoft-Windows-Security-Auditing,Security,4,2660,disstestbedvm,421,,A process has exited,disstestbedvm\dfanalyst,,,PID: 0x17FC,,,,,C:\Program Files\WindowsApps\Microsoft.WindowsStore_22606.1401.13.0_x64__8wekyb3d8bbwe\StoreDesktopExtension.exe,False,.\artefacts\event_logs\Security.evtx,Audit success,0,"{""EventData"":{""Data"":[{""@Name"":""SubjectUserSid"",""#text"":""S-1-5-21-4209295338-567392030-2519289182-1001""},{""@Name"":""SubjectUserName"",""#text"":""dfanalyst""},{""@Name"":""SubjectDomainName"",""#text"":""disstestbedvm""},{""@Name"":""SubjectLogonId"",""#text"":""0x1C59E""},{""@Name"":""Status"",""#text"":""0x0""},{""@Name"":""ProcessId"",""#text"":""0x17FC""},{""@Name"":""ProcessName"",""#text"":""C:\\Program Files\\WindowsApps\\Microsoft.WindowsStore_22606.1401.13.0_x64__8wekyb3d8bbwe\\StoreDesktopExtension.exe""}]}}"
35126,35126,2026-08-23 01:39:01.7960703,4689,LogAlways,Microsoft-Windows-Security-Auditing,Security,4,2660,disstestbedvm,421,,A process has exited,disstestbedvm\dfanalyst,,,PID: 0x1604,,,,,C:\Windows\System32\backgroundTaskHost.exe,False,.\artefacts\event_logs\Security.evtx,Audit success,0,"{""EventData"":{""Data"":[{""@Name"":""SubjectUserSid"",""#text"":""S-1-5-21-4209295338-567392030-2519289182-1001""},{""@Name"":""SubjectUserName"",""#text"":""dfanalyst""},{""@Name"":""SubjectDomainName"",""#text"":""disstestbedvm""},{""@Name"":""SubjectLogonId"",""#text"":""0x1C59E""},{""@Name"":""Status"",""#text"":""0x1""},{""@Name"":""ProcessId"",""#text"":""0x1604""},{""@Name"":""ProcessName"",""#text"":""C:\\Windows\\System32\\backgroundTaskHost.exe""}]}}"
35127,35127,2026-08-23 01:39:02.1052694,4689,LogAlways,Microsoft-Windows-Security-Auditing,Security,4,2660,disstestbedvm,421,,A process has exited,disstestbedvm\dfanalyst,,,PID: 0x1194,,,,,C:\Windows\System32\backgroundTaskHost.exe,False,.\artefacts\event_logs\Security.evtx,Audit success,0,"{""EventData"":{""Data"":[{""@Name"":""SubjectUserSid"",""#text"":""S-1-5-21-4209295338-567392030-2519289182-1001""},{""@Name"":""SubjectUserName"",""#text"":""dfanalyst""},{""@Name"":""SubjectDomainName"",""#text"":""disstestbedvm""},{""@Name"":""SubjectLogonId"",""#text"":""0x1C59E""},{""@Name"":""Status"",""#text"":""0x1""},{""@Name"":""ProcessId"",""#text"":""0x1194""},{""@Name"":""ProcessName"",""#text"":""C:\\Windows\\System32\\backgroundTaskHost.exe""}]}}"
35128,35128,2026-08-23 01:39:02.3288179,4689,LogAlways,Microsoft-Windows-Security-Auditing,Security,4,68,disstestbedvm,421,,A process has exited,disstestbedvm\dfanalyst,,,PID: 0x2ED0,,,,,C:\Windows\System32\backgroundTaskHost.exe,False,.\artefacts\event_logs\Security.evtx,Audit success,0,"{""EventData"":{""Data"":[{""@Name"":""SubjectUserSid"",""#text"":""S-1-5-21-4209295338-567392030-2519289182-1001""},{""@Name"":""SubjectUserName"",""#text"":""dfanalyst""},{""@Name"":""SubjectDomainName"",""#text"":""disstestbedvm""},{""@Name"":""SubjectLogonId"",""#text"":""0x1C59E""},{""@Name"":""Status"",""#text"":""0x1""},{""@Name"":""ProcessId"",""#text"":""0x2ED0""},{""@Name"":""ProcessName"",""#text"":""C:\\Windows\\System32\\backgroundTaskHost.exe""}]}}"
35129,35129,2026-08-23 01:39:02.6027692,4689,LogAlways,Microsoft-Windows-Security-Auditing,Security,4,68,disstestbedvm,421,,A process has exited,disstestbedvm\dfanalyst,,,PID: 0x2EEC,,,,,C:\Windows\System32\backgroundTaskHost.exe,False,.\artefacts\event_logs\Security.evtx,Audit success,0,"{""EventData"":{""Data"":[{""@Name"":""SubjectUserSid"",""#text"":""S-1-5-21-4209295338-567392030-2519289182-1001""},{""@Name"":""SubjectUserName"",""#text"":""dfanalyst""},{""@Name"":""SubjectDomainName"",""#text"":""disstestbedvm""},{""@Name"":""SubjectLogonId"",""#text"":""0x1C59E""},{""@Name"":""Status"",""#text"":""0x1""},{""@Name"":""ProcessId"",""#text"":""0x2EEC""},{""@Name"":""ProcessName"",""#text"":""C:\\Windows\\System32\\backgroundTaskHost.exe""}]}}"
35130,35130,2026-08-23 01:39:02.6685495,4689,LogAlways,Microsoft-Windows-Security-Auditing,Security,4,68,disstestbedvm,421,,A process has exited,disstestbedvm\dfanalyst,,,PID: 0xDB0,,,,,C:\Windows\System32\backgroundTaskHost.exe,False,.\artefacts\event_logs\Security.evtx,Audit success,0,"{""EventData"":{""Data"":[{""@Name"":""SubjectUserSid"",""#text"":""S-1-5-21-4209295338-567392030-2519289182-1001""},{""@Name"":""SubjectUserName"",""#text"":""dfanalyst""},{""@Name"":""SubjectDomainName"",""#text"":""disstestbedvm""},{""@Name"":""SubjectLogonId"",""#text"":""0x1C59E""},{""@Name"":""Status"",""#text"":""0x1""},{""@Name"":""ProcessId"",""#text"":""0xDB0""},{""@Name"":""ProcessName"",""#text"":""C:\\Windows\\System32\\backgroundTaskHost.exe""}]}}"
35131,35131,2026-08-23 01:39:02.7193329,4689,LogAlways,Microsoft-Windows-Security-Auditing,Security,4,68,disstestbedvm,421,,A process has exited,disstestbedvm\dfanalyst,,,PID: 0x2E74,,,,,C:\Windows\System32\backgroundTaskHost.exe,False,.\artefacts\event_logs\Security.evtx,Audit success,0,"{""EventData"":{""Data"":[{""@Name"":""SubjectUserSid"",""#text"":""S-1-5-21-4209295338-567392030-2519289182-1001""},{""@Name"":""SubjectUserName"",""#text"":""dfanalyst""},{""@Name"":""SubjectDomainName"",""#text"":""disstestbedvm""},{""@Name"":""SubjectLogonId"",""#text"":""0x1C59E""},{""@Name"":""Status"",""#text"":""0x1""},{""@Name"":""ProcessId"",""#text"":""0x2E74""},{""@Name"":""ProcessName"",""#text"":""C:\\Windows\\System32\\backgroundTaskHost.exe""}]}}"
35132,35132,2026-08-23 01:39:02.7193453,4689,LogAlways,Microsoft-Windows-Security-Auditing,Security,4,68,disstestbedvm,421,,A process has exited,disstestbedvm\dfanalyst,,,PID: 0x55C,,,,,C:\Windows\System32\backgroundTaskHost.exe,False,.\artefacts\event_logs\Security.evtx,Audit success,0,"{""EventData"":{""Data"":[{""@Name"":""SubjectUserSid"",""#text"":""S-1-5-21-4209295338-567392030-2519289182-1001""},{""@Name"":""SubjectUserName"",""#text"":""dfanalyst""},{""@Name"":""SubjectDomainName"",""#text"":""disstestbedvm""},{""@Name"":""SubjectLogonId"",""#text"":""0x1C59E""},{""@Name"":""Status"",""#text"":""0x1""},{""@Name"":""ProcessId"",""#text"":""0x55C""},{""@Name"":""ProcessName"",""#text"":""C:\\Windows\\System32\\backgroundTaskHost.exe""}]}}"
35133,35133,2026-08-23 01:39:02.7260329,4689,LogAlways,Microsoft-Windows-Security-Auditing,Security,4,7220,disstestbedvm,421,,A process has exited,disstestbedvm\dfanalyst,,,PID: 0x1758,,,,,C:\Windows\System32\oobe\UserOOBEBroker.exe,False,.\artefacts\event_logs\Security.evtx,Audit success,0,"{""EventData"":{""Data"":[{""@Name"":""SubjectUserSid"",""#text"":""S-1-5-21-4209295338-567392030-2519289182-1001""},{""@Name"":""SubjectUserName"",""#text"":""dfanalyst""},{""@Name"":""SubjectDomainName"",""#text"":""disstestbedvm""},{""@Name"":""SubjectLogonId"",""#text"":""0x1C59E""},{""@Name"":""Status"",""#text"":""0x0""},{""@Name"":""ProcessId"",""#text"":""0x1758""},{""@Name"":""ProcessName"",""#text"":""C:\\Windows\\System32\\oobe\\UserOOBEBroker.exe""}]}}"
35134,35134,2026-08-23 01:39:02.7332747,4689,LogAlways,Microsoft-Windows-Security-Auditing,Security,4,2660,disstestbedvm,421,,A process has exited,disstestbedvm\dfanalyst,,,PID: 0xF24,,,,,C:\Windows\System32\backgroundTaskHost.exe,False,.\artefacts\event_logs\Security.evtx,Audit success,0,"{""EventData"":{""Data"":[{""@Name"":""SubjectUserSid"",""#text"":""S-1-5-21-4209295338-567392030-2519289182-1001""},{""@Name"":""SubjectUserName"",""#text"":""dfanalyst""},{""@Name"":""SubjectDomainName"",""#text"":""disstestbedvm""},{""@Name"":""SubjectLogonId"",""#text"":""0x1C59E""},{""@Name"":""Status"",""#text"":""0x1""},{""@Name"":""ProcessId"",""#text"":""0xF24""},{""@Name"":""ProcessName"",""#text"":""C:\\Windows\\System32\\backgroundTaskHost.exe""}]}}"
35135,35135,2026-08-23 01:39:04.4160516,4689,LogAlways,Microsoft-Windows-Security-Auditing,Security,4,2660,disstestbedvm,421,,A process has exited,disstestbedvm\dfanalyst,,,PID: 0x2438,,,,,C:\Windows\System32\backgroundTaskHost.exe,False,.\artefacts\event_logs\Security.evtx,Audit success,0,"{""EventData"":{""Data"":[{""@Name"":""SubjectUserSid"",""#text"":""S-1-5-21-4209295338-567392030-2519289182-1001""},{""@Name"":""SubjectUserName"",""#text"":""dfanalyst""},{""@Name"":""SubjectDomainName"",""#text"":""disstestbedvm""},{""@Name"":""SubjectLogonId"",""#text"":""0x1C59E""},{""@Name"":""Status"",""#text"":""0x1""},{""@Name"":""ProcessId"",""#text"":""0x2438""},{""@Name"":""ProcessName"",""#text"":""C:\\Windows\\System32\\backgroundTaskHost.exe""}]}}"
35136,35136,2026-08-23 01:39:04.4338716,4689,LogAlways,Microsoft-Windows-Security-Auditing,Security,4,2660,disstestbedvm,422,,A process has exited,disstestbedvm\dfanalyst,,,PID: 0x64C,,,,,C:\Program Files\WindowsApps\Microsoft.DesktopAppInstaller_1.29.279.0_x64__8wekyb3d8bbwe\WindowsPackageManagerServer.exe,False,.\artefacts\event_logs\Security.evtx,Audit success,0,"{""EventData"":{""Data"":[{""@Name"":""SubjectUserSid"",""#text"":""S-1-5-21-4209295338-567392030-2519289182-1001""},{""@Name"":""SubjectUserName"",""#text"":""dfanalyst""},{""@Name"":""SubjectDomainName"",""#text"":""disstestbedvm""},{""@Name"":""SubjectLogonId"",""#text"":""0x1C59E""},{""@Name"":""Status"",""#text"":""0x0""},{""@Name"":""ProcessId"",""#text"":""0x64C""},{""@Name"":""ProcessName"",""#text"":""C:\\Program Files\\WindowsApps\\Microsoft.DesktopAppInstaller_1.29.279.0_x64__8wekyb3d8bbwe\\WindowsPackageManagerServer.exe""}]}}"
35137,35137,2026-08-23 01:39:04.6231279,4689,LogAlways,Microsoft-Windows-Security-Auditing,Security,4,7220,disstestbedvm,422,,A process has exited,disstestbedvm\dfanalyst,,,PID: 0x104C,,,,,C:\Windows\System32\RuntimeBroker.exe,False,.\artefacts\event_logs\Security.evtx,Audit success,0,"{""EventData"":{""Data"":[{""@Name"":""SubjectUserSid"",""#text"":""S-1-5-21-4209295338-567392030-2519289182-1001""},{""@Name"":""SubjectUserName"",""#text"":""dfanalyst""},{""@Name"":""SubjectDomainName"",""#text"":""disstestbedvm""},{""@Name"":""SubjectLogonId"",""#text"":""0x1C59E""},{""@Name"":""Status"",""#text"":""0x0""},{""@Name"":""ProcessId"",""#text"":""0x104C""},{""@Name"":""ProcessName"",""#text"":""C:\\Windows\\System32\\RuntimeBroker.exe""}]}}"
35138,35138,2026-08-23 01:39:18.8364633,4688,LogAlways,Microsoft-Windows-Security-Auditing,Security,4,7200,disstestbedvm,422,,A new process has been created,WORKGROUP\DISSTESTBEDVM$,,Parent process: C:\Windows\System32\SearchIndexer.exe,PID: 0x1150,Parent PID: 0x1524,Mandatory label: SECURITY_MANDATORY_SYSTEM_RID,Target User: -\-,,"C:\Windows\System32\SearchProtocolHost.exe ""C:\WINDOWS\System32\SearchProtocolHost.exe"" Global\UsGthrFltPipeMssGthrPipe2_ Global\UsGthrCtrlFltPipeMssGthrPipe2 1 -2147483646 ""Software\Microsoft\Windows Search"" ""Mozilla/4.0 (compatible; MSIE 6.0; Windows NT; MS Search 4.0 Robot)"" ""C:\ProgramData\Microsoft\Search\Data\Temp\usgthrsvc"" ""DownLevelDaemon"" ",False,.\artefacts\event_logs\Security.evtx,Audit success,0,"{""EventData"":{""Data"":[{""@Name"":""SubjectUserSid"",""#text"":""S-1-5-18""},{""@Name"":""SubjectUserName"",""#text"":""DISSTESTBEDVM$""},{""@Name"":""SubjectDomainName"",""#text"":""WORKGROUP""},{""@Name"":""SubjectLogonId"",""#text"":""0x3E7""},{""@Name"":""NewProcessId"",""#text"":""0x1524""},{""@Name"":""NewProcessName"",""#text"":""C:\\Windows\\System32\\SearchProtocolHost.exe""},{""@Name"":""TokenElevationType"",""#text"":""%%1936""},{""@Name"":""ProcessId"",""#text"":""0x1150""},{""@Name"":""CommandLine"",""#text"":""\""C:\\WINDOWS\\System32\\SearchProtocolHost.exe\"" Global\\UsGthrFltPipeMssGthrPipe2_ Global\\UsGthrCtrlFltPipeMssGthrPipe2 1 -2147483646 \""Software\\Microsoft\\Windows Search\"" \""Mozilla/4.0 (compatible; MSIE 6.0; Windows NT; MS Search 4.0 Robot)\"" \""C:\\ProgramData\\Microsoft\\Search\\Data\\Temp\\usgthrsvc\"" \""DownLevelDaemon\"" ""},{""@Name"":""TargetUserSid"",""#text"":""S-1-0-0""},{""@Name"":""TargetUserName"",""#text"":""-""},{""@Name"":""TargetDomainName"",""#text"":""-""},{""@Name"":""TargetLogonId"",""#text"":""0x0""},{""@Name"":""ParentProcessName"",""#text"":""C:\\Windows\\System32\\SearchIndexer.exe""},{""@Name"":""MandatoryLabel"",""#text"":""S-1-16-16384""}]}}"
35139,35139,2026-08-23 01:39:18.8733410,4688,LogAlways,Microsoft-Windows-Security-Auditing,Security,4,2660,disstestbedvm,422,,A new process has been created,WORKGROUP\DISSTESTBEDVM$,,Parent process: C:\Windows\System32\SearchIndexer.exe,PID: 0x1150,Parent PID: 0x5B8,Mandatory label: SECURITY_MANDATORY_MEDIUM_RID,Target User: -\-,,"C:\Windows\System32\SearchFilterHost.exe ""C:\WINDOWS\System32\SearchFilterHost.exe"" 900 1468 2480 884 {5E941D80-BF96-11CD-B579-08002B30BFEB}",False,.\artefacts\event_logs\Security.evtx,Audit success,0,"{""EventData"":{""Data"":[{""@Name"":""SubjectUserSid"",""#text"":""S-1-5-18""},{""@Name"":""SubjectUserName"",""#text"":""DISSTESTBEDVM$""},{""@Name"":""SubjectDomainName"",""#text"":""WORKGROUP""},{""@Name"":""SubjectLogonId"",""#text"":""0x3E7""},{""@Name"":""NewProcessId"",""#text"":""0x5B8""},{""@Name"":""NewProcessName"",""#text"":""C:\\Windows\\System32\\SearchFilterHost.exe""},{""@Name"":""TokenElevationType"",""#text"":""%%1936""},{""@Name"":""ProcessId"",""#text"":""0x1150""},{""@Name"":""CommandLine"",""#text"":""\""C:\\WINDOWS\\System32\\SearchFilterHost.exe\"" 900 1468 2480 884 {5E941D80-BF96-11CD-B579-08002B30BFEB}""},{""@Name"":""TargetUserSid"",""#text"":""S-1-0-0""},{""@Name"":""TargetUserName"",""#text"":""-""},{""@Name"":""TargetDomainName"",""#text"":""-""},{""@Name"":""TargetLogonId"",""#text"":""0x0""},{""@Name"":""ParentProcessName"",""#text"":""C:\\Windows\\System32\\SearchIndexer.exe""},{""@Name"":""MandatoryLabel"",""#text"":""S-1-16-8192""}]}}"
35140,35140,2026-08-23 01:39:32.1079837,4689,LogAlways,Microsoft-Windows-Security-Auditing,Security,4,7220,disstestbedvm,422,,A process has exited,disstestbedvm\dfanalyst,,,PID: 0x29F8,,,,,C:\Windows\System32\RuntimeBroker.exe,False,.\artefacts\event_logs\Security.evtx,Audit success,0,"{""EventData"":{""Data"":[{""@Name"":""SubjectUserSid"",""#text"":""S-1-5-21-4209295338-567392030-2519289182-1001""},{""@Name"":""SubjectUserName"",""#text"":""dfanalyst""},{""@Name"":""SubjectDomainName"",""#text"":""disstestbedvm""},{""@Name"":""SubjectLogonId"",""#text"":""0x1C59E""},{""@Name"":""Status"",""#text"":""0x0""},{""@Name"":""ProcessId"",""#text"":""0x29F8""},{""@Name"":""ProcessName"",""#text"":""C:\\Windows\\System32\\RuntimeBroker.exe""}]}}"
35141,35141,2026-08-23 01:39:32.6219437,4689,LogAlways,Microsoft-Windows-Security-Auditing,Security,4,2660,disstestbedvm,422,,A process has exited,disstestbedvm\dfanalyst,,,PID: 0x2EC0,,,,,C:\Windows\System32\RuntimeBroker.exe,False,.\artefacts\event_logs\Security.evtx,Audit success,0,"{""EventData"":{""Data"":[{""@Name"":""SubjectUserSid"",""#text"":""S-1-5-21-4209295338-567392030-2519289182-1001""},{""@Name"":""SubjectUserName"",""#text"":""dfanalyst""},{""@Name"":""SubjectDomainName"",""#text"":""disstestbedvm""},{""@Name"":""SubjectLogonId"",""#text"":""0x1C59E""},{""@Name"":""Status"",""#text"":""0x0""},{""@Name"":""ProcessId"",""#text"":""0x2EC0""},{""@Name"":""ProcessName"",""#text"":""C:\\Windows\\System32\\RuntimeBroker.exe""}]}}"
35142,35142,2026-08-23 01:39:34.4204496,4689,LogAlways,Microsoft-Windows-Security-Auditing,Security,4,2660,disstestbedvm,422,,A process has exited,disstestbedvm\dfanalyst,,,PID: 0x1954,,,,,C:\Windows\System32\RuntimeBroker.exe,False,.\artefacts\event_logs\Security.evtx,Audit success,0,"{""EventData"":{""Data"":[{""@Name"":""SubjectUserSid"",""#text"":""S-1-5-21-4209295338-567392030-2519289182-1001""},{""@Name"":""SubjectUserName"",""#text"":""dfanalyst""},{""@Name"":""SubjectDomainName"",""#text"":""disstestbedvm""},{""@Name"":""SubjectLogonId"",""#text"":""0x1C59E""},{""@Name"":""Status"",""#text"":""0x0""},{""@Name"":""ProcessId"",""#text"":""0x1954""},{""@Name"":""ProcessName"",""#text"":""C:\\Windows\\System32\\RuntimeBroker.exe""}]}}"
35143,35143,2026-08-23 01:39:35.6137880,4688,LogAlways,Microsoft-Windows-Security-Auditing,Security,4,7220,disstestbedvm,422,,A new process has been created,WORKGROUP\DISSTESTBEDVM$,,Parent process: C:\Windows\System32\svchost.exe,PID: 0x2498,Parent PID: 0xC78,Mandatory label: SECURITY_MANDATORY_SYSTEM_RID,Target User: -\-,,"C:\Windows\UUS\amd64\wuaucltcore.exe ""C:\WINDOWS\uus\AMD64\wuaucltcore.exe"" /DeploymentHandlerFullPath \\?\C:\Windows\UUS\AMD64\UpdateDeploy.dll /ClassId e6c28b7d-a9bd-4589-9f8f-1df7ce0f4894 /RunHandlerComServer",False,.\artefacts\event_logs\Security.evtx,Audit success,0,"{""EventData"":{""Data"":[{""@Name"":""SubjectUserSid"",""#text"":""S-1-5-18""},{""@Name"":""SubjectUserName"",""#text"":""DISSTESTBEDVM$""},{""@Name"":""SubjectDomainName"",""#text"":""WORKGROUP""},{""@Name"":""SubjectLogonId"",""#text"":""0x3E7""},{""@Name"":""NewProcessId"",""#text"":""0xC78""},{""@Name"":""NewProcessName"",""#text"":""C:\\Windows\\UUS\\amd64\\wuaucltcore.exe""},{""@Name"":""TokenElevationType"",""#text"":""%%1936""},{""@Name"":""ProcessId"",""#text"":""0x2498""},{""@Name"":""CommandLine"",""#text"":""\""C:\\WINDOWS\\uus\\AMD64\\wuaucltcore.exe\"" /DeploymentHandlerFullPath \\\\?\\C:\\Windows\\UUS\\AMD64\\UpdateDeploy.dll /ClassId e6c28b7d-a9bd-4589-9f8f-1df7ce0f4894 /RunHandlerComServer""},{""@Name"":""TargetUserSid"",""#text"":""S-1-0-0""},{""@Name"":""TargetUserName"",""#text"":""-""},{""@Name"":""TargetDomainName"",""#text"":""-""},{""@Name"":""TargetLogonId"",""#text"":""0x0""},{""@Name"":""ParentProcessName"",""#text"":""C:\\Windows\\System32\\svchost.exe""},{""@Name"":""MandatoryLabel"",""#text"":""S-1-16-16384""}]}}"
35144,35144,2026-08-23 01:39:35.7647505,4688,LogAlways,Microsoft-Windows-Security-Auditing,Security,4,7216,disstestbedvm,422,,A new process has been created,WORKGROUP\DISSTESTBEDVM$,,Parent process: C:\Windows\UUS\amd64\wuaucltcore.exe,PID: 0xC78,Parent PID: 0xA5C,Mandatory label: SECURITY_MANDATORY_SYSTEM_RID,Target User: -\-,,"C:\Windows\SoftwareDistribution\Download\Install\AM_Delta.exe ""C:\WINDOWS\SoftwareDistribution\Download\Install\AM_Delta.exe"" WD /q",False,.\artefacts\event_logs\Security.evtx,Audit success,0,"{""EventData"":{""Data"":[{""@Name"":""SubjectUserSid"",""#text"":""S-1-5-18""},{""@Name"":""SubjectUserName"",""#text"":""DISSTESTBEDVM$""},{""@Name"":""SubjectDomainName"",""#text"":""WORKGROUP""},{""@Name"":""SubjectLogonId"",""#text"":""0x3E7""},{""@Name"":""NewProcessId"",""#text"":""0xA5C""},{""@Name"":""NewProcessName"",""#text"":""C:\\Windows\\SoftwareDistribution\\Download\\Install\\AM_Delta.exe""},{""@Name"":""TokenElevationType"",""#text"":""%%1936""},{""@Name"":""ProcessId"",""#text"":""0xC78""},{""@Name"":""CommandLine"",""#text"":""\""C:\\WINDOWS\\SoftwareDistribution\\Download\\Install\\AM_Delta.exe\"" WD /q""},{""@Name"":""TargetUserSid"",""#text"":""S-1-0-0""},{""@Name"":""TargetUserName"",""#text"":""-""},{""@Name"":""TargetDomainName"",""#text"":""-""},{""@Name"":""TargetLogonId"",""#text"":""0x0""},{""@Name"":""ParentProcessName"",""#text"":""C:\\Windows\\UUS\\amd64\\wuaucltcore.exe""},{""@Name"":""MandatoryLabel"",""#text"":""S-1-16-16384""}]}}"
35145,35145,2026-08-23 01:39:35.7979250,4688,LogAlways,Microsoft-Windows-Security-Auditing,Security,4,7200,disstestbedvm,422,,A new process has been created,WORKGROUP\DISSTESTBEDVM$,,Parent process: C:\Windows\UUS\amd64\wuaucltcore.exe,PID: 0xC78,Parent PID: 0x3C0,Mandatory label: SECURITY_MANDATORY_SYSTEM_RID,Target User: -\-,,C:\Windows\System32\MpSigStub.exe C:\WINDOWS\system32\MpSigStub.exe /stub 1.1.24010.2001 /payload 1.457.297.0 /MpWUStub /program C:\WINDOWS\SoftwareDistribution\Download\Install\AM_Delta.exe WD /q,False,.\artefacts\event_logs\Security.evtx,Audit success,0,"{""EventData"":{""Data"":[{""@Name"":""SubjectUserSid"",""#text"":""S-1-5-18""},{""@Name"":""SubjectUserName"",""#text"":""DISSTESTBEDVM$""},{""@Name"":""SubjectDomainName"",""#text"":""WORKGROUP""},{""@Name"":""SubjectLogonId"",""#text"":""0x3E7""},{""@Name"":""NewProcessId"",""#text"":""0x3C0""},{""@Name"":""NewProcessName"",""#text"":""C:\\Windows\\System32\\MpSigStub.exe""},{""@Name"":""TokenElevationType"",""#text"":""%%1936""},{""@Name"":""ProcessId"",""#text"":""0xC78""},{""@Name"":""CommandLine"",""#text"":""C:\\WINDOWS\\system32\\MpSigStub.exe /stub 1.1.24010.2001 /payload 1.457.297.0 /MpWUStub /program C:\\WINDOWS\\SoftwareDistribution\\Download\\Install\\AM_Delta.exe WD /q""},{""@Name"":""TargetUserSid"",""#text"":""S-1-0-0""},{""@Name"":""TargetUserName"",""#text"":""-""},{""@Name"":""TargetDomainName"",""#text"":""-""},{""@Name"":""TargetLogonId"",""#text"":""0x0""},{""@Name"":""ParentProcessName"",""#text"":""C:\\Windows\\UUS\\amd64\\wuaucltcore.exe""},{""@Name"":""MandatoryLabel"",""#text"":""S-1-16-16384""}]}}"
35156,35156,2026-08-23 01:39:50.7183565,4689,LogAlways,Microsoft-Windows-Security-Auditing,Security,4,68,disstestbedvm,422,,A process has exited,disstestbedvm\dfanalyst,,,PID: 0x2CDC,,,,,C:\Program Files\Notepad++\notepad++.exe,False,.\artefacts\event_logs\Security.evtx,Audit success,0,"{""EventData"":{""Data"":[{""@Name"":""SubjectUserSid"",""#text"":""S-1-5-21-4209295338-567392030-2519289182-1001""},{""@Name"":""SubjectUserName"",""#text"":""dfanalyst""},{""@Name"":""SubjectDomainName"",""#text"":""disstestbedvm""},{""@Name"":""SubjectLogonId"",""#text"":""0x1C59E""},{""@Name"":""Status"",""#text"":""0x0""},{""@Name"":""ProcessId"",""#text"":""0x2CDC""},{""@Name"":""ProcessName"",""#text"":""C:\\Program Files\\Notepad++\\notepad++.exe""}]}}"
35157,35157,2026-08-23 01:40:14.9227784,4689,LogAlways,Microsoft-Windows-Security-Auditing,Security,4,7200,disstestbedvm,422,,A process has exited,disstestbedvm\dfanalyst,,,PID: 0xE68,,,,,C:\Windows\System32\backgroundTaskHost.exe,False,.\artefacts\event_logs\Security.evtx,Audit success,0,"{""EventData"":{""Data"":[{""@Name"":""SubjectUserSid"",""#text"":""S-1-5-21-4209295338-567392030-2519289182-1001""},{""@Name"":""SubjectUserName"",""#text"":""dfanalyst""},{""@Name"":""SubjectDomainName"",""#text"":""disstestbedvm""},{""@Name"":""SubjectLogonId"",""#text"":""0x1C59E""},{""@Name"":""Status"",""#text"":""0x1""},{""@Name"":""ProcessId"",""#text"":""0xE68""},{""@Name"":""ProcessName"",""#text"":""C:\\Windows\\System32\\backgroundTaskHost.exe""}]}}"
35158,35158,2026-08-23 01:40:15.5028507,4663,LogAlways,Microsoft-Windows-Security-Auditing,Security,4,7220,disstestbedvm,422,,Attempt was made to access an object,disstestbedvm\dfanalyst,,ObjectServer: Security,ObjectType: File,ObjectName: \Device\CdRom0\,"AccessList: Unknown code (%%4416, )",,,C:\Windows\explorer.exe,False,.\artefacts\event_logs\Security.evtx,Audit success,0,"{""EventData"":{""Data"":[{""@Name"":""SubjectUserSid"",""#text"":""S-1-5-21-4209295338-567392030-2519289182-1001""},{""@Name"":""SubjectUserName"",""#text"":""dfanalyst""},{""@Name"":""SubjectDomainName"",""#text"":""disstestbedvm""},{""@Name"":""SubjectLogonId"",""#text"":""0x1C59E""},{""@Name"":""ObjectServer"",""#text"":""Security""},{""@Name"":""ObjectType"",""#text"":""File""},{""@Name"":""ObjectName"",""#text"":""\\Device\\CdRom0\\""},{""@Name"":""HandleId"",""#text"":""0x3F18""},{""@Name"":""AccessList"",""#text"":""%%4416, ""},{""@Name"":""AccessMask"",""#text"":""0x1""},{""@Name"":""ProcessId"",""#text"":""0x162C""},{""@Name"":""ProcessName"",""#text"":""C:\\Windows\\explorer.exe""},{""@Name"":""ResourceAttributes""}]}}"
35159,35159,2026-08-23 01:40:15.5034979,4663,LogAlways,Microsoft-Windows-Security-Auditing,Security,4,7220,disstestbedvm,422,,Attempt was made to access an object,disstestbedvm\dfanalyst,,ObjectServer: Security,ObjectType: File,ObjectName: \Device\CdRom0\,"AccessList: Unknown code (%%4416, )",,,C:\Windows\explorer.exe,False,.\artefacts\event_logs\Security.evtx,Audit success,0,"{""EventData"":{""Data"":[{""@Name"":""SubjectUserSid"",""#text"":""S-1-5-21-4209295338-567392030-2519289182-1001""},{""@Name"":""SubjectUserName"",""#text"":""dfanalyst""},{""@Name"":""SubjectDomainName"",""#text"":""disstestbedvm""},{""@Name"":""SubjectLogonId"",""#text"":""0x1C59E""},{""@Name"":""ObjectServer"",""#text"":""Security""},{""@Name"":""ObjectType"",""#text"":""File""},{""@Name"":""ObjectName"",""#text"":""\\Device\\CdRom0\\""},{""@Name"":""HandleId"",""#text"":""0x3F1C""},{""@Name"":""AccessList"",""#text"":""%%4416, ""},{""@Name"":""AccessMask"",""#text"":""0x1""},{""@Name"":""ProcessId"",""#text"":""0x162C""},{""@Name"":""ProcessName"",""#text"":""C:\\Windows\\explorer.exe""},{""@Name"":""ResourceAttributes""}]}}"
35160,35160,2026-08-23 01:40:15.5108549,4663,LogAlways,Microsoft-Windows-Security-Auditing,Security,4,3836,disstestbedvm,422,,Attempt was made to access an object,disstestbedvm\dfanalyst,,ObjectServer: Security,ObjectType: File,ObjectName: \Device\CdRom0\setup.exe,"AccessList: Unknown code (%%4416, )",,,C:\Windows\explorer.exe,False,.\artefacts\event_logs\Security.evtx,Audit success,0,"{""EventData"":{""Data"":[{""@Name"":""SubjectUserSid"",""#text"":""S-1-5-21-4209295338-567392030-2519289182-1001""},{""@Name"":""SubjectUserName"",""#text"":""dfanalyst""},{""@Name"":""SubjectDomainName"",""#text"":""disstestbedvm""},{""@Name"":""SubjectLogonId"",""#text"":""0x1C59E""},{""@Name"":""ObjectServer"",""#text"":""Security""},{""@Name"":""ObjectType"",""#text"":""File""},{""@Name"":""ObjectName"",""#text"":""\\Device\\CdRom0\\setup.exe""},{""@Name"":""HandleId"",""#text"":""0x3EF8""},{""@Name"":""AccessList"",""#text"":""%%4416, ""},{""@Name"":""AccessMask"",""#text"":""0x1""},{""@Name"":""ProcessId"",""#text"":""0x162C""},{""@Name"":""ProcessName"",""#text"":""C:\\Windows\\explorer.exe""},{""@Name"":""ResourceAttributes""}]}}"
35161,35161,2026-08-23 01:40:18.0957164,4688,LogAlways,Microsoft-Windows-Security-Auditing,Security,4,400,disstestbedvm,422,,A new process has been created,WORKGROUP\DISSTESTBEDVM$,,Parent process: C:\Windows\System32\svchost.exe,PID: 0x130,Parent PID: 0x1100,Mandatory label: SECURITY_MANDATORY_MEDIUM_RID,Target User: disstestbedvm\dfanalyst,,"C:\Windows\System32\rundll32.exe C:\WINDOWS\System32\rundll32.exe C:\WINDOWS\System32\shell32.dll,SHCreateLocalServerRunDll {9aa46009-3ce0-458a-a354-715610a075e6} -Embedding",False,.\artefacts\event_logs\Security.evtx,Audit success,0,"{""EventData"":{""Data"":[{""@Name"":""SubjectUserSid"",""#text"":""S-1-5-18""},{""@Name"":""SubjectUserName"",""#text"":""DISSTESTBEDVM$""},{""@Name"":""SubjectDomainName"",""#text"":""WORKGROUP""},{""@Name"":""SubjectLogonId"",""#text"":""0x3E7""},{""@Name"":""NewProcessId"",""#text"":""0x1100""},{""@Name"":""NewProcessName"",""#text"":""C:\\Windows\\System32\\rundll32.exe""},{""@Name"":""TokenElevationType"",""#text"":""%%1938""},{""@Name"":""ProcessId"",""#text"":""0x130""},{""@Name"":""CommandLine"",""#text"":""C:\\WINDOWS\\System32\\rundll32.exe C:\\WINDOWS\\System32\\shell32.dll,SHCreateLocalServerRunDll {9aa46009-3ce0-458a-a354-715610a075e6} -Embedding""},{""@Name"":""TargetUserSid"",""#text"":""S-1-5-21-4209295338-567392030-2519289182-1001""},{""@Name"":""TargetUserName"",""#text"":""dfanalyst""},{""@Name"":""TargetDomainName"",""#text"":""disstestbedvm""},{""@Name"":""TargetLogonId"",""#text"":""0x1C59E""},{""@Name"":""ParentProcessName"",""#text"":""C:\\Windows\\System32\\svchost.exe""},{""@Name"":""MandatoryLabel"",""#text"":""S-1-16-8192""}]}}"
35162,35162,2026-08-23 01:40:18.1435565,4689,LogAlways,Microsoft-Windows-Security-Auditing,Security,4,3828,disstestbedvm,422,,A process has exited,disstestbedvm\dfanalyst,,,PID: 0x1100,,,,,C:\Windows\System32\rundll32.exe,False,.\artefacts\event_logs\Security.evtx,Audit success,0,"{""EventData"":{""Data"":[{""@Name"":""SubjectUserSid"",""#text"":""S-1-5-21-4209295338-567392030-2519289182-1001""},{""@Name"":""SubjectUserName"",""#text"":""dfanalyst""},{""@Name"":""SubjectDomainName"",""#text"":""disstestbedvm""},{""@Name"":""SubjectLogonId"",""#text"":""0x1C59E""},{""@Name"":""Status"",""#text"":""0x0""},{""@Name"":""ProcessId"",""#text"":""0x1100""},{""@Name"":""ProcessName"",""#text"":""C:\\Windows\\System32\\rundll32.exe""}]}}"
35163,35163,2026-08-23 01:40:18.1644826,4688,LogAlways,Microsoft-Windows-Security-Auditing,Security,4,3828,disstestbedvm,422,,A new process has been created,WORKGROUP\DISSTESTBEDVM$,,Parent process: C:\Windows\System32\svchost.exe,PID: 0x130,Parent PID: 0x51C,Mandatory label: SECURITY_MANDATORY_MEDIUM_RID,Target User: disstestbedvm\dfanalyst,,"C:\Users\dfanalyst\AppData\Local\Microsoft\OneDrive\26.145.0728.0011\FileCoAuth.exe ""C:\Users\dfanalyst\AppData\Local\Microsoft\OneDrive\26.145.0728.0011\FileCoAuth.exe"" -Embedding",False,.\artefacts\event_logs\Security.evtx,Audit success,0,"{""EventData"":{""Data"":[{""@Name"":""SubjectUserSid"",""#text"":""S-1-5-18""},{""@Name"":""SubjectUserName"",""#text"":""DISSTESTBEDVM$""},{""@Name"":""SubjectDomainName"",""#text"":""WORKGROUP""},{""@Name"":""SubjectLogonId"",""#text"":""0x3E7""},{""@Name"":""NewProcessId"",""#text"":""0x51C""},{""@Name"":""NewProcessName"",""#text"":""C:\\Users\\dfanalyst\\AppData\\Local\\Microsoft\\OneDrive\\26.145.0728.0011\\FileCoAuth.exe""},{""@Name"":""TokenElevationType"",""#text"":""%%1938""},{""@Name"":""ProcessId"",""#text"":""0x130""},{""@Name"":""CommandLine"",""#text"":""\""C:\\Users\\dfanalyst\\AppData\\Local\\Microsoft\\OneDrive\\26.145.0728.0011\\FileCoAuth.exe\"" -Embedding""},{""@Name"":""TargetUserSid"",""#text"":""S-1-5-21-4209295338-567392030-2519289182-1001""},{""@Name"":""TargetUserName"",""#text"":""dfanalyst""},{""@Name"":""TargetDomainName"",""#text"":""disstestbedvm""},{""@Name"":""TargetLogonId"",""#text"":""0x1C59E""},{""@Name"":""ParentProcessName"",""#text"":""C:\\Windows\\System32\\svchost.exe""},{""@Name"":""MandatoryLabel"",""#text"":""S-1-16-8192""}]}}"
35164,35164,2026-08-23 01:40:30.9700357,4688,LogAlways,Microsoft-Windows-Security-Auditing,Security,4,3828,disstestbedvm,422,,A new process has been created,WORKGROUP\DISSTESTBEDVM$,,Parent process: C:\Windows\System32\svchost.exe,PID: 0x5EC,Parent PID: 0xA8C,Mandatory label: SECURITY_MANDATORY_SYSTEM_RID,Target User: -\-,,"C:\Windows\System32\dmclient.exe ""C:\WINDOWS\system32\dmclient.exe"" utcwnf",False,.\artefacts\event_logs\Security.evtx,Audit success,0,"{""EventData"":{""Data"":[{""@Name"":""SubjectUserSid"",""#text"":""S-1-5-18""},{""@Name"":""SubjectUserName"",""#text"":""DISSTESTBEDVM$""},{""@Name"":""SubjectDomainName"",""#text"":""WORKGROUP""},{""@Name"":""SubjectLogonId"",""#text"":""0x3E7""},{""@Name"":""NewProcessId"",""#text"":""0xA8C""},{""@Name"":""NewProcessName"",""#text"":""C:\\Windows\\System32\\dmclient.exe""},{""@Name"":""TokenElevationType"",""#text"":""%%1936""},{""@Name"":""ProcessId"",""#text"":""0x5EC""},{""@Name"":""CommandLine"",""#text"":""\""C:\\WINDOWS\\system32\\dmclient.exe\"" utcwnf""},{""@Name"":""TargetUserSid"",""#text"":""S-1-0-0""},{""@Name"":""TargetUserName"",""#text"":""-""},{""@Name"":""TargetDomainName"",""#text"":""-""},{""@Name"":""TargetLogonId"",""#text"":""0x0""},{""@Name"":""ParentProcessName"",""#text"":""C:\\Windows\\System32\\svchost.exe""},{""@Name"":""MandatoryLabel"",""#text"":""S-1-16-16384""}]}}"
35165,35165,2026-08-23 01:40:30.9749723,4688,LogAlways,Microsoft-Windows-Security-Auditing,Security,4,3828,disstestbedvm,422,,A new process has been created,WORKGROUP\DISSTESTBEDVM$,,Parent process: C:\Windows\System32\dmclient.exe,PID: 0xA8C,Parent PID: 0x1834,Mandatory label: SECURITY_MANDATORY_SYSTEM_RID,Target User: -\-,,C:\Windows\System32\conhost.exe \??\C:\WINDOWS\system32\conhost.exe 0xffffffff -ForceV1,False,.\artefacts\event_logs\Security.evtx,Audit success,0,"{""EventData"":{""Data"":[{""@Name"":""SubjectUserSid"",""#text"":""S-1-5-18""},{""@Name"":""SubjectUserName"",""#text"":""DISSTESTBEDVM$""},{""@Name"":""SubjectDomainName"",""#text"":""WORKGROUP""},{""@Name"":""SubjectLogonId"",""#text"":""0x3E7""},{""@Name"":""NewProcessId"",""#text"":""0x1834""},{""@Name"":""NewProcessName"",""#text"":""C:\\Windows\\System32\\conhost.exe""},{""@Name"":""TokenElevationType"",""#text"":""%%1936""},{""@Name"":""ProcessId"",""#text"":""0xA8C""},{""@Name"":""CommandLine"",""#text"":""\\??\\C:\\WINDOWS\\system32\\conhost.exe 0xffffffff -ForceV1""},{""@Name"":""TargetUserSid"",""#text"":""S-1-0-0""},{""@Name"":""TargetUserName"",""#text"":""-""},{""@Name"":""TargetDomainName"",""#text"":""-""},{""@Name"":""TargetLogonId"",""#text"":""0x0""},{""@Name"":""ParentProcessName"",""#text"":""C:\\Windows\\System32\\dmclient.exe""},{""@Name"":""MandatoryLabel"",""#text"":""S-1-16-16384""}]}}"
35166,35166,2026-08-23 01:40:31.0223645,4689,LogAlways,Microsoft-Windows-Security-Auditing,Security,4,3828,disstestbedvm,422,,A process has exited,WORKGROUP\DISSTESTBEDVM$,,,PID: 0xA8C,,,,,C:\Windows\System32\dmclient.exe,False,.\artefacts\event_logs\Security.evtx,Audit success,0,"{""EventData"":{""Data"":[{""@Name"":""SubjectUserSid"",""#text"":""S-1-5-18""},{""@Name"":""SubjectUserName"",""#text"":""DISSTESTBEDVM$""},{""@Name"":""SubjectDomainName"",""#text"":""WORKGROUP""},{""@Name"":""SubjectLogonId"",""#text"":""0x3E7""},{""@Name"":""Status"",""#text"":""0x0""},{""@Name"":""ProcessId"",""#text"":""0xA8C""},{""@Name"":""ProcessName"",""#text"":""C:\\Windows\\System32\\dmclient.exe""}]}}"
35167,35167,2026-08-23 01:40:31.0235494,4689,LogAlways,Microsoft-Windows-Security-Auditing,Security,4,2660,disstestbedvm,422,,A process has exited,WORKGROUP\DISSTESTBEDVM$,,,PID: 0x1834,,,,,C:\Windows\System32\conhost.exe,False,.\artefacts\event_logs\Security.evtx,Audit success,0,"{""EventData"":{""Data"":[{""@Name"":""SubjectUserSid"",""#text"":""S-1-5-18""},{""@Name"":""SubjectUserName"",""#text"":""DISSTESTBEDVM$""},{""@Name"":""SubjectDomainName"",""#text"":""WORKGROUP""},{""@Name"":""SubjectLogonId"",""#text"":""0x3E7""},{""@Name"":""Status"",""#text"":""0x0""},{""@Name"":""ProcessId"",""#text"":""0x1834""},{""@Name"":""ProcessName"",""#text"":""C:\\Windows\\System32\\conhost.exe""}]}}"
35168,35168,2026-08-23 01:40:33.5082048,4688,LogAlways,Microsoft-Windows-Security-Auditing,Security,4,7200,disstestbedvm,422,,A new process has been created,WORKGROUP\DISSTESTBEDVM$,,Parent process: C:\Windows\System32\svchost.exe,PID: 0x5EC,Parent PID: 0x2480,Mandatory label: SECURITY_MANDATORY_SYSTEM_RID,Target User: -\-,,C:\Windows\System32\taskhostw.exe taskhostw.exe,False,.\artefacts\event_logs\Security.evtx,Audit success,0,"{""EventData"":{""Data"":[{""@Name"":""SubjectUserSid"",""#text"":""S-1-5-18""},{""@Name"":""SubjectUserName"",""#text"":""DISSTESTBEDVM$""},{""@Name"":""SubjectDomainName"",""#text"":""WORKGROUP""},{""@Name"":""SubjectLogonId"",""#text"":""0x3E7""},{""@Name"":""NewProcessId"",""#text"":""0x2480""},{""@Name"":""NewProcessName"",""#text"":""C:\\Windows\\System32\\taskhostw.exe""},{""@Name"":""TokenElevationType"",""#text"":""%%1936""},{""@Name"":""ProcessId"",""#text"":""0x5EC""},{""@Name"":""CommandLine"",""#text"":""taskhostw.exe""},{""@Name"":""TargetUserSid"",""#text"":""S-1-0-0""},{""@Name"":""TargetUserName"",""#text"":""-""},{""@Name"":""TargetDomainName"",""#text"":""-""},{""@Name"":""TargetLogonId"",""#text"":""0x0""},{""@Name"":""ParentProcessName"",""#text"":""C:\\Windows\\System32\\svchost.exe""},{""@Name"":""MandatoryLabel"",""#text"":""S-1-16-16384""}]}}"
35169,35169,2026-08-23 01:40:34.5268079,4689,LogAlways,Microsoft-Windows-Security-Auditing,Security,4,3828,disstestbedvm,422,,A process has exited,WORKGROUP\DISSTESTBEDVM$,,,PID: 0x2480,,,,,C:\Windows\System32\taskhostw.exe,False,.\artefacts\event_logs\Security.evtx,Audit success,0,"{""EventData"":{""Data"":[{""@Name"":""SubjectUserSid"",""#text"":""S-1-5-18""},{""@Name"":""SubjectUserName"",""#text"":""DISSTESTBEDVM$""},{""@Name"":""SubjectDomainName"",""#text"":""WORKGROUP""},{""@Name"":""SubjectLogonId"",""#text"":""0x3E7""},{""@Name"":""Status"",""#text"":""0x0""},{""@Name"":""ProcessId"",""#text"":""0x2480""},{""@Name"":""ProcessName"",""#text"":""C:\\Windows\\System32\\taskhostw.exe""}]}}"
35171,35171,2026-08-23 01:40:44.1379780,4689,LogAlways,Microsoft-Windows-Security-Auditing,Security,4,2660,disstestbedvm,422,,A process has exited,WORKGROUP\DISSTESTBEDVM$,,,PID: 0x2270,,,,,C:\Windows\System32\taskhostw.exe,False,.\artefacts\event_logs\Security.evtx,Audit success,0,"{""EventData"":{""Data"":[{""@Name"":""SubjectUserSid"",""#text"":""S-1-5-18""},{""@Name"":""SubjectUserName"",""#text"":""DISSTESTBEDVM$""},{""@Name"":""SubjectDomainName"",""#text"":""WORKGROUP""},{""@Name"":""SubjectLogonId"",""#text"":""0x3E7""},{""@Name"":""Status"",""#text"":""0x0""},{""@Name"":""ProcessId"",""#text"":""0x2270""},{""@Name"":""ProcessName"",""#text"":""C:\\Windows\\System32\\taskhostw.exe""}]}}"
35172,35172,2026-08-23 01:40:44.9388886,4689,LogAlways,Microsoft-Windows-Security-Auditing,Security,4,3836,disstestbedvm,422,,A process has exited,disstestbedvm\dfanalyst,,,PID: 0x1258,,,,,C:\Windows\System32\RuntimeBroker.exe,False,.\artefacts\event_logs\Security.evtx,Audit success,0,"{""EventData"":{""Data"":[{""@Name"":""SubjectUserSid"",""#text"":""S-1-5-21-4209295338-567392030-2519289182-1001""},{""@Name"":""SubjectUserName"",""#text"":""dfanalyst""},{""@Name"":""SubjectDomainName"",""#text"":""disstestbedvm""},{""@Name"":""SubjectLogonId"",""#text"":""0x1C59E""},{""@Name"":""Status"",""#text"":""0x0""},{""@Name"":""ProcessId"",""#text"":""0x1258""},{""@Name"":""ProcessName"",""#text"":""C:\\Windows\\System32\\RuntimeBroker.exe""}]}}"
35173,35173,2026-08-23 01:40:47.1975033,4688,LogAlways,Microsoft-Windows-Security-Auditing,Security,4,2660,disstestbedvm,422,,A new process has been created,WORKGROUP\DISSTESTBEDVM$,,Parent process: C:\Windows\System32\svchost.exe,PID: 0x5EC,Parent PID: 0x1950,Mandatory label: SECURITY_MANDATORY_MEDIUM_RID,Target User: disstestbedvm\dfanalyst,,C:\Windows\System32\taskhostw.exe taskhostw.exe Logon,False,.\artefacts\event_logs\Security.evtx,Audit success,0,"{""EventData"":{""Data"":[{""@Name"":""SubjectUserSid"",""#text"":""S-1-5-18""},{""@Name"":""SubjectUserName"",""#text"":""DISSTESTBEDVM$""},{""@Name"":""SubjectDomainName"",""#text"":""WORKGROUP""},{""@Name"":""SubjectLogonId"",""#text"":""0x3E7""},{""@Name"":""NewProcessId"",""#text"":""0x1950""},{""@Name"":""NewProcessName"",""#text"":""C:\\Windows\\System32\\taskhostw.exe""},{""@Name"":""TokenElevationType"",""#text"":""%%1938""},{""@Name"":""ProcessId"",""#text"":""0x5EC""},{""@Name"":""CommandLine"",""#text"":""taskhostw.exe Logon""},{""@Name"":""TargetUserSid"",""#text"":""S-1-5-21-4209295338-567392030-2519289182-1001""},{""@Name"":""TargetUserName"",""#text"":""dfanalyst""},{""@Name"":""TargetDomainName"",""#text"":""disstestbedvm""},{""@Name"":""TargetLogonId"",""#text"":""0x1C59E""},{""@Name"":""ParentProcessName"",""#text"":""C:\\Windows\\System32\\svchost.exe""},{""@Name"":""MandatoryLabel"",""#text"":""S-1-16-8192""}]}}"
35174,35174,2026-08-23 01:40:47.2345532,4689,LogAlways,Microsoft-Windows-Security-Auditing,Security,4,2660,disstestbedvm,422,,A process has exited,disstestbedvm\dfanalyst,,,PID: 0x1950,,,,,C:\Windows\System32\taskhostw.exe,False,.\artefacts\event_logs\Security.evtx,Audit success,0,"{""EventData"":{""Data"":[{""@Name"":""SubjectUserSid"",""#text"":""S-1-5-21-4209295338-567392030-2519289182-1001""},{""@Name"":""SubjectUserName"",""#text"":""dfanalyst""},{""@Name"":""SubjectDomainName"",""#text"":""disstestbedvm""},{""@Name"":""SubjectLogonId"",""#text"":""0x1C59E""},{""@Name"":""Status"",""#text"":""0x0""},{""@Name"":""ProcessId"",""#text"":""0x1950""},{""@Name"":""ProcessName"",""#text"":""C:\\Windows\\System32\\taskhostw.exe""}]}}"
35175,35175,2026-08-23 01:40:48.4055499,4688,LogAlways,Microsoft-Windows-Security-Auditing,Security,4,3828,disstestbedvm,422,,A new process has been created,WORKGROUP\DISSTESTBEDVM$,,Parent process: C:\Windows\explorer.exe,PID: 0x162C,Parent PID: 0x67C,Mandatory label: SECURITY_MANDATORY_MEDIUM_RID,Target User: disstestbedvm\dfanalyst,,"C:\Program Files\WindowsApps\Microsoft.WindowsNotepad_11.2606.15.0_x64__8wekyb3d8bbwe\Notepad\Notepad.exe ""C:\Program Files\WindowsApps\Microsoft.WindowsNotepad_11.2606.15.0_x64__8wekyb3d8bbwe\Notepad\Notepad.exe"" ""C:\Users\dfanalyst\Documents\scenario7_test_file.txt""",False,.\artefacts\event_logs\Security.evtx,Audit success,0,"{""EventData"":{""Data"":[{""@Name"":""SubjectUserSid"",""#text"":""S-1-5-18""},{""@Name"":""SubjectUserName"",""#text"":""DISSTESTBEDVM$""},{""@Name"":""SubjectDomainName"",""#text"":""WORKGROUP""},{""@Name"":""SubjectLogonId"",""#text"":""0x3E7""},{""@Name"":""NewProcessId"",""#text"":""0x67C""},{""@Name"":""NewProcessName"",""#text"":""C:\\Program Files\\WindowsApps\\Microsoft.WindowsNotepad_11.2606.15.0_x64__8wekyb3d8bbwe\\Notepad\\Notepad.exe""},{""@Name"":""TokenElevationType"",""#text"":""%%1938""},{""@Name"":""ProcessId"",""#text"":""0x162C""},{""@Name"":""CommandLine"",""#text"":""\""C:\\Program Files\\WindowsApps\\Microsoft.WindowsNotepad_11.2606.15.0_x64__8wekyb3d8bbwe\\Notepad\\Notepad.exe\"" \""C:\\Users\\dfanalyst\\Documents\\scenario7_test_file.txt\""""},{""@Name"":""TargetUserSid"",""#text"":""S-1-5-21-4209295338-567392030-2519289182-1001""},{""@Name"":""TargetUserName"",""#text"":""dfanalyst""},{""@Name"":""TargetDomainName"",""#text"":""disstestbedvm""},{""@Name"":""TargetLogonId"",""#text"":""0x1C59E""},{""@Name"":""ParentProcessName"",""#text"":""C:\\Windows\\explorer.exe""},{""@Name"":""MandatoryLabel"",""#text"":""S-1-16-8192""}]}}"
35176,35176,2026-08-23 01:40:48.5688742,4689,LogAlways,Microsoft-Windows-Security-Auditing,Security,4,68,disstestbedvm,422,,A process has exited,WORKGROUP\DISSTESTBEDVM$,,,PID: 0x1444,,,,,C:\Windows\System32\svchost.exe,False,.\artefacts\event_logs\Security.evtx,Audit success,0,"{""EventData"":{""Data"":[{""@Name"":""SubjectUserSid"",""#text"":""S-1-5-18""},{""@Name"":""SubjectUserName"",""#text"":""DISSTESTBEDVM$""},{""@Name"":""SubjectDomainName"",""#text"":""WORKGROUP""},{""@Name"":""SubjectLogonId"",""#text"":""0x3E7""},{""@Name"":""Status"",""#text"":""0x0""},{""@Name"":""ProcessId"",""#text"":""0x1444""},{""@Name"":""ProcessName"",""#text"":""C:\\Windows\\System32\\svchost.exe""}]}}"
35179,35179,2026-08-23 01:41:15.7248209,4689,LogAlways,Microsoft-Windows-Security-Auditing,Security,4,7200,disstestbedvm,422,,A process has exited,WORKGROUP\DISSTESTBEDVM$,,,PID: 0x65C,,,,,C:\Windows\System32\svchost.exe,False,.\artefacts\event_logs\Security.evtx,Audit success,0,"{""EventData"":{""Data"":[{""@Name"":""SubjectUserSid"",""#text"":""S-1-5-20""},{""@Name"":""SubjectUserName"",""#text"":""DISSTESTBEDVM$""},{""@Name"":""SubjectDomainName"",""#text"":""WORKGROUP""},{""@Name"":""SubjectLogonId"",""#text"":""0x3E4""},{""@Name"":""Status"",""#text"":""0x0""},{""@Name"":""ProcessId"",""#text"":""0x65C""},{""@Name"":""ProcessName"",""#text"":""C:\\Windows\\System32\\svchost.exe""}]}}"
35180,35180,2026-08-23 01:41:17.7802121,4689,LogAlways,Microsoft-Windows-Security-Auditing,Security,4,7200,disstestbedvm,422,,A process has exited,NT AUTHORITY\LOCAL SERVICE,,,PID: 0xAF4,,,,,C:\Windows\System32\audiodg.exe,False,.\artefacts\event_logs\Security.evtx,Audit success,0,"{""EventData"":{""Data"":[{""@Name"":""SubjectUserSid"",""#text"":""S-1-5-19""},{""@Name"":""SubjectUserName"",""#text"":""LOCAL SERVICE""},{""@Name"":""SubjectDomainName"",""#text"":""NT AUTHORITY""},{""@Name"":""SubjectLogonId"",""#text"":""0x3E5""},{""@Name"":""Status"",""#text"":""0x0""},{""@Name"":""ProcessId"",""#text"":""0xAF4""},{""@Name"":""ProcessName"",""#text"":""C:\\Windows\\System32\\audiodg.exe""}]}}"
35181,35181,2026-08-23 01:41:20.5343429,4689,LogAlways,Microsoft-Windows-Security-Auditing,Security,4,3828,disstestbedvm,422,,A process has exited,WORKGROUP\DISSTESTBEDVM$,,,PID: 0x28F4,,,,,C:\Windows\System32\svchost.exe,False,.\artefacts\event_logs\Security.evtx,Audit success,0,"{""EventData"":{""Data"":[{""@Name"":""SubjectUserSid"",""#text"":""S-1-5-18""},{""@Name"":""SubjectUserName"",""#text"":""DISSTESTBEDVM$""},{""@Name"":""SubjectDomainName"",""#text"":""WORKGROUP""},{""@Name"":""SubjectLogonId"",""#text"":""0x3E7""},{""@Name"":""Status"",""#text"":""0x0""},{""@Name"":""ProcessId"",""#text"":""0x28F4""},{""@Name"":""ProcessName"",""#text"":""C:\\Windows\\System32\\svchost.exe""}]}}"
35182,35182,2026-08-23 01:41:20.5982728,4689,LogAlways,Microsoft-Windows-Security-Auditing,Security,4,3840,disstestbedvm,422,,A process has exited,disstestbedvm\dfanalyst,,,PID: 0x67C,,,,,C:\Program Files\WindowsApps\Microsoft.WindowsNotepad_11.2606.15.0_x64__8wekyb3d8bbwe\Notepad\Notepad.exe,False,.\artefacts\event_logs\Security.evtx,Audit success,0,"{""EventData"":{""Data"":[{""@Name"":""SubjectUserSid"",""#text"":""S-1-5-21-4209295338-567392030-2519289182-1001""},{""@Name"":""SubjectUserName"",""#text"":""dfanalyst""},{""@Name"":""SubjectDomainName"",""#text"":""disstestbedvm""},{""@Name"":""SubjectLogonId"",""#text"":""0x1C59E""},{""@Name"":""Status"",""#text"":""0x0""},{""@Name"":""ProcessId"",""#text"":""0x67C""},{""@Name"":""ProcessName"",""#text"":""C:\\Program Files\\WindowsApps\\Microsoft.WindowsNotepad_11.2606.15.0_x64__8wekyb3d8bbwe\\Notepad\\Notepad.exe""}]}}"
2454,2454,2026-08-23 01:37:47.2764757,37,Info,Microsoft-Windows-Time-Service,System,5008,4528,disstestbedvm,19,S-1-5-19,Synchronizing system time from time service,,,ServerAddress: time.windows.com,"ServerIP: time.windows.com,0x9 (ntp.m|0x9|0.0.0.0:123-&gt;51.145.123.29:123)",,,,,,False,.\artefacts\event_logs\System.evtx,Classic,0,"{""EventData"":{""@Name"":""TMP_EVENT_TIME_SOURCE_REACHABLE"",""Data"":{""@Name"":""TimeSource"",""#text"":""time.windows.com,0x9 (ntp.m|0x9|0.0.0.0:123-&gt;51.145.123.29:123)""}}}"
2455,2455,2026-08-23 01:37:47.5748758,10016,Warning,Microsoft-Windows-DistributedCOM,System,904,4156,disstestbedvm,19,S-1-5-18,,,,,,,,,,,False,.\artefacts\event_logs\System.evtx,"Audit success, classic",0,"{""EventData"":{""Data"":[{""@Name"":""param1"",""#text"":""application-specific""},{""@Name"":""param2"",""#text"":""Local""},{""@Name"":""param3"",""#text"":""Launch""},{""@Name"":""param4"",""#text"":""Windows.SecurityCenter.SecurityAppBroker""},{""@Name"":""param5"",""#text"":""Unavailable""},{""@Name"":""param6"",""#text"":""NT AUTHORITY""},{""@Name"":""param7"",""#text"":""SYSTEM""},{""@Name"":""param8"",""#text"":""S-1-5-18""},{""@Name"":""param9"",""#text"":""LocalHost (Using LRPC)""},{""@Name"":""param10"",""#text"":""Unavailable""},{""@Name"":""param11"",""#text"":""Unavailable""}]}}"
2456,2456,2026-08-23 01:37:47.5771991,10016,Warning,Microsoft-Windows-DistributedCOM,System,904,9292,disstestbedvm,19,S-1-5-18,,,,,,,,,,,False,.\artefacts\event_logs\System.evtx,"Audit success, classic",0,"{""EventData"":{""Data"":[{""@Name"":""param1"",""#text"":""application-specific""},{""@Name"":""param2"",""#text"":""Local""},{""@Name"":""param3"",""#text"":""Launch""},{""@Name"":""param4"",""#text"":""Windows.SecurityCenter.WscDataProtection""},{""@Name"":""param5"",""#text"":""Unavailable""},{""@Name"":""param6"",""#text"":""NT AUTHORITY""},{""@Name"":""param7"",""#text"":""SYSTEM""},{""@Name"":""param8"",""#text"":""S-1-5-18""},{""@Name"":""param9"",""#text"":""LocalHost (Using LRPC)""},{""@Name"":""param10"",""#text"":""Unavailable""},{""@Name"":""param11"",""#text"":""Unavailable""}]}}"
2457,2457,2026-08-23 01:37:47.5771991,10016,Warning,Microsoft-Windows-DistributedCOM,System,904,7668,disstestbedvm,19,S-1-5-18,,,,,,,,,,,False,.\artefacts\event_logs\System.evtx,"Audit success, classic",0,"{""EventData"":{""Data"":[{""@Name"":""param1"",""#text"":""application-specific""},{""@Name"":""param2"",""#text"":""Local""},{""@Name"":""param3"",""#text"":""Launch""},{""@Name"":""param4"",""#text"":""Windows.SecurityCenter.WscBrokerManager""},{""@Name"":""param5"",""#text"":""Unavailable""},{""@Name"":""param6"",""#text"":""NT AUTHORITY""},{""@Name"":""param7"",""#text"":""SYSTEM""},{""@Name"":""param8"",""#text"":""S-1-5-18""},{""@Name"":""param9"",""#text"":""LocalHost (Using LRPC)""},{""@Name"":""param10"",""#text"":""Unavailable""},{""@Name"":""param11"",""#text"":""Unavailable""}]}}"
2458,2458,2026-08-23 01:38:03.4328482,16,Info,Microsoft-Windows-Kernel-General,System,1612,2244,disstestbedvm,19,S-1-5-18,,,,,,,,,,,False,.\artefacts\event_logs\System.evtx,Classic,0,"{""EventData"":{""Data"":[{""@Name"":""HiveNameLength"",""#text"":""111""},{""@Name"":""HiveName"",""#text"":""\\??\\C:\\Users\\dfanalyst\\AppData\\Local\\Packages\\Microsoft.DesktopAppInstaller_8wekyb3d8bbwe\\Settings\\settings.dat""},{""@Name"":""KeysUpdated"",""#text"":""2""},{""@Name"":""DirtyPages"",""#text"":""1""}]}}"
2459,2459,2026-08-23 01:39:35.6080644,43,Info,Microsoft-Windows-WindowsUpdateClient,System,9368,2464,disstestbedvm,19,S-1-5-18,,,,,,,,,,,False,.\artefacts\event_logs\System.evtx,0x8000000000002008,0,"{""EventData"":{""Data"":[{""@Name"":""updateTitle"",""#text"":""Security Intelligence Update for Microsoft Defender Antivirus - KB2267602 (Version 1.457.297.0) - Current Channel (Broad)""},{""@Name"":""updateGuid"",""#text"":""bb5fb4bd-951a-453e-aa30-218174bc4e42""},{""@Name"":""updateRevisionNumber"",""#text"":""200""}]}}"
