RunTime,ExecutableName
2026-07-14 10:23:09,\VOLUME{01dd13b23dcb8909-043dd6e4}\WINDOWS\SOFTWAREDISTRIBUTION\DOWNLOAD\INSTALL\AM_BASE.EXE
2026-08-06 09:57:25,\VOLUME{01dd13b23dcb8909-043dd6e4}\WINDOWS\SOFTWAREDISTRIBUTION\DOWNLOAD\INSTALL\AM_BASE_PATCH1.EXE
2026-08-18 08:22:55,\VOLUME{01dd13b23dcb8909-043dd6e4}\WINDOWS\SOFTWAREDISTRIBUTION\DOWNLOAD\INSTALL\AM_DELTA.EXE
2026-08-06 09:57:25,\VOLUME{01dd13b23dcb8909-043dd6e4}\WINDOWS\SOFTWAREDISTRIBUTION\DOWNLOAD\INSTALL\AM_DELTA.EXE
2026-07-14 10:23:12,\VOLUME{01dd13b23dcb8909-043dd6e4}\WINDOWS\SOFTWAREDISTRIBUTION\DOWNLOAD\INSTALL\AM_DELTA.EXE
2026-07-14 10:23:03,\VOLUME{01dd13b23dcb8909-043dd6e4}\WINDOWS\SOFTWAREDISTRIBUTION\DOWNLOAD\INSTALL\AM_ENGINE.EXE
2026-08-06 09:57:24,AM_ENGINE_PATCH_1.1.26060.300
2026-07-14 08:16:27,\VOLUME{01dd13b23dcb8909-043dd6e4}\WINDOWS\SYSTEMAPPS\MICROSOFTWINDOWS.CLIENT.CBS_CW5N1H2TXYEWY\APPACTIONS.EXE
2026-08-18 08:24:32,\VOLUME{01dd13b23dcb8909-043dd6e4}\WINDOWS\SYSTEM32\APPLICATIONFRAMEHOST.EXE
2026-08-06 10:03:08,\VOLUME{01dd13b23dcb8909-043dd6e4}\WINDOWS\SYSTEM32\APPLICATIONFRAMEHOST.EXE
2026-07-17 13:49:51,\VOLUME{01dd13b23dcb8909-043dd6e4}\WINDOWS\SYSTEM32\APPLICATIONFRAMEHOST.EXE
2026-07-14 11:45:12,\VOLUME{01dd13b23dcb8909-043dd6e4}\WINDOWS\SYSTEM32\APPLICATIONFRAMEHOST.EXE
2026-07-14 11:31:25,\VOLUME{01dd13b23dcb8909-043dd6e4}\WINDOWS\SYSTEM32\APPLICATIONFRAMEHOST.EXE
2026-07-14 10:02:24,\VOLUME{01dd13b23dcb8909-043dd6e4}\WINDOWS\SYSTEM32\APPLICATIONFRAMEHOST.EXE
2026-07-14 08:26:15,\VOLUME{01dd13b23dcb8909-043dd6e4}\WINDOWS\SYSTEM32\APPLICATIONFRAMEHOST.EXE
2026-07-14 08:15:36,\VOLUME{01dd13b23dcb8909-043dd6e4}\WINDOWS\SYSTEM32\APPLICATIONFRAMEHOST.EXE
2026-08-18 08:28:19,\VOLUME{01dd13b23dcb8909-043dd6e4}\WINDOWS\SYSTEM32\AUDIODG.EXE
2026-08-18 08:23:09,\VOLUME{01dd13b23dcb8909-043dd6e4}\WINDOWS\SYSTEM32\AUDIODG.EXE
2026-07-17 19:29:21,\VOLUME{01dd13b23dcb8909-043dd6e4}\WINDOWS\SYSTEM32\AUDIODG.EXE
2026-07-17 13:51:29,\VOLUME{01dd13b23dcb8909-043dd6e4}\WINDOWS\SYSTEM32\AUDIODG.EXE
2026-07-16 08:39:11,\VOLUME{01dd13b23dcb8909-043dd6e4}\WINDOWS\SYSTEM32\AUDIODG.EXE
2026-07-14 12:17:31,\VOLUME{01dd13b23dcb8909-043dd6e4}\WINDOWS\SYSTEM32\AUDIODG.EXE
2026-07-14 12:00:51,\VOLUME{01dd13b23dcb8909-043dd6e4}\WINDOWS\SYSTEM32\AUDIODG.EXE
2026-07-14 11:50:54,\VOLUME{01dd13b23dcb8909-043dd6e4}\WINDOWS\SYSTEM32\AUDIODG.EXE
2026-07-16 08:29:37,\VOLUME{01dd13b23dcb8909-043dd6e4}\WINDOWS\SYSTEM32\AUDITPOL.EXE
2026-07-16 08:29:37,\VOLUME{01dd13b23dcb8909-043dd6e4}\WINDOWS\SYSTEM32\AUDITPOL.EXE
2026-07-16 08:29:37,\VOLUME{01dd13b23dcb8909-043dd6e4}\WINDOWS\SYSTEM32\AUDITPOL.EXE
2026-07-16 08:29:37,\VOLUME{01dd13b23dcb8909-043dd6e4}\WINDOWS\SYSTEM32\AUDITPOL.EXE
2026-07-16 08:29:37,\VOLUME{01dd13b23dcb8909-043dd6e4}\WINDOWS\SYSTEM32\AUDITPOL.EXE
2026-07-16 08:29:37,\VOLUME{01dd13b23dcb8909-043dd6e4}\WINDOWS\SYSTEM32\AUDITPOL.EXE
2026-07-16 08:29:37,\VOLUME{01dd13b23dcb8909-043dd6e4}\WINDOWS\SYSTEM32\AUDITPOL.EXE
2026-07-16 08:29:37,\VOLUME{01dd13b23dcb8909-043dd6e4}\WINDOWS\SYSTEM32\AUDITPOL.EXE
2026-07-16 07:46:45,\VOLUME{01dd13b23dcb8909-043dd6e4}\WINDOWS\SYSTEM32\BACKGROUNDTASKHOST.EXE
2026-08-12 09:16:01,\VOLUME{01dd13b23dcb8909-043dd6e4}\WINDOWS\SYSTEM32\BACKGROUNDTASKHOST.EXE
2026-07-14 08:15:24,\VOLUME{01dd13b23dcb8909-043dd6e4}\WINDOWS\SYSTEM32\BACKGROUNDTASKHOST.EXE
2026-07-16 07:46:44,\VOLUME{01dd13b23dcb8909-043dd6e4}\WINDOWS\SYSTEM32\BACKGROUNDTASKHOST.EXE
2026-07-16 08:19:00,\VOLUME{01dd13b23dcb8909-043dd6e4}\WINDOWS\SYSTEM32\BACKGROUNDTASKHOST.EXE
2026-07-14 11:35:18,\VOLUME{01dd13b23dcb8909-043dd6e4}\WINDOWS\SYSTEM32\BACKGROUNDTASKHOST.EXE
2026-07-14 10:03:42,\VOLUME{01dd13b23dcb8909-043dd6e4}\WINDOWS\SYSTEM32\BACKGROUNDTASKHOST.EXE
2026-08-18 08:37:04,\VOLUME{01dd13b23dcb8909-043dd6e4}\WINDOWS\SYSTEM32\BACKGROUNDTASKHOST.EXE
2026-08-18 08:34:08,\VOLUME{01dd13b23dcb8909-043dd6e4}\WINDOWS\SYSTEM32\BACKGROUNDTASKHOST.EXE
2026-08-18 08:28:08,\VOLUME{01dd13b23dcb8909-043dd6e4}\WINDOWS\SYSTEM32\BACKGROUNDTASKHOST.EXE
2026-08-18 08:22:35,\VOLUME{01dd13b23dcb8909-043dd6e4}\WINDOWS\SYSTEM32\BACKGROUNDTASKHOST.EXE
2026-08-12 09:16:01,\VOLUME{01dd13b23dcb8909-043dd6e4}\WINDOWS\SYSTEM32\BACKGROUNDTASKHOST.EXE
2026-08-06 10:13:15,\VOLUME{01dd13b23dcb8909-043dd6e4}\WINDOWS\SYSTEM32\BACKGROUNDTASKHOST.EXE
2026-08-06 10:10:58,\VOLUME{01dd13b23dcb8909-043dd6e4}\WINDOWS\SYSTEM32\BACKGROUNDTASKHOST.EXE
2026-08-06 10:01:33,\VOLUME{01dd13b23dcb8909-043dd6e4}\WINDOWS\SYSTEM32\BACKGROUNDTASKHOST.EXE
2026-07-14 08:19:49,\VOLUME{01dd13b23dcb8909-043dd6e4}\WINDOWS\SYSTEM32\BACKGROUNDTASKHOST.EXE
2026-07-16 07:46:45,\VOLUME{01dd13b23dcb8909-043dd6e4}\WINDOWS\SYSTEM32\BACKGROUNDTASKHOST.EXE
2026-07-17 13:26:52,\VOLUME{01dd13b23dcb8909-043dd6e4}\WINDOWS\SYSTEM32\BACKGROUNDTRANSFERHOST.EXE
2026-07-14 08:15:36,\VOLUME{01dd13b23dcb8909-043dd6e4}\WINDOWS\SYSTEM32\BACKGROUNDTRANSFERHOST.EXE
2026-08-18 08:25:20,\VOLUME{01dd13b23dcb8909-043dd6e4}\WINDOWS\SYSTEM32\BACKGROUNDTRANSFERHOST.EXE
2026-08-18 08:25:20,\VOLUME{01dd13b23dcb8909-043dd6e4}\WINDOWS\SYSTEM32\BACKGROUNDTRANSFERHOST.EXE
2026-08-18 08:25:19,\VOLUME{01dd13b23dcb8909-043dd6e4}\WINDOWS\SYSTEM32\BACKGROUNDTRANSFERHOST.EXE
2026-08-06 09:58:22,\VOLUME{01dd13b23dcb8909-043dd6e4}\WINDOWS\SYSTEM32\BACKGROUNDTRANSFERHOST.EXE
2026-07-16 08:19:27,\VOLUME{01dd13b23dcb8909-043dd6e4}\WINDOWS\SYSTEM32\BACKGROUNDTRANSFERHOST.EXE
2026-07-16 08:19:22,\VOLUME{01dd13b23dcb8909-043dd6e4}\WINDOWS\SYSTEM32\BACKGROUNDTRANSFERHOST.EXE
2026-07-16 08:19:22,\VOLUME{01dd13b23dcb8909-043dd6e4}\WINDOWS\SYSTEM32\BACKGROUNDTRANSFERHOST.EXE
2026-07-14 08:20:38,\VOLUME{01dd13b23dcb8909-043dd6e4}\WINDOWS\SYSTEM32\BACKGROUNDTRANSFERHOST.EXE
2026-08-18 08:22:51,\VOLUME{01dd13b23dcb8909-043dd6e4}\WINDOWS\SYSTEM32\BDEUISRV.EXE
2026-08-06 09:56:42,\VOLUME{01dd13b23dcb8909-043dd6e4}\WINDOWS\SYSTEM32\BDEUISRV.EXE
2026-07-17 13:46:58,\VOLUME{01dd13b23dcb8909-043dd6e4}\WINDOWS\SYSTEM32\BDEUISRV.EXE
2026-07-14 11:38:50,\VOLUME{01dd13b23dcb8909-043dd6e4}\WINDOWS\SYSTEM32\BDEUISRV.EXE
2026-07-14 11:31:18,\VOLUME{01dd13b23dcb8909-043dd6e4}\WINDOWS\SYSTEM32\BDEUISRV.EXE
2026-07-14 09:59:07,\VOLUME{01dd13b23dcb8909-043dd6e4}\WINDOWS\SYSTEM32\BDEUISRV.EXE
2026-07-14 09:50:54,\VOLUME{01dd13b23dcb8909-043dd6e4}\WINDOWS\SYSTEM32\BDEUISRV.EXE
2026-07-14 08:11:16,\VOLUME{01dd13b23dcb8909-043dd6e4}\WINDOWS\SYSTEM32\BDEUISRV.EXE
2026-08-18 08:22:37,\VOLUME{01dd13b23dcb8909-043dd6e4}\WINDOWS\SYSTEM32\CMD.EXE
2026-08-12 09:15:50,\VOLUME{01dd13b23dcb8909-043dd6e4}\WINDOWS\SYSTEM32\CMD.EXE
2026-08-06 10:18:51,\VOLUME{01dd13b23dcb8909-043dd6e4}\WINDOWS\SYSTEM32\CMD.EXE
2026-07-17 13:26:33,\VOLUME{01dd13b23dcb8909-043dd6e4}\WINDOWS\SYSTEM32\CMD.EXE
2026-07-16 10:48:16,\VOLUME{01dd13b23dcb8909-043dd6e4}\WINDOWS\SYSTEM32\CMD.EXE
2026-07-16 08:18:49,\VOLUME{01dd13b23dcb8909-043dd6e4}\WINDOWS\SYSTEM32\CMD.EXE
2026-07-16 07:46:34,\VOLUME{01dd13b23dcb8909-043dd6e4}\WINDOWS\SYSTEM32\CMD.EXE
2026-07-14 12:11:53,\VOLUME{01dd13b23dcb8909-043dd6e4}\WINDOWS\SYSTEM32\CMD.EXE
2026-08-18 08:31:30,\VOLUME{01dd13b23dcb8909-043dd6e4}\WINDOWS\SYSTEM32\COMPATTELRUNNER.EXE
2026-08-06 10:11:12,\VOLUME{01dd13b23dcb8909-043dd6e4}\WINDOWS\SYSTEM32\COMPATTELRUNNER.EXE
2026-08-06 10:04:17,\VOLUME{01dd13b23dcb8909-043dd6e4}\WINDOWS\SYSTEM32\COMPATTELRUNNER.EXE
2026-07-17 13:54:28,\VOLUME{01dd13b23dcb8909-043dd6e4}\WINDOWS\SYSTEM32\COMPATTELRUNNER.EXE
2026-07-14 11:00:11,\VOLUME{01dd13b23dcb8909-043dd6e4}\WINDOWS\SYSTEM32\COMPATTELRUNNER.EXE
2026-07-14 11:00:11,\VOLUME{01dd13b23dcb8909-043dd6e4}\WINDOWS\SYSTEM32\COMPATTELRUNNER.EXE
2026-07-14 10:59:11,\VOLUME{01dd13b23dcb8909-043dd6e4}\WINDOWS\SYSTEM32\COMPATTELRUNNER.EXE
2026-07-14 10:59:11,\VOLUME{01dd13b23dcb8909-043dd6e4}\WINDOWS\SYSTEM32\COMPATTELRUNNER.EXE
2026-08-18 08:32:18,\VOLUME{01dd13b23dcb8909-043dd6e4}\WINDOWS\SYSTEM32\CONHOST.EXE
2026-08-18 08:32:18,\VOLUME{01dd13b23dcb8909-043dd6e4}\WINDOWS\SYSTEM32\CONHOST.EXE
2026-08-18 08:23:10,\VOLUME{01dd13b23dcb8909-043dd6e4}\WINDOWS\SYSTEM32\CONHOST.EXE
2026-08-06 10:17:14,\VOLUME{01dd13b23dcb8909-043dd6e4}\WINDOWS\SYSTEM32\CONHOST.EXE
2026-08-06 10:06:12,\VOLUME{01dd13b23dcb8909-043dd6e4}\WINDOWS\SYSTEM32\CONHOST.EXE
2026-08-06 10:06:12,\VOLUME{01dd13b23dcb8909-043dd6e4}\WINDOWS\SYSTEM32\CONHOST.EXE
2026-08-06 10:06:05,\VOLUME{01dd13b23dcb8909-043dd6e4}\WINDOWS\SYSTEM32\CONHOST.EXE
2026-08-06 09:57:51,\VOLUME{01dd13b23dcb8909-043dd6e4}\WINDOWS\SYSTEM32\CONHOST.EXE
2026-08-18 08:23:08,\VOLUME{01dd13b23dcb8909-043dd6e4}\WINDOWS\SYSTEM32\CONSENT.EXE
2026-07-17 13:51:29,\VOLUME{01dd13b23dcb8909-043dd6e4}\WINDOWS\SYSTEM32\CONSENT.EXE
2026-07-14 11:50:54,\VOLUME{01dd13b23dcb8909-043dd6e4}\WINDOWS\SYSTEM32\CONSENT.EXE
2026-07-14 11:35:20,\VOLUME{01dd13b23dcb8909-043dd6e4}\WINDOWS\SYSTEM32\CONSENT.EXE
2026-07-14 10:17:14,\VOLUME{01dd13b23dcb8909-043dd6e4}\WINDOWS\SYSTEM32\CONSENT.EXE
2026-07-14 10:06:13,\VOLUME{01dd13b23dcb8909-043dd6e4}\WINDOWS\SYSTEM32\CONSENT.EXE
2026-07-14 09:59:22,\VOLUME{01dd13b23dcb8909-043dd6e4}\WINDOWS\SYSTEM32\CONSENT.EXE
2026-07-14 09:56:06,\VOLUME{01dd13b23dcb8909-043dd6e4}\WINDOWS\SYSTEM32\CONSENT.EXE
2026-07-14 08:14:37,\VOLUME{01dd13b23dcb8909-043dd6e4}\WINDOWS\SYSTEM32\CSRSS.EXE
2026-08-18 08:23:09,\VOLUME{01dd13b23dcb8909-043dd6e4}\WINDOWS\SYSTEM32\CTFMON.EXE
2026-08-06 09:56:20,\VOLUME{01dd13b23dcb8909-043dd6e4}\WINDOWS\SYSTEM32\CTFMON.EXE
2026-07-17 13:51:29,\VOLUME{01dd13b23dcb8909-043dd6e4}\WINDOWS\SYSTEM32\CTFMON.EXE
2026-07-17 13:48:36,\VOLUME{01dd13b23dcb8909-043dd6e4}\WINDOWS\SYSTEM32\CTFMON.EXE
2026-07-17 13:46:19,\VOLUME{01dd13b23dcb8909-043dd6e4}\WINDOWS\SYSTEM32\CTFMON.EXE
2026-07-14 11:50:54,\VOLUME{01dd13b23dcb8909-043dd6e4}\WINDOWS\SYSTEM32\CTFMON.EXE
2026-07-14 11:38:19,\VOLUME{01dd13b23dcb8909-043dd6e4}\WINDOWS\SYSTEM32\CTFMON.EXE
2026-07-14 10:06:13,\VOLUME{01dd13b23dcb8909-043dd6e4}\WINDOWS\SYSTEM32\CTFMON.EXE
2026-07-14 10:48:57,\VOLUME{01dd13b23dcb8909-043dd6e4}\WINDOWS\SYSTEM32\DATAEXCHANGEHOST.EXE
2026-07-14 10:36:52,\VOLUME{01dd13b23dcb8909-043dd6e4}\WINDOWS\SYSTEM32\DATAEXCHANGEHOST.EXE
2026-07-14 10:10:50,\VOLUME{01dd13b23dcb8909-043dd6e4}\WINDOWS\SYSTEM32\DATAEXCHANGEHOST.EXE
2026-07-14 10:09:22,\VOLUME{01dd13b23dcb8909-043dd6e4}\WINDOWS\SYSTEM32\DATAEXCHANGEHOST.EXE
2026-07-14 10:06:39,\VOLUME{01dd13b23dcb8909-043dd6e4}\WINDOWS\SYSTEM32\DATAEXCHANGEHOST.EXE
2026-07-14 10:05:47,\VOLUME{01dd13b23dcb8909-043dd6e4}\WINDOWS\SYSTEM32\DATAEXCHANGEHOST.EXE
2026-07-14 10:02:29,\VOLUME{01dd13b23dcb8909-043dd6e4}\WINDOWS\SYSTEM32\DATAEXCHANGEHOST.EXE
2026-07-14 10:00:48,\VOLUME{01dd13b23dcb8909-043dd6e4}\WINDOWS\SYSTEM32\DATAEXCHANGEHOST.EXE
2026-08-06 10:06:05,\VOLUME{01dd13b23dcb8909-043dd6e4}\WINDOWS\SYSTEM32\DEFRAG.EXE
2026-07-17 13:57:20,\VOLUME{01dd13b23dcb8909-043dd6e4}\WINDOWS\SYSTEM32\DEFRAG.EXE
2026-07-14 12:11:33,\VOLUME{01dd13b23dcb8909-043dd6e4}\WINDOWS\SYSTEM32\DEFRAG.EXE
2026-07-14 10:28:49,\VOLUME{01dd13b23dcb8909-043dd6e4}\WINDOWS\SYSTEM32\DEFRAG.EXE
2026-07-14 08:22:06,\VOLUME{01dd13b23dcb8909-043dd6e4}\WINDOWS\SYSTEM32\DIRECTXDATABASEUPDATER.EXE
2026-07-14 10:45:13,\VOLUME{01dd13b23dcb8909-043dd6e4}\$WINREAGENT\SCRATCH\AD7F09CF-0C1C-45ED-9BB0-94F2FB443238\DISMHOST.EXE
2026-07-14 08:22:06,\VOLUME{01dd13b23dcb8909-043dd6e4}\WINDOWS\SYSTEM32\DISM\DISMHOST.EXE
2026-07-14 08:15:00,\VOLUME{01dd13b23dcb8909-043dd6e4}\WINDOWS\SYSTEM32\DISM\DISMHOST.EXE
2026-07-17 19:29:19,\VOLUME{01dd13b23dcb8909-043dd6e4}\WINDOWS\SYSTEM32\DLLHOST.EXE
2026-07-16 08:39:04,\VOLUME{01dd13b23dcb8909-043dd6e4}\WINDOWS\SYSTEM32\DLLHOST.EXE
2026-07-16 08:19:32,\VOLUME{01dd13b23dcb8909-043dd6e4}\WINDOWS\SYSTEM32\DLLHOST.EXE
2026-07-14 12:17:27,\VOLUME{01dd13b23dcb8909-043dd6e4}\WINDOWS\SYSTEM32\DLLHOST.EXE
2026-07-14 12:07:10,\VOLUME{01dd13b23dcb8909-043dd6e4}\WINDOWS\SYSTEM32\DLLHOST.EXE
2026-07-14 12:04:53,\VOLUME{01dd13b23dcb8909-043dd6e4}\WINDOWS\SYSTEM32\DLLHOST.EXE
2026-07-14 12:00:45,\VOLUME{01dd13b23dcb8909-043dd6e4}\WINDOWS\SYSTEM32\DLLHOST.EXE
2026-07-14 11:50:44,\VOLUME{01dd13b23dcb8909-043dd6e4}\WINDOWS\SYSTEM32\DLLHOST.EXE
2026-07-14 10:48:36,\VOLUME{01dd13b23dcb8909-043dd6e4}\WINDOWS\SYSTEM32\DLLHOST.EXE
2026-07-14 08:19:52,\VOLUME{01dd13b23dcb8909-043dd6e4}\WINDOWS\SYSTEM32\DLLHOST.EXE
2026-07-14 08:12:41,\VOLUME{01dd13b23dcb8909-043dd6e4}\WINDOWS\SYSTEM32\DLLHOST.EXE
2026-07-14 08:12:01,\VOLUME{01dd13b23dcb8909-043dd6e4}\WINDOWS\SYSTEM32\DLLHOST.EXE
2026-07-14 08:07:51,\VOLUME{01dd13b23dcb8909-043dd6e4}\WINDOWS\SYSTEM32\DLLHOST.EXE
2026-08-06 09:58:34,\VOLUME{01dd13b23dcb8909-043dd6e4}\WINDOWS\SYSTEM32\DLLHOST.EXE
2026-08-06 09:56:32,\VOLUME{01dd13b23dcb8909-043dd6e4}\WINDOWS\SYSTEM32\DLLHOST.EXE
2026-07-17 13:48:42,\VOLUME{01dd13b23dcb8909-043dd6e4}\WINDOWS\SYSTEM32\DLLHOST.EXE
2026-07-14 11:40:34,\VOLUME{01dd13b23dcb8909-043dd6e4}\WINDOWS\SYSTEM32\DLLHOST.EXE
2026-07-14 11:31:50,\VOLUME{01dd13b23dcb8909-043dd6e4}\WINDOWS\SYSTEM32\DLLHOST.EXE
2026-07-14 11:22:55,\VOLUME{01dd13b23dcb8909-043dd6e4}\WINDOWS\SYSTEM32\DLLHOST.EXE
2026-07-14 10:04:11,\VOLUME{01dd13b23dcb8909-043dd6e4}\WINDOWS\SYSTEM32\DLLHOST.EXE
2026-07-14 10:00:49,\VOLUME{01dd13b23dcb8909-043dd6e4}\WINDOWS\SYSTEM32\DLLHOST.EXE
2026-07-14 10:02:12,\VOLUME{01dd13b23dcb8909-043dd6e4}\WINDOWS\SYSTEM32\DLLHOST.EXE
2026-07-14 08:19:56,\VOLUME{01dd13b23dcb8909-043dd6e4}\WINDOWS\SYSTEM32\DLLHOST.EXE
2026-08-18 08:37:57,\VOLUME{01dd13b23dcb8909-043dd6e4}\WINDOWS\SYSTEM32\DLLHOST.EXE
2026-08-18 08:32:18,\VOLUME{01dd13b23dcb8909-043dd6e4}\WINDOWS\SYSTEM32\DLLHOST.EXE
2026-08-18 08:23:07,\VOLUME{01dd13b23dcb8909-043dd6e4}\WINDOWS\SYSTEM32\DLLHOST.EXE
2026-08-06 09:58:41,\VOLUME{01dd13b23dcb8909-043dd6e4}\WINDOWS\SYSTEM32\DLLHOST.EXE
2026-08-06 09:56:13,\VOLUME{01dd13b23dcb8909-043dd6e4}\WINDOWS\SYSTEM32\DLLHOST.EXE
2026-07-17 19:29:24,\VOLUME{01dd13b23dcb8909-043dd6e4}\WINDOWS\SYSTEM32\DLLHOST.EXE
2026-07-17 13:32:19,\VOLUME{01dd13b23dcb8909-043dd6e4}\WINDOWS\SYSTEM32\DLLHOST.EXE
2026-07-16 10:03:36,\VOLUME{01dd13b23dcb8909-043dd6e4}\WINDOWS\SYSTEM32\DLLHOST.EXE
2026-07-14 08:11:59,\VOLUME{01dd13b23dcb8909-043dd6e4}\WINDOWS\SYSTEM32\DLLHOST.EXE
2026-07-14 08:10:31,\VOLUME{01dd13b23dcb8909-043dd6e4}\WINDOWS\SYSTEM32\DLLHOST.EXE
2026-07-14 08:07:49,\VOLUME{01dd13b23dcb8909-043dd6e4}\WINDOWS\SYSTEM32\DLLHOST.EXE
2026-07-14 09:56:07,\VOLUME{01dd13b23dcb8909-043dd6e4}\WINDOWS\SYSTEM32\DLLHOST.EXE
2026-08-12 09:15:51,\VOLUME{01dd13b23dcb8909-043dd6e4}\WINDOWS\SYSTEM32\DLLHOST.EXE
2026-08-06 10:01:32,\VOLUME{01dd13b23dcb8909-043dd6e4}\WINDOWS\SYSTEM32\DLLHOST.EXE
2026-07-17 13:53:12,\VOLUME{01dd13b23dcb8909-043dd6e4}\WINDOWS\SYSTEM32\DLLHOST.EXE
2026-07-14 10:11:33,\VOLUME{01dd13b23dcb8909-043dd6e4}\WINDOWS\SYSTEM32\DLLHOST.EXE
2026-07-14 09:57:06,\VOLUME{01dd13b23dcb8909-043dd6e4}\WINDOWS\SYSTEM32\DLLHOST.EXE
2026-07-14 09:53:45,\VOLUME{01dd13b23dcb8909-043dd6e4}\WINDOWS\SYSTEM32\DLLHOST.EXE
2026-07-14 08:26:12,\VOLUME{01dd13b23dcb8909-043dd6e4}\WINDOWS\SYSTEM32\DLLHOST.EXE
2026-07-14 08:15:33,\VOLUME{01dd13b23dcb8909-043dd6e4}\WINDOWS\SYSTEM32\DLLHOST.EXE
2026-07-14 08:14:48,\VOLUME{01dd13b23dcb8909-043dd6e4}\WINDOWS\SYSTEM32\DLLHOST.EXE
2026-07-14 08:11:59,\VOLUME{01dd13b23dcb8909-043dd6e4}\WINDOWS\SYSTEM32\DLLHOST.EXE
2026-07-14 08:10:31,\VOLUME{01dd13b23dcb8909-043dd6e4}\WINDOWS\SYSTEM32\DLLHOST.EXE
2026-07-14 08:08:26,\VOLUME{01dd13b23dcb8909-043dd6e4}\WINDOWS\SYSTEM32\DLLHOST.EXE
2026-07-14 08:07:49,\VOLUME{01dd13b23dcb8909-043dd6e4}\WINDOWS\SYSTEM32\DLLHOST.EXE
2026-08-18 08:23:08,\VOLUME{01dd13b23dcb8909-043dd6e4}\WINDOWS\SYSTEM32\DLLHOST.EXE
2026-07-17 13:51:28,\VOLUME{01dd13b23dcb8909-043dd6e4}\WINDOWS\SYSTEM32\DLLHOST.EXE
2026-07-14 11:50:54,\VOLUME{01dd13b23dcb8909-043dd6e4}\WINDOWS\SYSTEM32\DLLHOST.EXE
2026-07-14 08:15:24,\VOLUME{01dd13b23dcb8909-043dd6e4}\WINDOWS\SYSTEM32\DLLHOST.EXE
2026-07-14 08:12:17,\VOLUME{01dd13b23dcb8909-043dd6e4}\WINDOWS\SYSTEM32\DLLHOST.EXE
2026-08-06 10:07:10,\VOLUME{01dd13b23dcb8909-043dd6e4}\WINDOWS\SYSTEM32\DLLHOST.EXE
2026-07-14 10:00:13,\VOLUME{01dd13b23dcb8909-043dd6e4}\WINDOWS\SYSTEM32\DLLHOST.EXE
2026-07-14 08:17:01,\VOLUME{01dd13b23dcb8909-043dd6e4}\WINDOWS\SYSTEM32\DLLHOST.EXE
2026-07-14 08:11:09,\VOLUME{01dd13b23dcb8909-043dd6e4}\WINDOWS\SYSTEM32\DLLHOST.EXE
2026-07-14 10:04:53,\VOLUME{01dd13b23dcb8909-043dd6e4}\WINDOWS\SYSTEM32\DLLHOST.EXE
2026-07-14 08:16:40,\VOLUME{01dd13b23dcb8909-043dd6e4}\WINDOWS\SYSTEM32\DLLHOST.EXE
2026-07-14 10:04:53,\VOLUME{01dd13b23dcb8909-043dd6e4}\WINDOWS\SYSTEM32\DLLHOST.EXE
2026-07-14 08:08:25,\VOLUME{01dd13b23dcb8909-043dd6e4}\WINDOWS\SYSTEM32\DLLHOST.EXE
2026-07-14 10:00:12,\VOLUME{01dd13b23dcb8909-043dd6e4}\WINDOWS\SYSTEM32\DRVINST.EXE
2026-07-14 10:00:12,\VOLUME{01dd13b23dcb8909-043dd6e4}\WINDOWS\SYSTEM32\DRVINST.EXE
2026-07-14 10:00:11,\VOLUME{01dd13b23dcb8909-043dd6e4}\WINDOWS\SYSTEM32\DRVINST.EXE
2026-07-14 10:00:09,\VOLUME{01dd13b23dcb8909-043dd6e4}\WINDOWS\SYSTEM32\DRVINST.EXE
2026-07-14 10:00:09,\VOLUME{01dd13b23dcb8909-043dd6e4}\WINDOWS\SYSTEM32\DRVINST.EXE
2026-07-14 08:11:31,\VOLUME{01dd13b23dcb8909-043dd6e4}\WINDOWS\SYSTEM32\DRVINST.EXE
2026-07-14 08:11:30,\VOLUME{01dd13b23dcb8909-043dd6e4}\WINDOWS\SYSTEM32\DRVINST.EXE
2026-07-14 08:11:21,\VOLUME{01dd13b23dcb8909-043dd6e4}\WINDOWS\SYSTEM32\DRVINST.EXE
2026-07-14 08:11:09,\VOLUME{01dd13b23dcb8909-043dd6e4}\WINDOWS\SYSTEM32\DSMUSERTASK.EXE
2026-07-14 08:14:37,\VOLUME{01dd13b23dcb8909-043dd6e4}\WINDOWS\SYSTEM32\DWM.EXE
2026-07-14 11:02:27,\VOLUME{01dd13b23dcb8909-043dd6e4}\PROGRAM FILES (X86)\MICROSOFT\EDGEWEBVIEW\APPLICATION\150.0.4078.65\ELEVATION_SERVICE.EXE
2026-07-14 11:02:26,\VOLUME{01dd13b23dcb8909-043dd6e4}\PROGRAM FILES (X86)\MICROSOFT\EDGEWEBVIEW\APPLICATION\150.0.4078.65\ELEVATION_SERVICE.EXE
2026-07-14 08:25:54,\VOLUME{01dd13b23dcb8909-043dd6e4}\PROGRAM FILES (X86)\MICROSOFT\EDGEWEBVIEW\APPLICATION\150.0.4078.65\ELEVATION_SERVICE.EXE
2026-07-14 08:14:58,\VOLUME{01dd13b23dcb8909-043dd6e4}\PROGRAM FILES (X86)\MICROSOFT\EDGEWEBVIEW\APPLICATION\150.0.4078.65\ELEVATION_SERVICE.EXE
2026-07-14 08:14:57,\VOLUME{01dd13b23dcb8909-043dd6e4}\PROGRAM FILES (X86)\MICROSOFT\EDGEWEBVIEW\APPLICATION\150.0.4078.65\ELEVATION_SERVICE.EXE
2026-08-18 08:22:35,\VOLUME{01dd13b23dcb8909-043dd6e4}\USERS\DFANALYST\APPDATA\LOCAL\MICROSOFT\ONEDRIVE\26.134.0713.0004\FILECOAUTH.EXE
2026-08-12 09:15:50,\VOLUME{01dd13b23dcb8909-043dd6e4}\USERS\DFANALYST\APPDATA\LOCAL\MICROSOFT\ONEDRIVE\26.134.0713.0004\FILECOAUTH.EXE
2026-08-06 09:59:20,\VOLUME{01dd13b23dcb8909-043dd6e4}\USERS\DFANALYST\APPDATA\LOCAL\MICROSOFT\ONEDRIVE\26.134.0713.0004\FILECOAUTH.EXE
2026-07-14 08:16:27,\VOLUME{01dd13b23dcb8909-043dd6e4}\USERS\DFANALYST\APPDATA\LOCAL\MICROSOFT\ONEDRIVE\25.087.0506.0001\FILECOAUTH.EXE
2026-07-14 08:15:54,\VOLUME{01dd13b23dcb8909-043dd6e4}\USERS\DFANALYST\APPDATA\LOCAL\MICROSOFT\ONEDRIVE\25.087.0506.0001\FILECOAUTH.EXE
2026-08-18 08:23:17,\VOLUME{01dd13b23dcb8909-043dd6e4}\USERS\DFANALYST\APPDATA\LOCAL\MICROSOFT\ONEDRIVE\26.139.0720.0007\FILECOAUTH.EXE
2026-08-06 09:58:37,\VOLUME{01dd13b23dcb8909-043dd6e4}\USERS\DFANALYST\APPDATA\LOCAL\MICROSOFT\ONEDRIVE\26.119.0622.0003\FILECOAUTH.EXE
2026-07-17 13:32:25,\VOLUME{01dd13b23dcb8909-043dd6e4}\USERS\DFANALYST\APPDATA\LOCAL\MICROSOFT\ONEDRIVE\26.119.0622.0003\FILECOAUTH.EXE
2026-07-17 13:26:33,\VOLUME{01dd13b23dcb8909-043dd6e4}\USERS\DFANALYST\APPDATA\LOCAL\MICROSOFT\ONEDRIVE\26.113.0614.0004\FILECOAUTH.EXE
2026-07-16 08:19:41,\VOLUME{01dd13b23dcb8909-043dd6e4}\USERS\DFANALYST\APPDATA\LOCAL\MICROSOFT\ONEDRIVE\26.113.0614.0004\FILECOAUTH.EXE
2026-07-16 07:46:34,\VOLUME{01dd13b23dcb8909-043dd6e4}\USERS\DFANALYST\APPDATA\LOCAL\MICROSOFT\ONEDRIVE\26.113.0614.0004\FILECOAUTH.EXE
2026-07-14 11:38:24,\VOLUME{01dd13b23dcb8909-043dd6e4}\USERS\DFANALYST\APPDATA\LOCAL\MICROSOFT\ONEDRIVE\26.113.0614.0004\FILECOAUTH.EXE
2026-07-14 11:31:09,\VOLUME{01dd13b23dcb8909-043dd6e4}\USERS\DFANALYST\APPDATA\LOCAL\MICROSOFT\ONEDRIVE\26.113.0614.0004\FILECOAUTH.EXE
2026-07-14 10:39:54,\VOLUME{01dd13b23dcb8909-043dd6e4}\USERS\DFANALYST\APPDATA\LOCAL\MICROSOFT\ONEDRIVE\26.113.0614.0004\FILECOAUTH.EXE
2026-07-14 10:02:23,\VOLUME{01dd13b23dcb8909-043dd6e4}\USERS\DFANALYST\APPDATA\LOCAL\MICROSOFT\ONEDRIVE\26.113.0614.0004\FILECOAUTH.EXE
2026-07-14 09:58:45,\VOLUME{01dd13b23dcb8909-043dd6e4}\USERS\DFANALYST\APPDATA\LOCAL\MICROSOFT\ONEDRIVE\26.113.0614.0004\FILECOAUTH.EXE
2026-08-18 08:23:15,\VOLUME{01dd13b23dcb8909-043dd6e4}\USERS\DFANALYST\APPDATA\LOCAL\MICROSOFT\ONEDRIVE\26.139.0720.0007\FILESYNCCONFIG.EXE
2026-08-06 09:59:17,\VOLUME{01dd13b23dcb8909-043dd6e4}\USERS\DFANALYST\APPDATA\LOCAL\MICROSOFT\ONEDRIVE\26.134.0713.0004\FILESYNCCONFIG.EXE
2026-07-17 13:32:22,\VOLUME{01dd13b23dcb8909-043dd6e4}\USERS\DFANALYST\APPDATA\LOCAL\MICROSOFT\ONEDRIVE\26.119.0622.0003\FILESYNCCONFIG.EXE
2026-07-14 08:15:51,\VOLUME{01dd13b23dcb8909-043dd6e4}\USERS\DFANALYST\APPDATA\LOCAL\MICROSOFT\ONEDRIVE\25.087.0506.0001\FILESYNCCONFIG.EXE
2026-07-14 08:16:29,\VOLUME{01dd13b23dcb8909-043dd6e4}\USERS\DFANALYST\APPDATA\LOCAL\MICROSOFT\ONEDRIVE\26.113.0614.0004\FILESYNCCONFIG.EXE
2026-07-14 08:14:37,\VOLUME{01dd13b23dcb8909-043dd6e4}\WINDOWS\SYSTEM32\OOBE\FIRSTLOGONANIM.EXE
2026-07-14 10:17:14,\VOLUME{01dd13b23dcb8909-043dd6e4}\WINDOWS\SYSTEM32\FODHELPER.EXE
2026-07-14 08:14:37,\VOLUME{01dd13b23dcb8909-043dd6e4}\WINDOWS\SYSTEM32\FONTDRVHOST.EXE
2026-07-14 08:15:25,\VOLUME{01dd13b23dcb8909-043dd6e4}\WINDOWS\SYSTEM32\FSQUIRT.EXE
2026-07-14 10:01:20,\VOLUME{01dd13b23dcb8909-043dd6e4}\PROGRAM FILES\WINDOWSAPPS\MICROSOFT.XBOXGAMINGOVERLAY_7.325.7221.0_X64__8WEKYB3D8BBWE\GAMEBARFTSERVER.EXE
2026-07-14 10:04:20,\VOLUME{01dd13b23dcb8909-043dd6e4}\WINDOWS\SYSTEM32\GENVALOBJ.EXE
2026-07-14 11:31:53,\VOLUME{01dd13b23dcb8909-043dd6e4}\PROGRAM FILES (X86)\MICROSOFT\EDGE\APPLICATION\150.0.4078.65\IDENTITY_HELPER.EXE
2026-07-14 11:02:27,\VOLUME{01dd13b23dcb8909-043dd6e4}\PROGRAM FILES (X86)\MICROSOFT\EDGE\APPLICATION\150.0.4078.65\IDENTITY_HELPER.EXE
2026-07-14 08:25:54,\VOLUME{01dd13b23dcb8909-043dd6e4}\PROGRAM FILES (X86)\MICROSOFT\EDGE\APPLICATION\150.0.4078.65\IDENTITY_HELPER.EXE
2026-07-14 08:15:04,\VOLUME{01dd13b23dcb8909-043dd6e4}\PROGRAM FILES (X86)\MICROSOFT\EDGE\APPLICATION\150.0.4078.65\IDENTITY_HELPER.EXE
2026-08-06 10:18:51,\VOLUME{01dd13b23dcb8909-043dd6e4}\WINDOWS\SYSTEM32\IPCONFIG.EXE
2026-07-16 10:48:16,\VOLUME{01dd13b23dcb8909-043dd6e4}\WINDOWS\SYSTEM32\IPCONFIG.EXE
2026-07-16 08:18:50,\VOLUME{01dd13b23dcb8909-043dd6e4}\WINDOWS\SYSTEM32\IPCONFIG.EXE
2026-07-14 12:36:05,\VOLUME{01dd13b23dcb8909-043dd6e4}\WINDOWS\SYSTEM32\IPCONFIG.EXE
2026-07-14 12:11:53,\VOLUME{01dd13b23dcb8909-043dd6e4}\WINDOWS\SYSTEM32\IPCONFIG.EXE
2026-08-06 09:56:46,\VOLUME{01dd13b23dcb8909-043dd6e4}\WINDOWS\SYSTEMAPPS\MICROSOFT.LOCKAPP_CW5N1H2TXYEWY\LOCKAPP.EXE
2026-08-12 09:16:16,\VOLUME{01dd13b23dcb8909-043dd6e4}\WINDOWS\SYSTEM32\LOGONUI.EXE
2026-07-14 11:25:16,\VOLUME{01dd13b23dcb8909-043dd6e4}\WINDOWS\SYSTEM32\LOGONUI.EXE
2026-07-14 11:04:05,\VOLUME{01dd13b23dcb8909-043dd6e4}\WINDOWS\SYSTEM32\LOGONUI.EXE
2026-07-14 08:14:37,\VOLUME{01dd13b23dcb8909-043dd6e4}\WINDOWS\SYSTEM32\LOGONUI.EXE
2026-07-14 08:14:33,\VOLUME{01dd13b23dcb8909-043dd6e4}\WINDOWS\SYSTEM32\LOGONUI.EXE
2026-07-14 08:08:26,\VOLUME{01dd13b23dcb8909-043dd6e4}\WINDOWS\SYSTEM32\LPREMOVE.EXE
2026-07-14 12:15:26,\VOLUME{01dd13b23dcb8909-043dd6e4}\WINDOWS\SYSTEM32\MANAGE-BDE.EXE
2026-07-14 08:15:54,\VOLUME{01dd13b23dcb8909-043dd6e4}\USERS\DFANALYST\APPDATA\LOCAL\MICROSOFT\ONEDRIVE\25.087.0506.0001\MICROSOFT.SHAREPOINT.EXE
2026-08-06 09:56:42,\VOLUME{01dd13b23dcb8909-043dd6e4}\PROGRAM FILES (X86)\MICROSOFT\TEMP\EUEA7F.TMP\MICROSOFTEDGEUPDATE.EXE
2026-08-18 08:27:44,\VOLUME{01dd13b23dcb8909-043dd6e4}\PROGRAM FILES (X86)\MICROSOFT\EDGEUPDATE\MICROSOFTEDGEUPDATE.EXE
2026-08-18 08:22:43,\VOLUME{01dd13b23dcb8909-043dd6e4}\PROGRAM FILES (X86)\MICROSOFT\EDGEUPDATE\MICROSOFTEDGEUPDATE.EXE
2026-08-18 08:22:31,\VOLUME{01dd13b23dcb8909-043dd6e4}\PROGRAM FILES (X86)\MICROSOFT\EDGEUPDATE\MICROSOFTEDGEUPDATE.EXE
2026-08-18 08:22:32,\VOLUME{01dd13b23dcb8909-043dd6e4}\PROGRAM FILES (X86)\MICROSOFT\EDGEUPDATE\MICROSOFTEDGEUPDATE.EXE
2026-08-12 09:15:50,\VOLUME{01dd13b23dcb8909-043dd6e4}\PROGRAM FILES (X86)\MICROSOFT\EDGEUPDATE\MICROSOFTEDGEUPDATE.EXE
2026-08-12 09:15:50,\VOLUME{01dd13b23dcb8909-043dd6e4}\PROGRAM FILES (X86)\MICROSOFT\EDGEUPDATE\MICROSOFTEDGEUPDATE.EXE
2026-08-06 10:01:42,\VOLUME{01dd13b23dcb8909-043dd6e4}\PROGRAM FILES (X86)\MICROSOFT\EDGEUPDATE\MICROSOFTEDGEUPDATE.EXE
2026-08-06 09:59:15,\VOLUME{01dd13b23dcb8909-043dd6e4}\PROGRAM FILES (X86)\MICROSOFT\EDGEUPDATE\MICROSOFTEDGEUPDATE.EXE
2026-08-18 08:22:43,\VOLUME{01dd13b23dcb8909-043dd6e4}\PROGRAM FILES (X86)\MICROSOFT\TEMP\EUCB3F.TMP\MICROSOFTEDGEUPDATE.EXE
2026-07-14 08:07:50,MICROSOFTEDGEUPDATESETUP_X86_
2026-08-06 09:56:41,MICROSOFTEDGEUPDATESETUP_X86_
2026-08-18 08:22:43,MICROSOFTEDGEUPDATESETUP_X86_
2026-07-14 08:08:35,MICROSOFTEDGE_X64_150.0.4078.
2026-07-14 08:09:21,MICROSOFTEDGE_X64_150.0.4078.
2026-08-18 08:24:07,MICROSOFTEDGE_X64_151.0.4129.
2026-08-06 09:58:51,MICROSOFTEDGE_X64_151.0.4129.
2026-08-18 08:23:20,MICROSOFTEDGE_X64_151.0.4129.
2026-08-06 09:57:44,MICROSOFTEDGE_X64_151.0.4129.
2026-07-14 11:35:20,\VOLUME{01dd13b23dcb8909-043dd6e4}\WINDOWS\SYSTEM32\MMC.EXE
2026-08-18 08:22:32,\VOLUME{01dd13b23dcb8909-043dd6e4}\WINDOWS\SYSTEM32\MOBSYNC.EXE
2026-07-14 11:38:12,\VOLUME{01dd13b23dcb8909-043dd6e4}\WINDOWS\SYSTEM32\MOBSYNC.EXE
2026-07-14 08:25:44,\VOLUME{01dd13b23dcb8909-043dd6e4}\WINDOWS\SYSTEM32\MOBSYNC.EXE
2026-07-14 08:15:28,\VOLUME{01dd13b23dcb8909-043dd6e4}\WINDOWS\SYSTEM32\MOBSYNC.EXE
2026-08-06 10:06:55,\VOLUME{01dd13b23dcb8909-043dd6e4}\WINDOWS\SYSTEM32\WBEM\MOFCOMP.EXE
2026-07-14 11:48:40,\VOLUME{01dd13b23dcb8909-043dd6e4}\WINDOWS\SYSTEM32\WBEM\MOFCOMP.EXE
2026-08-18 08:37:12,\VOLUME{01dd13b23dcb8909-043dd6e4}\WINDOWS\WINSXS\AMD64_MICROSOFT-WINDOWS-UPDATE-UUS-CORE-UX_31BF3856AD364E35_10.0.26100.8521_NONE_8F1E6EEBAC5FC42B\MONOTIFICATIONUX.EXE
2026-08-18 08:37:09,\VOLUME{01dd13b23dcb8909-043dd6e4}\WINDOWS\WINSXS\AMD64_MICROSOFT-WINDOWS-UPDATE-UUS-CORE-UX_31BF3856AD364E35_10.0.26100.8521_NONE_8F1E6EEBAC5FC42B\MONOTIFICATIONUX.EXE
2026-07-16 08:19:03,\VOLUME{01dd13b23dcb8909-043dd6e4}\WINDOWS\WINSXS\AMD64_MICROSOFT-WINDOWS-UPDATE-UUS-CORE-UX_31BF3856AD364E35_10.0.26100.8521_NONE_8F1E6EEBAC5FC42B\MONOTIFICATIONUX.EXE
2026-07-14 11:41:19,\VOLUME{01dd13b23dcb8909-043dd6e4}\WINDOWS\WINSXS\AMD64_MICROSOFT-WINDOWS-UPDATE-UUS-CORE-UX_31BF3856AD364E35_10.0.26100.8521_NONE_8F1E6EEBAC5FC42B\MONOTIFICATIONUX.EXE
2026-07-14 11:35:08,\VOLUME{01dd13b23dcb8909-043dd6e4}\WINDOWS\WINSXS\AMD64_MICROSOFT-WINDOWS-UPDATE-UUS-CORE-UX_31BF3856AD364E35_10.0.26100.8521_NONE_8F1E6EEBAC5FC42B\MONOTIFICATIONUX.EXE
2026-07-14 11:35:06,\VOLUME{01dd13b23dcb8909-043dd6e4}\WINDOWS\WINSXS\AMD64_MICROSOFT-WINDOWS-UPDATE-UUS-CORE-UX_31BF3856AD364E35_10.0.26100.8521_NONE_8F1E6EEBAC5FC42B\MONOTIFICATIONUX.EXE
2026-07-14 11:31:38,\VOLUME{01dd13b23dcb8909-043dd6e4}\WINDOWS\WINSXS\AMD64_MICROSOFT-WINDOWS-UPDATE-UUS-CORE-UX_31BF3856AD364E35_10.0.26100.8521_NONE_8F1E6EEBAC5FC42B\MONOTIFICATIONUX.EXE
2026-07-14 11:31:33,\VOLUME{01dd13b23dcb8909-043dd6e4}\WINDOWS\WINSXS\AMD64_MICROSOFT-WINDOWS-UPDATE-UUS-CORE-UX_31BF3856AD364E35_10.0.26100.8521_NONE_8F1E6EEBAC5FC42B\MONOTIFICATIONUX.EXE
2026-07-14 11:25:16,\VOLUME{01dd13b23dcb8909-043dd6e4}\WINDOWS\UUS\PACKAGES\PREVIEW\AMD64\MONOTIFICATIONUX.EXE
2026-07-14 10:55:13,\VOLUME{01dd13b23dcb8909-043dd6e4}\WINDOWS\UUS\PACKAGES\PREVIEW\AMD64\MONOTIFICATIONUX.EXE
2026-07-14 10:42:23,\VOLUME{01dd13b23dcb8909-043dd6e4}\WINDOWS\UUS\PACKAGES\PREVIEW\AMD64\MONOTIFICATIONUX.EXE
2026-07-14 10:23:06,\VOLUME{01dd13b23dcb8909-043dd6e4}\WINDOWS\UUS\PACKAGES\PREVIEW\AMD64\MONOTIFICATIONUX.EXE
2026-07-14 10:20:01,\VOLUME{01dd13b23dcb8909-043dd6e4}\WINDOWS\UUS\PACKAGES\PREVIEW\AMD64\MONOTIFICATIONUX.EXE
2026-07-14 10:19:59,\VOLUME{01dd13b23dcb8909-043dd6e4}\WINDOWS\UUS\PACKAGES\PREVIEW\AMD64\MONOTIFICATIONUX.EXE
2026-07-14 10:18:18,\VOLUME{01dd13b23dcb8909-043dd6e4}\WINDOWS\UUS\PACKAGES\PREVIEW\AMD64\MONOTIFICATIONUX.EXE
2026-07-14 10:17:36,\VOLUME{01dd13b23dcb8909-043dd6e4}\WINDOWS\UUS\PACKAGES\PREVIEW\AMD64\MONOTIFICATIONUX.EXE
2026-08-18 08:37:04,\VOLUME{01dd13b23dcb8909-043dd6e4}\WINDOWS\UUS\AMD64\MOUSOCOREWORKER.EXE
2026-08-18 08:34:07,\VOLUME{01dd13b23dcb8909-043dd6e4}\WINDOWS\UUS\AMD64\MOUSOCOREWORKER.EXE
2026-08-18 08:28:08,\VOLUME{01dd13b23dcb8909-043dd6e4}\WINDOWS\UUS\AMD64\MOUSOCOREWORKER.EXE
2026-08-18 08:24:07,\VOLUME{01dd13b23dcb8909-043dd6e4}\WINDOWS\UUS\AMD64\MOUSOCOREWORKER.EXE
2026-08-06 10:13:15,\VOLUME{01dd13b23dcb8909-043dd6e4}\WINDOWS\UUS\AMD64\MOUSOCOREWORKER.EXE
2026-08-06 10:10:58,\VOLUME{01dd13b23dcb8909-043dd6e4}\WINDOWS\UUS\AMD64\MOUSOCOREWORKER.EXE
2026-08-06 10:06:17,\VOLUME{01dd13b23dcb8909-043dd6e4}\WINDOWS\UUS\AMD64\MOUSOCOREWORKER.EXE
2026-08-06 10:01:33,\VOLUME{01dd13b23dcb8909-043dd6e4}\WINDOWS\UUS\AMD64\MOUSOCOREWORKER.EXE
2026-07-14 10:44:23,\VOLUME{01dd13b23dcb8909-043dd6e4}\WINDOWS\UUS\PACKAGES\PREVIEW\AMD64\MOUSOCOREWORKER.EXE
2026-07-14 10:16:38,\VOLUME{01dd13b23dcb8909-043dd6e4}\WINDOWS\UUS\PACKAGES\PREVIEW\AMD64\MOUSOCOREWORKER.EXE
2026-07-14 11:48:15,\VOLUME{01dd13b23dcb8909-043dd6e4}\WINDOWS\SYSTEMTEMP\6A4B9AB8-2CC8-4A54-9939-0894D0A4D26AMPCOMMU\MPAM-D_BD_1.455.131.0.EXE
2026-07-14 11:48:43,\VOLUME{01dd13b23dcb8909-043dd6e4}\PROGRAM FILES\WINDOWS DEFENDER\MPCMDRUN.EXE
2026-07-14 11:48:45,\VOLUME{01dd13b23dcb8909-043dd6e4}\PROGRAM FILES\WINDOWS DEFENDER\MPCMDRUN.EXE
2026-07-14 11:48:36,\VOLUME{01dd13b23dcb8909-043dd6e4}\PROGRAM FILES\WINDOWS DEFENDER\MPCMDRUN.EXE
2026-07-14 11:48:14,\VOLUME{01dd13b23dcb8909-043dd6e4}\PROGRAM FILES\WINDOWS DEFENDER\MPCMDRUN.EXE
2026-07-14 11:48:14,\VOLUME{01dd13b23dcb8909-043dd6e4}\PROGRAM FILES\WINDOWS DEFENDER\MPCMDRUN.EXE
2026-08-18 08:32:18,\VOLUME{01dd13b23dcb8909-043dd6e4}\PROGRAMDATA\MICROSOFT\WINDOWS DEFENDER\PLATFORM\4.18.26070.9-0\MPCMDRUN.EXE
2026-08-18 08:32:18,\VOLUME{01dd13b23dcb8909-043dd6e4}\PROGRAMDATA\MICROSOFT\WINDOWS DEFENDER\PLATFORM\4.18.26070.9-0\MPCMDRUN.EXE
2026-08-18 08:32:18,\VOLUME{01dd13b23dcb8909-043dd6e4}\PROGRAMDATA\MICROSOFT\WINDOWS DEFENDER\PLATFORM\4.18.26070.9-0\MPCMDRUN.EXE
2026-08-18 08:32:18,\VOLUME{01dd13b23dcb8909-043dd6e4}\PROGRAMDATA\MICROSOFT\WINDOWS DEFENDER\PLATFORM\4.18.26070.9-0\MPCMDRUN.EXE
2026-08-18 08:22:35,\VOLUME{01dd13b23dcb8909-043dd6e4}\PROGRAMDATA\MICROSOFT\WINDOWS DEFENDER\PLATFORM\4.18.26070.9-0\MPCMDRUN.EXE
2026-08-06 10:17:14,\VOLUME{01dd13b23dcb8909-043dd6e4}\PROGRAMDATA\MICROSOFT\WINDOWS DEFENDER\PLATFORM\4.18.26070.9-0\MPCMDRUN.EXE
2026-08-06 10:17:14,\VOLUME{01dd13b23dcb8909-043dd6e4}\PROGRAMDATA\MICROSOFT\WINDOWS DEFENDER\PLATFORM\4.18.26070.9-0\MPCMDRUN.EXE
2026-08-06 10:06:51,\VOLUME{01dd13b23dcb8909-043dd6e4}\PROGRAMDATA\MICROSOFT\WINDOWS DEFENDER\PLATFORM\4.18.26060.3008-0\MPCMDRUN.EXE
2026-08-06 10:06:12,\VOLUME{01dd13b23dcb8909-043dd6e4}\PROGRAMDATA\MICROSOFT\WINDOWS DEFENDER\PLATFORM\4.18.26060.3008-0\MPCMDRUN.EXE
2026-08-06 10:06:12,\VOLUME{01dd13b23dcb8909-043dd6e4}\PROGRAMDATA\MICROSOFT\WINDOWS DEFENDER\PLATFORM\4.18.26060.3008-0\MPCMDRUN.EXE
2026-08-06 09:56:28,\VOLUME{01dd13b23dcb8909-043dd6e4}\PROGRAMDATA\MICROSOFT\WINDOWS DEFENDER\PLATFORM\4.18.26060.3008-0\MPCMDRUN.EXE
2026-08-06 09:56:12,\VOLUME{01dd13b23dcb8909-043dd6e4}\PROGRAMDATA\MICROSOFT\WINDOWS DEFENDER\PLATFORM\4.18.26060.3008-0\MPCMDRUN.EXE
2026-07-17 13:56:23,\VOLUME{01dd13b23dcb8909-043dd6e4}\PROGRAMDATA\MICROSOFT\WINDOWS DEFENDER\PLATFORM\4.18.26060.3008-0\MPCMDRUN.EXE
2026-07-17 13:56:22,\VOLUME{01dd13b23dcb8909-043dd6e4}\PROGRAMDATA\MICROSOFT\WINDOWS DEFENDER\PLATFORM\4.18.26060.3008-0\MPCMDRUN.EXE
2026-07-17 13:34:12,\VOLUME{01dd13b23dcb8909-043dd6e4}\PROGRAMDATA\MICROSOFT\WINDOWS DEFENDER\PLATFORM\4.18.26060.3008-0\MPCMDRUN.EXE
2026-07-14 11:48:43,\VOLUME{01dd13b23dcb8909-043dd6e4}\PROGRAMDATA\MICROSOFT\WINDOWS DEFENDER\PLATFORM\4.18.26060.3008-0\MPDEFENDERCORESERVICE.EXE
2026-08-06 10:06:59,\VOLUME{01dd13b23dcb8909-043dd6e4}\PROGRAMDATA\MICROSOFT\WINDOWS DEFENDER\PLATFORM\4.18.26070.9-0\MPDEFENDERCORESERVICE.EXE
2026-08-06 10:06:48,\VOLUME{01dd13b23dcb8909-043dd6e4}\WINDOWS\SYSTEMTEMP\64855141-90E4-45D5-A98D-3CDA0529609D\MPRECOVERY.EXE
2026-07-14 11:48:34,\VOLUME{01dd13b23dcb8909-043dd6e4}\WINDOWS\SYSTEMTEMP\E0E39FA9-F53D-49FF-81F0-A35A0EDEDC9A\MPRECOVERY.EXE
2026-07-14 11:48:16,\VOLUME{01dd13b23dcb8909-043dd6e4}\WINDOWS\SYSTEMTEMP\5B523070-57C6-49B2-B4A7-B46A7F007778\MPSIGSTUB.EXE
2026-07-14 11:48:33,\VOLUME{01dd13b23dcb8909-043dd6e4}\WINDOWS\SYSTEMTEMP\E0E39FA9-F53D-49FF-81F0-A35A0EDEDC9A\MPSIGSTUB.EXE
2026-08-06 10:06:48,\VOLUME{01dd13b23dcb8909-043dd6e4}\WINDOWS\SYSTEMTEMP\64855141-90E4-45D5-A98D-3CDA0529609D\MPSIGSTUB.EXE
2026-08-18 08:22:55,\VOLUME{01dd13b23dcb8909-043dd6e4}\WINDOWS\SYSTEM32\MPSIGSTUB.EXE
2026-08-06 09:57:24,\VOLUME{01dd13b23dcb8909-043dd6e4}\WINDOWS\SYSTEM32\MPSIGSTUB.EXE
2026-07-14 10:23:03,\VOLUME{01dd13b23dcb8909-043dd6e4}\WINDOWS\SYSTEM32\MPSIGSTUB.EXE
2026-07-14 10:23:01,\VOLUME{01dd13b23dcb8909-043dd6e4}\WINDOWS\SOFTWAREDISTRIBUTION\DOWNLOAD\INSTALL\MPSIGSTUB.EXE
2026-07-14 10:20:08,\VOLUME{01dd13b23dcb8909-043dd6e4}\WINDOWS\SYSTEM32\MRT.EXE
2026-07-17 17:58:45,\VOLUME{01dd13b23dcb8909-043dd6e4}\WINDOWS\MICROSOFT.NET\FRAMEWORK64\V4.0.30319\MSCORSVW.EXE
2026-07-17 13:34:15,\VOLUME{01dd13b23dcb8909-043dd6e4}\WINDOWS\MICROSOFT.NET\FRAMEWORK64\V4.0.30319\MSCORSVW.EXE
2026-07-16 08:28:14,\VOLUME{01dd13b23dcb8909-043dd6e4}\WINDOWS\MICROSOFT.NET\FRAMEWORK64\V4.0.30319\MSCORSVW.EXE
2026-07-16 08:28:11,\VOLUME{01dd13b23dcb8909-043dd6e4}\WINDOWS\MICROSOFT.NET\FRAMEWORK64\V4.0.30319\MSCORSVW.EXE
2026-07-16 08:19:08,\VOLUME{01dd13b23dcb8909-043dd6e4}\WINDOWS\MICROSOFT.NET\FRAMEWORK64\V4.0.30319\MSCORSVW.EXE
2026-07-14 12:21:52,\VOLUME{01dd13b23dcb8909-043dd6e4}\WINDOWS\MICROSOFT.NET\FRAMEWORK64\V4.0.30319\MSCORSVW.EXE
2026-07-14 12:21:52,\VOLUME{01dd13b23dcb8909-043dd6e4}\WINDOWS\MICROSOFT.NET\FRAMEWORK64\V4.0.30319\MSCORSVW.EXE
2026-07-14 12:11:40,\VOLUME{01dd13b23dcb8909-043dd6e4}\WINDOWS\MICROSOFT.NET\FRAMEWORK64\V4.0.30319\MSCORSVW.EXE
2026-07-17 17:58:45,\VOLUME{01dd13b23dcb8909-043dd6e4}\WINDOWS\MICROSOFT.NET\FRAMEWORK\V4.0.30319\MSCORSVW.EXE
2026-07-17 13:34:15,\VOLUME{01dd13b23dcb8909-043dd6e4}\WINDOWS\MICROSOFT.NET\FRAMEWORK\V4.0.30319\MSCORSVW.EXE
2026-07-16 08:28:48,\VOLUME{01dd13b23dcb8909-043dd6e4}\WINDOWS\MICROSOFT.NET\FRAMEWORK\V4.0.30319\MSCORSVW.EXE
2026-07-16 08:28:48,\VOLUME{01dd13b23dcb8909-043dd6e4}\WINDOWS\MICROSOFT.NET\FRAMEWORK\V4.0.30319\MSCORSVW.EXE
2026-07-14 12:22:25,\VOLUME{01dd13b23dcb8909-043dd6e4}\WINDOWS\MICROSOFT.NET\FRAMEWORK\V4.0.30319\MSCORSVW.EXE
2026-07-14 12:22:25,\VOLUME{01dd13b23dcb8909-043dd6e4}\WINDOWS\MICROSOFT.NET\FRAMEWORK\V4.0.30319\MSCORSVW.EXE
2026-07-14 12:12:18,\VOLUME{01dd13b23dcb8909-043dd6e4}\WINDOWS\MICROSOFT.NET\FRAMEWORK\V4.0.30319\MSCORSVW.EXE
2026-07-14 10:30:39,\VOLUME{01dd13b23dcb8909-043dd6e4}\WINDOWS\MICROSOFT.NET\FRAMEWORK\V4.0.30319\MSCORSVW.EXE
2026-07-14 11:31:11,\VOLUME{01dd13b23dcb8909-043dd6e4}\PROGRAM FILES (X86)\MICROSOFT\EDGE\APPLICATION\MSEDGE.EXE
2026-07-14 10:02:25,\VOLUME{01dd13b23dcb8909-043dd6e4}\PROGRAM FILES (X86)\MICROSOFT\EDGE\APPLICATION\MSEDGE.EXE
2026-07-14 09:58:48,\VOLUME{01dd13b23dcb8909-043dd6e4}\PROGRAM FILES (X86)\MICROSOFT\EDGE\APPLICATION\MSEDGE.EXE
2026-07-14 09:50:35,\VOLUME{01dd13b23dcb8909-043dd6e4}\PROGRAM FILES (X86)\MICROSOFT\EDGE\APPLICATION\MSEDGE.EXE
2026-07-14 08:25:54,\VOLUME{01dd13b23dcb8909-043dd6e4}\PROGRAM FILES (X86)\MICROSOFT\EDGE\APPLICATION\MSEDGE.EXE
2026-07-14 11:02:26,\VOLUME{01dd13b23dcb8909-043dd6e4}\PROGRAM FILES (X86)\MICROSOFT\EDGE\APPLICATION\MSEDGE.EXE
2026-07-14 11:02:26,\VOLUME{01dd13b23dcb8909-043dd6e4}\PROGRAM FILES (X86)\MICROSOFT\EDGE\APPLICATION\MSEDGE.EXE
2026-07-14 10:02:26,\VOLUME{01dd13b23dcb8909-043dd6e4}\PROGRAM FILES (X86)\MICROSOFT\EDGE\APPLICATION\MSEDGE.EXE
2026-07-14 08:25:54,\VOLUME{01dd13b23dcb8909-043dd6e4}\PROGRAM FILES (X86)\MICROSOFT\EDGE\APPLICATION\MSEDGE.EXE
2026-07-14 08:15:00,\VOLUME{01dd13b23dcb8909-043dd6e4}\PROGRAM FILES (X86)\MICROSOFT\EDGE\APPLICATION\MSEDGE.EXE
2026-07-14 10:04:26,\VOLUME{01dd13b23dcb8909-043dd6e4}\PROGRAM FILES (X86)\MICROSOFT\EDGE\APPLICATION\MSEDGE.EXE
2026-07-14 10:00:48,\VOLUME{01dd13b23dcb8909-043dd6e4}\PROGRAM FILES (X86)\MICROSOFT\EDGE\APPLICATION\MSEDGE.EXE
2026-07-14 09:52:36,\VOLUME{01dd13b23dcb8909-043dd6e4}\PROGRAM FILES (X86)\MICROSOFT\EDGE\APPLICATION\MSEDGE.EXE
2026-07-14 08:27:54,\VOLUME{01dd13b23dcb8909-043dd6e4}\PROGRAM FILES (X86)\MICROSOFT\EDGE\APPLICATION\MSEDGE.EXE
2026-07-14 08:16:57,\VOLUME{01dd13b23dcb8909-043dd6e4}\PROGRAM FILES (X86)\MICROSOFT\EDGE\APPLICATION\MSEDGE.EXE
2026-07-14 11:02:26,\VOLUME{01dd13b23dcb8909-043dd6e4}\PROGRAM FILES (X86)\MICROSOFT\EDGE\APPLICATION\MSEDGE.EXE
2026-07-14 08:14:57,\VOLUME{01dd13b23dcb8909-043dd6e4}\PROGRAM FILES (X86)\MICROSOFT\EDGE\APPLICATION\MSEDGE.EXE
2026-07-14 11:02:26,\VOLUME{01dd13b23dcb8909-043dd6e4}\PROGRAM FILES (X86)\MICROSOFT\EDGE\APPLICATION\MSEDGE.EXE
2026-07-14 11:31:23,\VOLUME{01dd13b23dcb8909-043dd6e4}\PROGRAM FILES (X86)\MICROSOFT\EDGE\APPLICATION\MSEDGE.EXE
2026-07-14 11:02:56,\VOLUME{01dd13b23dcb8909-043dd6e4}\PROGRAM FILES (X86)\MICROSOFT\EDGE\APPLICATION\MSEDGE.EXE
2026-07-14 10:02:56,\VOLUME{01dd13b23dcb8909-043dd6e4}\PROGRAM FILES (X86)\MICROSOFT\EDGE\APPLICATION\MSEDGE.EXE
2026-07-14 09:59:18,\VOLUME{01dd13b23dcb8909-043dd6e4}\PROGRAM FILES (X86)\MICROSOFT\EDGE\APPLICATION\MSEDGE.EXE
2026-07-14 09:51:06,\VOLUME{01dd13b23dcb8909-043dd6e4}\PROGRAM FILES (X86)\MICROSOFT\EDGE\APPLICATION\MSEDGE.EXE
2026-07-14 08:26:24,\VOLUME{01dd13b23dcb8909-043dd6e4}\PROGRAM FILES (X86)\MICROSOFT\EDGE\APPLICATION\MSEDGE.EXE
2026-07-14 08:18:12,\VOLUME{01dd13b23dcb8909-043dd6e4}\PROGRAM FILES (X86)\MICROSOFT\EDGE\APPLICATION\MSEDGE.EXE
2026-07-14 08:17:57,\VOLUME{01dd13b23dcb8909-043dd6e4}\PROGRAM FILES (X86)\MICROSOFT\EDGE\APPLICATION\MSEDGE.EXE
2026-07-14 11:02:26,\VOLUME{01dd13b23dcb8909-043dd6e4}\PROGRAM FILES (X86)\MICROSOFT\EDGE\APPLICATION\MSEDGE.EXE
2026-07-14 08:15:50,\VOLUME{01dd13b23dcb8909-043dd6e4}\PROGRAM FILES (X86)\MICROSOFT\EDGE\APPLICATION\MSEDGE.EXE
2026-07-14 10:04:16,\VOLUME{01dd13b23dcb8909-043dd6e4}\PROGRAM FILES (X86)\MICROSOFT\EDGEWEBVIEW\APPLICATION\150.0.4078.65\MSEDGEWEBVIEW2.EXE
2026-08-06 09:58:18,\VOLUME{01dd13b23dcb8909-043dd6e4}\PROGRAM FILES (X86)\MICROSOFT\EDGEWEBVIEW\APPLICATION\150.0.4078.65\MSEDGEWEBVIEW2.EXE
2026-07-14 11:32:58,\VOLUME{01dd13b23dcb8909-043dd6e4}\PROGRAM FILES (X86)\MICROSOFT\EDGEWEBVIEW\APPLICATION\150.0.4078.65\MSEDGEWEBVIEW2.EXE
2026-07-14 10:04:16,\VOLUME{01dd13b23dcb8909-043dd6e4}\PROGRAM FILES (X86)\MICROSOFT\EDGEWEBVIEW\APPLICATION\150.0.4078.65\MSEDGEWEBVIEW2.EXE
2026-07-14 10:00:33,\VOLUME{01dd13b23dcb8909-043dd6e4}\PROGRAM FILES (X86)\MICROSOFT\EDGEWEBVIEW\APPLICATION\150.0.4078.65\MSEDGEWEBVIEW2.EXE
2026-08-06 09:58:18,\VOLUME{01dd13b23dcb8909-043dd6e4}\PROGRAM FILES (X86)\MICROSOFT\EDGEWEBVIEW\APPLICATION\150.0.4078.65\MSEDGEWEBVIEW2.EXE
2026-07-14 11:32:58,\VOLUME{01dd13b23dcb8909-043dd6e4}\PROGRAM FILES (X86)\MICROSOFT\EDGEWEBVIEW\APPLICATION\150.0.4078.65\MSEDGEWEBVIEW2.EXE
2026-07-14 10:04:16,\VOLUME{01dd13b23dcb8909-043dd6e4}\PROGRAM FILES (X86)\MICROSOFT\EDGEWEBVIEW\APPLICATION\150.0.4078.65\MSEDGEWEBVIEW2.EXE
2026-07-14 10:00:33,\VOLUME{01dd13b23dcb8909-043dd6e4}\PROGRAM FILES (X86)\MICROSOFT\EDGEWEBVIEW\APPLICATION\150.0.4078.65\MSEDGEWEBVIEW2.EXE
2026-08-06 09:58:17,\VOLUME{01dd13b23dcb8909-043dd6e4}\PROGRAM FILES (X86)\MICROSOFT\EDGEWEBVIEW\APPLICATION\150.0.4078.65\MSEDGEWEBVIEW2.EXE
2026-07-14 11:32:57,\VOLUME{01dd13b23dcb8909-043dd6e4}\PROGRAM FILES (X86)\MICROSOFT\EDGEWEBVIEW\APPLICATION\150.0.4078.65\MSEDGEWEBVIEW2.EXE
2026-07-14 10:04:16,\VOLUME{01dd13b23dcb8909-043dd6e4}\PROGRAM FILES (X86)\MICROSOFT\EDGEWEBVIEW\APPLICATION\150.0.4078.65\MSEDGEWEBVIEW2.EXE
2026-07-14 10:00:33,\VOLUME{01dd13b23dcb8909-043dd6e4}\PROGRAM FILES (X86)\MICROSOFT\EDGEWEBVIEW\APPLICATION\150.0.4078.65\MSEDGEWEBVIEW2.EXE
2026-08-12 09:16:02,\VOLUME{01dd13b23dcb8909-043dd6e4}\PROGRAM FILES (X86)\MICROSOFT\EDGEWEBVIEW\APPLICATION\150.0.4078.65\MSEDGEWEBVIEW2.EXE
2026-07-17 14:48:19,\VOLUME{01dd13b23dcb8909-043dd6e4}\PROGRAM FILES (X86)\MICROSOFT\EDGEWEBVIEW\APPLICATION\150.0.4078.65\MSEDGEWEBVIEW2.EXE
2026-07-14 12:04:59,\VOLUME{01dd13b23dcb8909-043dd6e4}\PROGRAM FILES (X86)\MICROSOFT\EDGEWEBVIEW\APPLICATION\150.0.4078.65\MSEDGEWEBVIEW2.EXE
2026-07-14 10:36:09,\VOLUME{01dd13b23dcb8909-043dd6e4}\PROGRAM FILES (X86)\MICROSOFT\EDGEWEBVIEW\APPLICATION\150.0.4078.65\MSEDGEWEBVIEW2.EXE
2026-08-06 09:58:18,\VOLUME{01dd13b23dcb8909-043dd6e4}\PROGRAM FILES (X86)\MICROSOFT\EDGEWEBVIEW\APPLICATION\150.0.4078.65\MSEDGEWEBVIEW2.EXE
2026-07-14 11:32:58,\VOLUME{01dd13b23dcb8909-043dd6e4}\PROGRAM FILES (X86)\MICROSOFT\EDGEWEBVIEW\APPLICATION\150.0.4078.65\MSEDGEWEBVIEW2.EXE
2026-07-14 10:04:16,\VOLUME{01dd13b23dcb8909-043dd6e4}\PROGRAM FILES (X86)\MICROSOFT\EDGEWEBVIEW\APPLICATION\150.0.4078.65\MSEDGEWEBVIEW2.EXE
2026-07-14 10:00:33,\VOLUME{01dd13b23dcb8909-043dd6e4}\PROGRAM FILES (X86)\MICROSOFT\EDGEWEBVIEW\APPLICATION\150.0.4078.65\MSEDGEWEBVIEW2.EXE
2026-08-06 09:58:18,\VOLUME{01dd13b23dcb8909-043dd6e4}\PROGRAM FILES (X86)\MICROSOFT\EDGEWEBVIEW\APPLICATION\150.0.4078.65\MSEDGEWEBVIEW2.EXE
2026-07-14 11:32:58,\VOLUME{01dd13b23dcb8909-043dd6e4}\PROGRAM FILES (X86)\MICROSOFT\EDGEWEBVIEW\APPLICATION\150.0.4078.65\MSEDGEWEBVIEW2.EXE
2026-07-14 10:00:33,\VOLUME{01dd13b23dcb8909-043dd6e4}\PROGRAM FILES (X86)\MICROSOFT\EDGEWEBVIEW\APPLICATION\150.0.4078.65\MSEDGEWEBVIEW2.EXE
2026-07-17 16:49:00,\VOLUME{01dd13b23dcb8909-043dd6e4}\PROGRAM FILES (X86)\MICROSOFT\EDGEWEBVIEW\APPLICATION\150.0.4078.65\MSEDGEWEBVIEW2.EXE
2026-07-17 15:48:46,\VOLUME{01dd13b23dcb8909-043dd6e4}\PROGRAM FILES (X86)\MICROSOFT\EDGEWEBVIEW\APPLICATION\150.0.4078.65\MSEDGEWEBVIEW2.EXE
2026-07-17 14:48:57,\VOLUME{01dd13b23dcb8909-043dd6e4}\PROGRAM FILES (X86)\MICROSOFT\EDGEWEBVIEW\APPLICATION\150.0.4078.65\MSEDGEWEBVIEW2.EXE
2026-07-17 14:48:36,\VOLUME{01dd13b23dcb8909-043dd6e4}\PROGRAM FILES (X86)\MICROSOFT\EDGEWEBVIEW\APPLICATION\150.0.4078.65\MSEDGEWEBVIEW2.EXE
2026-07-14 12:05:29,\VOLUME{01dd13b23dcb8909-043dd6e4}\PROGRAM FILES (X86)\MICROSOFT\EDGEWEBVIEW\APPLICATION\150.0.4078.65\MSEDGEWEBVIEW2.EXE
2026-07-14 12:05:12,\VOLUME{01dd13b23dcb8909-043dd6e4}\PROGRAM FILES (X86)\MICROSOFT\EDGEWEBVIEW\APPLICATION\150.0.4078.65\MSEDGEWEBVIEW2.EXE
2026-07-14 11:22:22,\VOLUME{01dd13b23dcb8909-043dd6e4}\PROGRAM FILES (X86)\MICROSOFT\EDGEWEBVIEW\APPLICATION\150.0.4078.65\MSEDGEWEBVIEW2.EXE
2026-07-14 10:36:30,\VOLUME{01dd13b23dcb8909-043dd6e4}\PROGRAM FILES (X86)\MICROSOFT\EDGEWEBVIEW\APPLICATION\150.0.4078.65\MSEDGEWEBVIEW2.EXE
2026-07-14 11:30:57,\VOLUME{01dd13b23dcb8909-043dd6e4}\PROGRAM FILES (X86)\MICROSOFT\EDGEWEBVIEW\APPLICATION\150.0.4078.65\MSEDGEWEBVIEW2.EXE
2026-08-06 09:58:10,\VOLUME{01dd13b23dcb8909-043dd6e4}\PROGRAM FILES (X86)\MICROSOFT\EDGEWEBVIEW\APPLICATION\150.0.4078.65\MSEDGEWEBVIEW2.EXE
2026-07-14 11:32:57,\VOLUME{01dd13b23dcb8909-043dd6e4}\PROGRAM FILES (X86)\MICROSOFT\EDGEWEBVIEW\APPLICATION\150.0.4078.65\MSEDGEWEBVIEW2.EXE
2026-07-14 11:30:57,\VOLUME{01dd13b23dcb8909-043dd6e4}\PROGRAM FILES (X86)\MICROSOFT\EDGEWEBVIEW\APPLICATION\150.0.4078.65\MSEDGEWEBVIEW2.EXE
2026-08-06 09:58:04,\VOLUME{01dd13b23dcb8909-043dd6e4}\PROGRAM FILES (X86)\MICROSOFT\EDGEWEBVIEW\APPLICATION\150.0.4078.65\MSEDGEWEBVIEW2.EXE
2026-08-06 09:57:35,\VOLUME{01dd13b23dcb8909-043dd6e4}\PROGRAM FILES (X86)\MICROSOFT\EDGEWEBVIEW\APPLICATION\150.0.4078.65\MSEDGEWEBVIEW2.EXE
2026-08-06 09:57:18,\VOLUME{01dd13b23dcb8909-043dd6e4}\PROGRAM FILES (X86)\MICROSOFT\EDGEWEBVIEW\APPLICATION\150.0.4078.65\MSEDGEWEBVIEW2.EXE
2026-07-14 09:52:23,\VOLUME{01dd13b23dcb8909-043dd6e4}\PROGRAM FILES (X86)\MICROSOFT\EDGEWEBVIEW\APPLICATION\150.0.4078.65\MSEDGEWEBVIEW2.EXE
2026-07-14 09:52:23,\VOLUME{01dd13b23dcb8909-043dd6e4}\PROGRAM FILES (X86)\MICROSOFT\EDGEWEBVIEW\APPLICATION\150.0.4078.65\MSEDGEWEBVIEW2.EXE
2026-07-14 09:52:23,\VOLUME{01dd13b23dcb8909-043dd6e4}\PROGRAM FILES (X86)\MICROSOFT\EDGEWEBVIEW\APPLICATION\150.0.4078.65\MSEDGEWEBVIEW2.EXE
2026-07-14 08:14:09,\VOLUME{01dd13b23dcb8909-043dd6e4}\PROGRAM FILES (X86)\MICROSOFT\EDGEWEBVIEW\APPLICATION\150.0.4078.65\MSEDGEWEBVIEW2.EXE
2026-07-14 09:52:23,\VOLUME{01dd13b23dcb8909-043dd6e4}\PROGRAM FILES (X86)\MICROSOFT\EDGEWEBVIEW\APPLICATION\150.0.4078.65\MSEDGEWEBVIEW2.EXE
2026-07-14 08:14:10,\VOLUME{01dd13b23dcb8909-043dd6e4}\PROGRAM FILES (X86)\MICROSOFT\EDGEWEBVIEW\APPLICATION\150.0.4078.65\MSEDGEWEBVIEW2.EXE
2026-07-14 09:52:23,\VOLUME{01dd13b23dcb8909-043dd6e4}\PROGRAM FILES (X86)\MICROSOFT\EDGEWEBVIEW\APPLICATION\150.0.4078.65\MSEDGEWEBVIEW2.EXE
2026-08-18 08:24:13,\VOLUME{01dd13b23dcb8909-043dd6e4}\PROGRAM FILES (X86)\MICROSOFT\EDGEWEBVIEW\APPLICATION\151.0.4129.59\MSEDGEWEBVIEW2.EXE
2026-08-18 08:23:25,\VOLUME{01dd13b23dcb8909-043dd6e4}\PROGRAM FILES (X86)\MICROSOFT\EDGEWEBVIEW\APPLICATION\151.0.4129.59\MSEDGEWEBVIEW2.EXE
2026-07-14 08:14:49,\VOLUME{01dd13b23dcb8909-043dd6e4}\PROGRAM FILES (X86)\MICROSOFT\EDGEWEBVIEW\APPLICATION\150.0.4078.65\MSEDGEWEBVIEW2.EXE
2026-07-14 08:14:47,\VOLUME{01dd13b23dcb8909-043dd6e4}\PROGRAM FILES (X86)\MICROSOFT\EDGEWEBVIEW\APPLICATION\150.0.4078.65\MSEDGEWEBVIEW2.EXE
2026-07-14 10:04:15,\VOLUME{01dd13b23dcb8909-043dd6e4}\PROGRAM FILES (X86)\MICROSOFT\EDGEWEBVIEW\APPLICATION\150.0.4078.65\MSEDGEWEBVIEW2.EXE
2026-07-14 10:00:32,\VOLUME{01dd13b23dcb8909-043dd6e4}\PROGRAM FILES (X86)\MICROSOFT\EDGEWEBVIEW\APPLICATION\150.0.4078.65\MSEDGEWEBVIEW2.EXE
2026-07-14 09:52:22,\VOLUME{01dd13b23dcb8909-043dd6e4}\PROGRAM FILES (X86)\MICROSOFT\EDGEWEBVIEW\APPLICATION\150.0.4078.65\MSEDGEWEBVIEW2.EXE
2026-07-14 08:16:47,\VOLUME{01dd13b23dcb8909-043dd6e4}\PROGRAM FILES (X86)\MICROSOFT\EDGEWEBVIEW\APPLICATION\150.0.4078.65\MSEDGEWEBVIEW2.EXE
2026-07-14 08:14:47,\VOLUME{01dd13b23dcb8909-043dd6e4}\PROGRAM FILES (X86)\MICROSOFT\EDGEWEBVIEW\APPLICATION\150.0.4078.65\MSEDGEWEBVIEW2.EXE
2026-07-14 08:14:47,\VOLUME{01dd13b23dcb8909-043dd6e4}\PROGRAM FILES (X86)\MICROSOFT\EDGEWEBVIEW\APPLICATION\150.0.4078.65\MSEDGEWEBVIEW2.EXE
2026-07-14 08:18:44,\VOLUME{01dd13b23dcb8909-043dd6e4}\PROGRAM FILES (X86)\MICROSOFT\EDGEWEBVIEW\APPLICATION\150.0.4078.65\MSEDGEWEBVIEW2.EXE
2026-07-14 08:18:06,\VOLUME{01dd13b23dcb8909-043dd6e4}\PROGRAM FILES (X86)\MICROSOFT\EDGEWEBVIEW\APPLICATION\150.0.4078.65\MSEDGEWEBVIEW2.EXE
2026-07-14 08:17:31,\VOLUME{01dd13b23dcb8909-043dd6e4}\PROGRAM FILES (X86)\MICROSOFT\EDGEWEBVIEW\APPLICATION\150.0.4078.65\MSEDGEWEBVIEW2.EXE
2026-07-14 08:16:37,\VOLUME{01dd13b23dcb8909-043dd6e4}\PROGRAM FILES (X86)\MICROSOFT\EDGEWEBVIEW\APPLICATION\150.0.4078.65\MSEDGEWEBVIEW2.EXE
2026-07-14 08:16:17,\VOLUME{01dd13b23dcb8909-043dd6e4}\PROGRAM FILES (X86)\MICROSOFT\EDGEWEBVIEW\APPLICATION\150.0.4078.65\MSEDGEWEBVIEW2.EXE
2026-07-14 08:16:00,\VOLUME{01dd13b23dcb8909-043dd6e4}\PROGRAM FILES (X86)\MICROSOFT\EDGEWEBVIEW\APPLICATION\150.0.4078.65\MSEDGEWEBVIEW2.EXE
2026-07-14 08:15:51,\VOLUME{01dd13b23dcb8909-043dd6e4}\PROGRAM FILES (X86)\MICROSOFT\EDGEWEBVIEW\APPLICATION\150.0.4078.65\MSEDGEWEBVIEW2.EXE
2026-08-18 08:24:21,\VOLUME{01dd13b23dcb8909-043dd6e4}\PROGRAM FILES (X86)\MICROSOFT\EDGECORE\OPTIMIZED\MSEDGEWEBVIEW2.EXE
2026-08-18 08:24:21,\VOLUME{01dd13b23dcb8909-043dd6e4}\PROGRAM FILES (X86)\MICROSOFT\EDGECORE\OPTIMIZED\MSEDGEWEBVIEW2.EXE
2026-08-18 08:24:20,\VOLUME{01dd13b23dcb8909-043dd6e4}\PROGRAM FILES (X86)\MICROSOFT\EDGECORE\OPTIMIZED\MSEDGEWEBVIEW2.EXE
2026-08-18 08:24:21,\VOLUME{01dd13b23dcb8909-043dd6e4}\PROGRAM FILES (X86)\MICROSOFT\EDGECORE\OPTIMIZED\MSEDGEWEBVIEW2.EXE
2026-08-18 08:24:21,\VOLUME{01dd13b23dcb8909-043dd6e4}\PROGRAM FILES (X86)\MICROSOFT\EDGECORE\OPTIMIZED\MSEDGEWEBVIEW2.EXE
2026-07-14 10:00:00,\VOLUME{01dd13b23dcb8909-043dd6e4}\WINDOWS\SYSTEM32\MSIEXEC.EXE
2026-07-14 09:59:43,\VOLUME{01dd13b23dcb8909-043dd6e4}\WINDOWS\SYSTEM32\MSIEXEC.EXE
2026-07-14 09:59:34,\VOLUME{01dd13b23dcb8909-043dd6e4}\WINDOWS\SYSTEM32\MSIEXEC.EXE
2026-07-14 09:59:27,\VOLUME{01dd13b23dcb8909-043dd6e4}\WINDOWS\SYSTEM32\MSIEXEC.EXE
2026-07-14 10:00:02,\VOLUME{01dd13b23dcb8909-043dd6e4}\WINDOWS\SYSWOW64\MSIEXEC.EXE
2026-07-14 11:48:43,\VOLUME{01dd13b23dcb8909-043dd6e4}\PROGRAMDATA\MICROSOFT\WINDOWS DEFENDER\PLATFORM\4.18.26060.3008-0\MSMPENG.EXE
2026-07-14 11:48:37,\VOLUME{01dd13b23dcb8909-043dd6e4}\PROGRAM FILES\WINDOWS DEFENDER\MSMPENG.EXE
2026-08-06 10:06:59,\VOLUME{01dd13b23dcb8909-043dd6e4}\PROGRAMDATA\MICROSOFT\WINDOWS DEFENDER\PLATFORM\4.18.26070.9-0\MSMPENG.EXE
2026-07-17 17:58:45,\VOLUME{01dd13b23dcb8909-043dd6e4}\WINDOWS\MICROSOFT.NET\FRAMEWORK\V4.0.30319\NGEN.EXE
2026-07-17 13:34:14,\VOLUME{01dd13b23dcb8909-043dd6e4}\WINDOWS\MICROSOFT.NET\FRAMEWORK\V4.0.30319\NGEN.EXE
2026-07-16 08:28:11,\VOLUME{01dd13b23dcb8909-043dd6e4}\WINDOWS\MICROSOFT.NET\FRAMEWORK\V4.0.30319\NGEN.EXE
2026-07-16 08:18:58,\VOLUME{01dd13b23dcb8909-043dd6e4}\WINDOWS\MICROSOFT.NET\FRAMEWORK\V4.0.30319\NGEN.EXE
2026-07-14 12:22:47,\VOLUME{01dd13b23dcb8909-043dd6e4}\WINDOWS\MICROSOFT.NET\FRAMEWORK\V4.0.30319\NGEN.EXE
2026-07-14 10:30:54,\VOLUME{01dd13b23dcb8909-043dd6e4}\WINDOWS\MICROSOFT.NET\FRAMEWORK\V4.0.30319\NGEN.EXE
2026-07-14 10:30:54,\VOLUME{01dd13b23dcb8909-043dd6e4}\WINDOWS\MICROSOFT.NET\FRAMEWORK\V4.0.30319\NGEN.EXE
2026-07-14 10:30:54,\VOLUME{01dd13b23dcb8909-043dd6e4}\WINDOWS\MICROSOFT.NET\FRAMEWORK\V4.0.30319\NGEN.EXE
2026-07-17 17:58:44,\VOLUME{01dd13b23dcb8909-043dd6e4}\WINDOWS\MICROSOFT.NET\FRAMEWORK64\V4.0.30319\NGEN.EXE
2026-07-17 13:34:14,\VOLUME{01dd13b23dcb8909-043dd6e4}\WINDOWS\MICROSOFT.NET\FRAMEWORK64\V4.0.30319\NGEN.EXE
2026-07-16 08:28:11,\VOLUME{01dd13b23dcb8909-043dd6e4}\WINDOWS\MICROSOFT.NET\FRAMEWORK64\V4.0.30319\NGEN.EXE
2026-07-16 08:18:58,\VOLUME{01dd13b23dcb8909-043dd6e4}\WINDOWS\MICROSOFT.NET\FRAMEWORK64\V4.0.30319\NGEN.EXE
2026-07-14 12:21:42,\VOLUME{01dd13b23dcb8909-043dd6e4}\WINDOWS\MICROSOFT.NET\FRAMEWORK64\V4.0.30319\NGEN.EXE
2026-07-14 10:30:53,\VOLUME{01dd13b23dcb8909-043dd6e4}\WINDOWS\MICROSOFT.NET\FRAMEWORK64\V4.0.30319\NGEN.EXE
2026-07-14 10:30:53,\VOLUME{01dd13b23dcb8909-043dd6e4}\WINDOWS\MICROSOFT.NET\FRAMEWORK64\V4.0.30319\NGEN.EXE
2026-07-14 10:30:53,\VOLUME{01dd13b23dcb8909-043dd6e4}\WINDOWS\MICROSOFT.NET\FRAMEWORK64\V4.0.30319\NGEN.EXE
2026-07-17 17:58:45,\VOLUME{01dd13b23dcb8909-043dd6e4}\WINDOWS\MICROSOFT.NET\FRAMEWORK64\V4.0.30319\NGENTASK.EXE
2026-07-17 17:58:46,\VOLUME{01dd13b23dcb8909-043dd6e4}\WINDOWS\MICROSOFT.NET\FRAMEWORK64\V4.0.30319\NGENTASK.EXE
2026-07-17 17:58:44,\VOLUME{01dd13b23dcb8909-043dd6e4}\WINDOWS\MICROSOFT.NET\FRAMEWORK64\V4.0.30319\NGENTASK.EXE
2026-07-17 13:34:11,\VOLUME{01dd13b23dcb8909-043dd6e4}\WINDOWS\MICROSOFT.NET\FRAMEWORK64\V4.0.30319\NGENTASK.EXE
2026-07-17 13:34:16,\VOLUME{01dd13b23dcb8909-043dd6e4}\WINDOWS\MICROSOFT.NET\FRAMEWORK64\V4.0.30319\NGENTASK.EXE
2026-07-16 08:29:07,\VOLUME{01dd13b23dcb8909-043dd6e4}\WINDOWS\MICROSOFT.NET\FRAMEWORK64\V4.0.30319\NGENTASK.EXE
2026-07-16 08:28:11,\VOLUME{01dd13b23dcb8909-043dd6e4}\WINDOWS\MICROSOFT.NET\FRAMEWORK64\V4.0.30319\NGENTASK.EXE
2026-07-16 08:19:06,\VOLUME{01dd13b23dcb8909-043dd6e4}\WINDOWS\MICROSOFT.NET\FRAMEWORK64\V4.0.30319\NGENTASK.EXE
2026-08-06 10:07:21,\VOLUME{01dd13b23dcb8909-043dd6e4}\WINDOWS\MICROSOFT.NET\FRAMEWORK\V4.0.30319\NGENTASK.EXE
2026-07-17 17:58:44,\VOLUME{01dd13b23dcb8909-043dd6e4}\WINDOWS\MICROSOFT.NET\FRAMEWORK\V4.0.30319\NGENTASK.EXE
2026-07-17 17:58:45,\VOLUME{01dd13b23dcb8909-043dd6e4}\WINDOWS\MICROSOFT.NET\FRAMEWORK\V4.0.30319\NGENTASK.EXE
2026-07-17 13:34:12,\VOLUME{01dd13b23dcb8909-043dd6e4}\WINDOWS\MICROSOFT.NET\FRAMEWORK\V4.0.30319\NGENTASK.EXE
2026-07-16 08:29:08,\VOLUME{01dd13b23dcb8909-043dd6e4}\WINDOWS\MICROSOFT.NET\FRAMEWORK\V4.0.30319\NGENTASK.EXE
2026-07-16 08:28:11,\VOLUME{01dd13b23dcb8909-043dd6e4}\WINDOWS\MICROSOFT.NET\FRAMEWORK\V4.0.30319\NGENTASK.EXE
2026-07-16 08:19:06,\VOLUME{01dd13b23dcb8909-043dd6e4}\WINDOWS\MICROSOFT.NET\FRAMEWORK\V4.0.30319\NGENTASK.EXE
2026-07-14 12:21:42,\VOLUME{01dd13b23dcb8909-043dd6e4}\WINDOWS\MICROSOFT.NET\FRAMEWORK\V4.0.30319\NGENTASK.EXE
2026-08-06 10:07:14,\VOLUME{01dd13b23dcb8909-043dd6e4}\PROGRAMDATA\MICROSOFT\WINDOWS DEFENDER\PLATFORM\4.18.26070.9-0\NISSRV.EXE
2026-07-14 11:48:51,\VOLUME{01dd13b23dcb8909-043dd6e4}\PROGRAMDATA\MICROSOFT\WINDOWS DEFENDER\PLATFORM\4.18.26060.3008-0\NISSRV.EXE
2026-07-14 10:10:37,\VOLUME{01dd13b23dcb8909-043dd6e4}\PROGRAM FILES\WINDOWSAPPS\MICROSOFT.WINDOWSNOTEPAD_11.2605.34.0_X64__8WEKYB3D8BBWE\NOTEPAD\NOTEPAD.EXE
2026-07-14 10:10:37,\VOLUME{01dd13b23dcb8909-043dd6e4}\PROGRAM FILES\WINDOWSAPPS\MICROSOFT.WINDOWSNOTEPAD_11.2605.34.0_X64__8WEKYB3D8BBWE\NOTEPAD\NOTEPAD.EXE
2026-07-14 10:09:34,\VOLUME{01dd13b23dcb8909-043dd6e4}\PROGRAM FILES\WINDOWSAPPS\MICROSOFT.WINDOWSNOTEPAD_11.2605.34.0_X64__8WEKYB3D8BBWE\NOTEPAD\NOTEPAD.EXE
2026-07-14 10:09:34,\VOLUME{01dd13b23dcb8909-043dd6e4}\PROGRAM FILES\WINDOWSAPPS\MICROSOFT.WINDOWSNOTEPAD_11.2605.34.0_X64__8WEKYB3D8BBWE\NOTEPAD\NOTEPAD.EXE
2026-07-14 10:09:21,\VOLUME{01dd13b23dcb8909-043dd6e4}\PROGRAM FILES\WINDOWSAPPS\MICROSOFT.WINDOWSNOTEPAD_11.2605.34.0_X64__8WEKYB3D8BBWE\NOTEPAD\NOTEPAD.EXE
2026-07-14 10:09:21,\VOLUME{01dd13b23dcb8909-043dd6e4}\PROGRAM FILES\WINDOWSAPPS\MICROSOFT.WINDOWSNOTEPAD_11.2605.34.0_X64__8WEKYB3D8BBWE\NOTEPAD\NOTEPAD.EXE
2026-07-14 10:06:30,\VOLUME{01dd13b23dcb8909-043dd6e4}\PROGRAM FILES\WINDOWSAPPS\MICROSOFT.WINDOWSNOTEPAD_11.2605.34.0_X64__8WEKYB3D8BBWE\NOTEPAD\NOTEPAD.EXE
2026-07-14 10:05:49,\VOLUME{01dd13b23dcb8909-043dd6e4}\PROGRAM FILES\WINDOWSAPPS\MICROSOFT.WINDOWSNOTEPAD_11.2605.34.0_X64__8WEKYB3D8BBWE\NOTEPAD\NOTEPAD.EXE
2026-07-14 09:52:00,\VOLUME{01dd13b23dcb8909-043dd6e4}\PROGRAM FILES\WINDOWSAPPS\MICROSOFT.OUTLOOKFORWINDOWS_1.2026.630.300_X64__8WEKYB3D8BBWE\OLKFULLTRUSTEXECUTOR.EXE
2026-08-18 08:23:15,\VOLUME{01dd13b23dcb8909-043dd6e4}\USERS\DFANALYST\APPDATA\LOCAL\MICROSOFT\ONEDRIVE\ONEDRIVE.EXE
2026-08-06 09:59:18,\VOLUME{01dd13b23dcb8909-043dd6e4}\USERS\DFANALYST\APPDATA\LOCAL\MICROSOFT\ONEDRIVE\ONEDRIVE.EXE
2026-07-17 13:46:31,\VOLUME{01dd13b23dcb8909-043dd6e4}\USERS\DFANALYST\APPDATA\LOCAL\MICROSOFT\ONEDRIVE\ONEDRIVE.EXE
2026-07-17 13:32:23,\VOLUME{01dd13b23dcb8909-043dd6e4}\USERS\DFANALYST\APPDATA\LOCAL\MICROSOFT\ONEDRIVE\ONEDRIVE.EXE
2026-07-14 11:38:22,\VOLUME{01dd13b23dcb8909-043dd6e4}\USERS\DFANALYST\APPDATA\LOCAL\MICROSOFT\ONEDRIVE\ONEDRIVE.EXE
2026-07-14 11:31:07,\VOLUME{01dd13b23dcb8909-043dd6e4}\USERS\DFANALYST\APPDATA\LOCAL\MICROSOFT\ONEDRIVE\ONEDRIVE.EXE
2026-07-14 09:58:44,\VOLUME{01dd13b23dcb8909-043dd6e4}\USERS\DFANALYST\APPDATA\LOCAL\MICROSOFT\ONEDRIVE\ONEDRIVE.EXE
2026-07-14 09:50:32,\VOLUME{01dd13b23dcb8909-043dd6e4}\USERS\DFANALYST\APPDATA\LOCAL\MICROSOFT\ONEDRIVE\ONEDRIVE.EXE
2026-07-17 13:32:26,\VOLUME{01dd13b23dcb8909-043dd6e4}\USERS\DFANALYST\APPDATA\LOCAL\MICROSOFT\ONEDRIVE\26.119.0622.0003\ONEDRIVE.SYNC.SERVICE.EXE
2026-07-14 08:16:32,\VOLUME{01dd13b23dcb8909-043dd6e4}\USERS\DFANALYST\APPDATA\LOCAL\MICROSOFT\ONEDRIVE\26.113.0614.0004\ONEDRIVE.SYNC.SERVICE.EXE
2026-08-18 08:23:17,\VOLUME{01dd13b23dcb8909-043dd6e4}\USERS\DFANALYST\APPDATA\LOCAL\MICROSOFT\ONEDRIVE\26.139.0720.0007\ONEDRIVE.SYNC.SERVICE.EXE
2026-08-06 09:59:20,\VOLUME{01dd13b23dcb8909-043dd6e4}\USERS\DFANALYST\APPDATA\LOCAL\MICROSOFT\ONEDRIVE\26.134.0713.0004\ONEDRIVE.SYNC.SERVICE.EXE
2026-07-14 08:15:40,\VOLUME{01dd13b23dcb8909-043dd6e4}\WINDOWS\SYSTEM32\ONEDRIVESETUP.EXE
2026-07-14 08:15:39,\VOLUME{01dd13b23dcb8909-043dd6e4}\WINDOWS\SYSTEM32\ONEDRIVESETUP.EXE
2026-08-18 08:22:59,\VOLUME{01dd13b23dcb8909-043dd6e4}\USERS\DFANALYST\APPDATA\LOCAL\MICROSOFT\ONEDRIVE\UPDATE\ONEDRIVESETUP.EXE
2026-08-18 08:22:58,\VOLUME{01dd13b23dcb8909-043dd6e4}\USERS\DFANALYST\APPDATA\LOCAL\MICROSOFT\ONEDRIVE\UPDATE\ONEDRIVESETUP.EXE
2026-08-06 09:59:02,\VOLUME{01dd13b23dcb8909-043dd6e4}\USERS\DFANALYST\APPDATA\LOCAL\MICROSOFT\ONEDRIVE\UPDATE\ONEDRIVESETUP.EXE
2026-08-06 09:59:01,\VOLUME{01dd13b23dcb8909-043dd6e4}\USERS\DFANALYST\APPDATA\LOCAL\MICROSOFT\ONEDRIVE\UPDATE\ONEDRIVESETUP.EXE
2026-07-17 13:32:07,\VOLUME{01dd13b23dcb8909-043dd6e4}\USERS\DFANALYST\APPDATA\LOCAL\MICROSOFT\ONEDRIVE\UPDATE\ONEDRIVESETUP.EXE
2026-07-17 13:32:06,\VOLUME{01dd13b23dcb8909-043dd6e4}\USERS\DFANALYST\APPDATA\LOCAL\MICROSOFT\ONEDRIVE\UPDATE\ONEDRIVESETUP.EXE
2026-07-14 08:16:16,\VOLUME{01dd13b23dcb8909-043dd6e4}\USERS\DFANALYST\APPDATA\LOCAL\MICROSOFT\ONEDRIVE\UPDATE\ONEDRIVESETUP.EXE
2026-07-14 08:16:15,\VOLUME{01dd13b23dcb8909-043dd6e4}\USERS\DFANALYST\APPDATA\LOCAL\MICROSOFT\ONEDRIVE\UPDATE\ONEDRIVESETUP.EXE
2026-07-14 12:15:26,\VOLUME{01dd13b23dcb8909-043dd6e4}\WINDOWS\SYSTEM32\POWERCFG.EXE
2026-07-14 12:15:26,\VOLUME{01dd13b23dcb8909-043dd6e4}\WINDOWS\SYSTEM32\POWERCFG.EXE
2026-07-14 12:15:26,\VOLUME{01dd13b23dcb8909-043dd6e4}\WINDOWS\SYSTEM32\POWERCFG.EXE
2026-07-14 12:15:26,\VOLUME{01dd13b23dcb8909-043dd6e4}\WINDOWS\SYSTEM32\POWERCFG.EXE
2026-08-18 08:32:35,\VOLUME{01dd13b23dcb8909-043dd6e4}\WINDOWS\SYSTEM32\WINDOWSPOWERSHELL\V1.0\POWERSHELL.EXE
2026-08-18 08:23:10,\VOLUME{01dd13b23dcb8909-043dd6e4}\WINDOWS\SYSTEM32\WINDOWSPOWERSHELL\V1.0\POWERSHELL.EXE
2026-08-18 08:23:19,\VOLUME{01dd13b23dcb8909-043dd6e4}\WINDOWS\SYSTEM32\WINDOWSPOWERSHELL\V1.0\POWERSHELL.EXE
2026-07-17 13:58:28,\VOLUME{01dd13b23dcb8909-043dd6e4}\WINDOWS\SYSTEM32\WINDOWSPOWERSHELL\V1.0\POWERSHELL.EXE
2026-07-17 13:55:19,\VOLUME{01dd13b23dcb8909-043dd6e4}\WINDOWS\SYSTEM32\WINDOWSPOWERSHELL\V1.0\POWERSHELL.EXE
2026-07-17 13:51:30,\VOLUME{01dd13b23dcb8909-043dd6e4}\WINDOWS\SYSTEM32\WINDOWSPOWERSHELL\V1.0\POWERSHELL.EXE
2026-07-16 10:29:24,\VOLUME{01dd13b23dcb8909-043dd6e4}\WINDOWS\SYSTEM32\WINDOWSPOWERSHELL\V1.0\POWERSHELL.EXE
2026-07-16 08:41:28,\VOLUME{01dd13b23dcb8909-043dd6e4}\WINDOWS\SYSTEM32\WINDOWSPOWERSHELL\V1.0\POWERSHELL.EXE
2026-07-14 08:08:19,\VOLUME{01dd13b23dcb8909-043dd6e4}\WINDOWS\SYSWOW64\REGSVR32.EXE
2026-07-14 08:08:18,\VOLUME{01dd13b23dcb8909-043dd6e4}\WINDOWS\SYSWOW64\REGSVR32.EXE
2026-07-14 08:08:19,\VOLUME{01dd13b23dcb8909-043dd6e4}\WINDOWS\SYSTEM32\REGSVR32.EXE
2026-07-14 08:08:18,\VOLUME{01dd13b23dcb8909-043dd6e4}\WINDOWS\SYSTEM32\REGSVR32.EXE
2026-07-16 09:04:40,\VOLUME{01dd13b23dcb8909-043dd6e4}\WINDOWS\SYSTEM32\RUNDLL32.EXE
2026-07-14 09:59:11,\VOLUME{01dd13b23dcb8909-043dd6e4}\WINDOWS\SYSTEM32\RUNDLL32.EXE
2026-08-18 08:37:46,\VOLUME{01dd13b23dcb8909-043dd6e4}\WINDOWS\SYSTEM32\RUNDLL32.EXE
2026-08-18 08:23:45,\VOLUME{01dd13b23dcb8909-043dd6e4}\WINDOWS\SYSTEM32\RUNDLL32.EXE
2026-08-06 10:13:20,\VOLUME{01dd13b23dcb8909-043dd6e4}\WINDOWS\SYSTEM32\RUNDLL32.EXE
2026-08-06 09:58:30,\VOLUME{01dd13b23dcb8909-043dd6e4}\WINDOWS\SYSTEM32\RUNDLL32.EXE
2026-07-14 12:28:20,\VOLUME{01dd13b23dcb8909-043dd6e4}\WINDOWS\SYSTEM32\RUNDLL32.EXE
2026-07-14 12:24:23,\VOLUME{01dd13b23dcb8909-043dd6e4}\WINDOWS\SYSTEM32\RUNDLL32.EXE
2026-07-14 11:22:59,\VOLUME{01dd13b23dcb8909-043dd6e4}\WINDOWS\SYSTEM32\RUNDLL32.EXE
2026-07-14 10:54:36,\VOLUME{01dd13b23dcb8909-043dd6e4}\WINDOWS\SYSTEM32\RUNDLL32.EXE
2026-08-18 08:29:01,\VOLUME{01dd13b23dcb8909-043dd6e4}\WINDOWS\SYSTEM32\RUNDLL32.EXE
2026-07-17 13:51:42,\VOLUME{01dd13b23dcb8909-043dd6e4}\WINDOWS\SYSTEM32\RUNDLL32.EXE
2026-07-14 11:50:42,\VOLUME{01dd13b23dcb8909-043dd6e4}\WINDOWS\SYSTEM32\RUNDLL32.EXE
2026-07-14 10:05:19,\VOLUME{01dd13b23dcb8909-043dd6e4}\WINDOWS\SYSTEM32\RUNDLL32.EXE
2026-07-14 09:58:45,\VOLUME{01dd13b23dcb8909-043dd6e4}\WINDOWS\SYSTEM32\RUNDLL32.EXE
2026-07-14 09:53:07,\VOLUME{01dd13b23dcb8909-043dd6e4}\WINDOWS\SYSTEM32\RUNDLL32.EXE
2026-08-06 10:13:20,\VOLUME{01dd13b23dcb8909-043dd6e4}\WINDOWS\SYSTEM32\RUNDLL32.EXE
2026-08-18 08:23:08,\VOLUME{01dd13b23dcb8909-043dd6e4}\WINDOWS\SYSTEM32\RUNDLL32.EXE
2026-07-14 11:50:54,\VOLUME{01dd13b23dcb8909-043dd6e4}\WINDOWS\SYSTEM32\RUNDLL32.EXE
2026-08-06 10:07:09,\VOLUME{01dd13b23dcb8909-043dd6e4}\WINDOWS\SYSTEM32\RUNDLL32.EXE
2026-07-17 13:34:10,\VOLUME{01dd13b23dcb8909-043dd6e4}\WINDOWS\SYSTEM32\RUNDLL32.EXE
2026-07-14 08:14:41,\VOLUME{01dd13b23dcb8909-043dd6e4}\WINDOWS\SYSTEM32\RUNONCE.EXE
2026-07-14 08:10:32,\VOLUME{01dd13b23dcb8909-043dd6e4}\WINDOWS\SYSTEM32\RUNTIMEBROKER.EXE
2026-07-14 08:07:49,\VOLUME{01dd13b23dcb8909-043dd6e4}\WINDOWS\SYSTEM32\RUNTIMEBROKER.EXE
2026-08-18 08:37:04,\VOLUME{01dd13b23dcb8909-043dd6e4}\WINDOWS\SYSTEM32\RUNTIMEBROKER.EXE
2026-08-18 08:32:59,\VOLUME{01dd13b23dcb8909-043dd6e4}\WINDOWS\SYSTEM32\RUNTIMEBROKER.EXE
2026-08-18 08:28:08,\VOLUME{01dd13b23dcb8909-043dd6e4}\WINDOWS\SYSTEM32\RUNTIMEBROKER.EXE
2026-08-18 08:22:22,\VOLUME{01dd13b23dcb8909-043dd6e4}\WINDOWS\SYSTEM32\RUNTIMEBROKER.EXE
2026-08-12 09:16:02,\VOLUME{01dd13b23dcb8909-043dd6e4}\WINDOWS\SYSTEM32\RUNTIMEBROKER.EXE
2026-08-06 10:13:15,\VOLUME{01dd13b23dcb8909-043dd6e4}\WINDOWS\SYSTEM32\RUNTIMEBROKER.EXE
2026-08-06 10:10:58,\VOLUME{01dd13b23dcb8909-043dd6e4}\WINDOWS\SYSTEM32\RUNTIMEBROKER.EXE
2026-08-06 09:59:53,\VOLUME{01dd13b23dcb8909-043dd6e4}\WINDOWS\SYSTEM32\RUNTIMEBROKER.EXE
2026-07-14 08:27:03,\VOLUME{01dd13b23dcb8909-043dd6e4}\WINDOWS\SYSTEM32\RUNTIMEBROKER.EXE
2026-07-14 08:19:49,\VOLUME{01dd13b23dcb8909-043dd6e4}\WINDOWS\SYSTEM32\RUNTIMEBROKER.EXE
2026-07-14 08:26:14,\VOLUME{01dd13b23dcb8909-043dd6e4}\WINDOWS\SYSTEM32\RUNTIMEBROKER.EXE
2026-07-14 11:31:53,\VOLUME{01dd13b23dcb8909-043dd6e4}\WINDOWS\SYSTEM32\RUNTIMEBROKER.EXE
2026-07-14 11:25:07,\VOLUME{01dd13b23dcb8909-043dd6e4}\WINDOWS\SYSTEM32\RUNTIMEBROKER.EXE
2026-07-14 08:16:52,\VOLUME{01dd13b23dcb8909-043dd6e4}\WINDOWS\SYSTEM32\RUNTIMEBROKER.EXE
2026-07-14 09:59:17,\VOLUME{01dd13b23dcb8909-043dd6e4}\WINDOWS\SYSTEM32\RUNTIMEBROKER.EXE
2026-07-14 09:55:37,\VOLUME{01dd13b23dcb8909-043dd6e4}\WINDOWS\SYSTEM32\RUNTIMEBROKER.EXE
2026-07-14 08:16:51,\VOLUME{01dd13b23dcb8909-043dd6e4}\WINDOWS\SYSTEM32\RUNTIMEBROKER.EXE
2026-07-14 10:02:13,\VOLUME{01dd13b23dcb8909-043dd6e4}\WINDOWS\SYSTEM32\RUNTIMEBROKER.EXE
2026-07-14 09:58:29,\VOLUME{01dd13b23dcb8909-043dd6e4}\WINDOWS\SYSTEM32\RUNTIMEBROKER.EXE
2026-07-14 09:50:20,\VOLUME{01dd13b23dcb8909-043dd6e4}\WINDOWS\SYSTEM32\RUNTIMEBROKER.EXE
2026-08-18 08:25:22,\VOLUME{01dd13b23dcb8909-043dd6e4}\WINDOWS\SYSTEM32\RUNTIMEBROKER.EXE
2026-08-12 09:16:11,\VOLUME{01dd13b23dcb8909-043dd6e4}\WINDOWS\SYSTEM32\RUNTIMEBROKER.EXE
2026-08-06 09:58:22,\VOLUME{01dd13b23dcb8909-043dd6e4}\WINDOWS\SYSTEM32\RUNTIMEBROKER.EXE
2026-07-14 12:12:19,\VOLUME{01dd13b23dcb8909-043dd6e4}\WINDOWS\SYSTEM32\RUNTIMEBROKER.EXE
2026-07-14 11:22:59,\VOLUME{01dd13b23dcb8909-043dd6e4}\WINDOWS\SYSTEM32\RUNTIMEBROKER.EXE
2026-07-14 09:52:00,\VOLUME{01dd13b23dcb8909-043dd6e4}\WINDOWS\SYSTEM32\RUNTIMEBROKER.EXE
2026-08-06 09:56:46,\VOLUME{01dd13b23dcb8909-043dd6e4}\WINDOWS\SYSTEM32\RUNTIMEBROKER.EXE
2026-07-14 10:28:04,\VOLUME{01dd13b23dcb8909-043dd6e4}\WINDOWS\SYSTEM32\RUNTIMEBROKER.EXE
2026-08-06 09:56:08,\VOLUME{01dd13b23dcb8909-043dd6e4}\WINDOWS\SYSTEM32\RUNTIMEBROKER.EXE
2026-07-17 13:46:17,\VOLUME{01dd13b23dcb8909-043dd6e4}\WINDOWS\SYSTEM32\RUNTIMEBROKER.EXE
2026-07-14 11:38:07,\VOLUME{01dd13b23dcb8909-043dd6e4}\WINDOWS\SYSTEM32\RUNTIMEBROKER.EXE
2026-07-14 11:30:54,\VOLUME{01dd13b23dcb8909-043dd6e4}\WINDOWS\SYSTEM32\RUNTIMEBROKER.EXE
2026-07-14 08:25:58,\VOLUME{01dd13b23dcb8909-043dd6e4}\WINDOWS\SYSTEM32\RUNTIMEBROKER.EXE
2026-08-12 09:16:02,\VOLUME{01dd13b23dcb8909-043dd6e4}\WINDOWS\SYSTEM32\RUNTIMEBROKER.EXE
2026-07-17 14:48:19,\VOLUME{01dd13b23dcb8909-043dd6e4}\WINDOWS\SYSTEM32\RUNTIMEBROKER.EXE
2026-07-14 12:04:59,\VOLUME{01dd13b23dcb8909-043dd6e4}\WINDOWS\SYSTEM32\RUNTIMEBROKER.EXE
2026-07-14 11:33:00,\VOLUME{01dd13b23dcb8909-043dd6e4}\WINDOWS\SYSTEM32\RUNTIMEBROKER.EXE
2026-07-14 08:26:15,\VOLUME{01dd13b23dcb8909-043dd6e4}\WINDOWS\SYSTEM32\RUNTIMEBROKER.EXE
2026-08-18 08:32:59,\VOLUME{01dd13b23dcb8909-043dd6e4}\WINDOWS\SYSTEM32\RUNTIMEBROKER.EXE
2026-08-18 08:24:52,\VOLUME{01dd13b23dcb8909-043dd6e4}\WINDOWS\SYSTEM32\RUNTIMEBROKER.EXE
2026-08-18 08:22:21,\VOLUME{01dd13b23dcb8909-043dd6e4}\WINDOWS\SYSTEM32\RUNTIMEBROKER.EXE
2026-08-06 09:57:38,\VOLUME{01dd13b23dcb8909-043dd6e4}\WINDOWS\SYSTEM32\RUNTIMEBROKER.EXE
2026-07-17 14:16:37,\VOLUME{01dd13b23dcb8909-043dd6e4}\WINDOWS\SYSTEM32\RUNTIMEBROKER.EXE
2026-07-17 13:47:08,\VOLUME{01dd13b23dcb8909-043dd6e4}\WINDOWS\SYSTEM32\RUNTIMEBROKER.EXE
2026-07-17 13:33:01,\VOLUME{01dd13b23dcb8909-043dd6e4}\WINDOWS\SYSTEM32\RUNTIMEBROKER.EXE
2026-07-16 08:26:17,\VOLUME{01dd13b23dcb8909-043dd6e4}\WINDOWS\SYSTEM32\RUNTIMEBROKER.EXE
2026-08-18 08:25:22,\VOLUME{01dd13b23dcb8909-043dd6e4}\WINDOWS\SYSTEM32\RUNTIMEBROKER.EXE
2026-08-12 09:16:15,\VOLUME{01dd13b23dcb8909-043dd6e4}\WINDOWS\SYSTEM32\RUNTIMEBROKER.EXE
2026-07-16 08:19:10,\VOLUME{01dd13b23dcb8909-043dd6e4}\WINDOWS\SYSTEM32\RUNTIMEBROKER.EXE
2026-07-14 12:12:20,\VOLUME{01dd13b23dcb8909-043dd6e4}\WINDOWS\SYSTEM32\RUNTIMEBROKER.EXE
2026-08-18 08:25:22,\VOLUME{01dd13b23dcb8909-043dd6e4}\WINDOWS\SYSTEM32\RUNTIMEBROKER.EXE
2026-08-12 09:16:11,\VOLUME{01dd13b23dcb8909-043dd6e4}\WINDOWS\SYSTEM32\RUNTIMEBROKER.EXE
2026-08-06 10:10:56,\VOLUME{01dd13b23dcb8909-043dd6e4}\WINDOWS\SYSTEM32\RUNTIMEBROKER.EXE
2026-07-17 19:26:59,\VOLUME{01dd13b23dcb8909-043dd6e4}\WINDOWS\SYSTEM32\RUNTIMEBROKER.EXE
2026-07-17 13:47:20,\VOLUME{01dd13b23dcb8909-043dd6e4}\WINDOWS\SYSTEM32\RUNTIMEBROKER.EXE
2026-07-17 13:26:42,\VOLUME{01dd13b23dcb8909-043dd6e4}\WINDOWS\SYSTEM32\RUNTIMEBROKER.EXE
2026-07-16 10:14:37,\VOLUME{01dd13b23dcb8909-043dd6e4}\WINDOWS\SYSTEM32\RUNTIMEBROKER.EXE
2026-07-16 08:19:34,\VOLUME{01dd13b23dcb8909-043dd6e4}\WINDOWS\SYSTEM32\RUNTIMEBROKER.EXE
2026-07-14 10:02:13,\VOLUME{01dd13b23dcb8909-043dd6e4}\WINDOWS\SYSTEM32\RUNTIMEBROKER.EXE
2026-07-14 09:58:29,\VOLUME{01dd13b23dcb8909-043dd6e4}\WINDOWS\SYSTEM32\RUNTIMEBROKER.EXE
2026-07-14 09:50:20,\VOLUME{01dd13b23dcb8909-043dd6e4}\WINDOWS\SYSTEM32\RUNTIMEBROKER.EXE
2026-08-18 08:28:19,\VOLUME{01dd13b23dcb8909-043dd6e4}\WINDOWS\SYSTEM32\RUNTIMEBROKER.EXE
2026-08-06 10:00:47,\VOLUME{01dd13b23dcb8909-043dd6e4}\WINDOWS\SYSTEM32\RUNTIMEBROKER.EXE
2026-07-17 13:34:13,\VOLUME{01dd13b23dcb8909-043dd6e4}\WINDOWS\SYSTEM32\RUNTIMEBROKER.EXE
2026-08-12 09:16:15,\VOLUME{01dd13b23dcb8909-043dd6e4}\WINDOWS\SYSTEM32\RUNTIMEBROKER.EXE
2026-07-17 13:26:50,\VOLUME{01dd13b23dcb8909-043dd6e4}\WINDOWS\SYSTEM32\RUNTIMEBROKER.EXE
2026-07-14 11:50:51,\VOLUME{01dd13b23dcb8909-043dd6e4}\WINDOWS\SYSTEM32\RUNTIMEBROKER.EXE
2026-07-14 11:35:19,\VOLUME{01dd13b23dcb8909-043dd6e4}\WINDOWS\SYSTEM32\RUNTIMEBROKER.EXE
2026-07-14 09:53:23,\VOLUME{01dd13b23dcb8909-043dd6e4}\WINDOWS\SYSTEM32\RUNTIMEBROKER.EXE
2026-07-17 18:46:15,\VOLUME{01dd13b23dcb8909-043dd6e4}\WINDOWS\SYSTEM32\SDBINST.EXE
2026-07-17 17:46:15,\VOLUME{01dd13b23dcb8909-043dd6e4}\WINDOWS\SYSTEM32\SDBINST.EXE
2026-07-17 16:46:15,\VOLUME{01dd13b23dcb8909-043dd6e4}\WINDOWS\SYSTEM32\SDBINST.EXE
2026-07-17 15:46:15,\VOLUME{01dd13b23dcb8909-043dd6e4}\WINDOWS\SYSTEM32\SDBINST.EXE
2026-07-17 14:46:15,\VOLUME{01dd13b23dcb8909-043dd6e4}\WINDOWS\SYSTEM32\SDBINST.EXE
2026-07-16 10:20:57,\VOLUME{01dd13b23dcb8909-043dd6e4}\WINDOWS\SYSTEM32\SDBINST.EXE
2026-07-16 09:20:57,\VOLUME{01dd13b23dcb8909-043dd6e4}\WINDOWS\SYSTEM32\SDBINST.EXE
2026-07-16 08:20:51,\VOLUME{01dd13b23dcb8909-043dd6e4}\WINDOWS\SYSTEM32\SDBINST.EXE
2026-08-06 10:07:10,\VOLUME{01dd13b23dcb8909-043dd6e4}\WINDOWS\SYSTEM32\SDIAGNHOST.EXE
2026-07-14 11:31:16,\VOLUME{01dd13b23dcb8909-043dd6e4}\WINDOWS\SYSTEM32\SEARCHFILTERHOST.EXE
2026-07-14 08:16:49,\VOLUME{01dd13b23dcb8909-043dd6e4}\WINDOWS\SYSTEM32\SEARCHFILTERHOST.EXE
2026-07-14 08:16:49,\VOLUME{01dd13b23dcb8909-043dd6e4}\WINDOWS\SYSTEM32\SEARCHFILTERHOST.EXE
2026-07-14 08:16:48,\VOLUME{01dd13b23dcb8909-043dd6e4}\WINDOWS\SYSTEM32\SEARCHFILTERHOST.EXE
2026-07-14 08:16:25,\VOLUME{01dd13b23dcb8909-043dd6e4}\WINDOWS\SYSTEM32\SEARCHFILTERHOST.EXE
2026-07-14 08:16:24,\VOLUME{01dd13b23dcb8909-043dd6e4}\WINDOWS\SYSTEM32\SEARCHFILTERHOST.EXE
2026-07-14 08:16:24,\VOLUME{01dd13b23dcb8909-043dd6e4}\WINDOWS\SYSTEM32\SEARCHFILTERHOST.EXE
2026-07-14 08:10:36,\VOLUME{01dd13b23dcb8909-043dd6e4}\WINDOWS\SYSTEM32\SEARCHFILTERHOST.EXE
2026-07-14 10:02:12,\VOLUME{01dd13b23dcb8909-043dd6e4}\WINDOWS\SYSTEMAPPS\MICROSOFTWINDOWS.CLIENT.CBS_CW5N1H2TXYEWY\SEARCHHOST.EXE
2026-07-14 09:58:29,\VOLUME{01dd13b23dcb8909-043dd6e4}\WINDOWS\SYSTEMAPPS\MICROSOFTWINDOWS.CLIENT.CBS_CW5N1H2TXYEWY\SEARCHHOST.EXE
2026-07-17 13:46:17,\VOLUME{01dd13b23dcb8909-043dd6e4}\WINDOWS\SYSTEMAPPS\MICROSOFTWINDOWS.CLIENT.CBS_CW5N1H2TXYEWY\SEARCHHOST.EXE
2026-07-14 11:30:54,\VOLUME{01dd13b23dcb8909-043dd6e4}\WINDOWS\SYSTEMAPPS\MICROSOFTWINDOWS.CLIENT.CBS_CW5N1H2TXYEWY\SEARCHHOST.EXE
2026-08-12 09:16:23,\VOLUME{01dd13b23dcb8909-043dd6e4}\WINDOWS\SYSTEM32\SEARCHPROTOCOLHOST.EXE
2026-08-06 09:58:35,\VOLUME{01dd13b23dcb8909-043dd6e4}\WINDOWS\SYSTEM32\SEARCHPROTOCOLHOST.EXE
2026-07-17 19:29:23,\VOLUME{01dd13b23dcb8909-043dd6e4}\WINDOWS\SYSTEM32\SEARCHPROTOCOLHOST.EXE
2026-07-16 08:39:12,\VOLUME{01dd13b23dcb8909-043dd6e4}\WINDOWS\SYSTEM32\SEARCHPROTOCOLHOST.EXE
2026-07-14 12:17:33,\VOLUME{01dd13b23dcb8909-043dd6e4}\WINDOWS\SYSTEM32\SEARCHPROTOCOLHOST.EXE
2026-07-14 12:07:16,\VOLUME{01dd13b23dcb8909-043dd6e4}\WINDOWS\SYSTEM32\SEARCHPROTOCOLHOST.EXE
2026-07-14 12:00:55,\VOLUME{01dd13b23dcb8909-043dd6e4}\WINDOWS\SYSTEM32\SEARCHPROTOCOLHOST.EXE
2026-07-14 11:31:53,\VOLUME{01dd13b23dcb8909-043dd6e4}\WINDOWS\SYSTEM32\SEARCHPROTOCOLHOST.EXE
2026-07-14 10:12:19,\VOLUME{01dd13b23dcb8909-043dd6e4}\WINDOWS\SYSTEM32\SECURITYHEALTHHOST.EXE
2026-07-14 10:12:19,\VOLUME{01dd13b23dcb8909-043dd6e4}\WINDOWS\SYSTEM32\SECURITYHEALTHHOST.EXE
2026-08-18 08:32:31,\VOLUME{01dd13b23dcb8909-043dd6e4}\WINDOWS\SYSTEM32\SECURITYHEALTH\10.0.29554.1001-0\SECURITYHEALTHHOST.EXE
2026-08-18 08:23:01,\VOLUME{01dd13b23dcb8909-043dd6e4}\WINDOWS\SYSTEM32\SECURITYHEALTH\10.0.29554.1001-0\SECURITYHEALTHHOST.EXE
2026-08-06 10:17:44,\VOLUME{01dd13b23dcb8909-043dd6e4}\WINDOWS\SYSTEM32\SECURITYHEALTH\10.0.29554.1001-0\SECURITYHEALTHHOST.EXE
2026-08-06 10:06:42,\VOLUME{01dd13b23dcb8909-043dd6e4}\WINDOWS\SYSTEM32\SECURITYHEALTH\10.0.29554.1001-0\SECURITYHEALTHHOST.EXE
2026-08-06 09:59:03,\VOLUME{01dd13b23dcb8909-043dd6e4}\WINDOWS\SYSTEM32\SECURITYHEALTH\10.0.29554.1001-0\SECURITYHEALTHHOST.EXE
2026-07-17 13:56:29,\VOLUME{01dd13b23dcb8909-043dd6e4}\WINDOWS\SYSTEM32\SECURITYHEALTH\10.0.29554.1001-0\SECURITYHEALTHHOST.EXE
2026-07-17 13:46:59,\VOLUME{01dd13b23dcb8909-043dd6e4}\WINDOWS\SYSTEM32\SECURITYHEALTH\10.0.29554.1001-0\SECURITYHEALTHHOST.EXE
2026-07-17 13:34:12,\VOLUME{01dd13b23dcb8909-043dd6e4}\WINDOWS\SYSTEM32\SECURITYHEALTH\10.0.29554.1001-0\SECURITYHEALTHHOST.EXE
2026-08-18 08:37:44,\VOLUME{01dd13b23dcb8909-043dd6e4}\WINDOWS\SYSTEM32\SECURITYHEALTH\10.0.29628.1000-0\SECURITYHEALTHHOST.EXE
2026-08-18 08:37:44,\VOLUME{01dd13b23dcb8909-043dd6e4}\WINDOWS\SYSTEM32\SECURITYHEALTH\10.0.29628.1000-0\SECURITYHEALTHHOST.EXE
2026-08-18 08:22:31,\VOLUME{01dd13b23dcb8909-043dd6e4}\WINDOWS\SYSTEM32\SECURITYHEALTHSERVICE.EXE
2026-08-06 09:58:33,\VOLUME{01dd13b23dcb8909-043dd6e4}\WINDOWS\SYSTEM32\SECURITYHEALTHSERVICE.EXE
2026-07-17 13:46:28,\VOLUME{01dd13b23dcb8909-043dd6e4}\WINDOWS\SYSTEM32\SECURITYHEALTHSERVICE.EXE
2026-07-14 11:38:20,\VOLUME{01dd13b23dcb8909-043dd6e4}\WINDOWS\SYSTEM32\SECURITYHEALTHSERVICE.EXE
2026-07-14 11:31:05,\VOLUME{01dd13b23dcb8909-043dd6e4}\WINDOWS\SYSTEM32\SECURITYHEALTHSERVICE.EXE
2026-07-14 09:58:41,\VOLUME{01dd13b23dcb8909-043dd6e4}\WINDOWS\SYSTEM32\SECURITYHEALTHSERVICE.EXE
2026-07-14 09:50:32,\VOLUME{01dd13b23dcb8909-043dd6e4}\WINDOWS\SYSTEM32\SECURITYHEALTHSERVICE.EXE
2026-07-14 08:25:53,\VOLUME{01dd13b23dcb8909-043dd6e4}\WINDOWS\SYSTEM32\SECURITYHEALTHSERVICE.EXE
2026-07-14 10:19:53,\VOLUME{01dd13b23dcb8909-043dd6e4}\WINDOWS\SOFTWAREDISTRIBUTION\DOWNLOAD\INSTALL\SECURITYHEALTHSETUP.EXE
2026-07-14 10:19:53,\VOLUME{01dd13b23dcb8909-043dd6e4}\WINDOWS\SOFTWAREDISTRIBUTION\DOWNLOAD\INSTALL\SECURITYHEALTHSETUP.EXE
2026-08-18 08:37:12,\VOLUME{01dd13b23dcb8909-043dd6e4}\WINDOWS\SYSTEM32\SECURITYHEALTH\SECURITYHEALTHSETUP.EXE
2026-07-14 10:21:28,\VOLUME{01dd13b23dcb8909-043dd6e4}\WINDOWS\SYSTEM32\SECURITYHEALTH\SECURITYHEALTHSETUP.EXE
2026-08-18 08:22:31,\VOLUME{01dd13b23dcb8909-043dd6e4}\WINDOWS\SYSTEM32\SECURITYHEALTHSYSTRAY.EXE
2026-08-06 09:58:32,\VOLUME{01dd13b23dcb8909-043dd6e4}\WINDOWS\SYSTEM32\SECURITYHEALTHSYSTRAY.EXE
2026-07-17 13:46:28,\VOLUME{01dd13b23dcb8909-043dd6e4}\WINDOWS\SYSTEM32\SECURITYHEALTHSYSTRAY.EXE
2026-07-14 11:38:20,\VOLUME{01dd13b23dcb8909-043dd6e4}\WINDOWS\SYSTEM32\SECURITYHEALTHSYSTRAY.EXE
2026-07-14 11:31:05,\VOLUME{01dd13b23dcb8909-043dd6e4}\WINDOWS\SYSTEM32\SECURITYHEALTHSYSTRAY.EXE
2026-07-14 09:58:41,\VOLUME{01dd13b23dcb8909-043dd6e4}\WINDOWS\SYSTEM32\SECURITYHEALTHSYSTRAY.EXE
2026-07-14 09:50:32,\VOLUME{01dd13b23dcb8909-043dd6e4}\WINDOWS\SYSTEM32\SECURITYHEALTHSYSTRAY.EXE
2026-07-14 08:25:53,\VOLUME{01dd13b23dcb8909-043dd6e4}\WINDOWS\SYSTEM32\SECURITYHEALTHSYSTRAY.EXE
2026-07-14 08:08:53,\VOLUME{01dd13b23dcb8909-043dd6e4}\PROGRAM FILES (X86)\MICROSOFT\EDGECORE\150.0.4078.65\INSTALLER\SETUP.EXE
2026-07-14 08:08:53,\VOLUME{01dd13b23dcb8909-043dd6e4}\PROGRAM FILES (X86)\MICROSOFT\EDGECORE\150.0.4078.65\INSTALLER\SETUP.EXE
2026-07-14 08:08:54,\VOLUME{01dd13b23dcb8909-043dd6e4}\PROGRAM FILES (X86)\MICROSOFT\EDGEUPDATE\INSTALL\{A18963CE-5CD1-4167-A0BE-229A2116FE1A}\EDGEMITMP_2F0FA.TMP\SETUP.EXE
2026-07-14 08:08:52,\VOLUME{01dd13b23dcb8909-043dd6e4}\PROGRAM FILES (X86)\MICROSOFT\EDGEUPDATE\INSTALL\{A18963CE-5CD1-4167-A0BE-229A2116FE1A}\EDGEMITMP_2F0FA.TMP\SETUP.EXE
2026-07-14 08:08:35,\VOLUME{01dd13b23dcb8909-043dd6e4}\PROGRAM FILES (X86)\MICROSOFT\EDGEUPDATE\INSTALL\{A18963CE-5CD1-4167-A0BE-229A2116FE1A}\EDGEMITMP_2F0FA.TMP\SETUP.EXE
2026-07-14 08:09:21,\VOLUME{01dd13b23dcb8909-043dd6e4}\PROGRAM FILES (X86)\MICROSOFT\EDGEUPDATE\INSTALL\{54990CA2-4C5C-440A-BB79-3213A9C00A0D}\EDGEMITMP_911FE.TMP\SETUP.EXE
2026-07-14 09:59:25,\VOLUME{0000000000000000-b68ca6a2}\SETUP64.EXE
2026-07-14 09:59:17,\VOLUME{01dd13b23dcb8909-043dd6e4}\WINDOWS\SYSTEMAPPS\SHELLEXPERIENCEHOST_CW5N1H2TXYEWY\SHELLEXPERIENCEHOST.EXE
2026-07-14 09:55:36,\VOLUME{01dd13b23dcb8909-043dd6e4}\WINDOWS\SYSTEMAPPS\SHELLEXPERIENCEHOST_CW5N1H2TXYEWY\SHELLEXPERIENCEHOST.EXE
2026-07-14 08:16:51,\VOLUME{01dd13b23dcb8909-043dd6e4}\WINDOWS\SYSTEMAPPS\SHELLEXPERIENCEHOST_CW5N1H2TXYEWY\SHELLEXPERIENCEHOST.EXE
2026-08-18 08:28:18,\VOLUME{01dd13b23dcb8909-043dd6e4}\WINDOWS\SYSTEMAPPS\SHELLEXPERIENCEHOST_CW5N1H2TXYEWY\SHELLEXPERIENCEHOST.EXE
2026-08-06 10:00:47,\VOLUME{01dd13b23dcb8909-043dd6e4}\WINDOWS\SYSTEMAPPS\SHELLEXPERIENCEHOST_CW5N1H2TXYEWY\SHELLEXPERIENCEHOST.EXE
2026-07-17 13:34:13,\VOLUME{01dd13b23dcb8909-043dd6e4}\WINDOWS\SYSTEMAPPS\SHELLEXPERIENCEHOST_CW5N1H2TXYEWY\SHELLEXPERIENCEHOST.EXE
2026-08-12 09:16:21,\VOLUME{01dd13b23dcb8909-043dd6e4}\WINDOWS\SYSTEM32\SIHCLIENT.EXE
2026-08-06 09:56:27,\VOLUME{01dd13b23dcb8909-043dd6e4}\WINDOWS\SYSTEM32\SIHCLIENT.EXE
2026-07-17 13:27:05,\VOLUME{01dd13b23dcb8909-043dd6e4}\WINDOWS\SYSTEM32\SIHCLIENT.EXE
2026-07-14 12:12:23,\VOLUME{01dd13b23dcb8909-043dd6e4}\WINDOWS\SYSTEM32\SIHCLIENT.EXE
2026-07-14 10:04:18,\VOLUME{01dd13b23dcb8909-043dd6e4}\WINDOWS\SYSTEM32\SLUI.EXE
2026-07-14 08:24:10,\VOLUME{01dd13b23dcb8909-043dd6e4}\WINDOWS\SYSTEM32\SLUI.EXE
2026-07-14 08:15:02,\VOLUME{01dd13b23dcb8909-043dd6e4}\WINDOWS\SYSTEM32\SLUI.EXE
2026-08-06 10:17:14,\VOLUME{01dd13b23dcb8909-043dd6e4}\WINDOWS\SYSTEM32\SMARTSCREEN.EXE
2026-07-17 15:46:12,\VOLUME{01dd13b23dcb8909-043dd6e4}\WINDOWS\SYSTEM32\SMARTSCREEN.EXE
2026-07-17 13:56:29,\VOLUME{01dd13b23dcb8909-043dd6e4}\WINDOWS\SYSTEM32\SMARTSCREEN.EXE
2026-07-17 13:46:28,\VOLUME{01dd13b23dcb8909-043dd6e4}\WINDOWS\SYSTEM32\SMARTSCREEN.EXE
2026-07-17 13:26:47,\VOLUME{01dd13b23dcb8909-043dd6e4}\WINDOWS\SYSTEM32\SMARTSCREEN.EXE
2026-07-16 09:24:29,\VOLUME{01dd13b23dcb8909-043dd6e4}\WINDOWS\SYSTEM32\SMARTSCREEN.EXE
2026-07-16 09:04:41,\VOLUME{01dd13b23dcb8909-043dd6e4}\WINDOWS\SYSTEM32\SMARTSCREEN.EXE
2026-07-16 08:47:37,\VOLUME{01dd13b23dcb8909-043dd6e4}\WINDOWS\SYSTEM32\SMARTSCREEN.EXE
2026-08-18 08:28:07,\VOLUME{01dd13b23dcb8909-043dd6e4}\WINDOWS\SYSTEMAPPS\MICROSOFTWINDOWS.CLIENT.CBS_CW5N1H2TXYEWY\SOFTLANDINGTASK\SOFTLANDINGTASK.EXE
2026-08-18 08:28:07,\VOLUME{01dd13b23dcb8909-043dd6e4}\WINDOWS\SYSTEMAPPS\MICROSOFTWINDOWS.CLIENT.CBS_CW5N1H2TXYEWY\SOFTLANDINGTASK\SOFTLANDINGTASK.EXE
2026-08-06 10:16:01,\VOLUME{01dd13b23dcb8909-043dd6e4}\WINDOWS\SYSTEMAPPS\MICROSOFTWINDOWS.CLIENT.CBS_CW5N1H2TXYEWY\SOFTLANDINGTASK\SOFTLANDINGTASK.EXE
2026-08-06 10:01:32,\VOLUME{01dd13b23dcb8909-043dd6e4}\WINDOWS\SYSTEMAPPS\MICROSOFTWINDOWS.CLIENT.CBS_CW5N1H2TXYEWY\SOFTLANDINGTASK\SOFTLANDINGTASK.EXE
2026-08-06 09:58:21,\VOLUME{01dd13b23dcb8909-043dd6e4}\WINDOWS\SYSTEMAPPS\MICROSOFTWINDOWS.CLIENT.CBS_CW5N1H2TXYEWY\SOFTLANDINGTASK\SOFTLANDINGTASK.EXE
2026-07-17 19:26:01,\VOLUME{01dd13b23dcb8909-043dd6e4}\WINDOWS\SYSTEMAPPS\MICROSOFTWINDOWS.CLIENT.CBS_CW5N1H2TXYEWY\SOFTLANDINGTASK\SOFTLANDINGTASK.EXE
2026-07-17 19:11:01,\VOLUME{01dd13b23dcb8909-043dd6e4}\WINDOWS\SYSTEMAPPS\MICROSOFTWINDOWS.CLIENT.CBS_CW5N1H2TXYEWY\SOFTLANDINGTASK\SOFTLANDINGTASK.EXE
2026-07-17 18:56:01,\VOLUME{01dd13b23dcb8909-043dd6e4}\WINDOWS\SYSTEMAPPS\MICROSOFTWINDOWS.CLIENT.CBS_CW5N1H2TXYEWY\SOFTLANDINGTASK\SOFTLANDINGTASK.EXE
2026-07-14 10:04:16,\VOLUME{01dd13b23dcb8909-043dd6e4}\WINDOWS\SYSTEM32\SPPEXTCOMOBJ.EXE
2026-07-14 08:26:39,\VOLUME{01dd13b23dcb8909-043dd6e4}\WINDOWS\SYSTEM32\SPPEXTCOMOBJ.EXE
2026-07-14 08:24:10,\VOLUME{01dd13b23dcb8909-043dd6e4}\WINDOWS\SYSTEM32\SPPEXTCOMOBJ.EXE
2026-07-14 08:15:01,\VOLUME{01dd13b23dcb8909-043dd6e4}\WINDOWS\SYSTEM32\SPPEXTCOMOBJ.EXE
2026-08-18 08:37:09,\VOLUME{01dd13b23dcb8909-043dd6e4}\WINDOWS\SYSTEM32\SPPSVC.EXE
2026-08-18 08:32:27,\VOLUME{01dd13b23dcb8909-043dd6e4}\WINDOWS\SYSTEM32\SPPSVC.EXE
2026-08-18 08:29:24,\VOLUME{01dd13b23dcb8909-043dd6e4}\WINDOWS\SYSTEM32\SPPSVC.EXE
2026-08-18 08:24:07,\VOLUME{01dd13b23dcb8909-043dd6e4}\WINDOWS\SYSTEM32\SPPSVC.EXE
2026-08-06 10:13:16,\VOLUME{01dd13b23dcb8909-043dd6e4}\WINDOWS\SYSTEM32\SPPSVC.EXE
2026-08-06 09:58:02,\VOLUME{01dd13b23dcb8909-043dd6e4}\WINDOWS\SYSTEM32\SPPSVC.EXE
2026-07-17 19:24:34,\VOLUME{01dd13b23dcb8909-043dd6e4}\WINDOWS\SYSTEM32\SPPSVC.EXE
2026-07-17 18:43:22,\VOLUME{01dd13b23dcb8909-043dd6e4}\WINDOWS\SYSTEM32\SPPSVC.EXE
2026-07-14 10:02:12,\VOLUME{01dd13b23dcb8909-043dd6e4}\WINDOWS\SYSTEMAPPS\MICROSOFT.WINDOWS.STARTMENUEXPERIENCEHOST_CW5N1H2TXYEWY\STARTMENUEXPERIENCEHOST.EXE
2026-07-14 09:58:29,\VOLUME{01dd13b23dcb8909-043dd6e4}\WINDOWS\SYSTEMAPPS\MICROSOFT.WINDOWS.STARTMENUEXPERIENCEHOST_CW5N1H2TXYEWY\STARTMENUEXPERIENCEHOST.EXE
2026-07-14 09:50:19,\VOLUME{01dd13b23dcb8909-043dd6e4}\WINDOWS\SYSTEMAPPS\MICROSOFT.WINDOWS.STARTMENUEXPERIENCEHOST_CW5N1H2TXYEWY\STARTMENUEXPERIENCEHOST.EXE
2026-07-14 11:22:38,\VOLUME{01dd13b23dcb8909-043dd6e4}\PROGRAM FILES\WINDOWSAPPS\MICROSOFT.WINDOWSSTORE_22606.1401.3.0_X64__8WEKYB3D8BBWE\STOREDESKTOPEXTENSION.EXE
2026-07-14 09:53:24,\VOLUME{01dd13b23dcb8909-043dd6e4}\PROGRAM FILES\WINDOWSAPPS\MICROSOFT.WINDOWSSTORE_22606.1401.3.0_X64__8WEKYB3D8BBWE\STOREDESKTOPEXTENSION.EXE
2026-08-18 08:25:22,\VOLUME{01dd13b23dcb8909-043dd6e4}\PROGRAM FILES\WINDOWSAPPS\MICROSOFT.WINDOWSSTORE_22606.1401.3.0_X64__8WEKYB3D8BBWE\STOREDESKTOPEXTENSION.EXE
2026-07-17 19:16:07,\VOLUME{01dd13b23dcb8909-043dd6e4}\PROGRAM FILES\WINDOWSAPPS\MICROSOFT.WINDOWSSTORE_22606.1401.3.0_X64__8WEKYB3D8BBWE\STOREDESKTOPEXTENSION.EXE
2026-07-17 17:16:07,\VOLUME{01dd13b23dcb8909-043dd6e4}\PROGRAM FILES\WINDOWSAPPS\MICROSOFT.WINDOWSSTORE_22606.1401.3.0_X64__8WEKYB3D8BBWE\STOREDESKTOPEXTENSION.EXE
2026-07-17 15:16:07,\VOLUME{01dd13b23dcb8909-043dd6e4}\PROGRAM FILES\WINDOWSAPPS\MICROSOFT.WINDOWSSTORE_22606.1401.3.0_X64__8WEKYB3D8BBWE\STOREDESKTOPEXTENSION.EXE
2026-07-17 13:47:19,\VOLUME{01dd13b23dcb8909-043dd6e4}\PROGRAM FILES\WINDOWSAPPS\MICROSOFT.WINDOWSSTORE_22606.1401.3.0_X64__8WEKYB3D8BBWE\STOREDESKTOPEXTENSION.EXE
2026-07-17 13:26:35,\VOLUME{01dd13b23dcb8909-043dd6e4}\PROGRAM FILES\WINDOWSAPPS\MICROSOFT.WINDOWSSTORE_22606.1401.3.0_X64__8WEKYB3D8BBWE\STOREDESKTOPEXTENSION.EXE
2026-07-16 09:18:50,\VOLUME{01dd13b23dcb8909-043dd6e4}\PROGRAM FILES\WINDOWSAPPS\MICROSOFT.WINDOWSSTORE_22606.1401.3.0_X64__8WEKYB3D8BBWE\STOREDESKTOPEXTENSION.EXE
2026-08-18 08:31:34,\VOLUME{01dd13b23dcb8909-043dd6e4}\WINDOWS\SYSTEM32\SVCHOST.EXE
2026-07-16 08:41:34,\VOLUME{01dd13b23dcb8909-043dd6e4}\WINDOWS\SYSTEM32\SVCHOST.EXE
2026-07-14 10:59:14,\VOLUME{01dd13b23dcb8909-043dd6e4}\WINDOWS\SYSTEM32\SVCHOST.EXE
2026-08-18 08:23:46,\VOLUME{01dd13b23dcb8909-043dd6e4}\WINDOWS\SYSTEM32\SVCHOST.EXE
2026-08-06 09:58:31,\VOLUME{01dd13b23dcb8909-043dd6e4}\WINDOWS\SYSTEM32\SVCHOST.EXE
2026-07-14 12:12:38,\VOLUME{01dd13b23dcb8909-043dd6e4}\WINDOWS\SYSTEM32\SVCHOST.EXE
2026-07-14 11:25:22,\VOLUME{01dd13b23dcb8909-043dd6e4}\WINDOWS\SYSTEM32\SVCHOST.EXE
2026-07-14 10:51:42,\VOLUME{01dd13b23dcb8909-043dd6e4}\WINDOWS\SYSTEM32\SVCHOST.EXE
2026-07-14 10:47:38,\VOLUME{01dd13b23dcb8909-043dd6e4}\WINDOWS\SYSTEM32\SVCHOST.EXE
2026-07-14 10:40:47,\VOLUME{01dd13b23dcb8909-043dd6e4}\WINDOWS\SYSTEM32\SVCHOST.EXE
2026-07-14 10:25:35,\VOLUME{01dd13b23dcb8909-043dd6e4}\WINDOWS\SYSTEM32\SVCHOST.EXE
2026-07-14 10:00:09,\VOLUME{01dd13b23dcb8909-043dd6e4}\WINDOWS\SYSTEM32\SVCHOST.EXE
2026-07-14 08:11:21,\VOLUME{01dd13b23dcb8909-043dd6e4}\WINDOWS\SYSTEM32\SVCHOST.EXE
2026-08-18 08:28:23,\VOLUME{01dd13b23dcb8909-043dd6e4}\WINDOWS\SYSTEM32\SVCHOST.EXE
2026-08-12 09:16:10,\VOLUME{01dd13b23dcb8909-043dd6e4}\WINDOWS\SYSTEM32\SVCHOST.EXE
2026-08-06 10:01:50,\VOLUME{01dd13b23dcb8909-043dd6e4}\WINDOWS\SYSTEM32\SVCHOST.EXE
2026-07-17 13:26:47,\VOLUME{01dd13b23dcb8909-043dd6e4}\WINDOWS\SYSTEM32\SVCHOST.EXE
2026-08-12 09:15:51,\VOLUME{01dd13b23dcb8909-043dd6e4}\WINDOWS\SYSTEM32\SVCHOST.EXE
2026-07-17 13:26:34,\VOLUME{01dd13b23dcb8909-043dd6e4}\WINDOWS\SYSTEM32\SVCHOST.EXE
2026-07-16 08:18:50,\VOLUME{01dd13b23dcb8909-043dd6e4}\WINDOWS\SYSTEM32\SVCHOST.EXE
2026-07-16 07:46:35,\VOLUME{01dd13b23dcb8909-043dd6e4}\WINDOWS\SYSTEM32\SVCHOST.EXE
2026-07-14 11:22:06,\VOLUME{01dd13b23dcb8909-043dd6e4}\WINDOWS\SYSTEM32\SVCHOST.EXE
2026-07-14 08:15:25,\VOLUME{01dd13b23dcb8909-043dd6e4}\WINDOWS\SYSTEM32\SVCHOST.EXE
2026-07-14 08:08:21,\VOLUME{01dd13b23dcb8909-043dd6e4}\WINDOWS\SYSTEM32\SVCHOST.EXE
2026-08-18 08:28:23,\VOLUME{01dd13b23dcb8909-043dd6e4}\WINDOWS\SYSTEM32\SVCHOST.EXE
2026-08-06 10:01:50,\VOLUME{01dd13b23dcb8909-043dd6e4}\WINDOWS\SYSTEM32\SVCHOST.EXE
2026-07-17 13:26:47,\VOLUME{01dd13b23dcb8909-043dd6e4}\WINDOWS\SYSTEM32\SVCHOST.EXE
2026-08-12 09:15:59,\VOLUME{01dd13b23dcb8909-043dd6e4}\WINDOWS\SYSTEM32\SVCHOST.EXE
2026-08-18 08:32:31,\VOLUME{01dd13b23dcb8909-043dd6e4}\WINDOWS\SYSTEM32\SVCHOST.EXE
2026-08-06 10:17:44,\VOLUME{01dd13b23dcb8909-043dd6e4}\WINDOWS\SYSTEM32\SVCHOST.EXE
2026-08-06 10:06:11,\VOLUME{01dd13b23dcb8909-043dd6e4}\WINDOWS\SYSTEM32\SVCHOST.EXE
2026-07-17 19:01:26,\VOLUME{01dd13b23dcb8909-043dd6e4}\WINDOWS\SYSTEM32\SVCHOST.EXE
2026-07-17 18:01:26,\VOLUME{01dd13b23dcb8909-043dd6e4}\WINDOWS\SYSTEM32\SVCHOST.EXE
2026-07-17 17:01:26,\VOLUME{01dd13b23dcb8909-043dd6e4}\WINDOWS\SYSTEM32\SVCHOST.EXE
2026-07-17 16:01:26,\VOLUME{01dd13b23dcb8909-043dd6e4}\WINDOWS\SYSTEM32\SVCHOST.EXE
2026-07-17 15:01:26,\VOLUME{01dd13b23dcb8909-043dd6e4}\WINDOWS\SYSTEM32\SVCHOST.EXE
2026-08-18 08:24:07,\VOLUME{01dd13b23dcb8909-043dd6e4}\WINDOWS\SYSTEM32\SVCHOST.EXE
2026-08-06 09:58:02,\VOLUME{01dd13b23dcb8909-043dd6e4}\WINDOWS\SYSTEM32\SVCHOST.EXE
2026-07-17 13:48:12,\VOLUME{01dd13b23dcb8909-043dd6e4}\WINDOWS\SYSTEM32\SVCHOST.EXE
2026-07-14 11:40:04,\VOLUME{01dd13b23dcb8909-043dd6e4}\WINDOWS\SYSTEM32\SVCHOST.EXE
2026-07-14 11:32:30,\VOLUME{01dd13b23dcb8909-043dd6e4}\WINDOWS\SYSTEM32\SVCHOST.EXE
2026-07-14 10:00:19,\VOLUME{01dd13b23dcb8909-043dd6e4}\WINDOWS\SYSTEM32\SVCHOST.EXE
2026-07-14 09:52:07,\VOLUME{01dd13b23dcb8909-043dd6e4}\WINDOWS\SYSTEM32\SVCHOST.EXE
2026-07-14 08:27:35,\VOLUME{01dd13b23dcb8909-043dd6e4}\WINDOWS\SYSTEM32\SVCHOST.EXE
2026-07-14 08:17:01,\VOLUME{01dd13b23dcb8909-043dd6e4}\WINDOWS\SYSTEM32\SVCHOST.EXE
2026-07-17 14:07:08,\VOLUME{01dd13b23dcb8909-043dd6e4}\WINDOWS\SYSTEM32\SVCHOST.EXE
2026-07-16 08:19:06,\VOLUME{01dd13b23dcb8909-043dd6e4}\WINDOWS\SYSTEM32\SVCHOST.EXE
2026-07-14 10:12:16,\VOLUME{01dd13b23dcb8909-043dd6e4}\WINDOWS\SYSTEM32\SVCHOST.EXE
2026-08-06 09:58:03,\VOLUME{01dd13b23dcb8909-043dd6e4}\WINDOWS\SYSTEM32\SVCHOST.EXE
2026-07-14 11:32:31,\VOLUME{01dd13b23dcb8909-043dd6e4}\WINDOWS\SYSTEM32\SVCHOST.EXE
2026-07-14 09:52:08,\VOLUME{01dd13b23dcb8909-043dd6e4}\WINDOWS\SYSTEM32\SVCHOST.EXE
2026-07-14 08:09:31,\VOLUME{01dd13b23dcb8909-043dd6e4}\WINDOWS\SYSTEM32\SVCHOST.EXE
2026-08-18 08:22:25,\VOLUME{01dd13b23dcb8909-043dd6e4}\WINDOWS\SYSTEM32\SVCHOST.EXE
2026-08-06 09:56:20,\VOLUME{01dd13b23dcb8909-043dd6e4}\WINDOWS\SYSTEM32\SVCHOST.EXE
2026-07-17 13:46:30,\VOLUME{01dd13b23dcb8909-043dd6e4}\WINDOWS\SYSTEM32\SVCHOST.EXE
2026-07-14 09:59:49,\VOLUME{01dd13b23dcb8909-043dd6e4}\WINDOWS\SYSTEM32\SVCHOST.EXE
2026-07-14 09:51:36,\VOLUME{01dd13b23dcb8909-043dd6e4}\WINDOWS\SYSTEM32\SVCHOST.EXE
2026-07-14 08:26:54,\VOLUME{01dd13b23dcb8909-043dd6e4}\WINDOWS\SYSTEM32\SVCHOST.EXE
2026-07-14 08:13:56,\VOLUME{01dd13b23dcb8909-043dd6e4}\WINDOWS\SYSTEM32\SVCHOST.EXE
2026-07-14 08:09:12,\VOLUME{01dd13b23dcb8909-043dd6e4}\WINDOWS\SYSTEM32\SVCHOST.EXE
2026-08-06 10:07:11,\VOLUME{01dd13b23dcb8909-043dd6e4}\WINDOWS\SYSTEM32\SVCHOST.EXE
2026-07-17 17:58:44,\VOLUME{01dd13b23dcb8909-043dd6e4}\WINDOWS\SYSTEM32\SVCHOST.EXE
2026-07-17 13:34:11,\VOLUME{01dd13b23dcb8909-043dd6e4}\WINDOWS\SYSTEM32\SVCHOST.EXE
2026-07-16 07:46:47,\VOLUME{01dd13b23dcb8909-043dd6e4}\WINDOWS\SYSTEM32\SVCHOST.EXE
2026-07-14 11:01:39,\VOLUME{01dd13b23dcb8909-043dd6e4}\WINDOWS\SYSTEM32\SVCHOST.EXE
2026-07-17 13:26:44,\VOLUME{01dd13b23dcb8909-043dd6e4}\WINDOWS\SYSTEM32\SVCHOST.EXE
2026-07-16 10:04:03,\VOLUME{01dd13b23dcb8909-043dd6e4}\WINDOWS\SYSTEM32\SVCHOST.EXE
2026-07-14 11:31:27,\VOLUME{01dd13b23dcb8909-043dd6e4}\WINDOWS\SYSTEM32\SVCHOST.EXE
2026-07-14 10:17:11,\VOLUME{01dd13b23dcb8909-043dd6e4}\WINDOWS\SYSTEM32\SVCHOST.EXE
2026-07-14 09:51:59,\VOLUME{01dd13b23dcb8909-043dd6e4}\WINDOWS\SYSTEM32\SVCHOST.EXE
2026-07-14 08:27:03,\VOLUME{01dd13b23dcb8909-043dd6e4}\WINDOWS\SYSTEM32\SVCHOST.EXE
2026-07-14 08:08:28,\VOLUME{01dd13b23dcb8909-043dd6e4}\WINDOWS\SYSTEM32\SVCHOST.EXE
2026-07-16 08:19:30,\VOLUME{01dd13b23dcb8909-043dd6e4}\WINDOWS\SYSTEM32\SVCHOST.EXE
2026-07-14 12:23:32,\VOLUME{01dd13b23dcb8909-043dd6e4}\WINDOWS\SYSTEM32\SVCHOST.EXE
2026-07-14 11:22:07,\VOLUME{01dd13b23dcb8909-043dd6e4}\WINDOWS\SYSTEM32\SVCHOST.EXE
2026-07-14 10:36:07,\VOLUME{01dd13b23dcb8909-043dd6e4}\WINDOWS\SYSTEM32\SVCHOST.EXE
2026-08-06 09:56:46,\VOLUME{01dd13b23dcb8909-043dd6e4}\WINDOWS\SYSTEM32\SVCHOST.EXE
2026-07-14 11:31:25,\VOLUME{01dd13b23dcb8909-043dd6e4}\WINDOWS\SYSTEM32\SVCHOST.EXE
2026-07-14 10:02:24,\VOLUME{01dd13b23dcb8909-043dd6e4}\WINDOWS\SYSTEM32\SVCHOST.EXE
2026-08-06 10:07:09,\VOLUME{01dd13b23dcb8909-043dd6e4}\WINDOWS\SYSTEM32\SVCHOST.EXE
2026-07-16 08:19:43,\VOLUME{01dd13b23dcb8909-043dd6e4}\WINDOWS\SYSTEM32\SVCHOST.EXE
2026-07-14 08:14:54,\VOLUME{01dd13b23dcb8909-043dd6e4}\WINDOWS\SYSTEM32\SVCHOST.EXE
2026-08-06 10:06:05,\VOLUME{01dd13b23dcb8909-043dd6e4}\WINDOWS\SYSTEM32\SVCHOST.EXE
2026-07-17 13:57:21,\VOLUME{01dd13b23dcb8909-043dd6e4}\WINDOWS\SYSTEM32\SVCHOST.EXE
2026-07-17 13:57:29,\VOLUME{01dd13b23dcb8909-043dd6e4}\WINDOWS\SYSTEM32\SVCHOST.EXE
2026-07-17 13:57:28,\VOLUME{01dd13b23dcb8909-043dd6e4}\WINDOWS\SYSTEM32\SVCHOST.EXE
2026-07-17 13:57:27,\VOLUME{01dd13b23dcb8909-043dd6e4}\WINDOWS\SYSTEM32\SVCHOST.EXE
2026-07-14 12:11:47,\VOLUME{01dd13b23dcb8909-043dd6e4}\WINDOWS\SYSTEM32\SVCHOST.EXE
2026-07-14 10:28:51,\VOLUME{01dd13b23dcb8909-043dd6e4}\WINDOWS\SYSTEM32\SVCHOST.EXE
2026-07-14 08:20:49,\VOLUME{01dd13b23dcb8909-043dd6e4}\WINDOWS\SYSTEM32\SVCHOST.EXE
2026-07-14 10:28:49,\VOLUME{01dd13b23dcb8909-043dd6e4}\WINDOWS\SYSTEM32\SVCHOST.EXE
2026-08-18 08:37:22,\VOLUME{01dd13b23dcb8909-043dd6e4}\WINDOWS\SYSTEM32\SVCHOST.EXE
2026-08-06 10:13:19,\VOLUME{01dd13b23dcb8909-043dd6e4}\WINDOWS\SYSTEM32\SVCHOST.EXE
2026-08-06 10:06:55,\VOLUME{01dd13b23dcb8909-043dd6e4}\WINDOWS\SYSTEM32\SVCHOST.EXE
2026-07-17 17:58:43,\VOLUME{01dd13b23dcb8909-043dd6e4}\WINDOWS\SYSTEM32\SVCHOST.EXE
2026-07-17 13:33:37,\VOLUME{01dd13b23dcb8909-043dd6e4}\WINDOWS\SYSTEM32\SVCHOST.EXE
2026-07-16 09:25:36,\VOLUME{01dd13b23dcb8909-043dd6e4}\WINDOWS\SYSTEM32\SVCHOST.EXE
2026-07-16 07:46:44,\VOLUME{01dd13b23dcb8909-043dd6e4}\WINDOWS\SYSTEM32\SVCHOST.EXE
2026-07-14 11:48:40,\VOLUME{01dd13b23dcb8909-043dd6e4}\WINDOWS\SYSTEM32\SVCHOST.EXE
2026-08-18 08:24:07,\VOLUME{01dd13b23dcb8909-043dd6e4}\WINDOWS\SYSTEM32\SVCHOST.EXE
2026-07-17 13:48:13,\VOLUME{01dd13b23dcb8909-043dd6e4}\WINDOWS\SYSTEM32\SVCHOST.EXE
2026-07-14 11:40:04,\VOLUME{01dd13b23dcb8909-043dd6e4}\WINDOWS\SYSTEM32\SVCHOST.EXE
2026-07-14 11:31:25,\VOLUME{01dd13b23dcb8909-043dd6e4}\WINDOWS\SYSTEM32\SVCHOST.EXE
2026-07-14 10:03:41,\VOLUME{01dd13b23dcb8909-043dd6e4}\WINDOWS\SYSTEM32\SVCHOST.EXE
2026-07-14 09:51:16,\VOLUME{01dd13b23dcb8909-043dd6e4}\WINDOWS\SYSTEM32\SVCHOST.EXE
2026-07-14 08:26:20,\VOLUME{01dd13b23dcb8909-043dd6e4}\WINDOWS\SYSTEM32\SVCHOST.EXE
2026-07-14 08:07:58,\VOLUME{01dd13b23dcb8909-043dd6e4}\WINDOWS\SYSTEM32\SVCHOST.EXE
2026-08-06 10:07:12,\VOLUME{01dd13b23dcb8909-043dd6e4}\WINDOWS\SYSTEM32\SVCHOST.EXE
2026-07-17 17:58:44,\VOLUME{01dd13b23dcb8909-043dd6e4}\WINDOWS\SYSTEM32\SVCHOST.EXE
2026-07-14 08:12:02,\VOLUME{01dd13b23dcb8909-043dd6e4}\WINDOWS\SYSTEM32\SVCHOST.EXE
2026-08-18 08:23:46,\VOLUME{01dd13b23dcb8909-043dd6e4}\WINDOWS\SYSTEM32\SVCHOST.EXE
2026-08-06 09:58:26,\VOLUME{01dd13b23dcb8909-043dd6e4}\WINDOWS\SYSTEM32\SVCHOST.EXE
2026-07-14 10:17:11,\VOLUME{01dd13b23dcb8909-043dd6e4}\WINDOWS\SYSTEM32\SVCHOST.EXE
2026-07-14 09:51:58,\VOLUME{01dd13b23dcb8909-043dd6e4}\WINDOWS\SYSTEM32\SVCHOST.EXE
2026-07-14 08:15:25,\VOLUME{01dd13b23dcb8909-043dd6e4}\WINDOWS\SYSTEM32\SVCHOST.EXE
2026-08-06 10:07:09,\VOLUME{01dd13b23dcb8909-043dd6e4}\WINDOWS\SYSTEM32\SVCHOST.EXE
2026-07-14 10:00:13,\VOLUME{01dd13b23dcb8909-043dd6e4}\WINDOWS\SYSTEM32\SVCHOST.EXE
2026-07-14 08:17:01,\VOLUME{01dd13b23dcb8909-043dd6e4}\WINDOWS\SYSTEM32\SVCHOST.EXE
2026-07-17 19:26:58,\VOLUME{01dd13b23dcb8909-043dd6e4}\WINDOWS\SYSTEM32\SVCHOST.EXE
2026-07-17 18:43:22,\VOLUME{01dd13b23dcb8909-043dd6e4}\WINDOWS\SYSTEM32\SVCHOST.EXE
2026-07-17 17:58:46,\VOLUME{01dd13b23dcb8909-043dd6e4}\WINDOWS\SYSTEM32\SVCHOST.EXE
2026-07-17 17:46:15,\VOLUME{01dd13b23dcb8909-043dd6e4}\WINDOWS\SYSTEM32\SVCHOST.EXE
2026-07-17 16:46:15,\VOLUME{01dd13b23dcb8909-043dd6e4}\WINDOWS\SYSTEM32\SVCHOST.EXE
2026-07-17 16:33:52,\VOLUME{01dd13b23dcb8909-043dd6e4}\WINDOWS\SYSTEM32\SVCHOST.EXE
2026-07-17 16:18:54,\VOLUME{01dd13b23dcb8909-043dd6e4}\WINDOWS\SYSTEM32\SVCHOST.EXE
2026-07-17 15:46:12,\VOLUME{01dd13b23dcb8909-043dd6e4}\WINDOWS\SYSTEM32\SVCHOST.EXE
2026-07-14 11:22:34,\VOLUME{01dd13b23dcb8909-043dd6e4}\WINDOWS\SYSTEM32\SVCHOST.EXE
2026-08-12 09:15:59,\VOLUME{01dd13b23dcb8909-043dd6e4}\WINDOWS\SYSTEM32\SVCHOST.EXE
2026-07-14 08:12:05,\VOLUME{01dd13b23dcb8909-043dd6e4}\WINDOWS\SYSTEM32\SVCHOST.EXE
2026-08-18 08:37:04,\VOLUME{01dd13b23dcb8909-043dd6e4}\WINDOWS\SYSTEM32\SVCHOST.EXE
2026-08-18 08:34:07,\VOLUME{01dd13b23dcb8909-043dd6e4}\WINDOWS\SYSTEM32\SVCHOST.EXE
2026-08-18 08:28:08,\VOLUME{01dd13b23dcb8909-043dd6e4}\WINDOWS\SYSTEM32\SVCHOST.EXE
2026-08-18 08:24:07,\VOLUME{01dd13b23dcb8909-043dd6e4}\WINDOWS\SYSTEM32\SVCHOST.EXE
2026-08-12 09:15:51,\VOLUME{01dd13b23dcb8909-043dd6e4}\WINDOWS\SYSTEM32\SVCHOST.EXE
2026-08-06 10:13:15,\VOLUME{01dd13b23dcb8909-043dd6e4}\WINDOWS\SYSTEM32\SVCHOST.EXE
2026-08-06 10:10:58,\VOLUME{01dd13b23dcb8909-043dd6e4}\WINDOWS\SYSTEM32\SVCHOST.EXE
2026-08-06 10:06:17,\VOLUME{01dd13b23dcb8909-043dd6e4}\WINDOWS\SYSTEM32\SVCHOST.EXE
2026-08-18 08:22:51,\VOLUME{01dd13b23dcb8909-043dd6e4}\WINDOWS\SYSTEM32\SVCHOST.EXE
2026-08-06 09:56:41,\VOLUME{01dd13b23dcb8909-043dd6e4}\WINDOWS\SYSTEM32\SVCHOST.EXE
2026-07-17 13:46:58,\VOLUME{01dd13b23dcb8909-043dd6e4}\WINDOWS\SYSTEM32\SVCHOST.EXE
2026-07-14 11:38:50,\VOLUME{01dd13b23dcb8909-043dd6e4}\WINDOWS\SYSTEM32\SVCHOST.EXE
2026-07-14 11:31:18,\VOLUME{01dd13b23dcb8909-043dd6e4}\WINDOWS\SYSTEM32\SVCHOST.EXE
2026-07-14 09:59:07,\VOLUME{01dd13b23dcb8909-043dd6e4}\WINDOWS\SYSTEM32\SVCHOST.EXE
2026-07-14 09:50:54,\VOLUME{01dd13b23dcb8909-043dd6e4}\WINDOWS\SYSTEM32\SVCHOST.EXE
2026-07-14 08:26:23,\VOLUME{01dd13b23dcb8909-043dd6e4}\WINDOWS\SYSTEM32\SVCHOST.EXE
2026-08-06 09:56:32,\VOLUME{01dd13b23dcb8909-043dd6e4}\WINDOWS\SYSTEM32\SVCHOST.EXE
2026-07-17 13:48:13,\VOLUME{01dd13b23dcb8909-043dd6e4}\WINDOWS\SYSTEM32\SVCHOST.EXE
2026-07-14 11:40:04,\VOLUME{01dd13b23dcb8909-043dd6e4}\WINDOWS\SYSTEM32\SVCHOST.EXE
2026-07-14 11:30:55,\VOLUME{01dd13b23dcb8909-043dd6e4}\WINDOWS\SYSTEM32\SVCHOST.EXE
2026-07-14 10:03:41,\VOLUME{01dd13b23dcb8909-043dd6e4}\WINDOWS\SYSTEM32\SVCHOST.EXE
2026-07-14 10:00:20,\VOLUME{01dd13b23dcb8909-043dd6e4}\WINDOWS\SYSTEM32\SVCHOST.EXE
2026-07-14 08:27:35,\VOLUME{01dd13b23dcb8909-043dd6e4}\WINDOWS\SYSTEM32\SVCHOST.EXE
2026-07-14 08:11:10,\VOLUME{01dd13b23dcb8909-043dd6e4}\WINDOWS\SYSTEM32\SVCHOST.EXE
2026-08-18 08:37:12,\VOLUME{01dd13b23dcb8909-043dd6e4}\WINDOWS\SYSTEM32\SVCHOST.EXE
2026-07-14 10:19:53,\VOLUME{01dd13b23dcb8909-043dd6e4}\WINDOWS\SYSTEM32\SVCHOST.EXE
2026-08-18 08:28:08,\VOLUME{01dd13b23dcb8909-043dd6e4}\WINDOWS\SYSTEM32\SVCHOST.EXE
2026-08-12 09:15:58,\VOLUME{01dd13b23dcb8909-043dd6e4}\WINDOWS\SYSTEM32\SVCHOST.EXE
2026-08-06 09:58:03,\VOLUME{01dd13b23dcb8909-043dd6e4}\WINDOWS\SYSTEM32\SVCHOST.EXE
2026-07-14 11:40:05,\VOLUME{01dd13b23dcb8909-043dd6e4}\WINDOWS\SYSTEM32\SVCHOST.EXE
2026-07-14 11:32:31,\VOLUME{01dd13b23dcb8909-043dd6e4}\WINDOWS\SYSTEM32\SVCHOST.EXE
2026-07-14 10:00:20,\VOLUME{01dd13b23dcb8909-043dd6e4}\WINDOWS\SYSTEM32\SVCHOST.EXE
2026-07-14 09:52:08,\VOLUME{01dd13b23dcb8909-043dd6e4}\WINDOWS\SYSTEM32\SVCHOST.EXE
2026-07-14 08:27:35,\VOLUME{01dd13b23dcb8909-043dd6e4}\WINDOWS\SYSTEM32\SVCHOST.EXE
2026-07-14 08:09:31,\VOLUME{01dd13b23dcb8909-043dd6e4}\WINDOWS\SYSTEM32\SVCHOST.EXE
2026-08-18 08:37:57,\VOLUME{01dd13b23dcb8909-043dd6e4}\WINDOWS\SYSTEM32\SVCHOST.EXE
2026-08-12 09:16:10,\VOLUME{01dd13b23dcb8909-043dd6e4}\WINDOWS\SYSTEM32\SVCHOST.EXE
2026-08-06 09:56:34,\VOLUME{01dd13b23dcb8909-043dd6e4}\WINDOWS\SYSTEM32\SVCHOST.EXE
2026-07-17 13:56:26,\VOLUME{01dd13b23dcb8909-043dd6e4}\WINDOWS\SYSTEM32\SVCHOST.EXE
2026-07-17 13:27:04,\VOLUME{01dd13b23dcb8909-043dd6e4}\WINDOWS\SYSTEM32\SVCHOST.EXE
2026-07-16 08:19:46,\VOLUME{01dd13b23dcb8909-043dd6e4}\WINDOWS\SYSTEM32\SVCHOST.EXE
2026-07-14 12:27:42,\VOLUME{01dd13b23dcb8909-043dd6e4}\WINDOWS\SYSTEM32\SVCHOST.EXE
2026-07-14 12:13:00,\VOLUME{01dd13b23dcb8909-043dd6e4}\WINDOWS\SYSTEM32\SVCHOST.EXE
2026-08-18 08:28:08,\VOLUME{01dd13b23dcb8909-043dd6e4}\WINDOWS\SYSTEM32\SVCHOST.EXE
2026-08-06 10:01:33,\VOLUME{01dd13b23dcb8909-043dd6e4}\WINDOWS\SYSTEM32\SVCHOST.EXE
2026-07-17 15:46:12,\VOLUME{01dd13b23dcb8909-043dd6e4}\WINDOWS\SYSTEM32\SVCHOST.EXE
2026-07-17 13:53:12,\VOLUME{01dd13b23dcb8909-043dd6e4}\WINDOWS\SYSTEM32\SVCHOST.EXE
2026-07-14 11:53:01,\VOLUME{01dd13b23dcb8909-043dd6e4}\WINDOWS\SYSTEM32\SVCHOST.EXE
2026-07-14 10:16:38,\VOLUME{01dd13b23dcb8909-043dd6e4}\WINDOWS\SYSTEM32\SVCHOST.EXE
2026-07-14 10:07:11,\VOLUME{01dd13b23dcb8909-043dd6e4}\WINDOWS\SYSTEM32\SVCHOST.EXE
2026-07-14 09:55:15,\VOLUME{01dd13b23dcb8909-043dd6e4}\WINDOWS\SYSTEM32\SVCHOST.EXE
2026-07-14 08:27:34,\VOLUME{01dd13b23dcb8909-043dd6e4}\WINDOWS\SYSTEM32\SVCHOST.EXE
2026-07-14 08:16:39,\VOLUME{01dd13b23dcb8909-043dd6e4}\WINDOWS\SYSTEM32\SVCHOST.EXE
2026-07-14 08:13:55,\VOLUME{01dd13b23dcb8909-043dd6e4}\WINDOWS\SYSTEM32\SVCHOST.EXE
2026-07-14 08:09:31,\VOLUME{01dd13b23dcb8909-043dd6e4}\WINDOWS\SYSTEM32\SVCHOST.EXE
2026-08-18 08:28:08,\VOLUME{01dd13b23dcb8909-043dd6e4}\WINDOWS\SYSTEM32\SVCHOST.EXE
2026-08-18 08:22:25,\VOLUME{01dd13b23dcb8909-043dd6e4}\WINDOWS\SYSTEM32\SVCHOST.EXE
2026-08-12 09:15:50,\VOLUME{01dd13b23dcb8909-043dd6e4}\WINDOWS\SYSTEM32\SVCHOST.EXE
2026-08-06 10:01:33,\VOLUME{01dd13b23dcb8909-043dd6e4}\WINDOWS\SYSTEM32\SVCHOST.EXE
2026-08-06 09:56:20,\VOLUME{01dd13b23dcb8909-043dd6e4}\WINDOWS\SYSTEM32\SVCHOST.EXE
2026-07-17 16:48:39,\VOLUME{01dd13b23dcb8909-043dd6e4}\WINDOWS\SYSTEM32\SVCHOST.EXE
2026-07-17 15:48:29,\VOLUME{01dd13b23dcb8909-043dd6e4}\WINDOWS\SYSTEM32\SVCHOST.EXE
2026-07-17 14:48:20,\VOLUME{01dd13b23dcb8909-043dd6e4}\WINDOWS\SYSTEM32\SVCHOST.EXE
2026-07-14 08:17:01,\VOLUME{01dd13b23dcb8909-043dd6e4}\WINDOWS\SYSTEM32\SVCHOST.EXE
2026-07-14 08:08:22,\VOLUME{01dd13b23dcb8909-043dd6e4}\WINDOWS\SYSTEM32\SVCHOST.EXE
2026-08-06 09:56:08,\VOLUME{01dd13b23dcb8909-043dd6e4}\WINDOWS\SYSTEM32\SVCHOST.EXE
2026-07-17 13:46:17,\VOLUME{01dd13b23dcb8909-043dd6e4}\WINDOWS\SYSTEM32\SVCHOST.EXE
2026-07-14 11:38:07,\VOLUME{01dd13b23dcb8909-043dd6e4}\WINDOWS\SYSTEM32\SVCHOST.EXE
2026-07-14 11:30:54,\VOLUME{01dd13b23dcb8909-043dd6e4}\WINDOWS\SYSTEM32\SVCHOST.EXE
2026-07-14 10:02:13,\VOLUME{01dd13b23dcb8909-043dd6e4}\WINDOWS\SYSTEM32\SVCHOST.EXE
2026-07-14 09:58:29,\VOLUME{01dd13b23dcb8909-043dd6e4}\WINDOWS\SYSTEM32\SVCHOST.EXE
2026-07-14 09:50:20,\VOLUME{01dd13b23dcb8909-043dd6e4}\WINDOWS\SYSTEM32\SVCHOST.EXE
2026-07-17 13:26:34,\VOLUME{01dd13b23dcb8909-043dd6e4}\WINDOWS\SYSTEM32\SVCHOST.EXE
2026-07-16 10:03:35,\VOLUME{01dd13b23dcb8909-043dd6e4}\WINDOWS\SYSTEM32\SVCHOST.EXE
2026-07-16 08:55:49,\VOLUME{01dd13b23dcb8909-043dd6e4}\WINDOWS\SYSTEM32\SVCHOST.EXE
2026-07-14 09:50:25,\VOLUME{01dd13b23dcb8909-043dd6e4}\WINDOWS\SYSTEM32\SVCHOST.EXE
2026-07-14 08:11:59,\VOLUME{01dd13b23dcb8909-043dd6e4}\WINDOWS\SYSTEM32\SVCHOST.EXE
2026-07-14 08:10:31,\VOLUME{01dd13b23dcb8909-043dd6e4}\WINDOWS\SYSTEM32\SVCHOST.EXE
2026-08-18 08:24:33,\VOLUME{01dd13b23dcb8909-043dd6e4}\WINDOWS\SYSTEM32\SVCHOST.EXE
2026-08-06 10:03:10,\VOLUME{01dd13b23dcb8909-043dd6e4}\WINDOWS\SYSTEM32\SVCHOST.EXE
2026-07-17 13:53:20,\VOLUME{01dd13b23dcb8909-043dd6e4}\WINDOWS\SYSTEM32\SVCHOST.EXE
2026-07-14 11:45:13,\VOLUME{01dd13b23dcb8909-043dd6e4}\WINDOWS\SYSTEM32\SVCHOST.EXE
2026-07-14 11:31:25,\VOLUME{01dd13b23dcb8909-043dd6e4}\WINDOWS\SYSTEM32\SVCHOST.EXE
2026-07-14 10:34:30,\VOLUME{01dd13b23dcb8909-043dd6e4}\WINDOWS\SYSTEM32\SVCHOST.EXE
2026-07-14 08:17:00,\VOLUME{01dd13b23dcb8909-043dd6e4}\WINDOWS\SYSTEM32\SVCHOST.EXE
2026-08-18 08:24:34,\VOLUME{01dd13b23dcb8909-043dd6e4}\WINDOWS\SYSTEM32\SVCHOST.EXE
2026-08-06 10:03:11,\VOLUME{01dd13b23dcb8909-043dd6e4}\WINDOWS\SYSTEM32\SVCHOST.EXE
2026-07-17 13:53:21,\VOLUME{01dd13b23dcb8909-043dd6e4}\WINDOWS\SYSTEM32\SVCHOST.EXE
2026-07-14 11:45:14,\VOLUME{01dd13b23dcb8909-043dd6e4}\WINDOWS\SYSTEM32\SVCHOST.EXE
2026-07-14 11:31:26,\VOLUME{01dd13b23dcb8909-043dd6e4}\WINDOWS\SYSTEM32\SVCHOST.EXE
2026-07-14 10:34:31,\VOLUME{01dd13b23dcb8909-043dd6e4}\WINDOWS\SYSTEM32\SVCHOST.EXE
2026-07-14 08:17:01,\VOLUME{01dd13b23dcb8909-043dd6e4}\WINDOWS\SYSTEM32\SVCHOST.EXE
2026-08-12 09:16:23,\VOLUME{01dd13b23dcb8909-043dd6e4}\WINDOWS\SYSTEM32\SVCHOST.EXE
2026-08-06 09:58:14,\VOLUME{01dd13b23dcb8909-043dd6e4}\WINDOWS\SYSTEM32\SVCHOST.EXE
2026-07-17 13:48:41,\VOLUME{01dd13b23dcb8909-043dd6e4}\WINDOWS\SYSTEM32\SVCHOST.EXE
2026-07-16 08:19:30,\VOLUME{01dd13b23dcb8909-043dd6e4}\WINDOWS\SYSTEM32\SVCHOST.EXE
2026-07-14 12:23:32,\VOLUME{01dd13b23dcb8909-043dd6e4}\WINDOWS\SYSTEM32\SVCHOST.EXE
2026-07-14 11:25:22,\VOLUME{01dd13b23dcb8909-043dd6e4}\WINDOWS\SYSTEM32\SVCHOST.EXE
2026-07-14 11:04:07,\VOLUME{01dd13b23dcb8909-043dd6e4}\WINDOWS\SYSTEM32\SVCHOST.EXE
2026-07-14 10:36:08,\VOLUME{01dd13b23dcb8909-043dd6e4}\WINDOWS\SYSTEM32\SVCHOST.EXE
2026-08-18 08:24:07,\VOLUME{01dd13b23dcb8909-043dd6e4}\WINDOWS\SYSTEM32\SVCHOST.EXE
2026-08-06 09:56:32,\VOLUME{01dd13b23dcb8909-043dd6e4}\WINDOWS\SYSTEM32\SVCHOST.EXE
2026-07-17 13:48:12,\VOLUME{01dd13b23dcb8909-043dd6e4}\WINDOWS\SYSTEM32\SVCHOST.EXE
2026-07-17 13:48:12,\VOLUME{01dd13b23dcb8909-043dd6e4}\WINDOWS\SYSTEM32\SVCHOST.EXE
2026-07-14 11:40:04,\VOLUME{01dd13b23dcb8909-043dd6e4}\WINDOWS\SYSTEM32\SVCHOST.EXE
2026-07-14 11:40:03,\VOLUME{01dd13b23dcb8909-043dd6e4}\WINDOWS\SYSTEM32\SVCHOST.EXE
2026-07-14 11:31:49,\VOLUME{01dd13b23dcb8909-043dd6e4}\WINDOWS\SYSTEM32\SVCHOST.EXE
2026-07-14 10:03:41,\VOLUME{01dd13b23dcb8909-043dd6e4}\WINDOWS\SYSTEM32\SVCHOST.EXE
2026-08-18 08:37:45,\VOLUME{01dd13b23dcb8909-043dd6e4}\WINDOWS\SYSTEM32\SVCHOST.EXE
2026-08-18 08:31:31,\VOLUME{01dd13b23dcb8909-043dd6e4}\WINDOWS\SYSTEM32\SVCHOST.EXE
2026-08-06 10:13:55,\VOLUME{01dd13b23dcb8909-043dd6e4}\WINDOWS\SYSTEM32\SVCHOST.EXE
2026-07-17 13:46:18,\VOLUME{01dd13b23dcb8909-043dd6e4}\WINDOWS\SYSTEM32\SVCHOST.EXE
2026-07-17 13:31:40,\VOLUME{01dd13b23dcb8909-043dd6e4}\WINDOWS\SYSTEM32\SVCHOST.EXE
2026-07-16 10:04:47,\VOLUME{01dd13b23dcb8909-043dd6e4}\WINDOWS\SYSTEM32\SVCHOST.EXE
2026-07-16 09:24:29,\VOLUME{01dd13b23dcb8909-043dd6e4}\WINDOWS\SYSTEM32\SVCHOST.EXE
2026-07-14 11:38:07,\VOLUME{01dd13b23dcb8909-043dd6e4}\WINDOWS\SYSTEM32\SVCHOST.EXE
2026-07-17 15:46:12,\VOLUME{01dd13b23dcb8909-043dd6e4}\WINDOWS\SYSTEM32\SVCHOST.EXE
2026-07-17 13:38:04,\VOLUME{01dd13b23dcb8909-043dd6e4}\WINDOWS\SYSTEM32\SVCHOST.EXE
2026-07-16 07:46:35,\VOLUME{01dd13b23dcb8909-043dd6e4}\WINDOWS\SYSTEM32\SVCHOST.EXE
2026-07-16 08:29:37,\VOLUME{01dd13b23dcb8909-043dd6e4}\WINDOWS\SYSTEM32\SVCHOST.EXE
2026-08-06 10:07:10,\VOLUME{01dd13b23dcb8909-043dd6e4}\WINDOWS\SYSTEM32\SVCHOST.EXE
2026-07-14 12:23:32,\VOLUME{01dd13b23dcb8909-043dd6e4}\WINDOWS\SYSTEM32\SVCHOST.EXE
2026-07-14 10:02:24,\VOLUME{01dd13b23dcb8909-043dd6e4}\WINDOWS\SYSTEM32\SVCHOST.EXE
2026-07-14 08:26:16,\VOLUME{01dd13b23dcb8909-043dd6e4}\WINDOWS\SYSTEM32\SVCHOST.EXE
2026-08-06 09:58:21,\VOLUME{01dd13b23dcb8909-043dd6e4}\WINDOWS\SYSTEM32\SVCHOST.EXE
2026-07-17 17:58:43,\VOLUME{01dd13b23dcb8909-043dd6e4}\WINDOWS\SYSTEM32\SVCHOST.EXE
2026-07-16 07:46:44,\VOLUME{01dd13b23dcb8909-043dd6e4}\WINDOWS\SYSTEM32\SVCHOST.EXE
2026-07-14 10:18:08,\VOLUME{01dd13b23dcb8909-043dd6e4}\WINDOWS\SYSTEM32\SVCHOST.EXE
2026-07-14 09:52:12,\VOLUME{01dd13b23dcb8909-043dd6e4}\WINDOWS\SYSTEM32\SVCHOST.EXE
2026-07-14 08:26:40,\VOLUME{01dd13b23dcb8909-043dd6e4}\WINDOWS\SYSTEM32\SVCHOST.EXE
2026-07-14 08:10:31,\VOLUME{01dd13b23dcb8909-043dd6e4}\WINDOWS\SYSTEM32\SVCHOST.EXE
2026-07-17 13:58:28,\VOLUME{01dd13b23dcb8909-043dd6e4}\WINDOWS\SYSTEM32\SYSTEMINFO.EXE
2026-07-17 13:49:58,\VOLUME{01dd13b23dcb8909-043dd6e4}\WINDOWS\IMMERSIVECONTROLPANEL\SYSTEMSETTINGS.EXE
2026-07-17 13:49:51,\VOLUME{01dd13b23dcb8909-043dd6e4}\WINDOWS\IMMERSIVECONTROLPANEL\SYSTEMSETTINGS.EXE
2026-07-14 11:31:25,\VOLUME{01dd13b23dcb8909-043dd6e4}\WINDOWS\IMMERSIVECONTROLPANEL\SYSTEMSETTINGS.EXE
2026-07-14 10:02:24,\VOLUME{01dd13b23dcb8909-043dd6e4}\WINDOWS\IMMERSIVECONTROLPANEL\SYSTEMSETTINGS.EXE
2026-07-14 08:26:15,\VOLUME{01dd13b23dcb8909-043dd6e4}\WINDOWS\IMMERSIVECONTROLPANEL\SYSTEMSETTINGS.EXE
2026-07-14 08:15:36,\VOLUME{01dd13b23dcb8909-043dd6e4}\WINDOWS\IMMERSIVECONTROLPANEL\SYSTEMSETTINGS.EXE
2026-07-14 08:26:40,\VOLUME{01dd13b23dcb8909-043dd6e4}\WINDOWS\SYSTEM32\SYSTEMSETTINGSADMINFLOWS.EXE
2026-07-14 08:26:36,\VOLUME{01dd13b23dcb8909-043dd6e4}\WINDOWS\SYSTEM32\SYSTEMSETTINGSADMINFLOWS.EXE
2026-08-18 08:37:09,\VOLUME{01dd13b23dcb8909-043dd6e4}\WINDOWS\SYSTEM32\TASKHOSTW.EXE
2026-08-18 08:32:31,\VOLUME{01dd13b23dcb8909-043dd6e4}\WINDOWS\SYSTEM32\TASKHOSTW.EXE
2026-08-18 08:23:09,\VOLUME{01dd13b23dcb8909-043dd6e4}\WINDOWS\SYSTEM32\TASKHOSTW.EXE
2026-08-06 10:15:38,\VOLUME{01dd13b23dcb8909-043dd6e4}\WINDOWS\SYSTEM32\TASKHOSTW.EXE
2026-08-06 10:13:15,\VOLUME{01dd13b23dcb8909-043dd6e4}\WINDOWS\SYSTEM32\TASKHOSTW.EXE
2026-08-06 10:10:38,\VOLUME{01dd13b23dcb8909-043dd6e4}\WINDOWS\SYSTEM32\TASKHOSTW.EXE
2026-08-06 10:06:05,\VOLUME{01dd13b23dcb8909-043dd6e4}\WINDOWS\SYSTEM32\TASKHOSTW.EXE
2026-08-06 09:57:03,\VOLUME{01dd13b23dcb8909-043dd6e4}\WINDOWS\SYSTEM32\TASKHOSTW.EXE
2026-08-06 10:06:55,\VOLUME{01dd13b23dcb8909-043dd6e4}\WINDOWS\SYSTEM32\TASKKILL.EXE
2026-07-14 11:48:40,\VOLUME{01dd13b23dcb8909-043dd6e4}\WINDOWS\SYSTEM32\TASKKILL.EXE
2026-07-14 10:44:26,\VOLUME{01dd13b23dcb8909-043dd6e4}\WINDOWS\WINSXS\AMD64_MICROSOFT-WINDOWS-SERVICINGSTACK_31BF3856AD364E35_10.0.26100.5074_NONE_A5532EB7772AD4C4\TIWORKER.EXE
2026-07-14 10:39:43,\VOLUME{01dd13b23dcb8909-043dd6e4}\WINDOWS\WINSXS\AMD64_MICROSOFT-WINDOWS-SERVICINGSTACK_31BF3856AD364E35_10.0.26100.5074_NONE_A5532EB7772AD4C4\TIWORKER.EXE
2026-07-14 10:17:11,\VOLUME{01dd13b23dcb8909-043dd6e4}\WINDOWS\WINSXS\AMD64_MICROSOFT-WINDOWS-SERVICINGSTACK_31BF3856AD364E35_10.0.26100.5074_NONE_A5532EB7772AD4C4\TIWORKER.EXE
2026-07-14 08:22:06,\VOLUME{01dd13b23dcb8909-043dd6e4}\WINDOWS\WINSXS\AMD64_MICROSOFT-WINDOWS-SERVICINGSTACK_31BF3856AD364E35_10.0.26100.5074_NONE_A5532EB7772AD4C4\TIWORKER.EXE
2026-08-18 08:37:10,\VOLUME{01dd13b23dcb8909-043dd6e4}\WINDOWS\WINSXS\AMD64_MICROSOFT-WINDOWS-SERVICINGSTACK_31BF3856AD364E35_10.0.26100.8648_NONE_A50EF8E3775E8E5E\TIWORKER.EXE
2026-08-18 08:32:27,\VOLUME{01dd13b23dcb8909-043dd6e4}\WINDOWS\WINSXS\AMD64_MICROSOFT-WINDOWS-SERVICINGSTACK_31BF3856AD364E35_10.0.26100.8648_NONE_A50EF8E3775E8E5E\TIWORKER.EXE
2026-08-06 10:13:17,\VOLUME{01dd13b23dcb8909-043dd6e4}\WINDOWS\WINSXS\AMD64_MICROSOFT-WINDOWS-SERVICINGSTACK_31BF3856AD364E35_10.0.26100.8648_NONE_A50EF8E3775E8E5E\TIWORKER.EXE
2026-08-06 10:01:33,\VOLUME{01dd13b23dcb8909-043dd6e4}\WINDOWS\WINSXS\AMD64_MICROSOFT-WINDOWS-SERVICINGSTACK_31BF3856AD364E35_10.0.26100.8648_NONE_A50EF8E3775E8E5E\TIWORKER.EXE
2026-07-17 17:58:46,\VOLUME{01dd13b23dcb8909-043dd6e4}\WINDOWS\WINSXS\AMD64_MICROSOFT-WINDOWS-SERVICINGSTACK_31BF3856AD364E35_10.0.26100.8648_NONE_A50EF8E3775E8E5E\TIWORKER.EXE
2026-07-17 15:46:12,\VOLUME{01dd13b23dcb8909-043dd6e4}\WINDOWS\WINSXS\AMD64_MICROSOFT-WINDOWS-SERVICINGSTACK_31BF3856AD364E35_10.0.26100.8648_NONE_A50EF8E3775E8E5E\TIWORKER.EXE
2026-07-17 13:58:31,\VOLUME{01dd13b23dcb8909-043dd6e4}\WINDOWS\WINSXS\AMD64_MICROSOFT-WINDOWS-SERVICINGSTACK_31BF3856AD364E35_10.0.26100.8648_NONE_A50EF8E3775E8E5E\TIWORKER.EXE
2026-07-17 13:38:04,\VOLUME{01dd13b23dcb8909-043dd6e4}\WINDOWS\WINSXS\AMD64_MICROSOFT-WINDOWS-SERVICINGSTACK_31BF3856AD364E35_10.0.26100.8648_NONE_A50EF8E3775E8E5E\TIWORKER.EXE
2026-08-18 08:37:10,\VOLUME{01dd13b23dcb8909-043dd6e4}\WINDOWS\SERVICING\TRUSTEDINSTALLER.EXE
2026-08-18 08:32:27,\VOLUME{01dd13b23dcb8909-043dd6e4}\WINDOWS\SERVICING\TRUSTEDINSTALLER.EXE
2026-08-06 10:13:17,\VOLUME{01dd13b23dcb8909-043dd6e4}\WINDOWS\SERVICING\TRUSTEDINSTALLER.EXE
2026-08-06 10:07:11,\VOLUME{01dd13b23dcb8909-043dd6e4}\WINDOWS\SERVICING\TRUSTEDINSTALLER.EXE
2026-08-06 10:01:33,\VOLUME{01dd13b23dcb8909-043dd6e4}\WINDOWS\SERVICING\TRUSTEDINSTALLER.EXE
2026-07-17 17:58:46,\VOLUME{01dd13b23dcb8909-043dd6e4}\WINDOWS\SERVICING\TRUSTEDINSTALLER.EXE
2026-07-17 15:46:12,\VOLUME{01dd13b23dcb8909-043dd6e4}\WINDOWS\SERVICING\TRUSTEDINSTALLER.EXE
2026-07-17 13:58:31,\VOLUME{01dd13b23dcb8909-043dd6e4}\WINDOWS\SERVICING\TRUSTEDINSTALLER.EXE
2026-08-18 08:34:07,\VOLUME{01dd13b23dcb8909-043dd6e4}\WINDOWS\UUS\AMD64\UIEORCHESTRATOR.EXE
2026-07-17 13:58:13,\VOLUME{01dd13b23dcb8909-043dd6e4}\WINDOWS\UUS\AMD64\UIEORCHESTRATOR.EXE
2026-07-14 10:55:49,\VOLUME{01dd13b23dcb8909-043dd6e4}\WINDOWS\SYSTEM32\UIEORCHESTRATOR.EXE
2026-07-14 10:55:12,\VOLUME{01dd13b23dcb8909-043dd6e4}\WINDOWS\SYSTEM32\UIEORCHESTRATOR.EXE
2026-07-14 10:44:28,\VOLUME{01dd13b23dcb8909-043dd6e4}\WINDOWS\SYSTEM32\UIEORCHESTRATOR.EXE
2026-07-14 10:42:23,\VOLUME{01dd13b23dcb8909-043dd6e4}\WINDOWS\SYSTEM32\UIEORCHESTRATOR.EXE
2026-07-14 10:30:20,\VOLUME{01dd13b23dcb8909-043dd6e4}\WINDOWS\SYSTEM32\UIEORCHESTRATOR.EXE
2026-08-18 08:34:07,\VOLUME{01dd13b23dcb8909-043dd6e4}\WINDOWS\SYSTEM32\UIEORCHESTRATORSTUB.EXE
2026-08-06 10:06:17,\VOLUME{01dd13b23dcb8909-043dd6e4}\WINDOWS\SYSTEM32\UIEORCHESTRATORSTUB.EXE
2026-07-17 13:58:13,\VOLUME{01dd13b23dcb8909-043dd6e4}\WINDOWS\SYSTEM32\UIEORCHESTRATORSTUB.EXE
2026-08-06 10:06:43,\VOLUME{01dd13b23dcb8909-043dd6e4}\WINDOWS\SOFTWAREDISTRIBUTION\DOWNLOAD\INSTALL\UPDATEPLATFORM.AMD64FRE.EXE
2026-07-14 11:48:29,\VOLUME{01dd13b23dcb8909-043dd6e4}\WINDOWS\SYSTEMTEMP\3D7719ED-F472-48AF-82DE-72DE2BE1754BMPCOMMU\UPDATEPLATFORM.EXE
2026-08-12 09:15:49,\VOLUME{01dd13b23dcb8909-043dd6e4}\WINDOWS\SYSTEM32\UPFC.EXE
2026-07-17 13:26:34,\VOLUME{01dd13b23dcb8909-043dd6e4}\WINDOWS\SYSTEM32\UPFC.EXE
2026-07-16 07:46:34,\VOLUME{01dd13b23dcb8909-043dd6e4}\WINDOWS\SYSTEM32\UPFC.EXE
2026-07-16 08:19:41,\VOLUME{01dd13b23dcb8909-043dd6e4}\WINDOWS\SYSTEM32\OOBE\USEROOBEBROKER.EXE
2026-07-14 08:26:20,\VOLUME{01dd13b23dcb8909-043dd6e4}\WINDOWS\SYSTEM32\OOBE\USEROOBEBROKER.EXE
2026-07-14 08:15:28,\VOLUME{01dd13b23dcb8909-043dd6e4}\WINDOWS\SYSTEM32\OOBE\USEROOBEBROKER.EXE
2026-07-14 09:54:53,\VOLUME{01dd13b23dcb8909-043dd6e4}\WINDOWS\SYSTEM32\USOCLIENT.EXE
2026-07-14 09:51:57,\VOLUME{01dd13b23dcb8909-043dd6e4}\WINDOWS\SYSTEM32\USOCLIENT.EXE
2026-07-14 09:51:19,\VOLUME{01dd13b23dcb8909-043dd6e4}\WINDOWS\SYSTEM32\USOCLIENT.EXE
2026-07-14 09:51:19,\VOLUME{01dd13b23dcb8909-043dd6e4}\WINDOWS\SYSTEM32\USOCLIENT.EXE
2026-07-14 08:08:02,\VOLUME{01dd13b23dcb8909-043dd6e4}\WINDOWS\SYSTEM32\USOCLIENT.EXE
2026-07-14 08:08:02,\VOLUME{01dd13b23dcb8909-043dd6e4}\WINDOWS\SYSTEM32\USOCLIENT.EXE
2026-07-14 09:59:29,\VOLUME{01dd13b23dcb8909-043dd6e4}\USERS\DFANALYST\APPDATA\LOCAL\TEMP\{6070BE95-B84D-40FE-8ABD-C70B59F5A164}~SETUP\VCREDIST_X64.EXE
2026-07-14 09:59:29,\VOLUME{01dd13b23dcb8909-043dd6e4}\WINDOWS\TEMP\{11D22069-0F59-4FBA-ADB7-5F7EAC64F501}\.CR\VCREDIST_X64.EXE
2026-07-14 09:59:25,\VOLUME{01dd13b23dcb8909-043dd6e4}\USERS\DFANALYST\APPDATA\LOCAL\TEMP\{6070BE95-B84D-40FE-8ABD-C70B59F5A164}~SETUP\VCREDIST_X86.EXE
2026-07-14 09:59:25,\VOLUME{01dd13b23dcb8909-043dd6e4}\WINDOWS\TEMP\{7948ED47-9DF6-442C-B6EC-2C7890466638}\.CR\VCREDIST_X86.EXE
2026-07-14 09:59:29,\VOLUME{01dd13b23dcb8909-043dd6e4}\WINDOWS\TEMP\{412610BD-BE38-44FA-94CE-051B81EEDB74}\.BE\VC_REDIST.X64.EXE
2026-07-14 09:59:26,\VOLUME{01dd13b23dcb8909-043dd6e4}\WINDOWS\TEMP\{119AF80E-6619-4644-B929-1887F83A1252}\.BE\VC_REDIST.X86.EXE
2026-07-14 10:44:48,\VOLUME{01dd13b23dcb8909-043dd6e4}\WINDOWS\SYSTEM32\VDS.EXE
2026-07-14 10:44:48,\VOLUME{01dd13b23dcb8909-043dd6e4}\WINDOWS\SYSTEM32\VDSLDR.EXE
2026-07-14 11:31:53,\VOLUME{01dd13b23dcb8909-043dd6e4}\WINDOWS\SYSTEM32\VERCLSID.EXE
2026-07-14 10:00:06,\VOLUME{01dd13b23dcb8909-043dd6e4}\PROGRAM FILES\VMWARE\VMWARE TOOLS\VMWARE VGAUTH\VGAUTHSERVICE.EXE
2026-08-18 08:22:32,\VOLUME{01dd13b23dcb8909-043dd6e4}\PROGRAM FILES\VMWARE\VMWARE TOOLS\VMTOOLSD.EXE
2026-08-06 09:58:34,\VOLUME{01dd13b23dcb8909-043dd6e4}\PROGRAM FILES\VMWARE\VMWARE TOOLS\VMTOOLSD.EXE
2026-07-17 13:46:29,\VOLUME{01dd13b23dcb8909-043dd6e4}\PROGRAM FILES\VMWARE\VMWARE TOOLS\VMTOOLSD.EXE
2026-07-14 11:38:20,\VOLUME{01dd13b23dcb8909-043dd6e4}\PROGRAM FILES\VMWARE\VMWARE TOOLS\VMTOOLSD.EXE
2026-07-14 11:31:05,\VOLUME{01dd13b23dcb8909-043dd6e4}\PROGRAM FILES\VMWARE\VMWARE TOOLS\VMTOOLSD.EXE
2026-07-14 10:00:24,\VOLUME{01dd13b23dcb8909-043dd6e4}\PROGRAM FILES\VMWARE\VMWARE TOOLS\VMTOOLSD.EXE
2026-07-14 10:00:24,\VOLUME{01dd13b23dcb8909-043dd6e4}\PROGRAM FILES\VMWARE\VMWARE TOOLS\VMTOOLSD.EXE
2026-07-17 13:26:33,\VOLUME{01dd13b23dcb8909-043dd6e4}\PROGRAM FILES\VMWARE\VMWARE TOOLS\VMWARERESOLUTIONSET.EXE
2026-07-16 10:03:34,\VOLUME{01dd13b23dcb8909-043dd6e4}\PROGRAM FILES\VMWARE\VMWARE TOOLS\VMWARERESOLUTIONSET.EXE
2026-07-14 10:03:00,\VOLUME{01dd13b23dcb8909-043dd6e4}\PROGRAM FILES\VMWARE\VMWARE TOOLS\VMWARERESOLUTIONSET.EXE
2026-07-17 13:28:02,\VOLUME{01dd13b23dcb8909-043dd6e4}\PROGRAM FILES\VMWARE\VMWARE TOOLS\VMWARETOOLBOXCMD.EXE
2026-07-17 13:28:02,\VOLUME{01dd13b23dcb8909-043dd6e4}\PROGRAM FILES\VMWARE\VMWARE TOOLS\VMWARETOOLBOXCMD.EXE
2026-07-17 13:28:02,\VOLUME{01dd13b23dcb8909-043dd6e4}\PROGRAM FILES\VMWARE\VMWARE TOOLS\VMWARETOOLBOXCMD.EXE
2026-07-17 14:07:08,\VOLUME{01dd13b23dcb8909-043dd6e4}\WINDOWS\SYSTEM32\VSSVC.EXE
2026-07-16 08:19:06,\VOLUME{01dd13b23dcb8909-043dd6e4}\WINDOWS\SYSTEM32\VSSVC.EXE
2026-07-14 10:12:16,\VOLUME{01dd13b23dcb8909-043dd6e4}\WINDOWS\SYSTEM32\VSSVC.EXE
2026-08-12 09:16:08,\VOLUME{01dd13b23dcb8909-043dd6e4}\WINDOWS\UUS\AMD64\WAASMEDICAGENT.EXE
2026-07-14 11:25:22,\VOLUME{01dd13b23dcb8909-043dd6e4}\WINDOWS\SYSTEM32\WERFAULT.EXE
2026-07-14 12:12:38,\VOLUME{01dd13b23dcb8909-043dd6e4}\WINDOWS\SYSWOW64\WERMGR.EXE
2026-07-14 08:07:50,\VOLUME{01dd13b23dcb8909-043dd6e4}\WINDOWS\SYSWOW64\WERMGR.EXE
2026-07-14 10:47:38,\VOLUME{01dd13b23dcb8909-043dd6e4}\WINDOWS\SYSTEM32\WERMGR.EXE
2026-07-14 10:47:38,\VOLUME{01dd13b23dcb8909-043dd6e4}\WINDOWS\SYSTEM32\WERMGR.EXE
2026-07-14 10:47:38,\VOLUME{01dd13b23dcb8909-043dd6e4}\WINDOWS\SYSTEM32\WERMGR.EXE
2026-07-14 10:47:38,\VOLUME{01dd13b23dcb8909-043dd6e4}\WINDOWS\SYSTEM32\WERMGR.EXE
2026-07-14 10:40:47,\VOLUME{01dd13b23dcb8909-043dd6e4}\WINDOWS\SYSTEM32\WERMGR.EXE
2026-07-14 10:40:47,\VOLUME{01dd13b23dcb8909-043dd6e4}\WINDOWS\SYSTEM32\WERMGR.EXE
2026-07-14 08:08:54,\VOLUME{01dd13b23dcb8909-043dd6e4}\WINDOWS\SYSTEM32\WERMGR.EXE
2026-08-18 08:24:03,\VOLUME{01dd13b23dcb8909-043dd6e4}\WINDOWS\SYSTEM32\WEVTUTIL.EXE
2026-08-06 10:06:53,\VOLUME{01dd13b23dcb8909-043dd6e4}\WINDOWS\SYSTEM32\WEVTUTIL.EXE
2026-08-06 09:57:51,\VOLUME{01dd13b23dcb8909-043dd6e4}\WINDOWS\SYSTEM32\WEVTUTIL.EXE
2026-07-17 13:31:58,\VOLUME{01dd13b23dcb8909-043dd6e4}\WINDOWS\SYSTEM32\WEVTUTIL.EXE
2026-07-16 08:31:12,\VOLUME{01dd13b23dcb8909-043dd6e4}\WINDOWS\SYSTEM32\WEVTUTIL.EXE
2026-07-16 08:21:41,\VOLUME{01dd13b23dcb8909-043dd6e4}\WINDOWS\SYSTEM32\WEVTUTIL.EXE
2026-07-14 12:13:14,\VOLUME{01dd13b23dcb8909-043dd6e4}\WINDOWS\SYSTEM32\WEVTUTIL.EXE
2026-07-14 11:48:38,\VOLUME{01dd13b23dcb8909-043dd6e4}\WINDOWS\SYSTEM32\WEVTUTIL.EXE
2026-07-14 10:08:04,\VOLUME{01dd13b23dcb8909-043dd6e4}\WINDOWS\SYSTEM32\WHOAMI.EXE
2026-07-14 10:08:04,\VOLUME{01dd13b23dcb8909-043dd6e4}\WINDOWS\SYSTEM32\WHOAMI.EXE
2026-07-14 09:50:20,\VOLUME{01dd13b23dcb8909-043dd6e4}\PROGRAM FILES\WINDOWSAPPS\MICROSOFTWINDOWS.CLIENT.WEBEXPERIENCE_525.18101.90.9_X64__CW5N1H2TXYEWY\DASHBOARD\WIDGETS.EXE
2026-07-14 08:19:56,\VOLUME{01dd13b23dcb8909-043dd6e4}\PROGRAM FILES\WINDOWSAPPS\MICROSOFTWINDOWS.CLIENT.WEBEXPERIENCE_525.18101.90.9_X64__CW5N1H2TXYEWY\DASHBOARD\WIDGETS.EXE
2026-07-14 08:14:48,\VOLUME{01dd13b23dcb8909-043dd6e4}\PROGRAM FILES\WINDOWSAPPS\MICROSOFTWINDOWS.CLIENT.WEBEXPERIENCE_525.18101.90.9_X64__CW5N1H2TXYEWY\DASHBOARD\WIDGETS.EXE
2026-07-14 08:11:59,\VOLUME{01dd13b23dcb8909-043dd6e4}\PROGRAM FILES\WINDOWSAPPS\MICROSOFTWINDOWS.CLIENT.WEBEXPERIENCE_525.18101.90.9_X64__CW5N1H2TXYEWY\DASHBOARD\WIDGETS.EXE
2026-07-14 08:10:31,\VOLUME{01dd13b23dcb8909-043dd6e4}\PROGRAM FILES\WINDOWSAPPS\MICROSOFTWINDOWS.CLIENT.WEBEXPERIENCE_525.18101.90.9_X64__CW5N1H2TXYEWY\DASHBOARD\WIDGETS.EXE
2026-08-06 09:56:08,\VOLUME{01dd13b23dcb8909-043dd6e4}\PROGRAM FILES\WINDOWSAPPS\MICROSOFTWINDOWS.CLIENT.WEBEXPERIENCE_526.17301.40.0_X64__CW5N1H2TXYEWY\DASHBOARD\WIDGETS.EXE
2026-07-17 13:46:17,\VOLUME{01dd13b23dcb8909-043dd6e4}\PROGRAM FILES\WINDOWSAPPS\MICROSOFTWINDOWS.CLIENT.WEBEXPERIENCE_526.17301.40.0_X64__CW5N1H2TXYEWY\DASHBOARD\WIDGETS.EXE
2026-07-14 11:38:07,\VOLUME{01dd13b23dcb8909-043dd6e4}\PROGRAM FILES\WINDOWSAPPS\MICROSOFTWINDOWS.CLIENT.WEBEXPERIENCE_526.17301.40.0_X64__CW5N1H2TXYEWY\DASHBOARD\WIDGETS.EXE
2026-07-14 11:30:54,\VOLUME{01dd13b23dcb8909-043dd6e4}\PROGRAM FILES\WINDOWSAPPS\MICROSOFTWINDOWS.CLIENT.WEBEXPERIENCE_526.17301.40.0_X64__CW5N1H2TXYEWY\DASHBOARD\WIDGETS.EXE
2026-07-14 10:02:13,\VOLUME{01dd13b23dcb8909-043dd6e4}\PROGRAM FILES\WINDOWSAPPS\MICROSOFTWINDOWS.CLIENT.WEBEXPERIENCE_526.17301.40.0_X64__CW5N1H2TXYEWY\DASHBOARD\WIDGETS.EXE
2026-07-14 10:36:10,\VOLUME{01dd13b23dcb8909-043dd6e4}\PROGRAM FILES\WINDOWSAPPS\MICROSOFT.WIDGETSPLATFORMRUNTIME_1.6.2.0_X64__8WEKYB3D8BBWE\WIDGETSERVICE\WIDGETSERVICE.EXE
2026-07-14 08:11:59,\VOLUME{01dd13b23dcb8909-043dd6e4}\PROGRAM FILES\WINDOWSAPPS\MICROSOFT.WIDGETSPLATFORMRUNTIME_1.6.2.0_X64__8WEKYB3D8BBWE\WIDGETSERVICE\WIDGETSERVICE.EXE
2026-07-17 13:46:18,\VOLUME{01dd13b23dcb8909-043dd6e4}\PROGRAM FILES\WINDOWSAPPS\MICROSOFT.WIDGETSPLATFORMRUNTIME_1.6.19.0_X64__8WEKYB3D8BBWE\WIDGETSERVICE\WIDGETSERVICE.EXE
2026-07-14 11:38:08,\VOLUME{01dd13b23dcb8909-043dd6e4}\PROGRAM FILES\WINDOWSAPPS\MICROSOFT.WIDGETSPLATFORMRUNTIME_1.6.19.0_X64__8WEKYB3D8BBWE\WIDGETSERVICE\WIDGETSERVICE.EXE
2026-07-14 11:30:56,\VOLUME{01dd13b23dcb8909-043dd6e4}\PROGRAM FILES\WINDOWSAPPS\MICROSOFT.WIDGETSPLATFORMRUNTIME_1.6.19.0_X64__8WEKYB3D8BBWE\WIDGETSERVICE\WIDGETSERVICE.EXE
2026-07-14 10:20:01,WINDOWS-KB890830-X64-V5.142.E
2026-08-18 08:25:23,WINDOWSPACKAGEMANAGERSERVER.E
2026-07-17 13:26:50,WINDOWSPACKAGEMANAGERSERVER.E
2026-07-16 08:19:34,WINDOWSPACKAGEMANAGERSERVER.E
2026-07-14 11:22:40,WINDOWSPACKAGEMANAGERSERVER.E
2026-07-14 10:25:26,WINDOWSPACKAGEMANAGERSERVER.E
2026-07-14 08:25:58,\VOLUME{01dd13b23dcb8909-043dd6e4}\PROGRAM FILES\WINDOWSAPPS\MICROSOFT.WINDOWSTERMINAL_1.18.10301.0_X64__8WEKYB3D8BBWE\WINDOWSTERMINAL.EXE
2026-07-14 08:14:37,\VOLUME{01dd13b23dcb8909-043dd6e4}\WINDOWS\SYSTEM32\WINLOGON.EXE
2026-07-16 09:04:40,\VOLUME{01dd13b23dcb8909-043dd6e4}\WINDOWS\SYSTEM32\WINSAT.EXE
2026-07-14 11:22:36,\VOLUME{01dd13b23dcb8909-043dd6e4}\PROGRAM FILES\WINDOWSAPPS\MICROSOFT.WINDOWSSTORE_22606.1401.3.0_X64__8WEKYB3D8BBWE\WINSTORE.APP.EXE
2026-08-18 08:22:57,\VOLUME{01dd13b23dcb8909-043dd6e4}\WINDOWS\SYSTEM32\WLRMDR.EXE
2026-08-06 09:56:33,\VOLUME{01dd13b23dcb8909-043dd6e4}\WINDOWS\SYSTEM32\WLRMDR.EXE
2026-07-17 13:46:42,\VOLUME{01dd13b23dcb8909-043dd6e4}\WINDOWS\SYSTEM32\WLRMDR.EXE
2026-07-14 11:38:54,\VOLUME{01dd13b23dcb8909-043dd6e4}\WINDOWS\SYSTEM32\WLRMDR.EXE
2026-07-14 11:31:15,\VOLUME{01dd13b23dcb8909-043dd6e4}\WINDOWS\SYSTEM32\WLRMDR.EXE
2026-07-14 10:02:41,\VOLUME{01dd13b23dcb8909-043dd6e4}\WINDOWS\SYSTEM32\WLRMDR.EXE
2026-07-14 09:58:57,\VOLUME{01dd13b23dcb8909-043dd6e4}\WINDOWS\SYSTEM32\WLRMDR.EXE
2026-07-14 09:50:45,\VOLUME{01dd13b23dcb8909-043dd6e4}\WINDOWS\SYSTEM32\WLRMDR.EXE
2026-08-18 08:26:04,\VOLUME{01dd13b23dcb8909-043dd6e4}\WINDOWS\SYSTEM32\WBEM\WMIADAP.EXE
2026-08-06 09:59:59,\VOLUME{01dd13b23dcb8909-043dd6e4}\WINDOWS\SYSTEM32\WBEM\WMIADAP.EXE
2026-07-17 13:50:09,\VOLUME{01dd13b23dcb8909-043dd6e4}\WINDOWS\SYSTEM32\WBEM\WMIADAP.EXE
2026-07-17 13:27:34,\VOLUME{01dd13b23dcb8909-043dd6e4}\WINDOWS\SYSTEM32\WBEM\WMIADAP.EXE
2026-07-16 10:04:34,\VOLUME{01dd13b23dcb8909-043dd6e4}\WINDOWS\SYSTEM32\WBEM\WMIADAP.EXE
2026-07-14 11:42:02,\VOLUME{01dd13b23dcb8909-043dd6e4}\WINDOWS\SYSTEM32\WBEM\WMIADAP.EXE
2026-07-14 11:34:28,\VOLUME{01dd13b23dcb8909-043dd6e4}\WINDOWS\SYSTEM32\WBEM\WMIADAP.EXE
2026-07-14 10:05:40,\VOLUME{01dd13b23dcb8909-043dd6e4}\WINDOWS\SYSTEM32\WBEM\WMIADAP.EXE
2026-08-06 09:56:24,\VOLUME{01dd13b23dcb8909-043dd6e4}\WINDOWS\SYSTEM32\WBEM\WMIAPSRV.EXE
2026-07-14 11:38:29,\VOLUME{01dd13b23dcb8909-043dd6e4}\WINDOWS\SYSTEM32\WBEM\WMIAPSRV.EXE
2026-07-14 11:30:55,\VOLUME{01dd13b23dcb8909-043dd6e4}\WINDOWS\SYSTEM32\WBEM\WMIAPSRV.EXE
2026-07-14 10:21:36,\VOLUME{01dd13b23dcb8909-043dd6e4}\WINDOWS\SYSTEM32\WBEM\WMIAPSRV.EXE
2026-07-14 10:04:07,\VOLUME{01dd13b23dcb8909-043dd6e4}\WINDOWS\SYSTEM32\WBEM\WMIAPSRV.EXE
2026-07-14 10:04:06,\VOLUME{01dd13b23dcb8909-043dd6e4}\WINDOWS\SYSTEM32\WBEM\WMIAPSRV.EXE
2026-07-14 10:00:46,\VOLUME{01dd13b23dcb8909-043dd6e4}\WINDOWS\SYSTEM32\WBEM\WMIAPSRV.EXE
2026-08-18 08:37:57,\VOLUME{01dd13b23dcb8909-043dd6e4}\WINDOWS\SYSTEM32\WBEM\WMIPRVSE.EXE
2026-08-18 08:31:34,\VOLUME{01dd13b23dcb8909-043dd6e4}\WINDOWS\SYSTEM32\WBEM\WMIPRVSE.EXE
2026-08-18 08:22:37,\VOLUME{01dd13b23dcb8909-043dd6e4}\WINDOWS\SYSTEM32\WBEM\WMIPRVSE.EXE
2026-08-18 08:22:24,\VOLUME{01dd13b23dcb8909-043dd6e4}\WINDOWS\SYSTEM32\WBEM\WMIPRVSE.EXE
2026-08-12 09:16:10,\VOLUME{01dd13b23dcb8909-043dd6e4}\WINDOWS\SYSTEM32\WBEM\WMIPRVSE.EXE
2026-08-06 10:06:17,\VOLUME{01dd13b23dcb8909-043dd6e4}\WINDOWS\SYSTEM32\WBEM\WMIPRVSE.EXE
2026-08-06 09:56:34,\VOLUME{01dd13b23dcb8909-043dd6e4}\WINDOWS\SYSTEM32\WBEM\WMIPRVSE.EXE
2026-08-06 09:56:19,\VOLUME{01dd13b23dcb8909-043dd6e4}\WINDOWS\SYSTEM32\WBEM\WMIPRVSE.EXE
2026-07-14 10:04:15,\VOLUME{01dd13b23dcb8909-043dd6e4}\WINDOWS\SYSTEM32\WSCRIPT.EXE
2026-07-14 10:04:09,\VOLUME{01dd13b23dcb8909-043dd6e4}\WINDOWS\SYSTEM32\WSCRIPT.EXE
2026-07-14 10:04:02,\VOLUME{01dd13b23dcb8909-043dd6e4}\WINDOWS\SYSTEM32\WSCRIPT.EXE
2026-07-14 08:24:45,\VOLUME{01dd13b23dcb8909-043dd6e4}\WINDOWS\SYSTEM32\WSCRIPT.EXE
2026-07-14 08:24:34,\VOLUME{01dd13b23dcb8909-043dd6e4}\WINDOWS\SYSTEM32\WSCRIPT.EXE
2026-07-14 08:24:09,\VOLUME{01dd13b23dcb8909-043dd6e4}\WINDOWS\SYSTEM32\WSCRIPT.EXE
2026-07-14 08:23:15,\VOLUME{01dd13b23dcb8909-043dd6e4}\WINDOWS\SYSTEM32\WSCRIPT.EXE
2026-07-14 10:44:28,\VOLUME{01dd13b23dcb8909-043dd6e4}\WINDOWS\UUS\PACKAGES\PREVIEW\AMD64\WUAUCLTCORE.EXE
2026-07-14 10:23:30,\VOLUME{01dd13b23dcb8909-043dd6e4}\WINDOWS\UUS\PACKAGES\PREVIEW\AMD64\WUAUCLTCORE.EXE
2026-07-14 10:23:00,\VOLUME{01dd13b23dcb8909-043dd6e4}\WINDOWS\UUS\PACKAGES\PREVIEW\AMD64\WUAUCLTCORE.EXE
2026-07-14 10:20:00,\VOLUME{01dd13b23dcb8909-043dd6e4}\WINDOWS\UUS\PACKAGES\PREVIEW\AMD64\WUAUCLTCORE.EXE
2026-07-14 10:19:48,\VOLUME{01dd13b23dcb8909-043dd6e4}\WINDOWS\UUS\PACKAGES\PREVIEW\AMD64\WUAUCLTCORE.EXE
2026-07-14 08:11:30,\VOLUME{01dd13b23dcb8909-043dd6e4}\WINDOWS\UUS\PACKAGES\PREVIEW\AMD64\WUAUCLTCORE.EXE
2026-07-14 08:11:21,\VOLUME{01dd13b23dcb8909-043dd6e4}\WINDOWS\UUS\PACKAGES\PREVIEW\AMD64\WUAUCLTCORE.EXE
2026-08-18 08:22:55,\VOLUME{01dd13b23dcb8909-043dd6e4}\WINDOWS\UUS\AMD64\WUAUCLTCORE.EXE
2026-08-06 10:06:42,\VOLUME{01dd13b23dcb8909-043dd6e4}\WINDOWS\UUS\AMD64\WUAUCLTCORE.EXE
2026-08-06 09:57:24,\VOLUME{01dd13b23dcb8909-043dd6e4}\WINDOWS\UUS\AMD64\WUAUCLTCORE.EXE
2026-07-17 13:56:31,\VOLUME{01dd13b23dcb8909-043dd6e4}\WINDOWS\UUS\AMD64\WUAUCLTCORE.EXE
2026-07-14 08:09:30,\VOLUME{01dd13b23dcb8909-043dd6e4}\WINDOWS\UUS\AMD64\WUAUCLTCORE.EXE
2026-07-14 08:14:50,\VOLUME{01dd13b23dcb8909-043dd6e4}\WINDOWS\SYSTEM32\WWAHOST.EXE
2026-07-14 08:11:58,\VOLUME{01dd13b23dcb8909-043dd6e4}\WINDOWS\SYSTEM32\WWAHOST.EXE
2026-07-14 08:10:31,\VOLUME{01dd13b23dcb8909-043dd6e4}\WINDOWS\SYSTEM32\WWAHOST.EXE
2026-07-14 08:07:48,\VOLUME{01dd13b23dcb8909-043dd6e4}\WINDOWS\SYSTEM32\WWAHOST.EXE
